# time zupt px py pz vx vy vz bax bay baz dt clones
11.866709711 0 0 0 0 0 0 0 0.00553960834821  -0.173712299523 -0.0504682904353 0.00181335584555 0
12.917647 0   0.00104683863371  0.000415480559717 -0.000436065265963 -0.00430055438071 0.000777742258611  0.00181700547666 0.00553960834821  -0.173712299523 -0.0504682904353 0.00181335584555 1
12.96973 1    0.0077592562426  -0.00198786380653 -0.000529609779629  0.00683012477454 -0.00364687983158  0.00164513974052 0.00548687871757  -0.173598836306 -0.0502715985775 0.00181335584555 1
13.021814 1   0.00523299423194  -0.00131002198316 -0.000467299552646  0.00342680438405 -0.00229047648023   0.0017621409755 0.00550154915165  -0.173683596855 -0.0503738468268 0.00181335584555 1
13.073897 1  0.00189894540101 -0.00177439460931  -0.0009435632049 -0.00179137360613 -0.00302103675446 0.000852981390073  0.0054635018501  -0.172829984847 -0.0502137266369 0.00181335584555 1
13.12598 1  0.00128025714651 -0.00178729486652 -0.00078968994883 -0.00311663673391 -0.00314175039185  0.00114497132293 0.00547364497564  -0.173094990819 -0.0502996700761 0.00181335584555 1
13.178064 1   0.00142701479011  -0.00149303013741 -0.000666192622682  -0.0034614835299 -0.00282356654208  0.00137958940688 0.00549071100889  -0.173314374401 -0.0503478309209 0.00181335584555 1
13.230147 1  0.000653226406556  -0.00159381003873 -0.000339289803959 -0.00517225480997 -0.00291162983007   0.0020006026679 0.00550489251706   -0.17388009095 -0.0505222899202 0.00181335584555 1
13.28223 1 -0.000750647574271  -0.00144659583224 -6.63800623347e-05 -0.00757083139366 -0.00265093986259  0.00251862357665 0.00552309173294  -0.174344883726 -0.0506900935312 0.00181335584555 1
13.334308 1 -0.00148911857103 -0.00136128864822 0.000306986427938 -0.00905344801257  -0.0024665046913  0.00322825787772 0.00554490677286  -0.174990394899 -0.0508903348174 0.00181335584555 1
13.386397 1 -0.00223441065002 -0.00143220301213 0.000710502117399  -0.0104065100934 -0.00252253644467  0.00399539365239 0.00556435962312  -0.175687455797  -0.051108565819 0.00181335584555 1
13.43848 1 -0.00229630180221 -0.00117103368631 0.000651764871153  -0.0104345372292 -0.00210177687908  0.00388362693868 0.00556748280517  -0.175584241559 -0.0510816116966 0.00181335584555 1
13.490563 1 -0.00129633896491 -0.00104074936269 0.000353580109485 -0.00842475710638 -0.00188187186208  0.00331740085251 0.00555398615514  -0.175070599878 -0.0509150153042 0.00181335584555 1
13.542647 1 -0.000293158599891 -0.000893289316863  -1.4145095983e-05 -0.00647568542043  -0.0015819447102  0.00261877079112 0.00553607308694  -0.174436515974 -0.0507120134985 0.00181335584555 1
13.594731 1  0.000851364298177 -0.000799014278542 -0.000357949806018 -0.00436643264344 -0.00139021089359  0.00196572412414  0.0055186195651  -0.173845536375 -0.0505165393349 0.00181335584555 1
13.646813 1   0.00141656230125  -0.00079748652546 -0.000667334572322 -0.00318916599178 -0.00142071911046  0.00137767830969 0.00550216727857  -0.173310054235 -0.0503519217001 0.00181335584555 1
13.698897 1   0.00223210512512 -0.000531198908252 -0.000906757583408 -0.00168540985739 -0.00100334511332 0.000922926327673 0.00549567413905  -0.172898454281 -0.0502153351952 0.00181335584555 1
13.75098 1   0.00281307740538 -0.000619906343225   -0.0010089762401 -0.000609417387522  -0.00112378680917  0.000729031429997 0.00548743384197  -0.172724236044 -0.0501526410904 0.00181335584555 1
13.803058 1     0.003212105503 -0.000505436786833  -0.00123942901949 0.000141536136826 -0.00090324685198 0.000290905820912 0.00547683101131   -0.17232572879 -0.0500288405007 0.00181335584555 1
13.855147 1   0.00340893729338 -0.000417261495992  -0.00137273987616   0.00056076022472 -0.000751848676929  3.74699724898e-05 0.00547145226396  -0.172094670373 -0.0499586836191 0.00181335584555 1
13.90723 1   0.00367494122231 -0.000268943235807  -0.00151358896802   0.00105328765115 -0.000520265842397 -0.000230286089986 0.00546744281547  -0.171851212445 -0.0498824103399 0.00181335584555 1
13.959314 1   0.00375311276128 -0.000361718659423  -0.00152020992824    0.0012106579326 -0.000674834362203 -0.000242789437318 0.00546488501901   -0.17184014347 -0.0498777846952 0.00181335584555 1
14.011397 1   0.00387504995374 -0.000404891186792  -0.00147251199982   0.00139573462485 -0.000697287148641 -0.000151921336764 0.00546561849555  -0.171924153909 -0.0498988294612 0.00181335584555 1
14.06348 1   0.00374677490916 -0.000453714604783  -0.00142957171459   0.00117012618594 -0.000759721944204 -7.03325328281e-05  0.0054664977375  -0.171998032237 -0.0499232225981 0.00181335584555 1
14.115564 1   0.00370617129879 -0.000371166482078  -0.00142999913521   0.00107417235048 -0.000620162479811 -7.12094957748e-05 0.00546839870958  -0.171997121338 -0.0499234435036 0.00181335584555 1
14.167646 1    0.0036004392358 -0.000416862493943  -0.00131774317007   0.00081689590946 -0.000708258307456  0.000142251301331 0.00547373163513   -0.17219215403 -0.0499812083973 0.00181335584555 1
14.21973 1    0.0035429698134 -0.000403737541458  -0.00127657287582   0.00068117867012 -0.000695350759263  0.000220512355464 0.00547647800862  -0.172263590856 -0.0500026554403 0.00181335584555 1
14.271808 1   0.00327681519818 -0.000416206288554  -0.00115037564304  0.000185918699866 -0.000713782092306  0.000460383724866  0.0054831204317  -0.172481537298 -0.0500716241347 0.00181335584555 1
14.323897 1   0.00294584205766 -0.000379007926985  -0.00104417806557  -0.00041651322217 -0.000678984634754  0.000662135834029 0.00549034056567  -0.172664169626 -0.0501319956227 0.00181335584555 1
14.37598 1   0.00269230425359 -0.000490224857028 -0.000928012968159 -0.000921666269563 -0.000848734780773  0.000882896017226 0.00549384341312  -0.172865009761 -0.0501951984633 0.00181335584555 1
14.428064 1   0.00230989435623 -0.000499433946769   -0.0007946540665  -0.00165847384132 -0.000868401890392   0.00113624423737 0.00550107179871  -0.173094859544 -0.0502697915189 0.00181335584555 1
14.480147 1   0.00202014371885 -0.000532223725766 -0.000714558744295  -0.00223240341049 -0.000918168858176   0.00128831938234 0.00550463496035  -0.173232667143 -0.0503155292146 0.00181335584555 1
14.53223 1   0.00223115642376 -0.000443106086888 -0.000804842586554  -0.00186073550762 -0.000757610832511   0.00111671438009 0.00550159930468  -0.173076925924 -0.0502653462721 0.00181335584555 1
14.584313 1   0.00249594289992  -0.00045397668958 -0.000929041683573 -0.00135085315589  -0.0007777312022 0.000880660102994 0.00549449369622  -0.172862323404 -0.0501974978219 0.00181335584555 1
14.636397 1   0.00297027542977 -0.000413451869109  -0.00108662223879 -0.000494538920362 -0.000717042424128  0.000581269598197 0.00548686377012  -0.172591137571 -0.0501078510617 0.00181335584555 1
14.68848 1  0.00327133440461 -0.00033328100186 -0.00124391790866   0.00010969267828 -0.000580480692085  0.000282295295162 0.00548006073103  -0.172318939594 -0.0500228304558 0.00181335584555 1
14.740558 1   0.00349313316961 -0.000478955001323  -0.00133605952911    0.000574973848 -0.00082876622869 0.000107234267015 0.00547149018415   -0.17215974177 -0.0499724708185 0.00181335584555 1
14.792646 1   0.00377333615181 -0.000444366716331  -0.00153159399072   0.00109003134764 -0.000775943135312 -0.000264583459126 0.00546158120207  -0.171821105928 -0.0498677664474 0.00181335584555 1
14.84473 1   0.00383961195913 -0.000426080319151  -0.00158688964801   0.00125078734709 -0.000731048319938  -0.00036970854749 0.00545875873635  -0.171725051418 -0.0498389427783 0.00181335584555 1
14.896813 1  0.00416252672565 -0.00037179921841 -0.00157301763523   0.00181097941773 -0.000663924910284 -0.000342987102103 0.00546119520306  -0.171751465591  -0.049838666122 0.00181335584555 1
14.948896 1  0.00429775462809 -0.00037417029628 -0.00160890911234    0.0020653715624 -0.000665097806649 -0.000411139877158 0.00545911170186  -0.171689829525   -0.04981771775 0.00181335584555 1
15.00098 1    0.0043397918716 -0.000381219477258  -0.00164357436149   0.00214747573526 -0.000683424354893 -0.000477061129906  0.0054571061362  -0.171629711521 -0.0497993523049 0.00181335584555 1
15.053063 1   0.00447407532298 -0.000466936428283  -0.00169360513704   0.00236357751481 -0.000821906675613 -0.000572158939458 0.00545215398093  -0.171543669477 -0.0497708008981 0.00181335584555 1
15.105146 1   0.00436069709381 -0.000436652389309  -0.00169819512338   0.00216323158919 -0.000765249766371 -0.000581009936331 0.00545257217698  -0.171534855524 -0.0497710277818 0.00181335584555 1
15.15723 1   0.00432870855871 -0.000436145314763  -0.00169237203892   0.00210432749376 -0.000761373801637 -0.000569963002656 0.00545286929005  -0.171544784898 -0.0497746688875 0.00181335584555 1
15.209309 1   0.00421027056962 -0.000432165108673  -0.00168511029708   0.00188804788055 -0.000767489159432 -0.000556270242607 0.00545352484013  -0.171556616175 -0.0497809525706 0.00181335584555 1
15.261396 1   0.00414055518481 -0.000453991965548  -0.00159251770477   0.00175740472304 -0.000792223105814 -0.000380135365748 0.00545797045216   -0.17171750906 -0.0498293048583 0.00181335584555 1
15.31348 1   0.00400015742127 -0.000445664879723  -0.00154189224335   0.00147160890092 -0.000781249480558 -0.000283968430418 0.00546101882216  -0.171804880162 -0.0498577348417 0.00181335584555 1
15.365563 1   0.00374571970202 -0.000468173619412  -0.00151891599698   0.00100343759788 -0.000810311071829 -0.000240520149029 0.00546162650787  -0.171843178516 -0.0498750444754 0.00181335584555 1
15.417646 1  0.00358232280813  -0.0004739111381 -0.00144648210755  0.000679365481554 -0.000809617906625  -0.00010287127953 0.00546538536959  -0.171968399025 -0.0499151354078 0.00181335584555 1
15.46973 1   0.00343903414641 -0.000427167906935  -0.00136681496551  0.000380757475134 -0.000744688332895  4.85556599778e-05 0.00547112691011  -0.172106379937  -0.049958345841 0.00181335584555 1
15.521813 1   0.00323538496303 -0.000464036928721  -0.00126322159301 -3.66787685084e-05 -0.000807095888798  0.000245442388478 0.00547593778082    -0.1722857399 -0.0500150236998 0.00181335584555 1
15.573896 1   0.00334581927613 -0.000428071167639  -0.00126838032285   0.00011411173726 -0.000751311321591  0.000235696294309 0.00547661736926  -0.172277708881 -0.0500094091916 0.00181335584555 1
15.625979 1  0.00352298027783 -0.00042846371173 -0.00136100309423  0.000455607271359 -0.000757402772197    5.963311533e-05 0.00547152136782  -0.172117401647 -0.0499585637987 0.00181335584555 1
15.678058 1   0.00371946646428 -0.000353549601602  -0.00142978232796  0.000841659812875  -0.00063774068129 -7.10228932816e-05 0.00546968940248  -0.171998727255 -0.0499193590185 0.00181335584555 1
15.730147 1   0.00387812726637 -0.000367417647123  -0.00150097586468   0.00115973285594 -0.000661342579655 -0.000206314381639 0.00546538478746  -0.171875618295 -0.0498798004771 0.00181335584555 1
15.782229 1   0.00401607757795 -0.000323757624405  -0.00157522572263   0.00145318393302 -0.000597151152977 -0.000347431378531  0.0054624705076  -0.171746937936 -0.0498392278645 0.00181335584555 1
15.834313 1   0.00412135655663 -0.000295723757249  -0.00163782994837   0.00167549138307 -0.000552103272631 -0.000466431901627 0.00545974232757  -0.171638378896 -0.0498052123289 0.00181335584555 1
15.886396 1   0.00433122052407 -0.000265426815811  -0.00170191678784   0.00205544205583 -0.000511999032224 -0.000588172426049 0.00545705724835  -0.171528108503 -0.0497676840148 0.00181335584555 1
15.93848 1   0.00445109772933 -0.000277765546695  -0.00174386010386   0.00228183837817 -0.000522045065601 -0.000667859387734 0.00545433545916  -0.171455801299 -0.0497435852443 0.00181335584555 1
15.990563 1   0.00449992602379 -0.000288108649883  -0.00176419073158   0.00238618189161 -0.000545932625609  -0.00070648373061  0.0054529740894  -0.171420648286 -0.0497321815189 0.00181335584555 1
16.042646 1   0.00449742230223 -0.000253959435401  -0.00178474574623   0.00241007997734 -0.000479932899953  -0.00074557797465 0.00545268783325  -0.171384650885 -0.0497219676933 0.00181335584555 1
16.094729 1   0.00452148166116 -0.000284159680044  -0.00178314700034   0.00245351991952 -0.000541443166296 -0.000742509850503 0.00545202912351  -0.171387644799 -0.0497221860303 0.00181335584555 1
16.14681 1   0.00450258815212 -0.000313506966828  -0.00174795739367   0.00241853544932  -0.00059586910591 -0.000675561124121 0.00545322245755  -0.171448957814 -0.0497404951982 0.00181335584555 1
16.198896 1   0.00449903641687 -0.000304748899286  -0.00171229401613    0.0024150518988 -0.000591748355747 -0.000607690378055 0.00545548361425  -0.171511189821 -0.0497586711736 0.00181335584555 1
16.250979 1   0.00442057016977 -0.000275423290611  -0.00168605939768   0.00227611827535 -0.000535013079017 -0.000557843459695 0.00545770322609  -0.171556365414 -0.0497739638496 0.00181335584555 1
16.303063 1   0.00435151683823 -0.000257686814407  -0.00165732284232   0.00213447831953 -0.000504028149179 -0.000503243594271 0.00545977682393  -0.171606036479 -0.0497902465283 0.00181335584555 1
16.355146 1   0.00430172034545 -0.000286943209205  -0.00160593804177   0.00203401303076  -0.00056127917795 -0.000405515376127 0.00546185692424  -0.171695443716 -0.0498175660789 0.00181335584555 1
16.40723 1   0.00414721312352 -0.000303074842346  -0.00155483522846   0.00174862866676 -0.000592742635363  -0.00030843070104 0.00546426297641  -0.171783511943 -0.0498474784779 0.00181335584555 1
16.459313 1   0.00394769011357 -0.000324583237683  -0.00150291453316   0.00139885849107  -0.00063903057689 -0.000209821057242 0.00546657134863  -0.171872624391 -0.0498790398131 0.00181335584555 1
16.511396 1   0.00373329163506 -0.000330438934507  -0.00141963786437  0.000996053808089  -0.00065011915758 -5.15781688893e-05 0.00547103783098  -0.172016449308 -0.0499269139294 0.00181335584555 1
16.563479 1  0.00369349699316 -0.00037656418472 -0.00135339345143  0.000883581754017 -0.000722952532274  7.44111230424e-05 0.00547343669254  -0.172132001616 -0.0499615796372 0.00181335584555 1
16.615558 1   0.00363271652711 -0.000362363621484  -0.00131626458597  0.000765464748607 -0.000703534996365  0.000144999478094 0.00547589784391   -0.17219640892  -0.049982043177 0.00181335584555 1
16.667646 1   0.00374200874157 -0.000366163349286  -0.00135630928952  0.000973859254139 -0.000706769251298  6.89159743434e-05 0.00547356606247  -0.172127290743 -0.0499587713941 0.00181335584555 1
16.719729 1    0.0039176613223 -0.000318095415773  -0.00140102147034   0.00129664216853 -0.000636781197679 -1.59841536067e-05 0.00547242596952  -0.172050530979 -0.0499312971056 0.00181335584555 1
16.771812 1    0.0040918133264 -0.000343209634508   -0.0014410913481    0.0016128248651 -0.000676573369701 -9.20559079001e-05 0.00546949091873  -0.171981931766 -0.0499061999243 0.00181335584555 1
16.823896 1   0.00412600398714 -0.000340476178605  -0.00146164866195   0.00168227529971 -0.000675790569679 -0.000131135096043 0.00546841721886  -0.171946255012 -0.0498948006574 0.00181335584555 1
16.875979 1   0.00427140587799 -0.000336767048977  -0.00149234593944   0.00193046050569 -0.000663756524912 -0.000189415200956 0.00546683370432  -0.171893794001 -0.0498752208325 0.00181335584555 1
16.928062 1   0.00438457365987 -0.000318039511539  -0.00149666964974   0.00211969282821  -0.00063563632796 -0.000197537888297 0.00546712324548  -0.171887192869 -0.0498699124384 0.00181335584555 1
16.980146 1   0.00438981027171 -0.000325861948654  -0.00150622974881   0.00214676120128 -0.000656378162556 -0.000215709456917 0.00546633366824  -0.171870511438 -0.0498648362893 0.00181335584555 1
17.032229 1   0.00435915044986 -0.000300694990849   -0.0015113895749   0.00211940865836 -0.000623864980154 -0.000225534610161 0.00546673258138  -0.171861196394 -0.0498629463244 0.00181335584555 1
17.084307 1   0.00436266495353 -0.000271234801633  -0.00150346313553    0.0021358950433 -0.000580216537482 -0.000210435958899 0.00546800561629  -0.171875085783 -0.0498668136499 0.00181335584555 1
17.136396 1   0.00432915988289 -0.000294124115072  -0.00149809495893   0.00209071010092 -0.000623112953728 -0.000200240817156 0.00546760420651  -0.171884212403 -0.0498704224903 0.00181335584555 1
17.188479 1   0.00434406697629 -0.000294900225544  -0.00149718287238   0.00209650347003 -0.000618721630001  -0.00019850936964 0.00546766993409  -0.171885930026 -0.0498705915645 0.00181335584555 1
17.240562 1   0.00430774826699 -0.000282805431639  -0.00147857243933   0.00203032736591 -0.000597110520954 -0.000163130612934 0.00546907552406  -0.171918191846 -0.0498811206701 0.00181335584555 1
17.292646 1    0.0042522635631 -0.000318207838557  -0.00144279501422    0.0019245550795 -0.000646549135027 -9.51069615001e-05 0.0054700875225 -0.171980387673   -0.0499010064 0.00181335584555 1
17.34473 1   0.00417147695302 -0.000346346871673  -0.00142119374534   0.00178734406551 -0.000694635824298 -5.40749628833e-05 0.00547043723561  -0.172017531456 -0.0499143334564 0.00181335584555 1
17.396812 1   0.00406786227907 -0.000364271092826  -0.00139966522297   0.00160050224974 -0.000714919936438 -1.32137695042e-05  0.0054711833976  -0.172054318982 -0.0499283986276 0.00181335584555 1
17.448896 1   0.00391369512159 -0.000394604505917  -0.00133879614884   0.00133462783087 -0.000773019561109  0.000102475299336 0.00547358203243  -0.172159628698  -0.049963924694 0.00181335584555 1
17.500979 1   0.00374464421837 -0.000371823616137   -0.0012963842707   0.00103731937048 -0.000738067199722  0.000183018655779 0.00547660709586   -0.17223240122 -0.0499905823582 0.00181335584555 1
17.553061 1   0.00363919876974 -0.000390606947157  -0.00125857917964  0.000815510903983 -0.000766861257407  0.000254824373202 0.00547816801598  -0.172297654098 -0.0500134233656 0.00181335584555 1
17.605146 1   0.00352279251692 -0.000387008797519  -0.00118902941016  0.000583378831473 -0.000766897089637  0.000387041524233 0.00548208637402  -0.172418482793 -0.0500527030083 0.00181335584555 1
17.65723 1   0.00332763940984 -0.000403299001178  -0.00111273792124 0.000226748090618 -0.00079468049797 0.000532021861838 0.00548582833031  -0.172550448552 -0.0500977154104 0.00181335584555 1
17.709313 1   0.00335404585964 -0.000405899459219  -0.00110260509741  0.000287327751254 -0.000808140022301  0.000551346126347 0.00548619165984  -0.172568519398 -0.0501018758769 0.00181335584555 1
17.761396 1   0.00350351366989 -0.000437460203724  -0.00111219856767   0.00055488960586 -0.000856269985066  0.000533244199713 0.00548473318052  -0.172553155113  -0.050092273214 0.00181335584555 1
17.813479 1   0.00365862029117 -0.000457442520907   -0.0011682267797  0.000839588564093 -0.000889442536023  0.000426784706071 0.00548097956174  -0.172456362354  -0.050058687497 0.00181335584555 1
17.865562 1   0.00375137987844 -0.000444417219576  -0.00120872381073   0.00102491644399 -0.000866841399489  0.000349829529976 0.00547914420189  -0.172386227401 -0.0500347741205 0.00181335584555 1
17.917646 1   0.00385193022217 -0.000460237832131  -0.00123315425745   0.00121545314166 -0.000894929414327  0.000303450497248 0.00547724929597  -0.172344373911 -0.0500189024624 0.00181335584555 1
17.969729 1    0.0039678944537 -0.000474534909268  -0.00125622909222   0.00141015997721 -0.000922074668266   0.00025964540883 0.00547544748284  -0.172304973572 -0.0500035725037 0.00181335584555 1
18.02181 1   0.00402421297108 -0.000480826652138   -0.0012450086422     0.001513341425 -0.000935820096137  0.000281060193364 0.00547581390627  -0.172325266585 -0.0500074026031 0.00181335584555 1
18.073896 1   0.00406574005318 -0.000460668599233   -0.0012573903057   0.00159923892109 -0.000905941848423  0.000257551112968 0.00547570560924  -0.172303963731 -0.0499994961607 0.00181335584555 1
18.125979 1  0.00414619033641  -0.0004539336493 -0.00126311523991  0.00174157950593 -0.00089461842665 0.000246738378956 0.00547560808839  -0.172294712511  -0.049993915501 0.00181335584555 1
18.178062 1   0.00421132402523 -0.000488988583762  -0.00127308043364   0.00186633861837 -0.000952329782042  0.000227848812157 0.00547391733185  -0.172277931709 -0.0499864830613 0.00181335584555 1
18.230146 1   0.00418514526784 -0.000488958649381  -0.00127398109796   0.00182130309786 -0.000953418658893  0.000226109195391 0.00547384379157  -0.172276085449  -0.049986876042 0.00181335584555 1
18.282229 1   0.00417950198669 -0.000487881484161  -0.00126750846837   0.00181282103666 -0.000947909968518  0.000238422834236 0.00547432275349  -0.172287413372 -0.0499903383324 0.00181335584555 1
18.334312 1   0.00418569679217 -0.000498183997725   -0.0012497022571   0.00180110020583 -0.000969543962327  0.000272294994703 0.00547487595902  -0.172318694503 -0.0499997202389 0.00181335584555 1
18.386395 1   0.00412616157777 -0.000489486215063  -0.00121661145386    0.0016958029241 -0.000959926437278  0.000335209729789 0.00547690477445  -0.172376280683 -0.0500186637373 0.00181335584555 1
18.438479 1   0.00406514741312 -0.000494005672701  -0.00119409964761   0.00158229488216 -0.000967139790831  0.000377984376708 0.00547801989554  -0.172415220854 -0.0500324082614 0.00181335584555 1
18.490557 1   0.00397247112964 -0.000456846170552  -0.00116595317564   0.00140639379006 -0.000912920788922  0.000431444685333 0.00548066329977  -0.172463675833 -0.0500503068875 0.00181335584555 1
18.542645 1  0.00388569128315 -0.00049419269256 -0.00114014756585   0.00123873963763 -0.000975048887824  0.000480453015783 0.00548083623349  -0.172508120714 -0.0500669127112 0.00181335584555 1
18.594729 1   0.00374262483189 -0.000494845573066  -0.00109600462825  0.000985375684894 -0.000980430157533  0.000564315261578 0.00548316984921   -0.17258430269 -0.0500945582964 0.00181335584555 1
18.646812 1   0.00363222821765 -0.000525159234879  -0.00105747363747 0.000781093626535  -0.0010320501479 0.000637522172407  0.0054842499593  -0.172650931019 -0.0501184530736 0.00181335584555 1
18.698895 1   0.00353231134596 -0.000527568934187 -0.000998087086714 0.000583996794591  -0.0010379562372 0.000750419816793 0.00548743974611  -0.172754320059 -0.0501529859506 0.00181335584555 1
18.750979 1   0.00350312859448 -0.000521673063754 -0.000994922569717 0.000534715961605 -0.00102688250756 0.000756414591675 0.00548785907017  -0.172759582696  -0.050155595769 0.00181335584555 1
18.803062 1   0.00352596508185 -0.000522067407552  -0.00101639596724 0.000589409262036 -0.00102542708736 0.000715585158938 0.00548670366091  -0.172722091746 -0.0501433539187 0.00181335584555 1
18.855146 1   0.00357613698136 -0.000516268874346  -0.00104727718164 0.000685957750962  -0.0010206114684 0.000656873786282 0.00548502758722  -0.172668271522 -0.0501254635252 0.00181335584555 1
18.907228 1   0.00361042871447 -0.000539470667571  -0.00106656232327 0.000772433109528   -0.001060049124 0.000620231296928 0.00548309500862  -0.172634874053  -0.050113522112 0.00181335584555 1
18.959307 1   0.00368848553508 -0.000544000660747  -0.00107436735791 0.000917872931746 -0.00106750940746 0.000605464255187 0.00548249826282  -0.172622062059  -0.050106366572 0.00181335584555 1
19.011395 1   0.00372784288331 -0.000543948148511  -0.00109143069195 0.000996993113999 -0.00107008054136 0.000573040211094 0.00548145315041  -0.172592491996 -0.0500958301827 0.00181335584555 1
19.063478 1   0.00376585539212 -0.000526287132548   -0.0011144023849  0.00107830490741 -0.00103779463817 0.000529374838327  0.0054809015748  -0.172552495374 -0.0500821357604 0.00181335584555 1
19.115562 1   0.00382977212145 -0.000499098904412  -0.00112315022014   0.00119372505071 -0.000998057213675   0.00051279487434 0.00548120453038  -0.172537802269 -0.0500751124503 0.00181335584555 1
19.167645 1   0.00387418931156 -0.000517812962911  -0.00114263535135  0.00127257858224 -0.00103063768952 0.000475758135904 0.00547937190018  -0.172503945598  -0.050063402806 0.00181335584555 1
19.219729 1   0.00394012842409 -0.000521763319998  -0.00114915805258  0.00139338583136 -0.00103993783657 0.000463416200501 0.00547875866378  -0.172493254464 -0.0500573373387 0.00181335584555 1
19.271812 1   0.00395282829073 -0.000492161181008  -0.00115883543138   0.00142724186487 -0.000989504501789  0.000445023102689 0.00547935672269  -0.172476390398 -0.0500514422854 0.00181335584555 1
19.323895 1   0.00396744266668 -0.000491670138779   -0.0011627356897    0.0014517549481 -0.000991214539634  0.000437614276446 0.00547905639789  -0.172469664528 -0.0500489143763 0.00181335584555 1
19.375978 1  0.00400452233055 -0.00048389261738 -0.00118535537247   0.00151492790221 -0.000979862663222  0.000394602368771  0.0054780126846  -0.172430108236 -0.0500359209426 0.00181335584555 1
19.428057 1   0.00403437162327 -0.000522241505852  -0.00118823889251  0.00155908155341 -0.00104174650313 0.000389136649253 0.00547648425287  -0.172425322313 -0.0500335958477 0.00181335584555 1
19.480145 1   0.00406797541422 -0.000539701514513  -0.00120465237059  0.00162229249613 -0.00107217232315 0.000357937830085 0.00547483839328  -0.172396772252 -0.0500236574518 0.00181335584555 1
19.532228 1     0.004104281086 -0.000559497249833  -0.00120389621382  0.00168218732696 -0.00110123931424 0.000359409616811  0.0054742914716  -0.172398528825 -0.0500227460333 0.00181335584555 1
19.584312 1   0.00415310326912 -0.000565577660561  -0.00121111156489  0.00175452588138  -0.0011098125231 0.000345714648107 0.00547372049355  -0.172386222785 -0.0500176296834 0.00181335584555 1
19.636395 1   0.00417536159767 -0.000545976251872  -0.00122102222006  0.00179736044846 -0.00107864961624 0.000326879893682 0.00547385466829  -0.172368986686 -0.0500114555916 0.00181335584555 1
19.688478 1   0.00418752405367 -0.000537901624694  -0.00123602684028  0.00182132626907 -0.00106801236224 0.000298339411355 0.00547319355258  -0.172342605119  -0.050003124189 0.00181335584555 1
19.740562 1   0.00418915332433 -0.000527437848378  -0.00122641656082   0.0018284346779 -0.00105539525908 0.000316634746852 0.00547391634125  -0.172359688711 -0.0500078000238 0.00181335584555 1
19.792645 1  0.00416146556877 -0.00053452998299 -0.00123865915496  0.00178855837137 -0.00106553377388 0.000293315869742 0.00547302569728  -0.172337764885 -0.0500022599709 0.00181335584555 1
19.844728 1   0.00414690574361 -0.000526732922547  -0.00123898111277  0.00176439597277 -0.00105206211588 0.000292689811815 0.00547334087389  -0.172337016272 -0.0500026407314 0.00181335584555 1
19.896807 1   0.00413086378738 -0.000538160172584  -0.00123220885239  0.00173793291428 -0.00106899511619  0.00030556335352 0.00547337097407  -0.172348840583 -0.0500067279714 0.00181335584555 1
19.948895 1   0.00410173501188 -0.000541706603417  -0.00123332938961  0.00169279480721 -0.00107298568564 0.000303406955032 0.00547326190487  -0.172346554404 -0.0500071038366 0.00181335584555 1
20.000978 1   0.00409066534309 -0.000528840014708  -0.00121258296189  0.00168193135866 -0.00105334244218 0.000342886748124 0.00547485696097  -0.172383298668 -0.0500178222312 0.00181335584555 1
20.053062 1   0.00412473685028 -0.000529641098628   -0.0012137180593 0.00173304318356 -0.0010585296074  0.0003407528978 0.00547455340743  -0.172381623481 -0.0500162051786 0.00181335584555 1
20.105145 1   0.00410711047285 -0.000534371088267  -0.00122198867908  0.00171585354238 -0.00106880048145 0.000325008195777 0.00547376147282  -0.172366917644  -0.050011994702 0.00181335584555 1
20.157228 1   0.00410614650667 -0.000567874077653  -0.00121149763013  0.00171603200693 -0.00112458695677  0.00034497424628 0.00547297161165  -0.172385585439  -0.050017351548 0.00181335584555 1
20.209311 1   0.00414818029504 -0.000567257241594  -0.00120979124966  0.00177894020221 -0.00112489520065 0.000348253955219 0.00547301660336  -0.172389025295 -0.0500169535165 0.00181335584555 1
20.261395 1   0.00414894817174 -0.000567620604445  -0.00119110919456  0.00177711638132 -0.00112168281873 0.000383805586152 0.00547428018123  -0.172422155042 -0.0500267249775 0.00181335584555 1
20.313478 1   0.00411517852693 -0.000583042726954     -0.00117380715  0.00172355349012 -0.00114458440043 0.000416704258524 0.00547477307802  -0.172452522288 -0.0500368542877 0.00181335584555 1
20.365566 1   0.00411566512735 -0.000589020861873  -0.00117257872977  0.00172052094593 -0.00115354395871 0.000419038805967 0.00547464995513  -0.172454655892 -0.0500376936113 0.00181335584555 1
20.417645 1  0.00413799958313 -0.00061171911402 -0.00116193086136  0.00175310662739 -0.00119034984582 0.000439318920389 0.00547434613553  -0.172473809335 -0.0500425582595 0.00181335584555 1
20.469728 1   0.00409369034298 -0.000589874134848   -0.0011512745894   0.0016796599404 -0.00115527264223 0.000459558534753 0.00547580146376   -0.17249217923 -0.0500498460865 0.00181335584555 1
20.521812 1   0.00407094385769 -0.000601460567958  -0.00113022354182  0.00164008566791 -0.00117307995084 0.000499598138061 0.00547658589409   -0.17252930865 -0.0500617586403 0.00181335584555 1
20.573895 1   0.00404554504333 -0.000595024358456  -0.00111925018755  0.00159435886539 -0.00116137846471 0.000520454907085 0.00547754971614  -0.172548437871 -0.0500686914374 0.00181335584555 1
20.625978 1    0.0040429036978 -0.000572426127357  -0.00110915192422  0.00158372207755 -0.00112208836068 0.000539664847594 0.00547921828826  -0.172566236174  -0.050074407272 0.00181335584555 1
20.678061 1   0.00402255325075 -0.000580770260334  -0.00110004641106  0.00154482461406 -0.00113146565641 0.000556969822049 0.00547967128942  -0.172582094213 -0.0500802928188 0.00181335584555 1
20.730144 1   0.00400480167261 -0.000584276454198  -0.00108328671356  0.00150718773113 -0.00113449417362 0.000588841164177 0.00548065669463  -0.172611558728 -0.0500902391473 0.00181335584555 1
20.782228 1   0.00397020858349 -0.000577891876537  -0.00107131710629  0.00145291243208 -0.00112196208324 0.000611591743915 0.00548175170862  -0.172632474771 -0.0500976731243 0.00181335584555 1
20.834311 1   0.00387897356012 -0.000574518099398  -0.00106905395809  0.00130906603712 -0.00111793234403 0.000615822010594 0.00548191695306  -0.172635457922 -0.0501021998139 0.00181335584555 1
20.886395 1  0.00388095511784 -0.00056190257949 -0.00105382617005  0.00130668761235 -0.00109463724186 0.000644798676853 0.00548351308352   -0.17266249551 -0.0501103812045 0.00181335584555 1
20.938478 1   0.00389161943209 -0.000543879854111  -0.00103248875442  0.00132160052391 -0.00106777823669 0.000685413584155 0.00548530981485  -0.172700606142 -0.0501211574185 0.00181335584555 1
20.990562 1   0.00387648249953 -0.000548636288941  -0.00103826659031  0.00129250067689 -0.00108067875236 0.000674400174615 0.00548439403498  -0.172690040742 -0.0501191118787 0.00181335584555 1
21.042645 1   0.00385773420183 -0.000556236333883  -0.00102804089245  0.00125851753022 -0.00109241604784 0.000693840716823 0.00548469330987  -0.172707982221 -0.0501254350574 0.00181335584555 1
21.094728 1  0.00384816406512 -0.00054599906529  -0.0010195823199  0.00124155571448 -0.00107472569206  0.00070992855668 0.00548569574909  -0.172722911777 -0.0501303119683 0.00181335584555 1
21.146811 1    0.0038723642205 -0.000533578706558   -0.0010111332476  0.00127433061211 -0.00104988400776 0.000726023350442 0.00548707744446  -0.172738143657 -0.0501341727568 0.00181335584555 1
21.198895 1   0.00386493968975 -0.000522295048637  -0.00100671068149  0.00126294861234 -0.00103614603692 0.000734434319843 0.00548745525298   -0.17274595691 -0.0501367219582 0.00181335584555 1
21.250978 1    0.0038434354492 -0.000505289452257 -0.000973214736127  0.00122629643842 -0.00101174457381 0.000798160356595 0.00548984482326  -0.172805460459 -0.0501551216987 0.00181335584555 1
21.303061 1   0.00384778767478 -0.000501936775023 -0.000977420608575  0.00123496655603 -0.00100523748097 0.000790161497234 0.00548984131943  -0.172798030124 -0.0501526283338 0.00181335584555 1
21.355145 1   0.00385239528782 -0.000488744931141 -0.000982807248673  0.00123265703689 -0.00098364529969  0.00077990513785 0.00549013712127  -0.172788231394 -0.0501504189977 0.00181335584555 1
21.407228 1   0.00383574930712 -0.000483395608911 -0.000979732180364  0.00120111023514 -0.00097442990932  0.00078573835171 0.00549059306844  -0.172793402937 -0.0501530898333 0.00181335584555 1
21.459311 1   0.00384922700232 -0.000485058712263 -0.000968979576848    0.0012194430726 -0.000974290951584  0.000806210206989  0.0054913735236  -0.172812726883 -0.0501583877482 0.00181335584555 1
21.511395 1   0.00386489903288 -0.000485417300131 -0.000972821107906   0.00124478718054 -0.000971824073737  0.000798913042246 0.00549140270467  -0.172806051772 -0.0501557241354 0.00181335584555 1
21.563478 1   0.00385571018349 -0.000471798622945 -0.000978996229442   0.00122586149249 -0.000945232912713  0.000787149194158 0.00549206416852  -0.172794755625 -0.0501532469118 0.00181335584555 1
21.615561 1   0.00382508559354 -0.000462895564128 -0.000985580786667   0.00117356855498 -0.000927768214427  0.000774588492699  0.0054923649217  -0.172782476778 -0.0501513752742 0.00181335584555 1
21.667644 1   0.00379465023698 -0.000442164985989 -0.000982216551043   0.00112618199901 -0.000893872099783   0.00078096616651 0.00549352705355  -0.172788115446  -0.050154272063 0.00181335584555 1
21.719728 1   0.00383164502671 -0.000436256939308 -0.000972114021844   0.00118701198225 -0.000886294943123   0.00080022603544 0.00549418933202  -0.172806733324 -0.0501578279717 0.00181335584555 1
21.771811 1    0.0038119884247 -0.000419615110886 -0.000959917040928   0.00115845665578 -0.000862961042784  0.000823424282713 0.00549530766854  -0.172828399079 -0.0501647384829 0.00181335584555 1
21.823894 1   0.00380414121393 -0.000417184531446 -0.000952916962211   0.00114780669897 -0.000861705188964  0.000836741331436 0.00549556422111  -0.172840899278 -0.0501685412338 0.00181335584555 1
21.875978 1   0.00380065966947 -0.000408637461707 -0.000950074881995   0.00114309955512 -0.000855357237784  0.000842148288733 0.00549540284545  -0.172845983251 -0.0501700920779 0.00181335584555 1
21.928061 1   0.00381115093938  -0.00040726249404 -0.000936678055574  0.00115242125247 -0.00085549426125 0.000867646033595 0.00549600247936  -0.172869968951 -0.0501773245978 0.00181335584555 1
21.980144 1   0.00380434593459 -0.000413549087984 -0.000921063267093   0.00114076433127 -0.000866679870078   0.00089735602772 0.00549649832602  -0.172897894523 -0.0501858299577 0.00181335584555 1
22.032228 1   0.00376130518986 -0.000421359427728 -0.000905513740265   0.00106439660173 -0.000877444860341  0.000926904036296 0.00549720531361  -0.172925041675 -0.0501965262775 0.00181335584555 1
22.084311 1   0.00372971593462 -0.000432497252886 -0.000897073970571   0.00100586049368 -0.000895891104474   0.00094293087897 0.00549711715779  -0.172939574601 -0.0502030911922 0.00181335584555 1
22.136394 1   0.00369180190693 -0.000438987832549 -0.000879123465093  0.000940204696977 -0.000908013165423  0.000977055145801 0.00549766521569  -0.172971191282  -0.050214614054 0.00181335584555 1
22.188477 1   0.00366793730914 -0.000440349875349 -0.000866472825295  0.000895553098248 -0.000909732522495   0.00100110393184  0.0054983759372  -0.172993425589 -0.0502229172347 0.00181335584555 1
22.240561 1   0.00364294625365 -0.000443620696954 -0.000863968119264   0.00085210056418 -0.000914748390341   0.00100584574309 0.00549838958823  -0.172997493868 -0.0502256854867 0.00181335584555 1
22.292644 1    0.0036191186453 -0.000427391683062 -0.000850313230969  0.000808199815744 -0.000889039585734    0.0010318066532 0.00549989612555  -0.173021543716 -0.0502344678794 0.00181335584555 1
22.344728 1   0.00364897288075 -0.000425811608948 -0.000833712956997  0.000846265432696 -0.000885863265614   0.00106341543007 0.00550099258988  -0.173051538355 -0.0502428213704 0.00181335584555 1
22.396811 1   0.00361598370477 -0.000415325969361 -0.000817191235309  0.000788487391955 -0.000869269369794   0.00109482498013 0.00550241066101  -0.173080662057 -0.0502534648726 0.00181335584555 1
22.448894 1   0.00361206709153 -0.000411571718657 -0.000795426578745  0.00077026635473 -0.00086357074324  0.00113623088857 0.00550380229341   -0.17311943838 -0.0502663056936 0.00181335584555 1
22.500978 1   0.00360406474676 -0.000403299481342 -0.000786533775627  0.000751450856986 -0.000846020825275   0.00115314222806  0.0055051932027  -0.173135139143 -0.0502719683706 0.00181335584555 1
22.55306 1    0.0035836223697  -0.00041147503816 -0.000768988752922  0.000713239144975 -0.000858762495865   0.00118650934179 0.00550584745185  -0.173166309865 -0.0502826912883 0.00181335584555 1
22.605144 1   0.00357643326867 -0.000405231099323 -0.000746181366017  0.000695992725939 -0.000851709607832   0.00122990283117 0.00550711544956  -0.173207147865 -0.0502956005439 0.00181335584555 1
22.657227 1   0.00356563372348 -0.000410551900393 -0.000730269738642  0.000671326291749 -0.000860807186869   0.00126016804229 0.00550770394209  -0.173235466372 -0.0503052691067 0.00181335584555 1
22.709311 1   0.00354772250861 -0.000390566783944 -0.000721696433502  0.000633919366447 -0.000826078199147   0.00127646039992  0.0055094942154  -0.173250363394 -0.0503115841189 0.00181335584555 1
22.761394 1   0.00350710695002 -0.000395861088465 -0.000708936514126  0.000564405735687 -0.000840994327493   0.00130070470122 0.00550919437948  -0.173272693858 -0.0503206987942 0.00181335584555 1
22.813477 1   0.00349057713015 -0.000402477711126 -0.000697705087628  0.000533360286187 -0.000849588228951   0.00132206055278 0.00550975919329  -0.173292585439 -0.0503279021626 0.00181335584555 1
22.86556 1   0.00347853590012 -0.000398063453345 -0.000675802923824  0.000509551035573 -0.000840951299918   0.00136372806155 0.00551142905028  -0.173331809467 -0.0503404918613 0.00181335584555 1
22.917644 1   0.00343782173237 -0.000395034428826 -0.000667026115297  0.000438394813407 -0.000834841568272    0.0013803904187 0.00551224088308  -0.173346865529 -0.0503477480101 0.00181335584555 1
22.969727 1   0.00343076031882 -0.000402503063614  -0.00065065014836  0.00041833681436 -0.00084542971168  0.00141154115939 0.00551298306507  -0.173376071044 -0.0503577482172 0.00181335584555 1
23.021811 1   0.00340377794865 -0.000383246849023 -0.000636171161201  0.000358878383695 -0.000814401963822   0.00143905780362 0.00551480852445  -0.173401269471  -0.050368645353 0.00181335584555 1
23.073894 1   0.00338338133905 -0.000382260413712 -0.000611192077471  0.000317299818303 -0.000811036679718   0.00148656960397 0.00551652675903  -0.173445837321 -0.0503838614022 0.00181335584555 1
23.125977 1   0.00332325680619 -0.000396982464527 -0.000589951308892  0.000211745786539 -0.000834145875187   0.00152693211072 0.00551705956178  -0.173483074263 -0.0503991205529 0.00181335584555 1
23.178061 1   0.00329865741488 -0.000398929825459 -0.000569554175376 0.000158395551851 -0.00083546908589   0.0015657155325 0.00551837207252  -0.173519132084 -0.0504128277276 0.00181335584555 1
23.230144 1   0.00326716424852 -0.000372838528756 -0.000544195393519  9.10635481972e-05 -0.000789706933614   0.00161393304503 0.00552170791129  -0.173563926068 -0.0504298810981 0.00181335584555 1
23.282227 1   0.00321976585471 -0.000370091606878 -0.000531797920876  5.66534824123e-06 -0.000787242025982   0.00163747690642 0.00552230254776  -0.173585329183 -0.0504399875331 0.00181335584555 1
23.33431 1    0.0031693494866 -0.000361691240186 -0.000520359070532 -8.23832029898e-05 -0.000773649840384   0.00165919584985 0.00552341889577  -0.173605014855 -0.0504494750105 0.00181335584555 1
23.386394 1   0.00313285392359 -0.000374544950076 -0.000509514807787 -0.000154839810317 -0.000790639068715   0.00167978857115 0.00552387602841  -0.173623600425 -0.0504588845161 0.00181335584555 1
23.438477 1   0.00312712096933 -0.000370156039744  -0.00049665350738 -0.000173397837432  -0.00078737607711   0.00170425140575 0.00552431744425  -0.173646498581 -0.0504672197133 0.00181335584555 1
23.49056 1   0.00311835643536 -0.000373182227428 -0.000497321271804 -0.000197771061509 -0.000787806584954   0.00170296305054 0.00552474984526   -0.17364473991 -0.0504687233432 0.00181335584555 1
23.542644 1   0.00310711310246 -0.000377030012211 -0.000480004537953 -0.000226783237248 -0.000792576214905   0.00173589846945 0.00552574696575  -0.173675579435 -0.0504799472799 0.00181335584555 1
23.594727 1   0.00308185905403 -0.000366894141036 -0.000473495692544   -0.0002698942325 -0.000777641469267   0.00174826130741 0.00552647826283  -0.173686894694 -0.0504850385032 0.00181335584555 1
23.64681 1   0.00306371995598 -0.000363787195618 -0.000467305780366 -0.000304335612867 -0.000770575856703   0.00176002056223 0.00552730793026  -0.173697630903 -0.0504899946505 0.00181335584555 1
23.698893 1   0.00302925538073  -0.00037453755504 -0.000451427216934 -0.000366807979198 -0.000785527324813   0.00179020228325 0.00552798109174  -0.173725668025 -0.0505011964145 0.00181335584555 1
23.750977 1   0.00300657718955 -0.000376714253414 -0.000434264311226 -0.000409758701232 -0.000786474460106   0.00182283915786  0.0055292388668  -0.173756246252 -0.0505123921801 0.00181335584555 1
23.80306 1   0.00300186974001 -0.000386285123769 -0.000418753008536 -0.000425541318987 -0.000800202798571   0.00185234682857 0.00552985898502  -0.173784062236 -0.0505220405927 0.00181335584555 1
23.855143 1   0.00300112408032 -0.000392511109442 -0.000414171284989 -0.000433454925071 -0.000808877470577   0.00186105924097 0.00552998167481  -0.173792114083 -0.0505254972642 0.00181335584555 1
23.907227 1   0.00299943488148 -0.000405251334228 -0.000407566817048 -0.000441832851581  -0.00082644892906     0.001873621191 0.00553010363765  -0.173803881514 -0.0505299289537 0.00181335584555 1
23.95931 1   0.00297327676184 -0.000421914914142 -0.000399903489128 -0.000491116719937  -0.00085187181051   0.00188817546922 0.00552982179146  -0.173817124839 -0.0505364913081 0.00181335584555 1
24.011393 1   0.00297583937604  -0.00041551516712 -0.000390833002805 -0.000496204491418 -0.000838113382442   0.00190543109894 0.00553126169918  -0.173833277294  -0.050542552818 0.00181335584555 1
24.063477 1   0.00295373780269 -0.000403703600218 -0.000379328805984 -0.000536832211414 -0.000815636060944   0.00192730079386 0.00553316132656  -0.173853631504 -0.0505506238028 0.00181335584555 1
24.11556 1    0.0029359351179 -0.000402093587671 -0.000371028830075 -0.000575339890559  -0.00080982505293   0.00194307161977 0.0055342587113  -0.17386802297 -0.050557533649 0.00181335584555 1
24.167643 1   0.00293354829447 -0.000406914585775 -0.000367228989635 -0.000583365451833 -0.000817694315565   0.00195029704414 0.00553418167886  -0.173874739619 -0.0505603419533 0.00181335584555 1
24.219727 1    0.0029205812081 -0.000394389060892 -0.000355918884493 -0.000608258790224 -0.000797323728037   0.00197180643381 0.00553560101264  -0.173894968756 -0.0505676939348 0.00181335584555 1
24.27181 1   0.00292226759803 -0.000383640084694 -0.000338071530537 -0.000613734822897 -0.000779712375783   0.00200576575917 0.00553731936171  -0.173927207383 -0.0505783782561 0.00181335584555 1
24.323893 1   0.00290309305557 -0.000389653197265 -0.000329449605102 -0.000653015797077 -0.000790404477973   0.00202214949935  0.0055372945248  -0.173942263337 -0.0505854064767 0.00181335584555 1
24.375977 1   0.00286962981633  -0.00037646397373 -0.000324663111122 -0.000708487660461 -0.000765091308041   0.00203122799551  0.0055390482254  -0.173950322331 -0.0505900926936 0.00181335584555 1
24.42806 1    0.0028629479793 -0.000383066761547 -0.000317748000706 -0.000723633557935 -0.000771925961378   0.00204437801254 0.00553970989469  -0.173962640741  -0.050594872158 0.00181335584555 1
24.480143 1   0.00282856454532 -0.000390306187996 -0.000309052701944 -0.000784520462619 -0.000782507247591   0.00206089073126 0.00553997157414  -0.173977698022 -0.0506023901727 0.00181335584555 1
24.532227 1   0.00281338179782 -0.000391509779496 -0.000301252426178 -0.000814381623364   -0.0007815804757   0.00207571701613 0.00554085710375  -0.173991440397 -0.0506083248837 0.00181335584555 1
24.58431 1     0.002789300826 -0.000385727546336 -0.000298671361272 -0.000856132654974 -0.000769591023019   0.00208060519095 0.00554183526969  -0.173995576613 -0.0506115947753 0.00181335584555 1
24.636393 1   0.00275835449226  -0.00037807272347 -0.000291956358362 -0.000906870110009 -0.000757363948498   0.00209335677035 0.00554267557545  -0.174007277071 -0.0506171219394 0.00181335584555 1
24.688476 1   0.00273059246923 -0.000373940304472 -0.000287705685418 -0.000953838923552   -0.0007499734377   0.00210141989073  0.0055433101962  -0.174014453144 -0.0506214021849 0.00181335584555 1
24.74056 1   0.00270357124923 -0.000376315593613 -0.000286191806949 -0.000998995408178 -0.000748841002581    0.0021042755979 0.00554416207551  -0.174016642103  -0.050624082712 0.00181335584555 1
24.792643 1   0.00266204569273 -0.000364474345932 -0.000276628924947  -0.00106835120425 -0.000731247503295   0.00212243636155 0.00554517729396  -0.174033305392 -0.0506320744015 0.00181335584555 1
24.844726 1   0.00263778882354 -0.000361408546607 -0.000264633526835  -0.00111395727123 -0.000725434314515   0.00214523754346 0.00554623031401  -0.174054544536 -0.0506410858197 0.00181335584555 1
24.89681 1   0.00262636811525 -0.000357224859701 -0.000250431821058  -0.00114012521236 -0.000716398341553    0.0021722475896 0.00554775684345  -0.174080000204 -0.0506507486532 0.00181335584555 1
24.948893 1   0.00261628890998 -0.000364926154697 -0.000249817904125   -0.0011617192487 -0.000726363561771   0.00217340189424 0.00554777361689  -0.174080665553  -0.050652666829 0.00181335584555 1
25.000977 1   0.00261257419525 -0.000374647210579   -0.0002369432339   -0.0011732726188 -0.000736675540273   0.00219789498488 0.00554893860634  -0.174103959529 -0.0506607907637 0.00181335584555 1
25.05306 1   0.00259125889696 -0.000378007686577 -0.000224291104446  -0.00121895921864 -0.000742661683181   0.00222194399799 0.00554935163861  -0.174126243224  -0.050670970492 0.00181335584555 1
25.105143 1   0.00257327372412 -0.000374847643302 -0.000209745980283  -0.00125529584821 -0.000735030321099   0.00224960222729 0.00555090196944  -0.174152258809 -0.0506812264932 0.00181335584555 1
25.157226 1    0.0025600869771 -0.000379535804944 -0.000206524437607 -0.00128161912469  -0.0007393725135  0.00225571668044 0.00555142485738  -0.174157658648 -0.0506847259368 0.00181335584555 1
25.20931 1    0.0025412252172  -0.00038358286283 -0.000202329156262   -0.0013132918707 -0.000750083927894   0.00226368314448 0.00555057177195  -0.174164992818 -0.0506883937734 0.00181335584555 1
25.261393 1    0.0025326545012 -0.000388416952275 -0.000205161171369  -0.00132798805488 -0.000756023446688    0.0022582850534 0.00555046087764  -0.174159561682 -0.0506875847791 0.00181335584555 1
25.313477 1   0.00252919451992 -0.000377691448447 -0.000205343797343  -0.00133937074524 -0.000739677916544   0.00225792915635 0.00555096236906   -0.17415882305 -0.0506888388334 0.00181335584555 1
25.365559 1   0.00251348961357 -0.000378095647037 -0.000201717168365  -0.00136810145924 -0.000739343328631   0.00226481401588 0.00555135142216  -0.174165015118 -0.0506924463911 0.00181335584555 1
25.417643 1   0.00250870142409 -0.000378773208122 -0.000201201106102  -0.00137824452237 -0.000739909032533   0.00226578963338 0.00555144785105  -0.174165736152 -0.0506935104716 0.00181335584555 1
25.469726 1   0.00250719469105 -0.000382162137474 -0.000201778426446  -0.00138101680472 -0.000746803051525   0.00226468929567 0.00555088820094  -0.174164636521 -0.0506933708268 0.00181335584555 1
25.52181 1   0.00250979985209 -0.000383508220646 -0.000199186681473 -0.00137853021835 -0.00074792385002  0.00226962228091 0.00555117357935  -0.174169371378 -0.0506949407038 0.00181335584555 1
25.573893 1   0.00251314547119 -0.000397542890307 -0.000193196724115  -0.00137542792069 -0.000769677704318   0.00228102238859 0.00555076551249  -0.174180392999 -0.0506984147125 0.00181335584555 1
25.625976 1   0.00250212006785 -0.000412165286156 -0.000185404409797  -0.00139733161184 -0.000792516458368    0.0022958382577 0.00555039232101  -0.174194363489 -0.0507041743415 0.00181335584555 1
25.67806 1   0.00248738116782 -0.000407304208815 -0.000177064073624  -0.00142563619054 -0.000784911912821   0.00231169370025 0.00555116208893  -0.174209223467 -0.0507105619465 0.00181335584555 1
25.730143 1   0.00245674264014 -0.000399386177979 -0.000166501083517  -0.00147698828991 -0.000772386917687   0.00233176764724 0.00555227440366  -0.174228034274  -0.050718654737 0.00181335584555 1
25.782226 1   0.00241866031005 -0.000406650934665 -0.000155140742439  -0.00154089288215 -0.000787477531316   0.00235335192536 0.00555169437455  -0.174248194148 -0.0507278158985 0.00181335584555 1
25.834309 1   0.00241415402957  -0.00040201944767 -0.000145095295326  -0.00155632085719 -0.000782707413951   0.00237245801059 0.00555200884209  -0.174266224277  -0.050735272287 0.00181335584555 1
25.886393 1   0.00241462729817 -0.000395092684257  -0.00014150427258  -0.00156480351073 -0.000774226258497   0.00237928399122 0.00555209695837  -0.174272325196 -0.0507391776331 0.00181335584555 1
25.938476 1   0.00240418419041 -0.000404581385092  -0.00013472176372  -0.00158374675164 -0.000792387468622   0.00239218069533 0.00555118218644  -0.174284597525 -0.0507439996742 0.00181335584555 1
25.990559 1    0.0023964146533 -0.000401436806928 -0.000128069859425  -0.00160186238607 -0.000786264543304   0.00240482791845  0.0055520348449  -0.174296417562 -0.0507493343933 0.00181335584555 1
26.042643 1   0.00240225044422 -0.000400344296491   -0.0001146932155  -0.00159704703347 -0.000787680009957   0.00243028603053 0.00555217127056  -0.174321095908 -0.0507571745313 0.00181335584555 1
26.094726 1   0.00238732897385 -0.000394257532527 -0.000102321859361  -0.00162654388762 -0.000775101193914   0.00245381184588 0.00555397867393  -0.174343387359 -0.0507660715617 0.00181335584555 1
26.146809 1   0.00237678198211 -0.000395383649692  -9.6849150171e-05  -0.00164967320774 -0.000776087673354   0.00246421195116 0.00555441833036    -0.1743529409 -0.0507711304954 0.00181335584555 1
26.198893 1   0.00235694681249 -0.000402310110306 -8.41791423112e-05  -0.00168332590569 -0.000789716504906   0.00248830540605 0.00555408629492  -0.174376005344 -0.0507797234678 0.00181335584555 1
26.250976 1   0.00233623356165 -0.000412261498302 -7.54681766931e-05  -0.00172033756609 -0.000808043807087   0.00250486172778 0.00555333153469  -0.174391574514 -0.0507867027501 0.00181335584555 1
26.303059 1   0.00228644794426  -0.00042107611974 -6.63193178514e-05  -0.00180283100371 -0.000818820901945   0.00252222707165 0.00555405932031  -0.174407402309 -0.0507956212921 0.00181335584555 1
26.355142 1   0.00227005531319 -0.000420433655758 -5.76033721882e-05  -0.00183216350146 -0.000821573318866   0.00253879751012 0.00555370335316  -0.174423117156 -0.0508021651297 0.00181335584555 1
26.407221 1   0.00224883837198 -0.000425929754549 -4.21715693774e-05   -0.0018747623519 -0.000831669762762   0.00256813938992 0.00555391154434  -0.174450871141 -0.0508139888518 0.00181335584555 1
26.459309 1   0.00223009005696 -0.000417460940454 -3.05211955692e-05  -0.00190881233453 -0.000818048338609   0.00259029139781 0.00555522114797  -0.174471910104 -0.0508225218842 0.00181335584555 1
26.511392 1   0.00221518267489  -0.00041900742592 -2.16080207279e-05  -0.00193660123557 -0.000817934987343    0.0026072374319 0.00555628160764  -0.174487939939 -0.0508293026655 0.00181335584555 1
26.563476 1   0.00220114906113 -0.000424792272339 -1.35304088065e-05 -0.00196484486962 -0.00082742898428  0.00262259235244 0.00555628454518  -0.174502334943 -0.0508360439706 0.00181335584555 1
26.615559 1   0.00218670838253 -0.000422925123332 -8.93188552049e-06  -0.00199753502632 -0.000824548100209   0.00263132235012 0.00555666164831   -0.17450995017 -0.0508418691669 0.00181335584555 1
26.667642 1   0.00218359265081 -0.000422431755124 -5.06605411275e-07 -0.00200635940509 -0.00082023108795  0.00264735014361 0.00555809776953  -0.174525324814 -0.0508475902309 0.00181335584555 1
26.719726 1   0.00216628824259 -0.000420696095293   1.3576356668e-05  -0.00204372274925 -0.000814413370554   0.00267412738723 0.00555984565722  -0.174550568382   -0.05085882668 0.00181335584555 1
26.771809 1   0.00212886107938 -0.000428228822787  2.71357355317e-05  -0.00211278840463 -0.000824138094949   0.00269989117766 0.00556070347603   -0.17457447438 -0.0508710969152 0.00181335584555 1
26.823892 1  0.00211889604358 -0.00041965589705 3.45830070552e-05  -0.00213489540212 -0.000809190501578   0.00271404978618 0.00556209739112   -0.17458772509 -0.0508773880625 0.00181335584555 1
26.87597 1   0.00211752845394 -0.000407745420082  3.91968973433e-05  -0.00214339468129 -0.000788205307696    0.0027228234702 0.00556375808869  -0.174595835255 -0.0508815861351 0.00181335584555 1
26.928059 1    0.0021014242754 -0.000410683407664  4.63385842332e-05  -0.00217331537252 -0.000791602122222   0.00273639695949 0.00556431745723  -0.174608557099 -0.0508876740697 0.00181335584555 1
26.980142 1   0.00209488214845 -0.000398981422124  5.49690401511e-05  -0.00218586799715 -0.000776033842728   0.00275281429295 0.00556485352839  -0.174624434295 -0.0508933737568 0.00181335584555 1
27.032226 1   0.00209562241544 -0.000402750646743  5.74343635112e-05  -0.00219067041315 -0.000784806604458   0.00275750111354 0.00556397250916  -0.174628656769 -0.0508962321291 0.00181335584555 1
27.084309 1   0.00208969393144 -0.000403223721845  6.59666098223e-05  -0.00220649390657 -0.000786845427329   0.00277372784463 0.00556409691387  -0.174644068509 -0.0509029733966 0.00181335584555 1
27.136392 1   0.00208087751988 -0.000406305133731  7.58503756706e-05  -0.00222997259075 -0.000793781459342    0.0027925212996 0.00556390530687  -0.174661740029 -0.0509114848854 0.00181335584555 1
27.188476 1  0.00205609434836 -0.00040683369623 9.10058824787e-05  -0.00227589984255 -0.000797230419313   0.00282133662632 0.00556404965088  -0.174689199397 -0.0509232287663 0.00181335584555 1
27.240559 1   0.00203950144764 -0.000399966713396  0.000106115971057  -0.00230699789815 -0.000786373369641   0.00285007422851 0.00556543953214  -0.174716859564 -0.0509339020216 0.00181335584555 1
27.292642 1   0.00201994956463 -0.000391151969907  0.000108769056554  -0.00234034308461 -0.000771871393876   0.00285510459348 0.00556638430909    -0.1747212327 -0.0509373380274 0.00181335584555 1
27.34472 1   0.00201891370126 -0.000393132822177  0.000114683806086  -0.00234440253689 -0.000774887421365   0.00286635781415 0.00556662843472  -0.174732149819 -0.0509413014483 0.00181335584555 1
27.396808 1  0.00201610649983 -0.00038121336954 0.000117875089522   -0.0023554162676 -0.000755026052023   0.00287242271947 0.00556796854234  -0.174737547918 -0.0509450407976 0.00181335584555 1
27.448891 1   0.00199600034877 -0.000392328813066  0.000130892903342    -0.002389088525 -0.000772426637552   0.00289717808783  0.0055679946193  -0.174761509028 -0.0509540775086 0.00181335584555 1
27.500974 1   0.00200008324672 -0.000394943765651   0.00013502267651  -0.00238880110607 -0.000776266436541   0.00290503508953  0.0055681379806  -0.174768885422 -0.0509577789364 0.00181335584555 1
27.553067 1  0.00200000342274 -0.00039508593732 0.000142301835525  -0.00239042610583 -0.000777710360455    0.0029188866803 0.00556820512997  -0.174782494791 -0.0509621934964 0.00181335584555 1
27.605142 1   0.00198696429266 -0.000397185174537  0.000147464719453  -0.00241507423409 -0.000780992819824   0.00292869734184 0.00556837067671  -0.174791631969 -0.0509670834475 0.00181335584555 1
27.657225 1   0.00196589692298 -0.000408189520374   0.00015027738183  -0.00245009361907 -0.000800391983488   0.00293403062444 0.00556713652341  -0.174796389907 -0.0509706126321 0.00181335584555 1
27.709308 1   0.00195134499564 -0.000408879558138  0.000165247116779  -0.00247485527197 -0.000800757428866   0.00296250565262 0.00556820260359  -0.174824193089  -0.050980354427 0.00181335584555 1
27.761392 1   0.00192827247562 -0.000408333197566  0.000170354809258  -0.00251267287884 -0.000799735436618   0.00297220535837 0.00556860089065  -0.174833231825 -0.0509851880798 0.00181335584555 1
27.81347 1   0.00192136191136 -0.000408547885968  0.000182583049097  -0.0025253024382 -0.00080002663069  0.00299546956837 0.00556933379987  -0.174856054167 -0.0509928919443 0.00181335584555 1
27.865559 1   0.00189462550906 -0.000401074194861  0.000181194944061   -0.0025727557963 -0.000788636548324   0.00299280045249 0.00556968385962  -0.174852399255 -0.0509955794056 0.00181335584555 1
27.917642 1   0.00187421674015 -0.000397905891684  0.000189616097504  -0.00261140619917 -0.000781967530098   0.00300880351478 0.00557094738754  -0.174867325906 -0.0510035727449 0.00181335584555 1
27.969725 1   0.00184735701279 -0.000390084101622  0.000201523531656  -0.00266161738169 -0.000768530669106   0.00303143468629 0.00557258903722  -0.174888594139 -0.0510143817112 0.00181335584555 1
28.021808 1   0.00182342538386 -0.000398255710219  0.000212289675345  -0.00270576766842 -0.000783225769508   0.00305189757341 0.00557205522274   -0.17490795281 -0.0510239649616 0.00181335584555 1
28.073891 1   0.00180209698058 -0.000387092266939  0.000217298957752  -0.00274808937983 -0.000766172310703   0.00306140478927 0.00557302190294  -0.174916211128 -0.0510308958959 0.00181335584555 1
28.125975 1   0.00179323189188 -0.000392335885574   0.00022391871809  -0.00276812326175 -0.000774600886346   0.00307398967001 0.00557297064651  -0.174928055488 -0.0510370415341 0.00181335584555 1
28.178058 1   0.00178858572686 -0.000388123244197  0.000229641062843  -0.00278219070843 -0.000769686963521    0.0030848697604 0.00557308223014   -0.17493822615 -0.0510426149308 0.00181335584555 1
28.230142 1   0.00176896338889 -0.000381368156314  0.000239835418351  -0.00281478436827 -0.000757436031626   0.00310425267386 0.00557472875446  -0.174956975075  -0.051050173084 0.00181335584555 1
28.28222 1   0.0017567395053 -0.00037465611306 0.000239138076621   -0.0028381889213 -0.000744569440757   0.00310291137536 0.00557594440701  -0.174954973628 -0.0510519686232 0.00181335584555 1
28.334309 1   0.00174202549788 -0.000377015838364  0.000242540651029  -0.00286472188172 -0.000745533401845   0.00310937117961 0.00557687089386  -0.174960792879 -0.0510559763228 0.00181335584555 1
28.386392 1   0.00173681723827 -0.000378176312009  0.000251974257409 -0.00287329400048 -0.00074735127546   0.0031273196159 0.00557735649208  -0.174978590766 -0.0510616862163 0.00181335584555 1
28.438475 1   0.00172768366194 -0.000369782614449  0.000259944019257  -0.00289101094948 -0.000735918657976   0.00314247629524 0.00557789474626  -0.174993250673 -0.0510678302089 0.00181335584555 1
28.490558 1   0.00171012259149 -0.000371734791496  0.000274649518418  -0.00292288442649 -0.000740389875948   0.00317044374416 0.00557816690179  -0.175020492316 -0.0510786268015 0.00181335584555 1
28.542642 1   0.00167621491579 -0.000375721376965  0.000287994580458  -0.00298209411497 -0.000750324791294   0.00319580694307 0.00557742995739  -0.175044664808 -0.0510904339201 0.00181335584555 1
28.594725 1   0.00166476099689 -0.000376809045046  0.000304407393617   -0.0030103211531 -0.000754841079386   0.00322702315886  0.0055773847953   -0.17507477732 -0.0511037170123 0.00181335584555 1
28.646808 1   0.00164168861672 -0.000375495095323  0.000321566510657   -0.0030552771792 -0.000753334439691   0.00325965133966 0.00557833655531    -0.1751061808 -0.0511177949195 0.00181335584555 1
28.698892 1   0.00162211849348 -0.000376718040855  0.000333100144595  -0.00309405960623 -0.000756869097871   0.00328157718129 0.00557838766387  -0.175127015116 -0.0511283111821 0.00181335584555 1
28.75097 1   0.00157918438364 -0.000365817692553  0.000350828821289 -0.00317556927266 -0.00074200185464  0.00331526781851 0.00557953615173  -0.175158566833 -0.0511460403843 0.00181335584555 1
28.803058 1    0.0015400269481 -0.000370972739501  0.000373090369834  -0.00324922487256 -0.000749860368992   0.00335758966901 0.00558056660193   -0.17519906786 -0.0511654120908 0.00181335584555 1
28.855141 1   0.00151902928884 -0.000380968125592   0.00039166368733  -0.00329423436707 -0.000766605076388   0.00339290770234 0.00558054508769  -0.175232976455 -0.0511813865148 0.00181335584555 1
28.907225 1   0.00150356899056 -0.000377886248245  0.000403466914019  -0.00332971087611 -0.000763158412311   0.00341534712722 0.00558100829345  -0.175254124525 -0.0511929322577 0.00181335584555 1
28.959308 1   0.00147194430493 -0.000370230564206  0.000414100058025  -0.00338362220026 -0.000750935601633   0.00343555279908 0.00558232872337  -0.175273323907 -0.0512026913979 0.00181335584555 1
29.011392 1   0.00145854169674 -0.000356551211263  0.000416279823587  -0.00340898302673 -0.000728803120758   0.00343968601734 0.00558378365133  -0.175276728148  -0.051206404951 0.00181335584555 1
29.063474 1   0.00143509040343 -0.000346977766005  0.000425313375161  -0.00345108291418 -0.000714418196462     0.003456853417 0.00558486302473  -0.175292964364 -0.0512150567176 0.00181335584555 1
29.115558 1   0.00142289813595 -0.000347533253533  0.000433112165671  -0.00348044082631 -0.000715777046305   0.00347167554661 0.00558511461905  -0.175306622057   -0.05122392001 0.00181335584555 1
29.167641 1   0.00142176820808 -0.000344715787122  0.000439768685739  -0.00349011712516 -0.000710876293681   0.00348433525346 0.00558592461448   -0.17531856107 -0.0512305042728 0.00181335584555 1
29.21972 1   0.00139295565171 -0.000340578781157  0.000442449541697   -0.0035360931667 -0.000704014370527   0.00348941247377 0.00558656169684  -0.175322948942 -0.0512344854233 0.00181335584555 1
29.271808 1   0.00136397895405 -0.000330905916215  0.000446766282983  -0.00358468287208 -0.000688432364625   0.00349760067759 0.00558776350778  -0.175330221813 -0.0512402446042 0.00181335584555 1
29.323891 1   0.00134066429374 -0.000328752600673  0.000450939684767  -0.00362271100438 -0.000686983906752   0.00350552237914 0.00558746992675  -0.175337567292 -0.0512449109367 0.00181335584555 1
29.375974 1   0.00134318810431 -0.000327574830061   0.00045640756169  -0.00362272934302 -0.000686020527124   0.00351592674673 0.00558757035396  -0.175347740306 -0.0512492143563 0.00181335584555 1
29.428058 1   0.00132869652502 -0.000325792288394  0.000460531481939  -0.00364925039716 -0.000681545516163   0.00352375931237 0.00558860674844  -0.175354918506 -0.0512540308146 0.00181335584555 1
29.480141 1   0.00132602379616 -0.000329027536041  0.000467246850818  -0.00365669246599 -0.000684313879984   0.00353653396899 0.00558963078226  -0.175367430679  -0.051259186846 0.00181335584555 1
29.532225 1   0.00130025038138 -0.000331573493445  0.000483240512335  -0.00370162811437 -0.000687626030233   0.00356694582531 0.00559066398629  -0.175397166357 -0.0512718389203 0.00181335584555 1
29.584308 1    0.0012912267697 -0.000323946473987  0.000487541290218  -0.00371910378326 -0.000673546487025   0.00357512004042 0.00559237967709  -0.175404849697 -0.0512761886552 0.00181335584555 1
29.636391 1  0.00127467838123 -0.00032571965131 0.000502779411661  -0.00374584532781 -0.000677064263073   0.00360410529285 0.00559287782335  -0.175433790021 -0.0512863409983 0.00181335584555 1
29.688476 1  0.00124930674711 -0.00032196512473  0.00051273911916  -0.00379250948007 -0.000671733969647   0.00362303211945 0.00559358493204  -0.175451666829 -0.0512965474861 0.00181335584555 1
29.740558 1   0.00123491674708 -0.000329125399232   0.00052044929064  -0.00381986469901 -0.000682691969172    0.0036376887853 0.00559356203044  -0.175465709786 -0.0513038523048 0.00181335584555 1
29.792641 1   0.00122504873666 -0.000329328300339   0.00051848227498  -0.00384015384174 -0.000683163885256   0.00363393257087 0.00559336095946  -0.175461140932  -0.051305387403 0.00181335584555 1
29.844724 1   0.00120757919678 -0.000320545805439  0.000522980420593  -0.00387153768089 -0.000666148568987     0.003642474703 0.00559567598652  -0.175468919307 -0.0513108471738 0.00181335584555 1
29.896808 1   0.00118191240807 -0.000308128166949  0.000526603093416  -0.00391315949413 -0.000644214304334   0.00364934642157 0.00559794067924  -0.175475094289 -0.0513154830964 0.00181335584555 1
29.948891 1   0.00117880798646 -0.000312195955911  0.000529496089924  -0.00392377766962 -0.000651236516221   0.00365484406279 0.00559750594257  -0.175479996138 -0.0513196148463 0.00181335584555 1
30.000974 1   0.00117289906397 -0.000310689587777  0.000529277028924  -0.00393531767399 -0.000649774979818   0.00365442014452 0.00559725382762  -0.175479176615 -0.0513208718155 0.00181335584555 1
30.053058 1   0.00116523110319 -0.000313856202834  0.000535685517423  -0.00394957210796 -0.000652261903369   0.00366660756535 0.00559839796418  -0.175491142151 -0.0513259872803 0.00181335584555 1
30.105141 1   0.00115887805457 -0.000315499221443  0.000544286821652  -0.00396472653437 -0.000653927228503   0.00368296653239 0.00559916490779  -0.175507079019  -0.051333424802 0.00181335584555 1
30.157219 1   0.00115240185606 -0.000307302646507   0.00054940219145  -0.00398037519913 -0.000642218551748   0.00369269120721 0.00559971203385  -0.175516215244 -0.0513390471656 0.00181335584555 1
30.209307 1   0.00114000407849 -0.000310069437759  0.000554279555548  -0.00400351910002 -0.000646925470426   0.00370195950301 0.00559962256864  -0.175524965915 -0.0513443294228 0.00181335584555 1
30.261391 1   0.00113916644166 -0.000311692872388  0.000569179016307  -0.00401147079408 -0.000650256702591   0.00373030784386 0.00560007579105  -0.175553160554 -0.0513555104148 0.00181335584555 1
30.313474 1   0.00112677302195 -0.000316199145193  0.000580791025928   -0.0040374229692 -0.000658850864988   0.00375239026792 0.00559975236209  -0.175574709577 -0.0513657847587 0.00181335584555 1
30.365557 1    0.0011069355427 -0.000314807764516  0.000590066254439  -0.00407518215908 -0.000656222352015   0.00377001921919 0.00560064027251  -0.175591472827 -0.0513754365601 0.00181335584555 1
30.417641 1   0.00110657263224 -0.000318604139753  0.000601456838051  -0.00408363834858 -0.000662978337125   0.00379168897402 0.00560066477993   -0.17561274109 -0.0513851808905 0.00181335584555 1
30.469724 1   0.00107732792708 -0.000324320292809  0.000613650010435   -0.0041327116816 -0.000672771350969   0.00381486643105 0.00560055048534  -0.175635405939 -0.0513959199406 0.00181335584555 1
30.521807 1   0.00108252957591 -0.000327491301747  0.000620936048529  -0.00412528125072 -0.000677164321448   0.00382873614353 0.00560096298278   -0.17564966834 -0.0513999065408 0.00181335584555 1
30.57389 1   0.00107930587588 -0.000323982552333  0.000623465093533  -0.00413635510748 -0.000672558840666   0.00383354090542 0.00560103552183  -0.175653796982 -0.0514041572415 0.00181335584555 1
30.625975 1  0.00107981153887 -0.00032210545599 0.000627772160006  -0.00414032193614 -0.000668082070148   0.00384173362661 0.00560214861826   -0.17566162015  -0.051408569816 0.00181335584555 1
30.678057 1   0.00107074332661 -0.000320506589878  0.000627260477545  -0.00415698446746 -0.000665076545363   0.00384074997567   0.005602478603  -0.175660073768 -0.0514101061636 0.00181335584555 1
30.73014 1   0.00105583598599 -0.000326586463891  0.000626997904707  -0.00417994862274 -0.000673491952828    0.0038402381017 0.00560240588612  -0.175659221645 -0.0514110780856 0.00181335584555 1
30.782223 1   0.00104978410777 -0.000333199885982  0.000636505804446   -0.0041929082035 -0.000683101914669   0.00385832423079 0.00560272871197  -0.175677250017 -0.0514185130892 0.00181335584555 1
30.834307 1   0.00104864664711 -0.000323472939193  0.000642867065716  -0.00419524863287 -0.000669757389788   0.00387042912923 0.00560315657207  -0.175689610809  -0.051422472217 0.00181335584555 1
30.886391 1   0.00103884191962 -0.000326223164386  0.000639537321269  -0.00421237402072 -0.000674668759774   0.00386408241716 0.00560242299517  -0.175682619596 -0.0514222134474 0.00181335584555 1
30.938474 1    0.0010375626292 -0.000322420266087  0.000644826912357  -0.00421900554579 -0.000667262668734   0.00387414365669 0.00560376321999  -0.175692346186 -0.0514273683703 0.00181335584555 1
30.990557 1   0.00103498559801 -0.000320777406323   0.00064573043585 -0.00422349149439 -0.00066357666838  0.00387586057471 0.00560448479904  -0.175693974765 -0.0514283039799 0.00181335584555 1
31.04264 1   0.00103802732915 -0.000323817156389  0.000648510071414  -0.00422113359696 -0.000669349479394    0.0038811507799 0.00560390946022  -0.175699228185 -0.0514306991664 0.00181335584555 1
31.094722 1   0.00103290310397 -0.000327991196082  0.000653980800514  -0.00422980287781 -0.000675266549197   0.00389155722062  0.0056041520585  -0.175709762193 -0.0514345652687 0.00181335584555 1
31.146807 1   0.00103139558945 -0.000323623264164  0.000650494531487   -0.0042322671427 -0.000668982436261   0.00388492119912 0.00560407883742  -0.175702848673 -0.0514327551144 0.00181335584555 1
31.19889 1   0.00103870080538 -0.000318391722993  0.000654024114072  -0.00422025055258 -0.000660081652494   0.00389164504923 0.00560512795317  -0.175710042784 -0.0514338482717 0.00181335584555 1
31.250973 1   0.00103515782281 -0.000312139639514  0.000654903732482 -0.00423020795513 -0.00064947374456  0.00389331200964 0.00560615038112  -0.175711073113 -0.0514366774158 0.00181335584555 1
31.303057 1   0.00102285461085 -0.000306102701563  0.000660108916035  -0.00425316435198 -0.000639473415105   0.00390320438651 0.00560731063796  -0.175720485868 -0.0514424556468 0.00181335584555 1
31.35514 1  0.00101934308653 -0.00031524889721 0.000669023733342  -0.00426223518682 -0.000655069259132   0.00392016388127 0.00560639393703  -0.175737536922 -0.0514495417998 0.00181335584555 1
31.407223 1  0.00101383149865 -0.00032633486244 0.000671796823577  -0.00427614978686 -0.000672313968047   0.00392543164753 0.00560556927864  -0.175742179872 -0.0514540995183 0.00181335584555 1
31.459307 1   0.00100989837806 -0.000330623689885  0.000679368732635  -0.00428729693017 -0.000679249719583   0.00393983378554 0.00560552702374  -0.175756367189 -0.0514611392722 0.00181335584555 1
31.51139 1    0.0010112262668 -0.000335322956985  0.000687203589133  -0.00429171909702 -0.000685882465126   0.00395473925314 0.00560592585031  -0.175771007677  -0.051468574395 0.00181335584555 1
31.563468 1  0.00101050539603 -0.00033458795947 0.000696744290313  -0.00429804086659 -0.000685230078832   0.00397289077541 0.00560634732283  -0.175789151017 -0.0514765794001 0.00181335584555 1
31.615556 1   0.00100613118139 -0.000330388332128  0.000702287621017    -0.004304510982 -0.000679592459663   0.00398343714515 0.00560663285888  -0.175800051978  -0.051479988281 0.00181335584555 1
31.66764 1  0.000988722466612 -0.000324881258807  0.000708804958201  -0.00433622968812 -0.000672880205474   0.00399582179975 0.00560662979607  -0.175811869409 -0.0514874940279 0.00181335584555 1
31.719723 1  0.000974030392022 -0.000331767173403  0.000714446495387  -0.00436210004416 -0.000685094926384   0.00400654328795  0.0056056006431  -0.175822278578 -0.0514935033464 0.00181335584555 1
31.771807 1  0.000969331385238 -0.000330909673914  0.000721228909308  -0.00437494279356 -0.000684645525488   0.00401944192017 0.00560566065591  -0.175834840595 -0.0515005117949 0.00181335584555 1
31.82389 1  0.000948188236333 -0.000336234035413  0.000729935633405  -0.00441301796591 -0.000693672453894   0.00403598943643 0.00560533439222  -0.175850846918 -0.0515099486927 0.00181335584555 1
31.875973 1 0.000924041146514 -0.00033691682349  0.00073605758546  -0.0044563020426 -0.00069326361506  0.00404761486304 0.00560640869487  -0.175861525153 -0.0515184405244 0.00181335584555 1
31.928057 1  0.000903464517421 -0.000346461661803  0.000746516647371   -0.0044942678682 -0.000708135397222   0.00406749692165 0.00560615848207   -0.17588093025 -0.0515292707619 0.00181335584555 1
31.98014 1  0.000892712124849 -0.000350047813028  0.000760040205231  -0.00451508084221 -0.000713869288434   0.00409322098127 0.00560659555665  -0.175906955322 -0.0515400792276 0.00181335584555 1
32.032223 1  0.000885299932558 -0.000351775631886  0.000771595293288  -0.00453146042344 -0.000717177008808   0.00411520089919 0.00560684293388  -0.175929061768 -0.0515498508847 0.00181335584555 1
32.084306 1  0.000875181232639 -0.000355708305917  0.000783465537061  -0.00455214780276 -0.000724055696078   0.00413777824848 0.00560682151349  -0.175951726953 -0.0515601239268 0.00181335584555 1
32.13639 1  0.000865255787835 -0.000356842031679  0.000795963017611  -0.00457378634166 -0.000727232233713   0.00416154833843 0.00560676045997  -0.175975479405 -0.0515713983997 0.00181335584555 1
32.188473 1  0.000843059518042 -0.000353733302625  0.000802969865612  -0.00461342050706 -0.000722248888737   0.00417486010262 0.00560757989138  -0.175988081803 -0.0515800814072 0.00181335584555 1
32.240557 1  0.000830143385345 -0.000353000070522  0.000805217682499   -0.0046346436341 -0.000720317734296   0.00417912623687 0.00560820948088  -0.175992029008 -0.0515831468118 0.00181335584555 1
32.292639 0  0.000602363099136 -0.000230528344459   0.00101179181277 -0.00532459424616   0.0183652943652  0.00409498855968 0.00560820948088  -0.175992029008 -0.0515831468118 0.00181335584555 2
32.344724 0  0.000370572015544 -0.000346129870588   0.00123341420994 -0.00479940059589   0.0250386149707  0.00317193963607 0.00560820948088  -0.175992029008 -0.0515831468118 0.00181335584555 3
32.396807 1  0.000416682875322 -3.84928192559e-05   0.00112251856689 -0.00478705676465   0.0256248823336  0.00297512504091 0.00569584696272  -0.175818631638 -0.0514857490706 0.00181335584555 3
32.44889 1 0.000401287346022 0.000367478038076  0.00130987111667 -0.00474198396652    0.026436530649  0.00329967057678 0.00581686292404  -0.176160421024 -0.0514532834949 0.00181335584555 3
32.500972 1 0.000397516317344 0.000414970311067  0.00133905248303 -0.00481361646943    0.026564265514  0.00334996256484 0.00586680434143  -0.176206772375 -0.0514689795828 0.00181335584555 3
32.553056 1  0.00036813027765 0.000426708763778  0.00130779388119 -0.00487318068599   0.0265820000065  0.00329513223514 0.00587276860194  -0.176152158065 -0.0514628849436 0.00181335584555 3
32.60514 1 0.000370327130028 0.000405509574742  0.00140000219214 -0.00486262998485   0.0265385888581  0.00345694944916 0.00587119249664  -0.176305516836 -0.0515062298811 0.00181335584555 3
32.657223 1  0.00034551519875 0.000430692355678  0.00134614880008 -0.00490256556677   0.0265842344826  0.00336237871083 0.00587558243678  -0.176215521463 -0.0514817207684 0.00181335584555 3
32.709306 1  0.00031654077165 0.000352506270266  0.00138320645589 -0.00494774981341   0.0264299783341  0.00342801559163 0.00585778183419  -0.176271821099 -0.0515197177927 0.00181335584555 3
32.761389 0 4.14657592236e-06  0.00181608309924  0.00155741731007 -0.00409015388779   0.0261019584001  0.00257285303512 0.00585778183419  -0.176271821099 -0.0515197177927 0.00181335584555 4
32.813473 0 -0.000279929054305   0.00328351528252     0.001715750048 -0.00357871456372   0.0269037607249  0.00239736134016 0.00585778183419  -0.176271821099 -0.0515197177927 0.00181335584555 5
32.865556 1 -0.000285744613938   0.00327092833905   0.00174668169229 -0.0036007515739  0.0268664159111 0.00244769287629 0.00585575891037  -0.176313188197 -0.0515387509119 0.00181335584555 5
32.91764 1 -0.000287404955265    0.0032658752882   0.00174721654381 -0.00362086565159   0.0268448524412  0.00244868828353 0.00585484759349  -0.176311886133 -0.0515460925856 0.00181335584555 5
32.969717 1 -0.000274382920088   0.00325103606027   0.00175262995687 -0.00358951495107   0.0268092989331  0.00245758511158 0.00584671741796  -0.176320069246 -0.0515469461265 0.00181335584555 5
33.021806 1 -0.000286545341513   0.00323985693915   0.00177102442639 -0.00361627829634   0.0267823507436  0.00248751991931 0.00584594780258  -0.176344293386 -0.0515597090078 0.00181335584555 5
33.073889 1 -0.000275987316692   0.00323065977215   0.00176586205969 -0.00358028797226   0.0267614699376  0.00247920068807 0.00583832139263  -0.176338455359 -0.0515535210114 0.00181335584555 5
33.125973 1 -0.000266952133881   0.00324211200866   0.00179477446596 -0.00357947867301   0.0268022772448  0.00252590676307 0.00584876586186  -0.176379971664 -0.0515609915723 0.00181335584555 5
33.178056 1 -0.000261671619407   0.00325094446664   0.00180074663103 -0.00358987992101   0.0268123088087  0.00253561112938 0.00585222981303  -0.176387264209 -0.0515668579862 0.00181335584555 5
33.230139 1 -0.000294969822668   0.00325066720213    0.0018516459594 -0.00367158341199   0.0268025488292  0.00261824431432 0.00586028737126  -0.176455199817 -0.0515989200694 0.00181335584555 5
33.282222 0 -0.000436529820972   0.00464306263665   0.00198853143372 -0.0029746901167  0.0270190093577 0.00278003389529 0.00586028737126  -0.176455199817 -0.0515989200694 0.00181335584555 6
33.334306 0 -0.00053118754421  0.00603363273378  0.00209607855314 -0.00134527626756   0.0272687160253  0.00149417766975 0.00586028737126  -0.176455199817 -0.0515989200694 0.00181335584555 7
33.386389 1 -0.000531834473743    0.0060426469303   0.00212082830313 -0.00136769854404   0.0272917956816  0.00153146060742 0.00586650924645  -0.176484419194 -0.0516082465254 0.00181335584555 7
33.438469 1 -0.00058407342873  0.00605766870215  0.00217884354204 -0.00149428759309   0.0273257348846  0.00161892154063 0.00588146722662  -0.176550824074 -0.0516373195826 0.00181335584555 7
33.490556 1 -0.000563857154668   0.00604647024385   0.00215252929089 -0.00149209887082   0.0272827595242  0.00157941862846 0.00587599028172   -0.17651737473 -0.0516353255201 0.00181335584555 7
33.542639 1 -0.000590781342045   0.00605003612717   0.00219883601805 -0.00156849938707   0.0272699468316  0.00164934630716 0.00588091975832  -0.176570255806 -0.0516598416826 0.00181335584555 7
33.594722 1 -0.000622817379379    0.0060432231145   0.00224422403054 -0.00166427167741   0.0272472490188  0.00171790537198   0.005887062788  -0.176621249553 -0.0516867804628 0.00181335584555 7
33.646806 1 -0.000637861045382   0.00601307363558   0.00226284716357 -0.00167417338317   0.0271694235531  0.00174615260435 0.00587794475583  -0.176642680252  -0.051697110842 0.00181335584555 7
33.698889 1 -0.000633272066927   0.00601215156042   0.00228871249028 -0.00170795207825   0.0271885048739  0.00178511998136 0.00588673480587  -0.176672663396 -0.0517090880723 0.00181335584555 7
33.750972 1 -0.00064487074383  0.00600878711518  0.00227379042557 -0.00170275963857   0.0271736138471   0.0017626426181 0.00588216090282  -0.176654977223 -0.0517034060417 0.00181335584555 7
33.803055 1 -0.000632003052791   0.00600544020122   0.00232486411413 -0.00171342985131   0.0271798365948  0.00183963234543 0.0058885485688 -0.176716259353 -0.051721173557 0.00181335584555 7
33.855139 1 -0.000608580610047   0.00602405056519   0.00234287826774 -0.00171232801715   0.0272236253175  0.00186672990888  0.0058967849138  -0.176737952656 -0.0517267664447 0.00181335584555 7
33.907225 1 -0.000625152041091   0.00615905218218    0.0023856262844 -0.00178364039523   0.0276874656515   0.0019299293504 0.00597004272914  -0.176795685601 -0.0517142496694 0.00181335584555 7
33.959305 1 -0.000589502262942   0.00609350247126   0.00235651218063 -0.00176495278147   0.0274564497174  0.00188674446895 0.00593717683336  -0.176755250381 -0.0517251488412 0.00181335584555 7
34.011389 1 -0.000622682476896   0.00602228054835   0.00245021149287 -0.00185475546337   0.0272593975008  0.00202855373998 0.00592194043636  -0.176862797855 -0.0517778206078 0.00181335584555 7
34.063472 1 -0.000632614181071   0.00596836862401   0.00244510145256 -0.00185841343381   0.0270758189844  0.00202135397881 0.00589492449423  -0.176853350063 -0.0517894710761 0.00181335584555 7
34.115555 1 -0.000663993791938   0.00594128694201    0.0024384755322 -0.00189235252492   0.0270095330956  0.00201151154999 0.00588685082162  -0.176843698145   -0.05179341515 0.00181335584555 7
34.167639 1 -0.000693517254628   0.00594287093308   0.00249727845245 -0.00199617449903   0.0270228585167  0.00210019886834 0.00590011708805  -0.176911481387  -0.051824174393 0.00181335584555 7
34.219722 1 -0.000701647250222   0.00596521677344   0.00253357156478 -0.00204936209876   0.0270730632551  0.00215485821499 0.00591282790006  -0.176954063859 -0.0518403583272 0.00181335584555 7
34.271805 1 -0.000706936130743   0.00599368485151   0.00255165716285 -0.00206851015157    0.027169800872  0.00218186599719 0.00592933703379  -0.176977183201 -0.0518411364065 0.00181335584555 7
34.323889 1 -0.0007233109196 0.00600425407067 0.00254520897929 -0.00207083194878   0.0272138890405  0.00217198408141 0.00593454033288  -0.176970771023  -0.051833617074 0.00181335584555 7
34.375972 1 -0.000761409621702   0.00598771755338   0.00257050010277 -0.00213496681817   0.0271826280013  0.00221018633132 0.00593540381195  -0.176999502283 -0.0518489986974 0.00181335584555 7
34.428055 1 -0.000801526797774   0.00596945487466   0.00261519082278 -0.00222804833236   0.0271179804712   0.0022777962857 0.00593380545438  -0.177049700677 -0.0518785833862 0.00181335584555 7
34.480139 1 -0.000790287598972   0.00595799665188    0.0026401805777 -0.00222925194253   0.0270681788686  0.00231564186405 0.00592825462462  -0.177078816355 -0.0518920703896 0.00181335584555 7
34.532222 1 -0.000763421853575   0.00595853359004   0.00262925251474 -0.00218264141959   0.0270507857971   0.0022992242696 0.00592185712088  -0.177066358269 -0.0518859768929 0.00181335584555 7
34.584305 1 -0.000767912739613   0.00596130136417   0.00265691283149 -0.00221015972936   0.0270492850991  0.00234096788485 0.00592492201587  -0.177098903184 -0.0518992126512 0.00181335584555 7
34.636388 1 -0.000783290078764   0.00596489428934   0.00268530676007 -0.00225581645413   0.0270580560379  0.00238378524162 0.00593081804027  -0.177132064519 -0.0519134977632 0.00181335584555 7
34.688472 1 -0.000763847428053   0.00597800414903   0.00268525817196 -0.00223125694478   0.0271034077646  0.00238358498713  0.0059370529653  -0.177133363561 -0.0519083394312 0.00181335584555 7
34.740555 1 -0.000766913274507   0.00598789111621   0.00268281023923 -0.00221457952404   0.0271407391182    0.002379755152 0.00594079392286  -0.177132187108 -0.0519009595466 0.00181335584555 7
34.792638 1 -0.000787178124498   0.00597115557192   0.00271714259223 -0.00226474567472   0.0271207651529  0.00243155404766 0.00594450772434  -0.177172451621 -0.0519183094618 0.00181335584555 7
34.844721 1 -0.000803139227331    0.0059639478526   0.00275108012914 -0.00232186444993   0.0270797359949  0.00248289884082 0.00594344397363  -0.177210873307 -0.0519406981009 0.00181335584555 7
34.896807 1 -0.000795468801941   0.00595955936352   0.00277053437112 -0.00231466472621   0.0270537010306  0.00251231440449 0.00593971330094  -0.177234427901 -0.0519486443248 0.00181335584555 7
34.948888 1 -0.000778066706329   0.00595170364874   0.00276660948466 -0.00228702904338   0.0270371157587  0.00250642587813 0.00593616667987  -0.177230149002 -0.0519458011744 0.00181335584555 7
35.000971 1 -0.000810576061907   0.00595306916363   0.00278310077906 -0.00234035903023   0.0270265336143  0.00253134799367 0.00593705941277  -0.177248627841 -0.0519573464993 0.00181335584555 7
35.053055 1 -0.000830221791554   0.00596107147783   0.00280169059783 -0.00238869489005   0.0270371868114  0.00255939268272 0.00594205475586  -0.177269762012 -0.0519690810591 0.00181335584555 7
35.105138 1 -0.000844503427534   0.00597483769383   0.00280152354221 -0.00239476473271   0.0270705556349  0.00255904423254 0.00594598439383  -0.177270411792 -0.0519657286676 0.00181335584555 7
35.157222 1 -0.000859900318001   0.00597778388069   0.00280825829295 -0.00240200268508    0.027089077012  0.00256911473164 0.00594901286076  -0.177279494323 -0.0519650204245 0.00181335584555 7
35.209305 1 -0.000891989557052   0.00597718533156    0.0028323333642 -0.00245400930616    0.027088378756  0.00260541972514 0.00595254471951  -0.177307787779 -0.0519775471889 0.00181335584555 7
35.261388 1 -0.000899262750047   0.00597107630381    0.0028519976603 -0.00248277077997   0.0270676652596  0.00263514773187 0.00595246305531  -0.177330422939 -0.0519897634185 0.00181335584555 7
35.313471 1 -0.000891087728831   0.00596422731781   0.00285491887138 -0.00247539577004   0.0270454897937  0.00263961708945 0.00594901903962  -0.177333708481 -0.0519921603941 0.00181335584555 7
35.365556 1 -0.000884206307861   0.00595957172373   0.00286448993337 -0.00246218953895   0.0270334776588  0.00265406750122 0.00594695618731  -0.177345908874 -0.0519943047389 0.00181335584555 7
35.417638 1 -0.000887579000298   0.00594925653296   0.00287998797761 -0.00247908304049   0.0270180014449  0.00267746762751 0.00594764177123  -0.177364166246 -0.0520026127733 0.00181335584555 7
35.469721 1 -0.000884193835051   0.00594633914673    0.0028876516228 -0.00248073628289   0.0270194867791  0.00268901100244 0.00594937440315  -0.177373537166 -0.0520054636522 0.00181335584555 7
35.521805 1 -0.000879769371303   0.00595371760447   0.00288817945041 -0.00247661617116   0.0270439896593  0.00268974101246 0.00595348680503  -0.177374657446 -0.0520037001246 0.00181335584555 7
35.573887 1 -0.000863475327785   0.00594897757658    0.0029029355151 -0.00247790132176   0.0270483235074   0.0027119810324 0.00595774548971  -0.177392344377 -0.0520104594008 0.00181335584555 7
35.625971 1 -0.000854199760277   0.00594481504851   0.00292444986642 -0.00248236709251   0.0270414958267  0.00274444631572 0.00595937787001  -0.177418369447 -0.0520199320272 0.00181335584555 7
35.678054 1 -0.000847932012368   0.00594489889952   0.00293480288655 -0.00248678416086   0.0270367170699  0.00276009025351 0.00595984513914  -0.177430571361  -0.052025661147 0.00181335584555 7
35.730138 1 -0.000870754077078   0.00593861010112   0.00294007383438 -0.00251303715418   0.0270272800137  0.00276804246598 0.00595973086876  -0.177436586667 -0.0520292588423 0.00181335584555 7
35.782221 1 -0.000889291953183   0.00593973245753   0.00295837929436 -0.00254858631341   0.0270145554843  0.00279570758588 0.00595947820671  -0.177457828596 -0.0520406995411 0.00181335584555 7
35.834304 1 -0.000895538205479   0.00593888898048   0.00298036912154 -0.00257433641148   0.0270040372615  0.00282891907181 0.00596041003437  -0.177483776114 -0.0520529748715 0.00181335584555 7
35.886388 1 -0.000900548886769   0.00593711118911   0.00299108730756 -0.00258678917628   0.0270055670099  0.00284507090749 0.00596247512362  -0.177496734275 -0.0520577912636 0.00181335584555 7
35.938471 1 -0.000903429081281   0.00592996829301   0.00300889667829 -0.00259985477087    0.027003267603  0.00287191055292 0.00596530196756  -0.177518471838 -0.0520652160885 0.00181335584555 7
35.990554 1 -0.000913289588456    0.0059271901003    0.0030348870204 -0.00262765181448   0.0270070626327  0.00291108332247 0.00596999267803  -0.177549947492 -0.0520769330196 0.00181335584555 7
36.042637 1 -0.000917323462713   0.00593038632529     0.003057067684 -0.00264971379185   0.0270118335297  0.00294453643921 0.00597351485315  -0.177576601849 -0.0520877726796 0.00181335584555 7
36.094721 1 -0.000912742534118   0.00592748852747   0.00307295495155 -0.00265767894306   0.0270011719317  0.00296853610893 0.00597360770634  -0.177595591411 -0.0520961706416 0.00181335584555 7
36.146804 1 -0.000905323219392   0.00592488126556   0.00309084842185 -0.0026611963545    0.02699206801 0.00299555375531 0.00597389885558  -0.177617296631  -0.052104592843 0.00181335584555 7
36.198888 1 -0.00091258630901  0.00592004185501  0.00311751991007 -0.00268934226305   0.0269809872096  0.00303580995584 0.00597578217994  -0.177649215197 -0.0521185822488 0.00181335584555 7
36.25097 1 -0.00091387912242  0.00591594159529  0.00313654107359 -0.0027037703927  0.0269703431899 0.00306452682426   0.005976361015  -0.177672108478 -0.0521282566229 0.00181335584555 7
36.303055 1 -0.000927539747336   0.00591357611918   0.00314503260299 -0.00272321052278   0.0269691039601  0.00307732439021 0.00597770364984  -0.177682282089 -0.0521326502456 0.00181335584555 7
36.355137 1 -0.000946430604206   0.00592015449906   0.00315276678331 -0.00275076090516   0.0269794475633  0.00308897181975 0.00598036863391   -0.17769132008 -0.0521373237576 0.00181335584555 7
36.40722 1 -0.000952576077134   0.00592219171765   0.00316389080058 -0.00276427415137   0.0269828056979  0.00310574270785 0.00598215930325  -0.177704822461 -0.0521425789424 0.00181335584555 7
36.459304 1 -0.000961303145947   0.00592740558118   0.00317154069038 -0.0027766701615  0.0269914553503 0.00311726170811 0.00598406293367  -0.177714231498 -0.0521457283706 0.00181335584555 7
36.511387 1 -0.000959865789104    0.0059285442246   0.00318259969232 -0.00277946606602   0.0269921653845  0.00313394044167  0.0059849708219  -0.177727942401 -0.0521501388202 0.00181335584555 7
36.563471 1 -0.000958251108698   0.00592535374202   0.00319248456729 -0.00279215011226   0.0269854497858  0.00314887651304 0.00598594289926  -0.177739359231 -0.0521569900122 0.00181335584555 7
36.615554 1 -0.000959422006731    0.0059234267775   0.00320902000012 -0.00280439442897   0.0269823469774  0.00317382207689 0.00598755914693  -0.177759480356 -0.0521649887679 0.00181335584555 7
36.667637 1 -0.000967107507529   0.00592481759812   0.00321378712442 -0.0028163300143  0.0269836662861  0.0031810109572 0.00598835671299  -0.177765128742 -0.0521677931293 0.00181335584555 7
36.71972 1 -0.000982609098999   0.00591758793097   0.00321928143057 -0.00284207582699   0.0269791847536  0.00318928968798 0.00599028506479  -0.177771216104 -0.0521724054287 0.00181335584555 7
36.771804 1 -0.000988498155878   0.00590813986102    0.0032357052899 -0.0028569243145  0.0269657229807 0.00321407294061 0.00599068286958  -0.177791249491 -0.0521804745208 0.00181335584555 7
36.823887 1 -0.000987721959912   0.00591245824728    0.0032435946319 -0.00285850924467   0.0269700723976  0.00322596896101 0.00599148752302  -0.177801134061 -0.0521834306071 0.00181335584555 7
36.87597 1 -0.000979740522354   0.00591479498164   0.00325230687768 -0.00285361454805   0.0269752734951  0.00323909851326  0.0059930066108  -0.177812164013 -0.0521862964802 0.00181335584555 7
36.928054 1 -0.000993754905163   0.00591510663864   0.00325349791772 -0.0028680218897    0.02697459123 0.00324089191252 0.00599299598283  -0.177813461799 -0.0521874047443 0.00181335584555 7
36.980137 1 -0.000998259064877   0.00591209061374    0.0032501818258 -0.00287184157991   0.0269683614586  0.00323590298631 0.00599183581691  -0.177809146759 -0.0521867387517 0.00181335584555 7
37.032221 1 -0.00100526730894  0.00590631449019  0.00325711755323 -0.00287905658147   0.0269583393116  0.00324637163647 0.00599090252346  -0.177817791684 -0.0521897331158 0.00181335584555 7
37.084303 1 -0.00102174520918  0.00590859133823  0.00326642222795 -0.00290409703908   0.0269609150071  0.00326040114308 0.00599260445008  -0.177828832161 -0.0521954259878 0.00181335584555 7
37.136387 1 -0.00102594315114  0.00591550615683  0.00328891303389 -0.00292454564507     0.02697080902  0.00329431360717 0.00599656143309  -0.177856362354  -0.052206455542 0.00181335584555 7
37.18847 1 -0.00103658141326  0.00591664896636  0.00330945890975 -0.00295095973133   0.0269737705488  0.00332529506527 0.00599988812255  -0.177881344147 -0.0522172037911 0.00181335584555 7
37.240553 1 -0.00104720566973  0.00591945035563  0.00332738331677 -0.0029759946841  0.0269774727948 0.00335232667722 0.00600276100885  -0.177903071467 -0.0522268805309 0.00181335584555 7
37.292636 1 -0.00105205614841  0.00591865847633  0.00333841380995 -0.00299466703416   0.0269817234961  0.00336895176552 0.00600617665286  -0.177916173649 -0.0522336640988 0.00181335584555 7
37.34472 1 -0.00105534671266  0.00592191054405  0.00334445003592 -0.00300612203983   0.0269806286506  0.00337807857454 0.00600630217013  -0.177923135637 -0.0522382642296 0.00181335584555 7
37.396803 1 -0.00105882484138  0.00591301356356  0.00335049191341 -0.00301484171405   0.0269674876461  0.00338720881407  0.0060056482093  -0.177930316893 -0.0522422363791 0.00181335584555 7
37.448887 1 -0.00106657077866  0.00591376797137  0.00336015278033 -0.00302803612076   0.0269610581227   0.0034018045608  0.0060047982934  -0.177942036306 -0.0522477811601 0.00181335584555 7
37.50097 1 -0.00106263020345   0.0059114327515   0.0033693694544 -0.0030246780653  0.0269528077243 0.00341572382646 0.00600350914785  -0.177953754797  -0.052251323436 0.00181335584555 7
37.553053 1 -0.00107256860362  0.00590678869135   0.0033824727453 -0.00304141152422    0.026947820101  0.00343548208409 0.00600468543416  -0.177969933302 -0.0522577750956 0.00181335584555 7
37.605137 1 -0.00106455991986  0.00590834374462  0.00338905199856 -0.00303931034427   0.0269501140287  0.00344540901859 0.00600583310818  -0.177978043204 -0.0522610616483 0.00181335584555 7
37.65722 1 -0.00106768914417  0.00590962083216  0.00340081699608 -0.00304248044167   0.0269513314777  0.00346314223778 0.00600648482993  -0.177993173338 -0.0522649139492 0.00181335584555 7
37.709304 1 -0.00106313468196  0.00591153727159  0.00341598775828 -0.0030452462183  0.0269544178667 0.00348601856467 0.00600837886269  -0.178012234257 -0.0522714124346 0.00181335584555 7
37.761386 1 -0.00106979332708  0.00590522083067  0.00343003265106 -0.00305242640961   0.0269457058242  0.00350719664453 0.00600823698831  -0.178030184751 -0.0522765888711 0.00181335584555 7
37.81347 1 -0.00108025518939  0.00591534318667  0.00343622291162 -0.00306701305253   0.0269547123041  0.00351653367417 0.00600917772552  -0.178037704756 -0.0522801320047 0.00181335584555 7
37.865553 1 -0.00108300133546  0.00592088554834   0.0034483543674 -0.0030725759867  0.0269564858193 0.00353483846068 0.00600922305982  -0.178053055196 -0.0522852181429 0.00181335584555 7
37.917636 1 -0.00108401232424  0.00592234903098  0.00345938755483 -0.00307626373268    0.026954709485  0.00355148614677 0.00600916699701  -0.178067030583  -0.052289852182 0.00181335584555 7
37.969719 1 -0.0010835433667 0.00591920185251 0.00347365333033 -0.00307887385352   0.0269514470894  0.00357299520286 0.00601002911748  -0.178085255194 -0.0522952937956 0.00181335584555 7
38.021803 1 -0.00108859834791  0.00592094615784  0.00349070354476 -0.00309377041258   0.0269518189183  0.00359871403162 0.00601163219041  -0.178106433853 -0.0523038781067 0.00181335584555 7
38.073887 1 -0.00109873717102  0.00592264864689  0.00349920032298 -0.00310594972291   0.0269530101186  0.00361152231752 0.00601228988819  -0.178117152493 -0.0523076211808 0.00181335584555 7
38.125969 1 -0.00109957129573  0.00591466977466  0.00351250760928 -0.00311374881297   0.0269437892202  0.00363159608156 0.00601299134946    -0.1781337825 -0.0523141446859 0.00181335584555 7
38.178053 1 -0.00111455565329  0.00591319109593  0.00352396395846 -0.00312915416884   0.0269371320649  0.00364887944141 0.00601210644654  -0.178148342976 -0.0523190699293 0.00181335584555 7
38.230136 1 -0.00111740431664  0.00591169623151  0.00353550753252 -0.00314012800263   0.0269345024535  0.00366629513343 0.00601316234289  -0.178162586796 -0.0523254038382 0.00181335584555 7
38.28222 1 -0.00112968657847  0.00590641865038  0.00354444421771 -0.00315300676673   0.0269273668701  0.00367976853973 0.00601299259059  -0.178173974988 -0.0523291710808 0.00181335584555 7
38.334303 1 -0.0011399186294 0.00590678381128 0.00355061181853 -0.00316430458363   0.0269222512186  0.00368908425976 0.00601183198898  -0.178181667432 -0.0523324591699 0.00181335584555 7
38.386387 1 -0.0011498862164 0.00591452987542 0.00355910930703 -0.00317513679916   0.0269266139578  0.00370190358206  0.0060117114903  -0.178192493335 -0.0523361134922 0.00181335584555 7
38.438469 1 -0.00114894236703  0.00591029546091  0.00356663935041 -0.00317198023417   0.0269203773022  0.00371325923861 0.00601102781549  -0.178202491873 -0.0523380656258 0.00181335584555 7
38.490552 1 -0.00114879651873  0.00590735488858  0.00357674397719 -0.00317797199202   0.0269165986286  0.00372850309494 0.00601179105215  -0.178215122344 -0.0523432824706 0.00181335584555 7
38.542636 1 -0.00115376405005  0.00591232906571  0.00358266558187 -0.0031904847682  0.0269247115737 0.00373742559804 0.00601414894436  -0.178222194671 -0.0523473140422 0.00181335584555 7
38.594719 1 -0.00116811924255  0.00590310275359  0.00359072398442 -0.00320968030677   0.0269110825593  0.00374959048072 0.00601340791729  -0.178232008072 -0.0523525308358 0.00181335584555 7
38.646803 1 -0.00116914598342  0.00589045074218  0.00359445905122 -0.00321475373515    0.026897670231  0.00375522879032 0.00601325292257  -0.178236478586 -0.0523552324609 0.00181335584555 7
38.698886 1 -0.00116268491281  0.00589192133181  0.00360737162683 -0.00321052953527   0.0268992813323  0.00377469873381 0.00601418134842  -0.178253292563 -0.0523598100099 0.00181335584555 7
38.750969 1 -0.00117929680061  0.00588880174026  0.00361882234979 -0.00323232804755    0.026890575331  0.00379198147897 0.00601351294466  -0.178267504343 -0.0523664154743 0.00181335584555 7
38.803053 1 -0.00116627018954  0.00588818884334  0.00362941525924 -0.00322227714347   0.0268848914901  0.00380797964958 0.00601253360531   -0.17828119873 -0.0523707754613 0.00181335584555 7
38.855136 1 -0.00116218966324  0.00589011974689  0.00364603447521 -0.00322068018312    0.026886653594  0.00383303739384 0.00601361481103  -0.178302870249  -0.052376773253 0.00181335584555 7
38.907219 1 -0.00116738675189  0.00589409249172  0.00365859369524 -0.00323128242561   0.0268901582507  0.00385197638756 0.00601487903327  -0.178318820792 -0.0523827707611 0.00181335584555 7
38.959302 1  -0.001175666927 0.00589544613869 0.00366838192244 -0.00324532524526   0.0268931437616  0.00386672910942 0.00601666787966   -0.17833109641 -0.0523879427979 0.00181335584555 7
39.011386 1 -0.00117893048044  0.00589883900454  0.00367497919922 -0.00325203161235   0.0268954030584  0.00387668189273 0.00601716113361  -0.178339402764 -0.0523914126622 0.00181335584555 7
39.063469 1 -0.00118973329039  0.00588908895324  0.00368057968017 -0.00326670834472   0.0268846351256  0.00388512841571 0.00601719934289  -0.178346243335  -0.052395133033 0.00181335584555 7
39.115552 1 -0.00119170168809  0.00589153803848  0.00368617240436 -0.00326906844115   0.0268863566162   0.0038935613991 0.00601739647536  -0.178353557128 -0.0523972065373 0.00181335584555 7
39.167637 1 -0.00119801950735  0.00588099841893  0.00368678083248 -0.00327457590821   0.0268714235028  0.00389449166773 0.00601544590806  -0.178354249538 -0.0523979624815 0.00181335584555 7
39.219719 1 -0.00120583597046  0.00588306323147  0.00368891489707 -0.00328058466585   0.0268718945176  0.00389770864752 0.00601497641168  -0.178357122759  -0.052398522319 0.00181335584555 7
39.271802 1 -0.00121397079434  0.00588472089324  0.00369092868613 -0.00328580228857   0.0268744442121  0.00390073265063 0.00601523319827  -0.178359993668 -0.0523984441716 0.00181335584555 7
39.323886 1 -0.00121180808413  0.00588319180157  0.00369062256739 -0.00327707051115   0.0268712483011  0.00390026915788 0.00601384819029  -0.178360234986  -0.052396244172 0.00181335584555 7
39.375969 1 -0.00121328354051  0.00588872872066  0.00369265541421 -0.00327319347032   0.0268788088282  0.00390331695627 0.00601434606659  -0.178363501166 -0.0523949045458 0.00181335584555 7
39.428052 1 -0.00123125704867  0.00588341519682  0.00369444945797 -0.0032907192569   0.026875015863 0.00390600601194 0.00601487279874   -0.17836572443 -0.0523959645418 0.00181335584555 7
39.480135 1 -0.00123510233788  0.00587720173537  0.00370189666354 -0.00329169967228   0.0268667751038  0.00391723375453 0.00601399861487  -0.178375805966 -0.0523978772658 0.00181335584555 7
39.532219 1 -0.00124079709783   0.0058740786554  0.00370647317791 -0.00329658000895   0.0268636411012  0.00392412843962 0.00601406351158   -0.17838189584 -0.0523993741298 0.00181335584555 7
39.584302 1 -0.00124040541855  0.00588333460364  0.00371346029453 -0.00329746978835   0.0268714715578  0.00393466869547 0.00601443566588  -0.178391057621 -0.0524021454689 0.00181335584555 7
39.636385 1 -0.00122547685912  0.00588449407237   0.0037183244508 -0.00327592735123   0.0268717219776  0.00394200166813 0.00601354852572  -0.178398399107 -0.0524009135021 0.00181335584555 7
39.688469 1 -0.00120961887275  0.00588385397705  0.00371778101556 -0.00325832811175   0.0268711045482  0.00394118719821 0.00601315946567  -0.178398057574 -0.0523994803743 0.00181335584555 7
39.740552 1 -0.00121361946008  0.00589393310691  0.00372003424981 -0.00325636137306   0.0268798155472  0.00394457879535 0.00601261416086  -0.178401627151 -0.0523983327219 0.00181335584555 7
39.792635 1 -0.00122631326878  0.00589198458821  0.00371559018844 -0.00325805262577   0.0268771210076  0.00393786075939 0.00601098443084     -0.178396666 -0.0523936056341 0.00181335584555 7
39.844719 1 -0.00122546418995   0.0058942737072  0.00371238313174 -0.00324756713115   0.0268805549059  0.00393300816988 0.00601030620473  -0.178393440068 -0.0523889322463 0.00181335584555 7
39.896802 1 -0.00121779620399  0.00589295460674  0.00371192259929 -0.0032362072206  0.0268777389259 0.00393231803453 0.00600919741291  -0.178393283557  -0.052387311301 0.00181335584555 7
39.948886 1 -0.00121459177189   0.0058867917242  0.00370910613705 -0.00322349419245   0.0268731079552  0.00392805374117 0.00600831429832  -0.178390592579 -0.0523827275498 0.00181335584555 7
40.000968 1 -0.00120486301292   0.0058842445684  0.00370729798148 -0.00320512095177   0.0268702119693  0.00392532130935 0.00600696582623  -0.178389210699 -0.0523786722539 0.00181335584555 7
40.053052 1 -0.00121031548633  0.00588095430634   0.0037088980612 -0.0032052624603  0.0268693501539 0.00392771307872 0.00600731164732   -0.17839190811  -0.052377271388 0.00181335584555 7
40.105135 1 -0.00121145213721   0.0058873491434  0.00370229025297 -0.00319596338731   0.0268782981528   0.0039177267063 0.00600712969044  -0.178384216498 -0.0523709776158 0.00181335584555 7
40.157219 1 -0.00121207029155  0.00588579429167  0.00370109590862 -0.00318825047702   0.0268769769324  0.00391591288845 0.00600621329501  -0.178383514429 -0.0523675437677 0.00181335584555 7
40.209301 1 -0.00121434373579  0.00588148878836  0.00369732643287 -0.00317753176587   0.0268687101273  0.00391022642559 0.00600294545649  -0.178379755249 -0.0523620446745 0.00181335584555 7
40.261385 1 -0.00120688732137  0.00588394726855  0.00369121260217 -0.00316329758218    0.026873461887  0.00390099498545 0.00600283959533  -0.178372415719 -0.0523569207234 0.00181335584555 7
40.313468 1 -0.00121109687716  0.00588374354024  0.00368588749756 -0.00315805949233   0.0268735972495  0.00389295082257 0.00600172751839  -0.178366241863 -0.0523517518081 0.00181335584555 7
40.365552 1 -0.00120885354053   0.0058777980084  0.00368141347289 -0.00314665649377   0.0268676666542  0.00388619413496 0.00600024932001  -0.178361248725 -0.0523467849256 0.00181335584555 7
40.417635 1 -0.00120159054249  0.00587488521813  0.00367478356178 -0.00313292199107   0.0268634916387  0.00387619914836 0.00599852173304  -0.178353090009 -0.0523419765991 0.00181335584555 7
40.469719 1 -0.00119662434215  0.00587771612652  0.00367167033377 -0.00311990177022    0.026865786792  0.00387149900917 0.00599736710626  -0.178349853869 -0.0523376860891 0.00181335584555 7
40.521802 1 -0.00119949129083   0.0058778146981  0.00366405531617 -0.00311458503173   0.0268665759669  0.00386000422678 0.00599642199537  -0.178340454246  -0.052332070541 0.00181335584555 7
40.573885 1 -0.0011959452452 0.00587198512891 0.00366114076988 -0.00310261596254   0.0268603914863  0.00385560147881 0.00599494886005  -0.178337495451 -0.0523278206442 0.00181335584555 7
40.625968 1 -0.00118469830854  0.00586863237792  0.00365503610866 -0.00307929592044   0.0268575732376  0.00384638461608 0.00599330161666  -0.178330770245 -0.0523205820451 0.00181335584555 7
40.678051 1 -0.00118355397754  0.00586914909619   0.0036543378145 -0.00306941033231    0.026856352193  0.00384532667815 0.00599164214891   -0.17833081612 -0.0523170758052 0.00181335584555 7
40.730135 1 -0.00117929439683  0.00586152263454   0.0036532261114 -0.00305608617702   0.0268492203418  0.00384363734925 0.00599044071749  -0.178330418371 -0.0523129868865 0.00181335584555 7
40.782218 1 -0.00117558362487  0.00585724342586  0.00364702360709 -0.00304578280195    0.026844008875  0.00383428345949 0.00598881119275  -0.178322784323  -0.052308288858 0.00181335584555 7
40.834301 1 -0.0011773145298 0.00585590142643 0.00364616710924 -0.00303589837756   0.0268402567062   0.0038329841188 0.00598649271537  -0.178322915663 -0.0523037381352 0.00181335584555 7
40.88638 1 -0.00118796878507  0.00585547865566  0.00364354791801 -0.00303350918783   0.0268410400711  0.00382900703477 0.00598555740875  -0.178320780222 -0.0522979725524 0.00181335584555 7
40.938468 1 -0.0011934472148 0.00585462407389 0.00363611802086 -0.00302780720938   0.0268408078282  0.00381778589609 0.00598426512294  -0.178311923216 -0.0522911640277 0.00181335584555 7
40.990551 1 -0.00118772727472  0.00585501130211  0.00362778380274 -0.00300853745431    0.026843618388  0.00380519609633 0.00598337155211  -0.178302304093  -0.052282371069 0.00181335584555 7
41.042635 1 -0.00118746069453   0.0058498835021  0.00361540544631 -0.00299726825795   0.0268411924842  0.00378651026419 0.00598248113889  -0.178286771529  -0.052273494273 0.00181335584555 7
41.094718 1 -0.00118647993989  0.00584134019572  0.00360819548784 -0.00298652353607   0.0268345577964  0.00377562036131 0.00598149450143  -0.178278135834 -0.0522669184118 0.00181335584555 7
41.146801 1 -0.00118104523726   0.0058412660349  0.00360233791918 -0.00297062459018   0.0268326294246  0.00376678532575 0.00597922647111  -0.178271435978 -0.0522606031934 0.00181335584555 7
41.198884 1 -0.00119309374216  0.00583610967862  0.00358891063745 -0.00297427831421   0.0268288411678  0.00374652177341 0.00597811847757  -0.178253940351 -0.0522530023845 0.00181335584555 7
41.250968 1 -0.00119622519148  0.00583796016552  0.00358414020256 -0.00296403224426   0.0268307458957   0.0037393096684 0.00597658914372  -0.178249011031 -0.0522459490217 0.00181335584555 7
41.303051 1 -0.00120400097842  0.00583690346013  0.00357334824091 -0.00296040688084   0.0268274483756  0.00372303065209 0.00597387142675  -0.178235474941 -0.0522380988906 0.00181335584555 7
41.355129 1 -0.00119235000993  0.00583374680372  0.00357024585865 -0.00293961736566   0.0268222398582  0.00371835427956  0.0059715837325  -0.178232463601 -0.0522329649079 0.00181335584555 7
41.407218 1 -0.00120147521927  0.00582914401081  0.00356644941425 -0.0029393693177  0.0268170060614 0.00371261597552 0.00596999610449  -0.178228281584 -0.0522282143692 0.00181335584555 7
41.459301 1 -0.00120499464517  0.00582976254458  0.00355992063775 -0.00293278084462   0.0268171920668  0.00370275988943 0.00596845291321  -0.178220521674 -0.0522218848049 0.00181335584555 7
41.511384 1 -0.00121490587627  0.00582684489822  0.00355719127555 -0.00293424188928   0.0268127045485  0.00369863489355 0.00596668183949  -0.178217668144 -0.0522179674792 0.00181335584555 7
41.563468 1  -0.001215555965 0.00582568875458 0.00355622513154 -0.00292821901272   0.0268109304327  0.00369717085424 0.00596559694849  -0.178217167443 -0.0522148682137 0.00181335584555 7
41.615551 1 -0.00121815710142  0.00583163845055  0.00355671750029 -0.00292138151405    0.026818352201  0.00369789225952 0.00596557626263  -0.178219056103 -0.0522108599342 0.00181335584555 7
41.667634 1 -0.00121284096975  0.00583154800758   0.0035507845128 -0.00290627795583    0.026820034014  0.00368892997334 0.00596497072958  -0.178212230404 -0.0522041576013 0.00181335584555 7
41.719717 1 -0.00120593112882  0.00583552714417  0.00354554303863 -0.00289092087257   0.0268225135072  0.00368102596764 0.00596322403631   -0.17820615404 -0.0521984886921 0.00181335584555 7
41.771801 1 -0.00120272690277  0.00583223000555  0.00353710340785 -0.00287891593661   0.0268193875739  0.00366829201826 0.00596174637516  -0.178195666765 -0.0521916066772 0.00181335584555 7
41.823879 1 -0.00120645686821  0.00582430278091  0.00352909315304 -0.00287580181958   0.0268088631109  0.00365621590236 0.00595908437596  -0.178185362749 -0.0521863509741 0.00181335584555 7
41.875968 1 -0.00119914427841  0.00582774313911  0.00352541266068 -0.0028599481867  0.0268112825891 0.00365066298888 0.00595758884444  -0.178181475496 -0.0521810382402 0.00181335584555 7
41.92805 1 -0.00119446530363  0.00583326681145  0.00352490796916 -0.00284352863019    0.026815157512  0.00364989385418 0.00595574327836  -0.178182375623 -0.0521755239926 0.00181335584555 7
41.980134 1 -0.00118550695405  0.00583687413774  0.00351673583618 -0.00282783112608   0.0268177424335  0.00363757375297 0.00595418910849  -0.178172038503  -0.052169352354 0.00181335584555 7
42.032217 1 -0.00118507027011  0.00584356154233  0.00351419610905 -0.00282146180159   0.0268284778472  0.00363372092901 0.0059556323625 -0.178169389475 -0.052165287182 0.00181335584555 7
42.0843 1 -0.00119905723922  0.00584731435264  0.00350974860791 -0.00283026472121   0.0268335902385  0.00362699742946 0.00595580146032  -0.178163743399 -0.0521618165271 0.00181335584555 7
42.136384 1 -0.00118711517539  0.00584517088441  0.00350813796435 -0.00280994469446   0.0268340980759  0.00362455211372 0.00595587006942  -0.178162840506  -0.052156649403 0.00181335584555 7
42.188467 1 -0.00118244220986  0.00584914601833  0.00349560002141 -0.00279692391748   0.0268384597957   0.0036056411923 0.00595464813829  -0.178146573187 -0.0521482121686 0.00181335584555 7
42.24055 1 -0.00117975577823  0.00584844892364  0.00348788775287 -0.00278635780085   0.0268366648618  0.00359400990396 0.00595281652489   -0.17813690963 -0.0521419052357 0.00181335584555 7
42.292628 1 -0.00117501377005  0.00584678188734  0.00348051599433 -0.00277161650457   0.0268321832973  0.00358289655957 0.00594987704164  -0.178128005662 -0.0521348099883 0.00181335584555 7
42.344717 1 -0.00117052682429  0.00585197800512  0.00347497488539 -0.00275792211467   0.0268377772093  0.00357453114268 0.00594899405058  -0.178121606218 -0.0521283102201 0.00181335584555 7
42.396801 1 -0.00115754220997  0.00572808045124  0.00347242187225 -0.00273689238397   0.0265782429784  0.00357121496163 0.00587572662171   -0.17811688255  -0.052138453531 0.00181335584555 7
42.448884 1 -0.00119144276719  0.00582197243002  0.00347457751045 -0.00276748928698   0.0267642316524  0.00357407861891 0.00592549383628  -0.178121591356  -0.052128518888 0.00181335584555 7
42.500967 1 -0.00117837870631  0.00583950718671  0.00347080732783 -0.00273325847436   0.0267997783142   0.0035682992003 0.00593265671266  -0.178119761777 -0.0521146023813 0.00181335584555 7
42.55305 1 -0.00117370935811  0.00591665135322  0.00346053236699 -0.00271323799511   0.0269835551733   0.0035523667823 0.00598707920256  -0.178109471843 -0.0520915093105 0.00181335584555 7
42.605133 1 -0.00114302266911   0.0058841261937  0.00348111836325 -0.00270610862996   0.0269194613882  0.00358357188251 0.00597308985862  -0.178134851025 -0.0521123955119 0.00181335584555 7
42.657217 1 -0.00120832392856  0.00587502994586  0.00348893215682 -0.00280103745755   0.0269089219156  0.00359536895245 0.00597615864574  -0.178140693861 -0.0521324697674 0.00181335584555 7
42.7093 1 -0.00122562848795  0.00586077851635  0.00347223839525 -0.00280487579258   0.0268633975984  0.00357030176959 0.00595751913826  -0.178118380343 -0.0521242482861 0.00181335584555 7
42.761385 1 -0.00118801574315  0.00585371451038  0.00347213258333 -0.00275674353368   0.0268587820021  0.00357013425727 0.00595694314267  -0.178120285535 -0.0521172618166 0.00181335584555 7
42.813467 1 -0.00117690728614  0.00584486038405  0.00347426339486 -0.00273056300973   0.0268452481206  0.00357334758048 0.00595253455833  -0.178125542204 -0.0521106942295 0.00181335584555 7
42.86555 1 -0.0011717162528 0.00584424660798 0.00349679120802 -0.0027279023672  0.0268466817231 0.00360730348371 0.00595497427739  -0.178157057732 -0.0521194279374 0.00181335584555 7
42.917633 0 -0.00129717920981  0.00724582443374   0.0036542323764 -0.00323935329091    0.027043215924  0.00325115643182 0.00595497427739  -0.178157057732 -0.0521194279374 0.00181335584555 8
42.969717 1 -0.00126711137892  0.00724498062682  0.00368217207308 -0.00321250837193   0.0270466791813   0.0032920956051 0.00595835889494  -0.178194159079 -0.0521265106204 0.00181335584555 8
43.0218 1 -0.00128554833047  0.00725189970907  0.00367924581573 -0.00324762244837   0.0270500161041  0.00328782184641 0.00595836462932  -0.178187952486 -0.0521337231385 0.00181335584555 8
43.073884 1 -0.00130136882453   0.0072500585987   0.0037031258219 -0.0032854041741  0.0270439624416 0.00332283323406 0.00595953938296  -0.178216582285 -0.0521507437328 0.00181335584555 8
43.125966 1 -0.00130843767429  0.00725525176667  0.00371057481736 -0.00329575787914   0.0270574893797  0.00333372200712 0.00596420465177  -0.178225967314 -0.0521540983849 0.00181335584555 8
43.17805 1 -0.00131484492546  0.00726309760444  0.00372457603584 -0.00331422369199   0.0270797371771  0.00335419916958 0.00597260467134  -0.178243046113 -0.0521624653606 0.00181335584555 8
43.230132 1 -0.00130333792365  0.00725877454527  0.00372565679366 -0.00330421235759   0.0270714429743  0.00335580036443 0.00597061806468   -0.17824450165 -0.0521629206629 0.00181335584555 8
43.282217 1 -0.00132798713725  0.00726190812982  0.00373039206226 -0.00335024677691   0.0270696482642  0.00336275792898 0.00597061351438  -0.178247673535 -0.0521750363255 0.00181335584555 8
43.3343 1 -0.00134545149902  0.00726619321029  0.00374766086139 -0.00337109891337   0.0270736177062  0.00338805687281 0.00597232961826  -0.178269861924 -0.0521825147541 0.00181335584555 8
43.386383 1 -0.00133619799961  0.00726733862371  0.00374819942295 -0.00337098968235   0.0270720443112  0.00338886349552 0.00597169054948  -0.178269625687 -0.0521860533115 0.00181335584555 8
43.438466 1 -0.00135311375135  0.00726743356184  0.00375196467231 -0.00339365156252   0.0270789038199  0.00339435802855 0.00597546913201  -0.178273623857  -0.052190273517 0.00181335584555 8
43.49055 1 -0.00135981898442  0.00726785553958   0.0037616897524 -0.00340969791004   0.0270721931249  0.00340863234496 0.00597364007897  -0.178285251554 -0.0521979059813 0.00181335584555 8
43.542633 1 -0.00136967041736  0.00726115889845  0.00376055019502 -0.00341492958888   0.0270584001096  0.00340697771041 0.00596980447817  -0.178284058579 -0.0521967849134 0.00181335584555 8
43.594716 1 -0.0013724670823  0.0072618436656 0.00377462322928 -0.00341750937157   0.0270653172382  0.00342757835425 0.00597357764287  -0.178302850521 -0.0522005579236 0.00181335584555 8
43.6468 1 -0.00136488472921  0.00726554000377   0.0038012752432 -0.00342743126576   0.0270636694501  0.00346665977177 0.00597415408661  -0.178336389527 -0.0522155897949 0.00181335584555 8
43.69888 1 -0.00136053977138  0.00726764789376  0.00379667853658 -0.00343182758259   0.0270723696326  0.00345991227269 0.00597743562422  -0.178329256452 -0.0522173328996 0.00181335584555 8
43.750966 1 -0.00135286052181  0.00726386711567  0.00382765585908 -0.00343427110241   0.0270590620908  0.00350533974865 0.00597541418936  -0.178369542616 -0.0522308462364 0.00181335584555 8
43.803049 1 -0.00136518293086  0.00727034737593   0.0038493857072 -0.00347404209678   0.0270755721698  0.00353716245901 0.00598366943755  -0.178394961204 -0.0522492995069 0.00181335584555 8
43.855132 1 -0.00138504877506  0.00727490442252   0.0038686619702 -0.00349695684964   0.0270749410156  0.00356541601476 0.00598332403747  -0.178420009833 -0.0522578218631 0.00181335584555 8
43.907216 0 -0.00152616363898  0.00871007370463   0.0040550252755 -0.00184766684899   0.0268377704014  0.00283266529506 0.00598332403747  -0.178420009833 -0.0522578218631 0.00181335584555 9
43.959299 1 -0.00153012108449  0.00871376504846  0.00406032366878 -0.00185988760464   0.0268356289668  0.00284023582387 0.00598201665754  -0.178425727205 -0.0522624806921 0.00181335584555 9
44.011383 1 -0.0015391343145 0.00870447114146  0.0040784497055 -0.00189094764427   0.0268235767311  0.00286610013572 0.00598184745239  -0.178445973677 -0.0522757253301 0.00181335584555 9
44.063466 1 -0.00151744905856  0.00870255414548  0.00407886951789 -0.00187830003642   0.0268132305591  0.00286673215093 0.00597852785547  -0.178446116623 -0.0522775270475 0.00181335584555 9
44.11555 1 -0.00154070007968  0.00869980503529  0.00410307350012 -0.00192612902604   0.0268208841993  0.00290123105451 0.00598438477057  -0.178473367654 -0.0522940799503 0.00181335584555 9
44.167629 1 -0.00153920342207   0.0086997683232  0.00411600134216 -0.0019404803037  0.0268253874778 0.00291966669875 0.00598717054708  -0.178487983229 -0.0523028329387 0.00181335584555 9
44.219716 1 -0.00154613275371  0.00870683855867  0.00411934941957 -0.00194918729426   0.0268269735955  0.00292444778666 0.00598601306783  -0.178491864912 -0.0523049419109 0.00181335584555 9
44.271799 1 -0.00154207605495  0.00871372811808  0.00415140104623 -0.00197803290976   0.0268340802179  0.00297016731263 0.00598923084775   -0.17852888164 -0.0523245792009 0.00181335584555 9
44.323882 1 -0.00156893357882  0.00871228847505  0.00417420317173 -0.00202187998383   0.0268274499189  0.00300268820327 0.00598913261683  -0.178555199348  -0.052338878538 0.00181335584555 9
44.375965 1 -0.00156828302977  0.00870476919117   0.0041801790607 -0.00202480704195   0.0268109992199  0.00301122850159 0.00598548698543  -0.178562406445 -0.0523419431496 0.00181335584555 9
44.428049 1 -0.00157187477028  0.00871628937794  0.00421400113524 -0.00204487933462   0.0268307039442  0.00305943382781 0.00599204306032  -0.178603266679 -0.0523565744972 0.00181335584555 9
44.480132 1 -0.00159123858562  0.00871271604572  0.00422500377874 -0.00207727547986   0.0268324422639  0.00307511515465 0.00599493241428  -0.178615275641 -0.0523657259992 0.00181335584555 9
44.532215 1 -0.0015966298418 0.00871682739626 0.00425119461158 -0.00210267590812   0.0268322471526  0.00311247302235 0.00599565050893  -0.178646158241 -0.0523803412819 0.00181335584555 9
44.584299 1 -0.00159620466383  0.00871165473296  0.00424771661562 -0.00210719300533   0.0268262475363  0.00310752441295 0.00599476502954  -0.178641219784 -0.0523813644492 0.00181335584555 9
44.636383 1 -0.00160366474552  0.00870833369125  0.00426850519666 -0.00213487130466   0.0268173882236  0.00313718608454 0.00599403869676   -0.17866521631 -0.0523950673714 0.00181335584555 9
44.688466 1 -0.00159912692787   0.0087031711921  0.00425792352617 -0.00213386984513   0.0268224560434  0.00312209111717  0.0059970267291  -0.178651451392 -0.0523931711643 0.00181335584555 9
44.740548 1 -0.0015869041137 0.00870505113843 0.00428198561651 -0.00215173351759   0.0268234519751  0.00315642579558 0.00599877319666  -0.178679012764 -0.0524097929136 0.00181335584555 9
44.792632 1 -0.00160234985492  0.00871011761661  0.00428898987196 -0.00217514364106   0.0268388150466  0.00316639239189 0.00600409404303  -0.178686603288 -0.0524156593989 0.00181335584555 9
44.844715 1 -0.00160073262486  0.00870506767028  0.00431090020083 -0.00219270543225   0.0268205578496   0.0031976695832 0.00600003233877  -0.178712457829 -0.0524288969056 0.00181335584555 9
44.896799 1 -0.00159765493012   0.0086976621094  0.00431788089041 -0.00220590143235    0.026803016365  0.00320765968091 0.00599599836383  -0.178719644074 -0.0524370621182 0.00181335584555 9
44.948882 1 -0.00160269115261  0.00869187193182  0.00434767317883 -0.00222492769625   0.0268038402147  0.00325012464496 0.00600032313186  -0.178755913638 -0.0524505167699 0.00181335584555 9
45.000965 1 -0.00159799553253  0.00868820966078  0.00436713638817 -0.0022366969379  0.0267972520877 0.00327789167123 0.00600026416855  -0.178779037957 -0.0524616712363 0.00181335584555 9
45.053048 1 -0.00159769068434  0.00868678555705  0.00439012417802 -0.00225016342755   0.0267881262731  0.00331068654013 0.00599864237702  -0.178806900008 -0.0524731846539 0.00181335584555 9
45.105126 1 -0.0015991675681 0.00869883334687 0.00440972839233 -0.00225229447866   0.0268863487221  0.00333845912728 0.00603654785751  -0.178831491517 -0.0524764234311 0.00181335584555 9
45.157215 1 -0.00157660900736  0.00869436559415  0.00440275299582 -0.00223867687567   0.0268261016639  0.00332864304612  0.0060124812139  -0.178822375776 -0.0524775745859 0.00181335584555 9
45.209299 1 -0.00158019410409  0.00866858342578  0.00441876216913 -0.00224166418997   0.0267301851944  0.00335159923007 0.00598187713558  -0.178843200256 -0.0524837379019 0.00181335584555 9
45.261382 1 -0.00157922766001  0.00869236282231  0.00441494628432 -0.00227492938631   0.0267432464806  0.00334621653741 0.00597997397476  -0.178834378797 -0.0524965090763 0.00181335584555 9
45.313465 1  -0.001635293646 0.00867924930958 0.00446481214091 -0.00234598133407   0.0267433855145  0.00341726601162 0.00598833585707  -0.178895167849 -0.0525201941717 0.00181335584555 9
45.365548 1 -0.00163239396238  0.00867939329306  0.00447514946884  -0.002353972296  0.0267630834429 0.00343197519593 0.00599747276534  -0.178907140426 -0.0525266493394 0.00181335584555 9
45.417631 1 -0.00164428609418  0.00868836143569  0.00451228336794 -0.00239696569616   0.0268070369642  0.00348486393262 0.00601624224637  -0.178950765068 -0.0525491867087 0.00181335584555 9
45.469715 1 -0.00162974219181  0.00868606611792  0.00449542038729 -0.00236751198166   0.0268222415581  0.00346078351353 0.00602204935396  -0.178931098566 -0.0525370042322 0.00181335584555 9
45.521798 1  -0.001639905392 0.00867650828228 0.00449950870403 -0.00237512726047   0.0268094574552  0.00346661249527 0.00602009123018  -0.178936432633 -0.0525380566021 0.00181335584555 9
45.573877 1 -0.00165276842426  0.00866185467247  0.00452115960033 -0.00240105448315   0.0267744220501  0.00349752418766 0.00601164108848  -0.178962587785 -0.0525508842838 0.00181335584555 9
45.625964 1 -0.00164844935893  0.00865547372634  0.00453622752879 -0.00240981157197   0.0267444608271  0.00351906319739 0.0060019202257 -0.178980719922 -0.052560529526 0.00181335584555 9
45.678048 1 -0.00165745602011  0.00865914152971  0.00453152096325 -0.00241101041419   0.0267334911512  0.00351237091763 0.00599549710635  -0.178975423961 -0.0525571201284 0.00181335584555 9
45.730131 1 -0.00164385463836  0.00865126549678  0.00452654129882 -0.00238957486121   0.0267304960465  0.00350526082165 0.00599631221229  -0.178970251302 -0.0525513095795 0.00181335584555 9
45.782214 1 -0.00164700769384  0.00864846701909  0.00453545319401 -0.00240641246244   0.0267389394302  0.00351795637767 0.00600189166342   -0.17897996433 -0.0525595372308 0.00181335584555 9
45.834298 1 -0.00164243127425  0.00865922292909  0.00454343377166 -0.00240866556887   0.0267640510717  0.00352931028933 0.00600985930365  -0.178989516346 -0.0525637078951 0.00181335584555 9
45.886381 1 -0.00164516804526  0.00866785721713  0.00453831669507 -0.00240271777506   0.0267889608949  0.00352197308904 0.00601748236001  -0.178983789352 -0.0525583896106 0.00181335584555 9
45.938465 1 -0.00165882998905  0.00866778585621  0.00453310085655 -0.00240882253454   0.0267900750261  0.00351452393904  0.0060176794388  -0.178977589023 -0.0525549155813 0.00181335584555 9
45.990547 1 -0.00165988782732   0.0086555132985  0.00454355853567 -0.00241778175512   0.0267628507306  0.00352946899131 0.00601058446211  -0.178990265726 -0.0525616763324 0.00181335584555 9
46.042632 1 -0.00166083795941  0.00865599758206  0.00454842756583 -0.0024188620013  0.0267450195908 0.00353644377162 0.00600261612635  -0.178996683045 -0.0525635151221 0.00181335584555 9
46.094714 1 -0.00165923392479  0.00865727192561  0.00454294309552 -0.00240925631533   0.0267369632319  0.00352863597245 0.00599795621114  -0.178990644157 -0.0525586232741 0.00181335584555 9
46.146798 1 -0.00167085949123  0.00865294502134  0.00455029503641 -0.00241796984612   0.0267331791479  0.00353910739799 0.00599831797729  -0.179000291211 -0.0525603918864 0.00181335584555 9
46.19888 1 -0.00167792991639  0.00865138017557  0.00456567032973 -0.00243186313477   0.0267366343869  0.00356101767956 0.00600165273036  -0.179019280186 -0.0525680620304 0.00181335584555 9
46.250964 1 -0.00167169699221  0.00864668445502  0.00456421982841 -0.00242400926173   0.0267494065498  0.00355891753488 0.00600912472774  -0.179017648025 -0.0525660318916 0.00181335584555 9
46.303047 1 -0.00167870498594  0.00864873624913  0.00456077434045 -0.00242353023887   0.0267648908475  0.00355396968369 0.00601529785675  -0.179013832369 -0.0525620603536 0.00181335584555 9
46.355131 1 -0.00169211201616  0.00864644446285  0.00456459415581 -0.00243842920858   0.0267607868998  0.00355941553847 0.00601463947209  -0.179018292533 -0.0525650354688 0.00181335584555 9
46.407215 1 -0.00168632093712  0.00864294803943  0.00457222084899 -0.0024329190112  0.0267493285193 0.00357030373022 0.00601096391088  -0.179028476173 -0.0525668841533 0.00181335584555 9
46.459298 1 -0.00167975330185  0.00863413181848  0.00456889051531 -0.00242300593192   0.0267293081365  0.00356557860038 0.00600446159151   -0.17902479443 -0.0525642232113 0.00181335584555 9
46.511379 1 -0.00167802931758  0.00863799496394   0.0045619736268 -0.00241578734018   0.0267251300853  0.00355572915429  0.0060004452212  -0.179016527097 -0.0525598549384 0.00181335584555 9
46.563464 1 -0.00168875732784  0.00863089050037  0.00456384448799 -0.00242562142436   0.0267171980101  0.00355839438923 0.00599957926843  -0.179018807417 -0.0525610626093 0.00181335584555 9
46.615547 1 -0.00169415019017  0.00862745110776  0.00456350145866 -0.00243061975478   0.0267205129191  0.00355789107157 0.00600252964373  -0.179018203467 -0.0525611946754 0.00181335584555 9
46.667631 1 -0.00169911253366    0.008627029749  0.00455884940725 -0.00242841554961   0.0267306191947  0.00355123064654 0.00600720315381  -0.179012819639 -0.0525568394757 0.00181335584555 9
46.719714 1 -0.00169347680174  0.00862536586039  0.00455801728185 -0.00242254677676   0.0267383530373  0.00355002823987 0.0060114936773 -0.179011847147  -0.05255576451 0.00181335584555 9
46.771797 1 -0.00169673146384  0.00862278345347   0.0045625020267 -0.00242355798214   0.0267398952533  0.00355640912657 0.00601352374482  -0.179017965222  -0.052556135061 0.00181335584555 9
46.823881 1 -0.00170166629198  0.00862215498263  0.00456189434234 -0.00242731063945   0.0267342076396  0.00355555004649  0.0060109670197  -0.179017220866 -0.0525560010457 0.00181335584555 9
46.875964 1 -0.00169400557704  0.00861888218404  0.00456108977897 -0.00241423643704   0.0267249563374  0.00355441156065 0.00600744697494  -0.179017160322 -0.0525526589002 0.00181335584555 9
46.928047 1 -0.00169711557621  0.00862015555576  0.00455720182796 -0.00241302560103   0.0267206749634  0.00354887475466 0.00600451846497  -0.179012553516 -0.0525499651473 0.00181335584555 9
46.980128 1 -0.00170218699216  0.00861843504349  0.00455661516451 -0.00241683175682   0.0267160008006  0.00354804165943 0.00600286731214  -0.179011826574 -0.0525497751429 0.00181335584555 9
47.032213 1 -0.00169759192085  0.00862026021307  0.00455111557696 -0.00240597199965   0.0267203630687  0.00354019217782  0.0060038009439  -0.179005507571 -0.0525447450112 0.00181335584555 9
47.084297 1 -0.00171114242408  0.00861971303531  0.00455035899617 -0.00241025827393   0.0267288807621  0.00353908167154 0.00600823041057  -0.179005345207 -0.0525411453892 0.00181335584555 9
47.13638 1 -0.00170263282225  0.00861880475951  0.00454598318738 -0.00239870138029   0.0267335373978  0.00353283347176 0.00601053431986  -0.179000149002 -0.0525375388835 0.00181335584555 9
47.188464 1 -0.00170377823276  0.00861866579682  0.00454927024684 -0.00239612903634   0.0267359576916  0.00353750885053 0.00601196618032  -0.179005004343 -0.0525366662319 0.00181335584555 9
47.240547 1 -0.00171198333218  0.00862307327479  0.00455640472279  -0.002398338601  0.0267342932875 0.00354767880313 0.00600970779965  -0.179015194212 -0.0525365325085 0.00181335584555 9
47.29263 1 -0.00171171680513  0.00862516118482  0.00455933318335 -0.00239310692774   0.0267298790478  0.00355185911547 0.00600664754044  -0.179019877777 -0.0525349753648 0.00181335584555 9
47.344713 1 -0.00171919628334  0.00863123518258  0.00457006642405 -0.00240047014667   0.0267304909747  0.00356716378442 0.00600518183385  -0.179034073606  -0.052538634606 0.00181335584555 9
47.396797 1 -0.00171613908642   0.0086335695024  0.00458417244388 -0.00240069361643   0.0267290427269  0.00358728016682 0.00600436600566  -0.179052594827 -0.0525439053924 0.00181335584555 9
47.448877 1 -0.00172163020783  0.00863797381102  0.00458763005065 -0.00240884329161   0.0267335416833   0.0035922085582  0.0060051934926  -0.179056677115 -0.0525466849946 0.00181335584555 9
47.500963 1 -0.00171755495574   0.0086353908641  0.00459206545697 -0.00241300626626   0.0267348385694  0.00359853395808 0.00600737223822  -0.179061505498 -0.0525516033085 0.00181335584555 9
47.553047 1 -0.00171626079398  0.00863425235257  0.00460321160596 -0.00241742724508   0.0267379341394  0.00361441920663 0.00601029313624  -0.179075633042 -0.0525573453754 0.00181335584555 9
47.60513 1 -0.00171516943485  0.00863006393273  0.00460441712852 -0.00242057963628   0.0267349695424  0.00361614106231 0.00601066362419  -0.179076651512 -0.0525597350621 0.00181335584555 9
47.657213 1 -0.00171213878976  0.00863296853888  0.00459831781726 -0.00241705066528   0.0267367741276  0.00360744979173  0.0060099467054  -0.179068624975 -0.0525574747228 0.00181335584555 9
47.709297 1 -0.00172640659093   0.0086298692357  0.00459877954097 -0.00243140844623   0.0267278528572   0.0036081154926 0.00600668958114  -0.179068865585 -0.0525592172735 0.00181335584555 9
47.76138 1 -0.00173716558769  0.00862610293311  0.00460112294145 -0.00244194228364   0.0267190074405  0.00361146248278  0.0060038215702  -0.179071785455 -0.0525609691289 0.00181335584555 9
47.813463 1 -0.00175256454187  0.00861995851652  0.00460067310836 -0.00245410774053    0.026708624188  0.00361082237084 0.00600096331341  -0.179071242021 -0.0525608717033 0.00181335584555 9
47.865546 1 -0.00176558226844  0.00862259148888  0.00459998897988 -0.00246015028025   0.0267096012199  0.00360983801348  0.0060002912101  -0.179071000181 -0.0525583518802 0.00181335584555 9
47.917625 1 -0.00177258298221  0.00862446023115  0.00459927673669 -0.00246551795263   0.0267134673651  0.00360881465486 0.00600157684691  -0.179070059951 -0.0525579272684 0.00181335584555 9
47.969713 1 -0.00177235097947  0.00862915730092  0.00460207239724 -0.00246678596992   0.0267217214418  0.00361279321606 0.00600422732843  -0.179073592795 -0.0525593305191 0.00181335584555 9
48.021796 1 -0.00178391740541  0.00863213937479  0.00460931047016 -0.00247616957144   0.0267265420878  0.00362309923525 0.00600609296206  -0.179083375053 -0.0525612701828 0.00181335584555 9
48.073879 1 -0.0017917417421 0.00862842769394 0.00461347580461 -0.00248470326865   0.0267224017253  0.00362903595342 0.00600582783066  -0.179088683723 -0.0525636506466 0.00181335584555 9
48.125963 1 -0.00179803022387    0.008627317651  0.00461513292792 -0.00249198187246    0.026717816093  0.00363140397002 0.00600396303684  -0.179090621193 -0.0525653788657 0.00181335584555 9
48.178046 1 -0.00180374179504  0.00862482142163  0.00461421668259 -0.0024947965643  0.0267127053405 0.00363009854479 0.00600217683344   -0.17908967928 -0.0525642305313 0.00181335584555 9
48.23013 1 -0.00180093828246  0.00862407613869  0.00461811077056 -0.00249167232668   0.0267132009835  0.00363564689891 0.00600300878732  -0.179095097802 -0.0525648548217 0.00181335584555 9
48.282213 1 -0.00180020297227  0.00862575752589  0.00462284584977 -0.00248826520319   0.0267152205163  0.00364239179763 0.00600361591859  -0.179101988305 -0.0525646281619 0.00181335584555 9
48.334296 1 -0.00179941828058  0.00863015095896  0.00462514036924 -0.00248783974061   0.0267227810722    0.003645655764 0.0060060320127 -0.179105056146 -0.052565259316 0.00181335584555 9
48.386379 1 -0.00180884230718  0.00863627232908   0.0046268301107 -0.00249543639794   0.0267320155029  0.00364805194312 0.00600864162929  -0.179107333388 -0.0525655657909 0.00181335584555 9
48.438463 1 -0.0018054124778 0.00863945629175 0.00462371220184 -0.00248504796089   0.0267374529296  0.00364359611263 0.00600990171019  -0.179104272837 -0.0525603928357 0.00181335584555 9
48.490546 1 -0.00180557876529  0.00863899494651  0.00462464922068 -0.00248276362483   0.0267357090772  0.00364493129987 0.00600912126212  -0.179105956183 -0.0525593496017 0.00181335584555 9
48.542629 1 -0.00180707044069  0.00863807092963  0.00462586688596 -0.00248201446095   0.0267314057273  0.00364667044455 0.00600710294369   -0.17910797694  -0.052558675561 0.00181335584555 9
48.594713 1 -0.00180316850502  0.00863657766286  0.00462790275967 -0.00247308576321   0.0267274036904  0.00364957261988  0.0060054600193  -0.179111728901 -0.0525561079075 0.00181335584555 9
48.646796 1 -0.00180893659635  0.00863241914944  0.00462786463846 -0.00247538019052   0.0267231074921  0.00364951360979 0.00600491819609   -0.17911206784 -0.0525547833156 0.00181335584555 9
48.698879 1 -0.00181198159411  0.00863055823064  0.00462762084988 -0.00247303175405    0.026723367268  0.00364915527361 0.00600587584962  -0.179112501799 -0.0525519473332 0.00181335584555 9
48.750963 1 -0.0018107565783 0.00862653701975 0.00462858142716 -0.0024656413451  0.0267220918343 0.00365051311795 0.00600699130171   -0.17911484427 -0.0525485797717 0.00181335584555 9
48.803046 1 -0.00180855223328  0.00862391869198  0.00462338717861 -0.00245960452574   0.0267198565748  0.00364310595973 0.00600650135215  -0.179108392595 -0.0525447021301 0.00181335584555 9
48.855124 1 -0.00180856230474  0.00862551612048  0.00462139367185 -0.00245695317607   0.0267240386523  0.00364025630296 0.00600804329242  -0.179106062509 -0.0525425223584 0.00181335584555 9
48.907213 1 -0.00179935018117  0.00862525420218  0.00462063783348 -0.00244503416784   0.0267239607929  0.00363917838898 0.00600792183238  -0.179105759829 -0.0525397713203 0.00181335584555 9
48.959296 1 -0.00181033012067  0.00862598995777   0.0046223787503 -0.00245370853448   0.0267261449079  0.00364165072586 0.00600906184976  -0.179108193795 -0.0525400385451 0.00181335584555 9
49.011379 1 -0.00180973042252  0.00861955663055  0.00462342516061 -0.00244950191444    0.026717269745  0.00364314413895  0.0060068542138  -0.179110293425 -0.0525383057438 0.00181335584555 9
49.063462 1 -0.00181193220937  0.00861704768846  0.00462151934356 -0.00245007285497    0.026711193975  0.00364043270124 0.00600426716033  -0.179107895612 -0.0525371712482 0.00181335584555 9
49.115545 1 -0.00181134085304  0.00861911001417  0.00462435009182 -0.00245219260931   0.0267134181786   0.0036444698734 0.00600482659178  -0.179111368064 -0.0525395032157 0.00181335584555 9
49.167629 1 -0.00181228781953  0.00862124178525  0.00462670073554 -0.00245744981503   0.0267145894345  0.00364782626261  0.0060047177904  -0.179113874478 -0.0525428129353 0.00181335584555 9
49.219712 1 -0.00181529055524  0.00862868304363  0.00462465755796 -0.00245756919991   0.0267235221144  0.00364490561641  0.0060063155981    -0.1791114231 -0.0525407100818 0.00181335584555 9
49.271796 1 -0.0018162640567 0.00862397655577 0.00462143203363 -0.00245726709692   0.0267227300218  0.00364029999366 0.00600800740704   -0.17910708646 -0.0525390809102 0.00181335584555 9
49.323877 1 -0.00182106004081    0.008624294362  0.00462269779156 -0.00245865536718    0.026723149893  0.00364209837883 0.00600816967395  -0.179109288955 -0.0525378989038 0.00181335584555 9
49.375962 1 -0.00181305591706  0.00861789813673  0.00462449012346 -0.00244742308758   0.0267180518968  0.00364465036495 0.00600822945265  -0.179112594204 -0.0525356395673 0.00181335584555 9
49.428045 1 -0.00180854318493  0.00861574346443  0.00462361558578 -0.00244006498466   0.0267160453316  0.00364340213056 0.00600791647109  -0.179112019833 -0.0525331885354 0.00181335584555 9
49.480129 1 -0.00178587091602  0.00860809056875  0.00461818504384 -0.00241631570033   0.0267094917345  0.00363566717591 0.00600713349301  -0.179105347234 -0.0525285658541 0.00181335584555 9
49.532212 1 -0.00177521776499  0.00860680229853  0.00462160340665 -0.00240226690205   0.0267086946224  0.00364053786086 0.00600733656588  -0.179111064601 -0.0525263257148 0.00181335584555 9
49.584296 1 -0.00178333827046   0.0086039532645  0.00462266848388 -0.00240505047512   0.0267065846209  0.00364204638509 0.00600753380984  -0.179113237173 -0.0525242401482 0.00181335584555 9
49.636379 1 -0.00178967535532  0.00860118432027  0.00462414342578 -0.00240686196201   0.0267057095683  0.00364413832074 0.00600851153846  -0.179115884795 -0.0525225505125 0.00181335584555 9
49.688462 1 -0.00179854348156  0.00859936809898  0.00462465563376 -0.00241168494159   0.0267046305825  0.00364485993932 0.00600882860007  -0.179117032913 -0.0525211621325 0.00181335584555 9
49.740545 1 -0.00180255014828  0.00859854329554  0.00461786866983 -0.00240658728024   0.0267012820109  0.00363518003485 0.00600650910412    -0.1791090555 -0.0525140037488 0.00181335584555 9
49.792632 1 -0.00179862903855  0.00859683201835  0.00461453235364 -0.00240011438825   0.0266998912396  0.00363042286107 0.00600621203109  -0.179104957368 -0.0525110059652 0.00181335584555 9
49.844712 1 -0.00180085383237  0.00860033250532  0.00462046466271 -0.00240027246537   0.0267020532611  0.00363887684933 0.00600610355439  -0.179113611196 -0.0525117111923 0.00181335584555 9
49.896795 1 -0.00179937391308  0.00859787813116  0.00461881274511 -0.00239455561487   0.0266982329256  0.00363652108726 0.00600470571211  -0.179112133943 -0.0525084221939 0.00181335584555 9
49.948879 1 -0.0018097580074 0.00860531120732 0.00461679990227 -0.0024010055311  0.0267046298519 0.00363364511121  0.0060047811649  -0.179109691858 -0.0525064198644 0.00181335584555 9
50.000962 1 -0.00178184370673  0.00860741083996   0.0046115151365 -0.00236782100385     0.02670832858   0.0036261117687 0.00600533854831  -0.179104122069 -0.0524983048796 0.00181335584555 9
50.053045 1 -0.00177581564489  0.00860587949226  0.00460888639423 -0.00235586880823   0.0267063256592  0.00362236130719 0.00600448623142  -0.179101721053 -0.0524930701629 0.00181335584555 9
50.105128 1 -0.00177475713009  0.00860871138639  0.00461153968751 -0.00235295216114   0.0267093226297  0.00362614024016 0.00600505020766  -0.179105856551 -0.0524924866386 0.00181335584555 9
50.157212 1 -0.00176941444013  0.00861060923243  0.00461328591609 -0.00234697507857   0.0267102565012   0.0036286314607  0.0060046632128  -0.179108635449 -0.0524920015695 0.00181335584555 9
50.209295 1 -0.0017828168891 0.00861270476312 0.00461131052026 -0.00235728459038   0.0267129340229  0.00362580681725  0.0060052575356  -0.179105969801 -0.0524908516854 0.00181335584555 9
50.261378 1 -0.00179121217301  0.00861412103753  0.00461438650797 -0.00236375739704   0.0267135593578  0.00363018742541 0.00600513713219  -0.179110420962 -0.0524914728665 0.00181335584555 9
50.313461 1 -0.00179400144082  0.00861305828333  0.00461475832671 -0.00236411428538   0.0267110923181  0.00363071664174 0.00600405196613  -0.179111335717 -0.0524903498789 0.00181335584555 9
50.365545 1 -0.00180026472838  0.00860912750315  0.00461939724148 -0.00236953142526   0.0267073136558  0.00363732593233 0.00600404379576  -0.179117879459 -0.0524919225297 0.00181335584555 9
50.417628 1 -0.00180541321834  0.00861204159102  0.00461729799976 -0.00237391337781   0.0267111779731  0.00363432909148 0.00600495132949   -0.17911485647   -0.05249130321 0.00181335584555 9
50.469712 1 -0.00181205955546  0.00861736405151  0.00462293030713 -0.00238019464989   0.0267177934091  0.00364235067317 0.00600692105463  -0.179122700988 -0.0524934280155 0.00181335584555 9
50.521795 1 -0.00182731997244   0.0086143447029  0.00462329368696 -0.00239198457553   0.0267157246269  0.00364285872303 0.00600734401206  -0.179123362664 -0.0524929650603 0.00181335584555 9
50.573878 1 -0.00181747809773  0.00861604039084  0.00462354018098 -0.00238235864084   0.0267157635556  0.00364321611928 0.00600629413055  -0.179124033851 -0.0524920636112 0.00181335584555 9
50.625962 1 -0.00182052143676  0.00861582941215  0.00462747703059 -0.00238368465611   0.0267145587875  0.00364882621757 0.00600582039313  -0.179129910447 -0.0524924459813 0.00181335584555 9
50.678045 1 -0.00181773213224  0.00861430237499  0.00463103163355 -0.00238007410914   0.0267123302888  0.00365389404819 0.00600532598311   -0.17913525671 -0.0524926918535 0.00181335584555 9
50.730128 1 -0.00181202194882  0.00861523036143  0.00463275635811 -0.00237315316585   0.0267140655545  0.00365635082242 0.00600604012795  -0.179138153848 -0.0524916852336 0.00181335584555 9
50.782211 1 -0.00182234883878  0.00861187602765  0.00463473214613 -0.00238063013227   0.0267112136895  0.00365916014639 0.00600617919984  -0.179141185566  -0.052491568196 0.00181335584555 9
50.834294 1 -0.0018276709852   0.008615693759 0.00463030798394 -0.00238337285698   0.0267145901021  0.00365285005865 0.00600603998982  -0.179135171667 -0.0524890400256 0.00181335584555 9
50.886378 1 -0.00183424429775  0.00861230659743  0.00463055184663 -0.0023872722975  0.0267113937323 0.00365319285342 0.00600579806934   -0.17913582933 -0.0524880611574 0.00181335584555 9
50.938461 1 -0.00184027408782   0.0086090289181  0.00462820146175 -0.00239051489065   0.0267070430101  0.00364984060587  0.0060044708544  -0.179132817628 -0.0524861755734 0.00181335584555 9
50.990545 1 -0.00184761341765  0.00860645738752  0.00462359523088 -0.00239570409372   0.0267043996774  0.00364327143621 0.00600383497169  -0.179126369114 -0.0524841552527 0.00181335584555 9
51.042627 1 -0.00184280909422  0.00860400154926  0.00462082900078 -0.00238639848066   0.0267024497202  0.00363932457118 0.00600357665777  -0.179123465662  -0.052479578811 0.00181335584555 9
51.094711 1 -0.0018378710545   0.008604162646 0.00461997330798 -0.0023773787202  0.0267001474897 0.00363810647064 0.00600158420595  -0.179123280484 -0.0524758918703 0.00181335584555 9
51.146794 1 -0.00183134416068   0.0086058323022  0.00461797665772 -0.00236769571483   0.0267030404508  0.00363525634216 0.00600242876359  -0.179121260863 -0.0524722040614 0.00181335584555 9
51.198878 1 -0.00183981707574   0.0085987814275  0.00461256776773 -0.00236947593195   0.0266969636168  0.00362753643366 0.00600187636308  -0.179114517419  -0.052466814676 0.00181335584555 9
51.250961 1 -0.00184257500954  0.00859835661836  0.00460674597023 -0.00236631482614   0.0266977231062  0.00361922894694 0.00600223268338  -0.179107206265  -0.052461080654 0.00181335584555 9
51.303044 1 -0.00184151559554    0.008599504667  0.00460408232561 -0.00235850836221   0.0266977424152  0.00361542702291 0.00600120049647  -0.179104810726 -0.0524552809605 0.00181335584555 9
51.355127 1 -0.00184378820074  0.00860313755104  0.00459746456328 -0.00235374885504   0.0267011824789  0.00360598578099 0.00600094896071  -0.179096611144 -0.0524483680198 0.00181335584555 9
51.40721 1 -0.00185231272474  0.00860122199336  0.00458805289319 -0.00235532620305    0.026701445562  0.00359255720514 0.00600168705438  -0.179084072677 -0.0524413928295 0.00181335584555 9
51.459294 1 -0.00185296661786  0.00859643028165  0.00458814015886 -0.00234760286987   0.0266960037323  0.00359267391504 0.00600043083995  -0.179085961282 -0.0524354476794 0.00181335584555 9
51.511377 1 -0.00184931652066  0.00859316675423  0.00458394897009 -0.00233737841125   0.0266933176659  0.00358669340519 0.00600000993015  -0.179081380273 -0.0524289135397 0.00181335584555 9
51.563461 1 -0.00184986515873  0.00859026628194  0.00457839295376 -0.00233056697205   0.0266929982572  0.00357876153096 0.00600111528246  -0.179074798234 -0.0524217995661 0.00181335584555 9
51.615544 1 -0.00186377831682  0.00859159595835  0.00456891004349 -0.00233596127776   0.0266934652821  0.00356523321952 0.00599996260009  -0.179062304296 -0.0524142414989 0.00181335584555 9
51.667628 1 -0.00186776659582  0.00859009937782  0.00456359870533 -0.00233461352134   0.0266925268884  0.00355765500415 0.00599978679331   -0.17905554464 -0.0524091125192 0.00181335584555 9
51.719711 1 -0.00185907301005  0.00858719478185  0.00455749045757 -0.00232105047346   0.0266927562683  0.00354894064355 0.00600125965836  -0.179047939613 -0.0524024523712 0.00181335584555 9
51.771794 1 -0.00185523074117    0.008584671505   0.0045489295408 -0.00231148312783   0.0266908295825  0.00353673294914 0.00600067479132  -0.179036788215 -0.0523950223408 0.00181335584555 9
51.823877 1 -0.00185088771491  0.00858018477987  0.00454561184014 -0.00230104393452   0.0266856633617   0.0035320008206 0.00599917247081  -0.179033428963 -0.0523889277827 0.00181335584555 9
51.87596 1 -0.00185317831046  0.00858377841637  0.00454034085338 -0.00229455938249   0.0266881984828  0.00352447873907 0.00599828614084   -0.17902756693 -0.0523808571899 0.00181335584555 9
51.928043 1 -0.00185250056154  0.00858358853063  0.00453255271845 -0.00228469507538   0.0266862444166  0.00351337161592 0.00599614362177  -0.179018210646 -0.0523713841666 0.00181335584555 9
51.980127 1 -0.00186039473896  0.00858193792744  0.00452402668445 -0.00228404068578   0.0266859162868  0.00350120526263 0.00599632632152  -0.179007260942   -0.05236313072 0.00181335584555 9
52.03221 1 -0.00186365056267  0.00858556319143  0.00451664137141 -0.00227944723553   0.0266898586882  0.00349066784182 0.00599642869979  -0.178998016525 -0.0523551189149 0.00181335584555 9
52.084294 1 -0.00186235789316  0.00858324701168  0.00451016922082 -0.00226719161271   0.0266883022577   0.0034814300167 0.00599606633996  -0.178990973795  -0.052344448862 0.00181335584555 9
52.136377 1 -0.00185876747929  0.00858278086799   0.0045042845506 -0.00225505391259   0.0266859495263  0.00347303773193 0.00599386857119  -0.178984383766 -0.0523355535104 0.00181335584555 9
52.18846 1 -0.00185175046857  0.00858176853871  0.00449657179435 -0.00224149988745   0.0266837094236  0.00346204215228 0.00599201122393  -0.178974749766 -0.0523271984273 0.00181335584555 9
52.240543 1 -0.00183827910176  0.00858578832658  0.00448853532739 -0.00222237899402   0.0266891810236  0.00345058201029 0.00599292139373   -0.17896462486 -0.0523184668483 0.00181335584555 9
52.292627 1 -0.00184132752964  0.00857789653264  0.00447942145222 -0.00221991717804   0.0266828043848  0.00343758364803 0.00599243616865  -0.178952258602 -0.0523116795172 0.00181335584555 9
52.34471 1 -0.00185132861895  0.00858560078666  0.00447401712958 -0.00221842262465   0.0266900474256  0.00342986411209 0.00599257683634  -0.178946518195 -0.0523020475178 0.00181335584555 9
52.396793 1 -0.00184873764976  0.00858893825759   0.0044704103035 -0.00220798076891   0.0266927049406  0.00342471577446 0.00599201935707  -0.178943089188 -0.0522942929291 0.00181335584555 9
52.448877 1 -0.00185598734019  0.00859132069482  0.00446219498067 -0.00220698566154   0.0266965883261  0.00341299167853 0.00599293904585   -0.17893249391 -0.0522859637472 0.00181335584555 9
52.500959 1 -0.00184727325347  0.00859175988939  0.00445653418459 -0.00219070763921    0.026697576345  0.00340491629495 0.00599282408988  -0.178926153219 -0.0522769747736 0.00181335584555 9
52.553043 1 -0.00184850459785  0.00859031277706  0.00445404794377 -0.00218463284362   0.0266954287607  0.00340136555566 0.00599173782861  -0.178924127331  -0.052270478437 0.00181335584555 9
52.605127 1 -0.00184028018248  0.00858955119851  0.00444407742744 -0.00216782414201   0.0266932985565  0.00338715029903 0.00598954519405  -0.178911613711 -0.0522593658844 0.00181335584555 9
52.65721 1 -0.0018456635123 0.00859244878445 0.00444296529685 -0.00216527184476   0.0266935863776  0.00338555891594 0.00598754457496  -0.178911655422 -0.0522533093671 0.00181335584555 9
52.709293 1 -0.00184586689658  0.00859386400229  0.00443304993178 -0.00215840565675   0.0266940454605  0.00337142023802 0.00598610886885  -0.178898523485 -0.0522444183204 0.00181335584555 9
52.761376 1 -0.00184102604034  0.00859075017081  0.00442244420349 -0.00214527275114   0.0266906218512  0.00335629736788 0.00598448638967  -0.178884824292 -0.0522336606807 0.00181335584555 9
52.81346 1 -0.00183547691745  0.00858655518617  0.00441387718671 -0.00213407486632   0.0266860293494  0.00334408383602 0.00598282319923  -0.178873571898 -0.0522256025975 0.00181335584555 9
52.865543 1 -0.00182682879544  0.00858623906782  0.00440500810027 -0.00211771849975   0.0266855831874  0.00333143703732 0.00598181302914  -0.178862470146 -0.0522152443216 0.00181335584555 9
52.917626 1 -0.00182603286777  0.00858667479714  0.00439722821667 -0.00210857903038   0.0266871967765  0.00332033688168   0.005982184129  -0.178852816653 -0.0522056706357 0.00181335584555 9
52.969709 1 -0.0018287708845 0.00858880253257 0.00439132481766 -0.00210506885571   0.0266895015009  0.00331191413932 0.00598212523202  -0.178845359108 -0.0521988544766 0.00181335584555 9
53.021793 1 -0.00182239902761  0.00858787560676   0.0043874480258 -0.00209102334272   0.0266892525087  0.00330638062119 0.00598210062124  -0.178841628986 -0.0521903312088 0.00181335584555 9
53.073876 1 -0.0018098707077 0.00857838143451 0.00438508660484 -0.00207140746259   0.0266814311065  0.00330300922004 0.00598182951682  -0.178840263518 -0.0521820323452 0.00181335584555 9
53.125959 1 -0.00180969921717  0.00857690248404  0.00437513775765 -0.00206425290698   0.0266799454351  0.00328882175135 0.00598079797977  -0.178826992727 -0.0521728943862 0.00181335584555 9
53.178042 1 -0.00180592678814  0.00857805692011  0.00436601539634 -0.00205448218225   0.0266819618641  0.00327581227864 0.0059809338643 -0.178814839164 -0.052164304113 0.00181335584555 9
53.230126 1 -0.00180161536169  0.00857300272062  0.00435599560858 -0.00204236336635   0.0266768796948  0.00326152473945 0.00597932135491  -0.178801813387 -0.0521538660167 0.00181335584555 9
53.28221 1 -0.00180045705876  0.00857752748412  0.00435126791674 -0.00203446530448   0.0266830247754  0.00325477506643 0.00598091921714  -0.178796352324 -0.0521462968154 0.00181335584555 9
53.334293 1 -0.00179273202142  0.00857531469847  0.00434726070941 -0.00201997076706   0.0266795884272  0.00324906103958 0.00597901716775  -0.178792306425 -0.0521381876827 0.00181335584555 9
53.386376 1 -0.00179006600052  0.00857115737917  0.00433496988232 -0.00201010635358   0.0266769204431  0.00323153376334 0.00597876421925  -0.178775568576 -0.0521275938338 0.00181335584555 9
53.438459 1 -0.00178766855293  0.00856777728408  0.00432695846038 -0.00200073927191   0.0266749083155  0.00322010605859 0.00597881482131    -0.1787652387 -0.0521186083884 0.00181335584555 9
53.490542 1 -0.00178974131892  0.00857006602207  0.00431945710793 -0.00199428412489   0.0266750933495  0.00320940773205 0.00597655109053  -0.178755970479 -0.0521089767959 0.00181335584555 9
53.542626 1 -0.00179560376385  0.00857657117738  0.00431329517478 -0.00199195060055   0.0266831769209  0.00320060975328 0.00597837355661  -0.178748419929 -0.0521004203392 0.00181335584555 9
53.594709 1 -0.00178502873063  0.00857545999552  0.00430683814328 -0.00197445279687   0.0266822645274  0.00319140181055 0.00597770032117  -0.178740772802 -0.0520907992653 0.00181335584555 9
53.646792 1 -0.00177855070324  0.00857969751088   0.0042969472258 -0.00195966553358    0.026686412706  0.00317729631461 0.00597729321025  -0.178728088129 -0.0520792708273 0.00181335584555 9
53.698876 1 -0.0017793755354 0.00857977749257 0.00428784623501 -0.0019513644039  0.0266891129375 0.00316430912737  0.0059789257551  -0.178716462737 -0.0520682209631 0.00181335584555 9
53.750959 1 -0.00178156238167  0.00858099586111  0.00427898158757 -0.00194503905726   0.0266903777945  0.00315166382936 0.00597838087865  -0.178705030669 -0.0520579927669 0.00181335584555 9
53.803042 1 -0.00178498009086  0.00858133582389  0.00427135526934 -0.00194029553721   0.0266920102755  0.00314078126559 0.00597897879075  -0.178695326299  -0.052048577875 0.00181335584555 9
53.855126 1 -0.00178879943907  0.00857966367857  0.00426030538564 -0.00193720982554   0.0266907351682  0.00312502269416  0.0059782541062  -0.178680041749 -0.0520392654643 0.00181335584555 9
53.907209 1 -0.00177917127996  0.00858048238049  0.00425430404916 -0.00192301233745   0.0266946229317  0.00311646075899 0.00598065000991  -0.178672361985 -0.0520317587929 0.00181335584555 9
53.959292 1 -0.00177953282012  0.00857916291484  0.00424938107493 -0.0019181430487  0.0266917806846 0.00310944124992 0.00597857693266  -0.178666204119 -0.0520254735319 0.00181335584555 9
54.011376 1 -0.00178052056308  0.00857903537468  0.00424413517531 -0.00191181791247    0.026691293562  0.00310195640525 0.00597771311553  -0.178660049828 -0.0520171916669 0.00181335584555 9
54.063459 1 -0.00178187748311      0.0085773045  0.00423635754601 -0.00190526317182   0.0266897579231  0.00309086162585 0.00597696448531  -0.178650130491 -0.0520075578466 0.00181335584555 9
54.115542 1 -0.00178223825538    0.008574662642  0.00422845084491 -0.0018973108602  0.0266883862311 0.00307958081446 0.00597708472892  -0.178640138184 -0.0519973065178 0.00181335584555 9
54.167625 1 -0.00177737992402  0.00857995770375  0.00422138696458 -0.00188656211967   0.0266947064864  0.00306950453232 0.00597817142813  -0.178631005917 -0.0519887237971 0.00181335584555 9
54.219708 1  -0.001775247782 0.00857710856009 0.00421327021096 -0.00187856208245   0.0266929594927  0.00305792829204 0.00597811682517  -0.178620126767  -0.051980267659 0.00181335584555 9
54.271792 1 -0.00178801255711  0.00857430758635  0.00420609570765 -0.00188458469774   0.0266907905776  0.00304769042084 0.00597782807796  -0.178610316847  -0.051973405627 0.00181335584555 9
54.323875 1 -0.0017757817548 0.00857512273861 0.00420351107703 -0.00186770429549   0.0266922336837  0.00304400358603 0.00597814990297  -0.178608073505 -0.0519664468441 0.00181335584555 9
54.375958 1 -0.00177647319035  0.00857569760444  0.00419685952633 -0.0018606980258  0.0266945429061 0.00303451080296  0.0059793191172   -0.17859980057 -0.0519570315683 0.00181335584555 9
54.428042 1 -0.00178676007652  0.00857943447267  0.00419176203661 -0.00186400065615   0.0266994578215  0.00302723133831 0.00598063794902  -0.178593350503 -0.0519500963434 0.00181335584555 9
54.480125 1 -0.00179744608241  0.00857575668271  0.00418580642966 -0.00186864811845   0.0266969171589  0.00301873133848 0.00598079831777  -0.178585297368 -0.0519438881377 0.00181335584555 9
54.532208 1 -0.00179503845205   0.0085804773787  0.00417802686173 -0.00186048507581   0.0267017907352  0.00300763621654 0.00598095609196  -0.178574898106  -0.051935357076 0.00181335584555 9
54.584292 1 -0.00179200439648  0.00857970721393  0.00417238589223 -0.00185323175678   0.0267010397667  0.00299959250175  0.0059803496092  -0.178567415902 -0.0519290085349 0.00181335584555 9
54.636375 1 -0.00178890434973  0.00857448334135  0.00416596285481 -0.00184486096884   0.0266959720566  0.00299043354172 0.00597914260357  -0.178559010096 -0.0519213950252 0.00181335584555 9
54.688458 1 -0.00178061543294   0.0085742082793  0.00415982496109 -0.00182985750427   0.0266959190946  0.00298167980023 0.00597866912862  -0.178551655624 -0.0519116751849 0.00181335584555 9
54.740542 1 -0.00177702652975   0.0085760726691  0.00415210727073 -0.00181880430277   0.0266985976647  0.00297067054746 0.00597903384942  -0.178541840007 -0.0519012527263 0.00181335584555 9
54.792625 1 -0.00177228391278  0.00857559759715  0.00414222405733 -0.00180565065063   0.0266985951091  0.00295657522505 0.00597852416093  -0.178528960418  -0.051889012017 0.00181335584555 9
54.844708 1 -0.00176107440883  0.00857518141966  0.00413621327943 -0.00178888190848   0.0266990393235  0.00294800365787 0.00597867995107  -0.178521586171 -0.0518799111492 0.00181335584555 9
54.896791 1 -0.00176156158295  0.00857438086208  0.00413210176697 -0.00178495778472   0.0266976689763  0.00294213968379  0.0059776052966  -0.178516388483 -0.0518742917143 0.00181335584555 9
54.948875 1 -0.00176582557132  0.00857634357425  0.00412711307435 -0.00178244614306   0.0266996274897  0.00293501998172 0.00597745339579  -0.178510312374 -0.0518665146495 0.00181335584555 9
55.000958 1 -0.00176571126585  0.00857417615821  0.00412248701792 -0.00177650710014   0.0266966238612    0.002928421977 0.00597582009729  -0.178504741269 -0.0518592159563 0.00181335584555 9
55.053041 1 -0.00176029816254  0.00857002786679  0.00412124413385 -0.00176810880247   0.0266928509878  0.00292664883015 0.00597537480539  -0.178503869922 -0.0518550955357 0.00181335584555 9
55.105125 1 -0.00175824316879  0.00856755816969   0.0041214940508 -0.00176413549083   0.0266914151291  0.00292700193275  0.0059760306736  -0.178504881592 -0.0518529799178 0.00181335584555 9
55.157207 1 -0.00175704141691  0.00856693162796  0.00412267489425 -0.00176290820837   0.0266905882289  0.00292868580155 0.00597579666654  -0.178506803259 -0.0518532085365 0.00181335584555 9
55.209291 1 -0.00175541095748  0.00856790761261  0.00411984370994 -0.00175865441326   0.0266924292966  0.00292464619267 0.00597657835156  -0.178503158665 -0.0518492978087 0.00181335584555 9
55.261375 1 -0.00175097804164  0.00857323951314  0.00411575586383 -0.00175144067903   0.0266974723919  0.00291881754906 0.00597669421741  -0.178497715406 -0.0518443601109 0.00181335584555 9
55.313458 1 -0.00175879963236  0.00857824468195  0.00411292033202 -0.0017563012729  0.0267007542921  0.0029147727109 0.00597546360891  -0.178493800361  -0.051841507197 0.00181335584555 9
55.365536 1 -0.00175296219502  0.00858439678425  0.00410779316762 -0.00174663143914   0.0267070842503  0.00290746090661 0.00597609095307  -0.178487065963 -0.0518348734665 0.00181335584555 9
55.417624 1 -0.00175532251946  0.00858279963139  0.00410625061075 -0.00174560870665   0.0267053382493  0.00290525833553 0.00597553337039  -0.178485525151 -0.0518312544771 0.00181335584555 9
55.469708 1 -0.00175647985097  0.00858781441656  0.00410455739753 -0.00174504142346    0.026711389894  0.00290283971213 0.00597727231642  -0.178483276354  -0.051828960621 0.00181335584555 9
55.521791 1 -0.00175533385829  0.00859171382824  0.00410202957465 -0.00174377228969   0.0267140966589  0.00289923862882 0.00597640103856  -0.178479374027 -0.0518277701434 0.00181335584555 9
55.573874 1 -0.00176210713451  0.00859014224079   0.0041012921799 -0.00174864530392   0.0267125267783  0.00289818370069 0.00597614027031   -0.17847847758  -0.051826563498 0.00181335584555 9
55.625957 1 -0.00176247996635  0.00858714451162  0.00409869641468 -0.00174693691529   0.0267115914264  0.00289447816377 0.00597768787882  -0.178474898813 -0.0518235642382 0.00181335584555 9
55.678041 1 -0.00175751969035  0.00858607404013  0.00409869518573 -0.0017418041498  0.0267114948222 0.00289447605507 0.00597852366626   -0.17847514184  -0.051822641451 0.00181335584555 9
55.730124 1 -0.0017619608745 0.00857942309083 0.00409706880117 -0.00174320166645   0.0267027928856  0.00289215844113 0.00597511424749  -0.178473329207 -0.0518196959332 0.00181335584555 9
55.782207 1 -0.00176325318425  0.00857373962516  0.00409659812538 -0.00174195071192   0.0266968461856  0.00289148590647 0.00597386272126  -0.178473306522 -0.0518171304129 0.00181335584555 9
55.834286 1 -0.00175771851585  0.00857095379528  0.00409122438577 -0.0017358326886  0.0266959630933 0.00288382476266 0.00597506513244  -0.178465098055 -0.0518137625823 0.00181335584555 9
55.886374 1 -0.00175189079159  0.00857353695693  0.00409016516475 -0.00172917596368   0.0266976965968  0.00288231702058 0.00597437612297  -0.178463938684  -0.051811613144 0.00181335584555 9
55.938457 1 -0.00174581001019  0.00857178296253  0.00408615640202 -0.00171943948764   0.0266969197951   0.0028765995535 0.00597475786556  -0.178458887442 -0.0518053934604 0.00181335584555 9
55.99054 1 -0.00174096944442   0.0085705849612  0.00408385044638 -0.00171500098187   0.0266953256792  0.00287331589896 0.00597392014004  -0.178455284373 -0.0518043256118 0.00181335584555 9
56.042624 1 -0.00174007764311  0.00857172329725  0.00408085737615 -0.00171215306054    0.026695443982  0.00286904972659 0.00597269491818  -0.178451151365 -0.0518010392188 0.00181335584555 9
56.094707 1 -0.00174999014125  0.00856990989162  0.00408110367132 -0.00172099143365   0.0266912034792  0.00286940156988 0.00596978159005  -0.178451497821 -0.0518015776604 0.00181335584555 9
56.14679 1 -0.00175511272925   0.0085651356105  0.00407798851769 -0.00172280926775   0.0266875338952  0.00286495509912 0.00597003197444  -0.178447259092   -0.05179772111 0.00181335584555 9
56.198874 1 -0.00174774638239  0.00856249786891  0.00407653653119 -0.00171358393695   0.0266851787174  0.00286288569257 0.00596970799698  -0.178445832081 -0.0517940849209 0.00181335584555 9
56.250957 1 -0.00174308403216  0.00855677148626  0.00407372406358 -0.0017090102083  0.0266807045752   0.002858877396 0.00596996336223  -0.178441452756 -0.0517924943545 0.00181335584555 9
56.303035 1 -0.00174034048303  0.00855715009338  0.00406777499773 -0.00170317317944   0.0266815114034  0.00285039474869 0.00596999374109  -0.178432935167 -0.0517865458886 0.00181335584555 9
56.355124 1 -0.00175112712391  0.00855564168721  0.00406170606828 -0.00170941322101   0.0266812374358  0.00284173429986 0.00597075362076   -0.17842404554 -0.0517810179203 0.00181335584555 9
56.407207 1 -0.00175878066613  0.00855163306788  0.00405695666068 -0.00171448528839   0.0266773953022  0.00283496031778 0.00596998822252  -0.178416821485 -0.0517777252627 0.00181335584555 9
56.45929 1 -0.00175358191326  0.00855067760986  0.00405519411047 -0.00170565619664   0.0266762780843  0.00283244609633 0.00596938772817  -0.178415374502 -0.0517722749265 0.00181335584555 9
56.511373 1 -0.00175609152711  0.00854922521063  0.00404910425699 -0.00170484078582   0.0266760312726  0.00282375980751 0.00597007417316  -0.178406408421 -0.0517667848515 0.00181335584555 9
56.563457 1 -0.00175997794994  0.00854434454968  0.00404479864893 -0.00170335749008   0.0266716883324  0.00281761572319 0.00596952739162  -0.178400959263 -0.0517598947147 0.00181335584555 9
56.61554 1 -0.00176348984178  0.00854675078372   0.0040438953626 -0.00170299655912   0.0266746324765  0.00281632124671 0.00597044211639   -0.17840057185 -0.0517557150848 0.00181335584555 9
56.667623 1 -0.00175540603368  0.00854944057791  0.00403898292856 -0.00169131509634   0.0266775601205  0.00280931701984 0.00597064579109   -0.17839410996 -0.0517485774862 0.00181335584555 9
56.719706 1 -0.00175330441424  0.00854871935994  0.00403252409684 -0.00168488260745    0.026677033979  0.00280010683925 0.00597017619117  -0.178385098842 -0.0517409829621 0.00181335584555 9
56.771785 1 -0.00176190335355  0.00854785808978  0.00402994444493 -0.00168922815258   0.0266766034242  0.00279642198161 0.00597036456019  -0.178381871249 -0.0517365832046 0.00181335584555 9
56.823874 1 -0.00175815154024   0.0085426117019  0.00402640552555 -0.00168185427232   0.0266717396568  0.00279137532328 0.00596958133057  -0.178377455946 -0.0517306250547 0.00181335584555 9
56.875956 1 -0.00176622672031  0.00853891725248  0.00402112032436 -0.00168552897928   0.0266679949751  0.00278383580795 0.00596852466274  -0.178369890768 -0.0517250033121 0.00181335584555 9
56.92804 1 -0.00176816465504  0.00853747936967  0.00401667946371 -0.00168349348105   0.0266668462563   0.0027775009546 0.00596825071558  -0.178363837511 -0.0517191468484 0.00181335584555 9
56.980123 1 -0.0017701253984 0.00853601096706 0.00401287945083 -0.00168157016534   0.0266657653874  0.00277207938872 0.00596813859506  -0.178358800172 -0.0517136018573 0.00181335584555 9
57.032207 1 -0.00176752814772  0.00853137823806  0.00400890234364 -0.0016772179459  0.0266615669235 0.00276640976694 0.00596753554841  -0.178352981068 -0.0517097234819 0.00181335584555 9
57.08429 1 -0.00176521951096  0.00853168827193  0.00400626313875 -0.00167137631048   0.0266615019469  0.00276264547268 0.00596684152767  -0.178349954341 -0.0517042755839 0.00181335584555 9
57.136373 1 -0.00177119326361  0.00853250378011   0.0039996067048 -0.00167175313309   0.0266625542734  0.00275314939563 0.00596673269124  -0.178340596396 -0.0516962504549 0.00181335584555 9
57.188456 1 -0.00177148269071   0.0085327455817   0.0039972141274 -0.00166743082475   0.0266636467422  0.00274973223515 0.00596754740344  -0.178338181094 -0.0516899836158 0.00181335584555 9
57.240535 1 -0.00177190379154  0.00853511862878  0.00399098244393 -0.00166245079481   0.0266678388559   0.0027408400795 0.00596962015841  -0.178329665708 -0.0516813174445 0.00181335584555 9
57.292623 1  -0.001767289731  0.0085364584838 0.00398837206185 -0.00165332157649   0.0266700777189  0.00273711377133 0.00597062061562  -0.178327093611 -0.0516742248962 0.00181335584555 9
57.344706 1 -0.00175259609555  0.00853507303999  0.00398704248465 -0.00163439588086   0.0266687218639  0.00273521855007 0.00597007819508  -0.178327054298 -0.0516663470542 0.00181335584555 9
57.39679 1 -0.00175161819947  0.00853630438192  0.00397781382066 -0.00162784688347   0.0266711975893   0.0027220564838 0.00597103738195  -0.178313693097  -0.051656129997 0.00181335584555 9
57.448873 1 -0.00175057381304  0.00853501079261  0.00397447667943 -0.00162573328156   0.0266691080181  0.00271730103785 0.00596954662013  -0.178308606635 -0.0516534859035 0.00181335584555 9
57.500956 1 -0.00174577813152  0.00853935859243  0.00397100620855 -0.00161588170804    0.026672432337  0.00271235141834  0.0059685952282  -0.178304863313 -0.0516453098313 0.00181335584555 9
57.553039 1 -0.00174710774774  0.00854119759486  0.00396605832941 -0.0016128932522  0.0266742760576 0.00270529361692 0.00596847950756  -0.178298078867 -0.0516384727564 0.00181335584555 9
57.605122 1 -0.00174642183602  0.00853962571495  0.00396544002622 -0.00160850157364   0.0266722416952  0.00270440949737  0.0059674952599  -0.178298401403 -0.0516336681579 0.00181335584555 9
57.657206 1 -0.00174522686858  0.00853787238174  0.00395911299954 -0.00160285705385   0.0266712371674  0.00269538593139 0.00596757506056  -0.178289461542  -0.051625728686 0.00181335584555 9
57.709288 1 -0.00175045742919  0.00853382098512  0.00395711211114 -0.00160079739826   0.0266676121349   0.0026925240883 0.00596717425998  -0.178288448573 -0.0516169564255 0.00181335584555 9
57.761372 1 -0.00174833435005  0.00853466155323  0.00395174541635 -0.00159394830015   0.0266692699388  0.00268486855515 0.00596784775162  -0.178281244205 -0.0516087730425 0.00181335584555 9
57.813456 1 -0.00173239216328   0.0085353401368  0.00394582507027 -0.00157408440477   0.0266705606063  0.00267642945347 0.0059680592679 -0.178273511028 -0.051599049878 0.00181335584555 9
57.865539 1 -0.00173717822268  0.00853942036503  0.00394460127391 -0.00157514965239   0.0266753973586   0.0026746772112 0.00596962719274  -0.178272528124 -0.0515947225652 0.00181335584555 9
57.917622 1 -0.0017346467912 0.00854308025374 0.00393748654257 -0.00157024360517   0.0266797428099  0.00266453280054 0.00597055091241  -0.178261555666 -0.0515886285846 0.00181335584555 9
57.969705 1 -0.00172798313516  0.00854669749261  0.00393494187132 -0.00156060259915   0.0266826272385  0.00266090524762 0.00596991036801  -0.178258705102 -0.0515828321492 0.00181335584555 9
58.021789 1 -0.0017293676474 0.00854753252595 0.00392916337728 -0.00155955404466   0.0266838492014  0.00265266521236   0.005970099331  -0.178249796555 -0.0515778344738 0.00181335584555 9
58.073872 1 -0.0017349521598 0.00854458602765 0.00392708574247 -0.00156360195411   0.0266823704953  0.00264969833018 0.00597137913228   -0.17824653382 -0.0515760877885 0.00181335584555 9
58.125956 1 -0.00173780576775  0.00854772662239  0.00392542790137 -0.00156516308363   0.0266851583714  0.00264733317437  0.0059713512651  -0.178244075647 -0.0515742942876 0.00181335584555 9
58.178038 1 -0.00173927405267  0.00855140724059  0.00392144297118 -0.00156213104116   0.0266893199047  0.00264164629638 0.00597226283406  -0.178238909295 -0.0515672959358 0.00181335584555 9
58.230122 1 -0.00174144065651  0.00855215037048  0.00391972352056 -0.00156076578094    0.026689327654   0.0026391921475 0.00597124242475  -0.178237224723 -0.0515625228877 0.00181335584555 9
58.282205 1 -0.00174860294938  0.00854547666777  0.00391831358934 -0.00156380695498   0.0266834402106  0.00263717551571 0.00597099333132  -0.178235978044 -0.0515580550272 0.00181335584555 9
58.334289 1 -0.00175114107141   0.0085496920952  0.00391679539868 -0.00156300058198   0.0266872285716  0.00263500705404 0.00597101903726  -0.178234526993 -0.0515535945555 0.00181335584555 9
58.386372 1 -0.00174933147423  0.00855082803627  0.00391171550081 -0.00155791869172   0.0266890719045  0.00262776201591 0.00597170253946  -0.178227209789 -0.0515471075198 0.00181335584555 9
58.438455 1 -0.00174548003625  0.00855492271063  0.00390678894749 -0.00155168122477   0.0266945526667  0.00262073528754 0.00597383885589  -0.178219890792 -0.0515414013312 0.00181335584555 9
58.490538 1 -0.00174346159406  0.00855871582959  0.00389920039416 -0.00154541124702   0.0266995589328  0.00260991220464 0.00597548276172  -0.178208647568 -0.0515326099605 0.00181335584555 9
58.542621 1 -0.00174593277719  0.00855873854179  0.00389536623531 -0.00154435357923   0.0266989044677  0.00260444398366 0.00597423798561   -0.17820335407 -0.0515270070349 0.00181335584555 9
58.594705 1 -0.00174474985578  0.00856078743067  0.00389124886454 -0.00153923185036   0.0267023534575  0.00259856833948 0.00597610863816  -0.178197843346 -0.0515200326549 0.00181335584555 9
58.646783 1 -0.00174329844217  0.00856103389735  0.00389028168051 -0.00153484147032   0.0267028528835  0.00259718636285 0.00597635015548  -0.178197370375 -0.0515155690248 0.00181335584555 9
58.698871 1 -0.00173645122275  0.00856038258038  0.00388391302447 -0.00152743926028   0.0267016972667  0.00258811185584 0.00597498043573  -0.178187086559  -0.051511229502 0.00181335584555 9
58.750955 1 -0.00174371458226  0.00856196153486  0.00388162184004 -0.00153103307605   0.0267025846162  0.00258484088252  0.0059741458055  -0.178184228036 -0.0515067521663 0.00181335584555 9
58.803038 1 -0.00174740741874  0.00856854444865    0.003879909651 -0.00153058624686   0.0267103379013   0.0025823911041 0.00597678417895  -0.178182646767 -0.0515011384465 0.00181335584555 9
58.855122 1 -0.00174891620426   0.0085712105781  0.00388014708264 -0.00153157674743   0.0267127848698  0.00258272833908 0.00597698865551  -0.178183183044  -0.051500758407 0.00181335584555 9
58.907205 1 -0.00175074939399  0.00857206339927  0.00387976833734 -0.00153181959686   0.0267126211405  0.00258218791596 0.00597568769245  -0.178183092223 -0.0514988095998 0.00181335584555 9
58.959288 1 -0.0017445027806 0.00857283890446 0.00387905094485 -0.00152358245555   0.0267124992311  0.00258116661586 0.00597441458237  -0.178182983519 -0.0514947941459 0.00181335584555 9
59.011371 1 -0.00174644375326  0.00857289752947  0.00387569161106 -0.00152253530232   0.0267135953706  0.00257637261345 0.00597558516992  -0.178178240042 -0.0514897815801 0.00181335584555 9
59.063455 1 -0.0017446959952 0.00857085753761 0.00387079275314 -0.00151860877944   0.0267114612359  0.00256938904107 0.00597464650502  -0.178170755607 -0.0514846839298 0.00181335584555 9
59.115539 1 -0.00174857424882  0.00857218454041  0.00386568621424 -0.00151821894606   0.0267129986758  0.00256210410256 0.00597475981571  -0.178163415685 -0.0514776049532 0.00181335584555 9
59.167621 1 -0.00174770423743  0.00857286089421   0.0038588335275 -0.00151425503102    0.026712944187  0.00255233517704 0.00597326253337  -0.178152877889 -0.0514706203715 0.00181335584555 9
59.219705 1 -0.00174876716173  0.00856822907157  0.00385370325044 -0.00151160359005    0.026709216821    0.002545017734 0.00597323906634  -0.178145402013 -0.0514638007168 0.00181335584555 9
59.271788 1 -0.00174494370715    0.008566625702  0.00384873952504 -0.00150558468296   0.0267084747595   0.0025379403805 0.00597370977414  -0.178137864156 -0.0514581795925 0.00181335584555 9
59.323871 1 -0.00174212824894  0.00856671425972  0.00384667902131 -0.0014999314765  0.0267082939172 0.00253500172286 0.00597309946073   -0.17813556938 -0.0514530323993 0.00181335584555 9
59.375954 1 -0.0017399866457 0.00856106908148 0.00384187650103 -0.00149286812065   0.0267035475642  0.00252815120084 0.00597284894168  -0.178129302715 -0.0514440371546 0.00181335584555 9
59.428038 1 -0.00173197720477  0.00856263410047   0.0038331574689 -0.00148255153787   0.0267057337037  0.00251572247913 0.00597324204668  -0.178115513944 -0.0514359049643 0.00181335584555 9
59.480121 1 -0.00173422049535  0.00856235162968   0.0038290286697 -0.00148133721814   0.0267059476979  0.00250983228248 0.00597355102598  -0.178109588988 -0.0514299013335 0.00181335584555 9
59.532204 1 -0.00173213819644  0.00856239006953  0.00382673525516 -0.0014768605324  0.0267053548501 0.00250656263826 0.00597239478984  -0.178106697563 -0.0514253142015 0.00181335584555 9
59.584288 1 -0.00173490071999  0.00855587879788  0.00382348612922 -0.0014767088515  0.0266998752826 0.00250192685533  0.0059723936802  -0.178102051802 -0.0514205011181 0.00181335584555 9
59.636371 1 -0.00173637295376   0.0085568782484  0.00381947769756 -0.00147415530116   0.0267004694746  0.00249620926801 0.00597161795133  -0.178096633406 -0.0514135382949 0.00181335584555 9
59.688454 1 -0.00173636559264  0.00855458555776  0.00381448009034 -0.00147002909416   0.0266984171511  0.00248908157461 0.00597107032735  -0.178089591752 -0.0514057670671 0.00181335584555 9
59.740538 1 -0.00173592364864  0.00855485068809  0.00380806909078 -0.00146673314461   0.0266974820498  0.00247994329371 0.00596879811583  -0.178079623785 -0.0513991476117 0.00181335584555 9
59.792621 1 -0.00173150720903  0.00855051191976  0.00380881803428 -0.00146147541853   0.0266923839227  0.00248101343027 0.00596683695084  -0.178081551524 -0.0513975310624 0.00181335584555 9
59.844704 1 -0.00173479736347  0.00854546858652  0.00380807266897 -0.00146458595957    0.026687258069  0.00247995103873 0.00596572531235  -0.178080153398 -0.0513976552762 0.00181335584555 9
59.896787 1 -0.00173784144958  0.00854247019545  0.00381189213014 -0.00146773758148    0.026683593095  0.00248539585459 0.00596447861231  -0.178086681788 -0.0513999146383 0.00181335584555 9
59.948871 1 -0.00173396281516  0.00854529608272  0.00381300903914 -0.0014632001883  0.0266876628664 0.00248698520864  0.0059669153408  -0.178089074747 -0.0513986304965 0.00181335584555 9
60.000954 1 -0.00172898628199  0.00854675542224  0.00381172397964  -0.001460013927  0.0266892042772 0.00248515679009 0.00596720672446  -0.178086328347  -0.051399775986 0.00181335584555 9
60.053037 1 -0.00172962672631   0.0085437480974  0.00381183228041 -0.00145933164428   0.0266859517027  0.00248531051269 0.00596624588117  -0.178087043353  -0.051398104585 0.00181335584555 9
60.105121 1 -0.0017275996135 0.00854282297163  0.0038085809656 -0.00145815580197   0.0266852138606  0.00248067795137 0.00596610014408  -0.178081053361 -0.0513976978913 0.00181335584555 9
60.157204 1 -0.00172632256524  0.00854308755309  0.00380653241398 -0.00145609714293   0.0266862540733  0.00247775616091 0.00596714524728  -0.178077805395 -0.0513954863268 0.00181335584555 9
60.209288 1 -0.00172585546523  0.00853700966681  0.00380514347691 -0.00145436912269   0.0266812911428  0.00247577428696 0.00596752610226  -0.178075882468 -0.0513930410592 0.00181335584555 9
60.261371 1 -0.00172642364378  0.00853541522997   0.0038026644345 -0.0014538103677  0.0266792136816 0.00247224077831 0.00596627012543  -0.178071958804 -0.0513905596662 0.00181335584555 9
60.313454 1 -0.00172959785485  0.00853496295741  0.00380319362607 -0.00145630029123   0.0266791772796  0.00247299255812 0.00596688241028  -0.178072995688 -0.0513903589279 0.00181335584555 9
60.365538 1 -0.00173032902605  0.00852890169674  0.00380144549818 -0.00145640852449   0.0266730927784   0.0024705013212 0.00596552074633  -0.178070128862 -0.0513889741197 0.00181335584555 9
60.417621 1 -0.00172630278265  0.00852572791007  0.00380070593925 -0.00145179279444   0.0266697410341  0.00246944877046 0.00596450993831  -0.178069300495 -0.0513871097559 0.00181335584555 9
60.469704 1 -0.00171832983364  0.00852353942128  0.00379921423744 -0.00144223005973   0.0266679277476  0.00246732298593 0.00596442758028  -0.178067767707 -0.0513826553154 0.00181335584555 9
60.521785 1 -0.00171163706941  0.00852014858906  0.00379771823954 -0.0014344737572  0.0266638659484 0.00246519357087 0.00596250382093  -0.178065961621 -0.0513792954836 0.00181335584555 9
60.573871 1 -0.00170513856346   0.0085193138667  0.00379375478009 -0.0014262883828  0.0266637467969 0.00245954339939 0.00596304970382  -0.178059963554  -0.051373936603 0.00181335584555 9
60.625954 1 -0.00169964414975  0.00851878359668  0.00379141316101 -0.00142000734321    0.026663876284  0.00245620555695 0.00596372503382  -0.178056411141 -0.0513707490996 0.00181335584555 9
60.678037 1 -0.00169347990243  0.00851892581964  0.00378925165267 -0.00141117746309   0.0266646628271  0.00245312235322 0.00596448049604  -0.178054036381 -0.0513646505242 0.00181335584555 9
60.73012 1 -0.00169214521388  0.00851819804709  0.00378937636133 -0.00140825445076   0.0266651445588  0.00245329649345 0.00596621405704  -0.178054977883 -0.0513620383973 0.00181335584555 9
60.782204 1 -0.00168933106168  0.00851386813488  0.00378463138598 -0.00140181534515   0.0266612770307  0.00244653026961 0.00596560980291  -0.178048229329 -0.0513540906192 0.00181335584555 9
60.834287 1 -0.00168558525238  0.00851418401311  0.00378054682136 -0.00139590015756   0.0266618033246  0.00244070684241 0.00596560744582   -0.17804206701 -0.0513483871524 0.00181335584555 9
60.88637 1 -0.00168178075103  0.00851494303287  0.00377932142402 -0.00139093890954   0.0266630718884  0.00243895901025 0.00596641517146   -0.17804057424 -0.0513453573863 0.00181335584555 9
60.938454 1 -0.00167329536174  0.00851668251938  0.00377183313504 -0.00138076654202   0.0266637092568   0.0024282886061 0.00596428834354  -0.178028391025 -0.0513380696377 0.00181335584555 9
60.990536 1  -0.001669205423 0.00852102611539 0.00376743053736 -0.00137373464847   0.0266670185463  0.00242201271224 0.00596305122673  -0.178022050603 -0.0513309016417 0.00181335584555 9
61.042621 1 -0.00165865147954  0.00851672893399  0.00376453890962 -0.00136083813598   0.0266632650791  0.00241789166105 0.00596267226305  -0.178018483925 -0.0513240757713 0.00181335584555 9
61.094704 1 -0.00165286516051   0.0085124449773  0.00376266461064 -0.00135147627971   0.0266594530125  0.00241521783394 0.00596228338435  -0.178017042822 -0.0513166360816 0.00181335584555 9
61.146787 1 -0.00165406308869  0.00850779984492  0.00375889618124 -0.00135108872436   0.0266554334752  0.00240984432843 0.00596204354594  -0.178010872968 -0.0513128734374 0.00181335584555 9
61.19887 1 -0.00164896528196  0.00850613943134  0.00375724974377 -0.00134441635342   0.0266544121981  0.00240749653628 0.00596253322374   -0.17800888175 -0.0513087326925 0.00181335584555 9
61.250954 1 -0.00164772839312  0.00850864119101  0.00375158272105 -0.00133920442411   0.0266568987442  0.00239941484766 0.00596248278281  -0.178000495085 -0.0512998758944 0.00181335584555 9
61.303036 1 -0.00165631972059  0.00850932362486  0.00374966756626 -0.0013456114419  0.0266579009139 0.00239667938804 0.00596305067307  -0.177997499145 -0.0512973395153 0.00181335584555 9
61.35512 1 -0.00165693877201  0.00851037700239  0.00374785706481 -0.00134259798856   0.0266588797308  0.00239409450605 0.00596293438355  -0.177995839971  -0.051290959389 0.00181335584555 9
61.407203 1 -0.00165735049458  0.00851190416373  0.00374586096291 -0.00133908003461   0.0266596152807  0.00239124610352 0.00596170338542  -0.177994023075 -0.0512839828756 0.00181335584555 9
61.459288 1  -0.001651887235 0.00850907998552 0.00374355864135 -0.00133018746485    0.026657146768  0.00238796224856 0.00596140072146  -0.177991729087 -0.0512764997205 0.00181335584555 9
61.511371 1 -0.00165640660994  0.00851218194367    0.003743061861 -0.00133106707074   0.0266605164639  0.00238724751248 0.00596242447477  -0.177992227086 -0.0512713177968 0.00181335584555 9
61.563453 1 -0.00165871167181   0.0085076903107  0.00373573766745 -0.00133123946423   0.0266563566156  0.00237680570384  0.0059614612366  -0.177979702764 -0.0512654123708 0.00181335584555 9
61.615536 1 -0.00165901835755  0.00850537586031  0.00373291207277 -0.00132934356933   0.0266551380046  0.00237277418913 0.00596255947188  -0.177975510635 -0.0512607448021 0.00181335584555 9
61.66762 1 -0.00165049056307  0.00850626615106  0.00373118923179 -0.00131881077436   0.0266551563936  0.00237032046641  0.0059610048466  -0.177973830814 -0.0512551136107 0.00181335584555 9
61.719703 1 -0.00164715445851  0.00850747447065  0.00372533589396 -0.00131292050474   0.0266555508312  0.00236197729839 0.00595933000801  -0.177964542608 -0.0512478646474 0.00181335584555 9
61.771786 1 -0.00163888540529  0.00850398440751  0.00372105183047 -0.00130310266848   0.0266531928398  0.00235587059545 0.00596006594655  -0.177957864338 -0.0512419162479 0.00181335584555 9
61.82387 1 -0.00163356818638  0.00850108174758  0.00371846217903 -0.0012945368546  0.0266502294826 0.00235217820782 0.00595902376929  -0.177954972081  -0.051234497429 0.00181335584555 9
61.875953 1 -0.00163255136681  0.00850405582112  0.00371573585215 -0.00128992959135   0.0266542201008  0.00234828610049 0.00596109223868  -0.177951667932 -0.0512272164031 0.00181335584555 9
61.928036 1 -0.00162826231159  0.00850334156589  0.00370831664072 -0.00128312979269   0.0266555062418   0.0023377064226 0.00596369362422  -0.177939390744 -0.0512190216175 0.00181335584555 9
61.980119 1 -0.00162772879807  0.00850155950687  0.00370652931191 -0.00127968443977   0.0266548400422  0.00233515399653 0.00596503144122  -0.177937483871 -0.0512133213244 0.00181335584555 9
62.032203 1 -0.00163246562961  0.00850127700101  0.00370463007361 -0.00128233168719   0.0266550588333  0.00233244232702 0.00596569791095  -0.177934675582 -0.0512100178488 0.00181335584555 9
62.084286 1 -0.0016350446433  0.0084993135421 0.00369903475107 -0.00128189982112   0.0266530816981  0.00232446365961 0.00596477955716  -0.177925645671 -0.0512031891093 0.00181335584555 9
62.136369 1 -0.00162592299768  0.00849487672317  0.00369393438946 -0.00127007194156   0.0266493021407   0.0023171935487 0.00596442286755   -0.17791804431 -0.0511947232452 0.00181335584555 9
62.188452 1 -0.00163010267576  0.00849305519477  0.00368818830483 -0.00127021602427   0.0266487598627  0.00230899580355 0.00596577427621  -0.177909070283 -0.0511863311793 0.00181335584555 9
62.240537 1 -0.00162148861761  0.00849229448001  0.00368409426237 -0.00125806857112   0.0266474441294  0.00230316045372 0.00596414517592  -0.177903750234 -0.0511769093677 0.00181335584555 9
62.29262 1 -0.00162106321132  0.00849196378241  0.00368025694082 -0.00125381694946   0.0266471284008  0.00229768700683 0.00596371262859  -0.177898520144 -0.0511687511332 0.00181335584555 9
62.344703 1 -0.00162357861768   0.0084895275524  0.00367732502453 -0.00125286508674   0.0266441120351  0.00229350509887 0.00596188788582  -0.177894642517 -0.0511622317901 0.00181335584555 9
62.396786 1 -0.00162453838169  0.00849184805269  0.00367314088024 -0.00125183382497   0.0266472365715  0.00228753698463 0.00596345085196  -0.177887736411 -0.0511572078033 0.00181335584555 9
62.448869 1 -0.0016212344637  0.0084868840241 0.00366897214124 -0.00124671073437   0.0266431502755  0.00228159362935 0.00596353726889  -0.177881030958 -0.0511517244534 0.00181335584555 9
62.500952 1 -0.00161976103129  0.00848475190566  0.00366891533852 -0.00124167707597   0.0266413813885  0.00228150874248 0.00596363034718  -0.177882759843  -0.051145347914 0.00181335584555 9
62.553036 1 -0.00162087805296  0.00848353551286  0.00366782200009 -0.00123966633096   0.0266404283384  0.00227994623845 0.00596369862248  -0.177882190536 -0.0511397675521 0.00181335584555 9
62.605119 1 -0.00161983774897  0.00848507920019  0.00366543994455 -0.00123617670704   0.0266409776152  0.00227655028238 0.00596199519806  -0.177879061805 -0.0511343265829 0.00181335584555 9
62.657202 1 -0.00162114241048  0.00848616047936  0.00366096186947 -0.00123467253253   0.0266420132434  0.00227016408541  0.0059617492051  -0.177871996014 -0.0511278313576 0.00181335584555 9
62.709285 1 -0.00161817704597  0.00848915489911   0.0036579542001 -0.00123156514778   0.0266438740199  0.00226587970109 0.00596007985124  -0.177866647916 -0.0511256966794 0.00181335584555 9
62.761369 1 -0.00161596034896  0.00849188447347  0.00365684695766 -0.00122844080982   0.0266456816655   0.0022643024551 0.00595887326151   -0.17786519702  -0.051123176498 0.00181335584555 9
62.813452 1 -0.00161882010053  0.00849038786908  0.00365623304834 -0.00122874124446   0.0266435767813  0.00226342514169 0.00595736708689  -0.177865180045 -0.0511191261194 0.00181335584555 9
62.865535 1 -0.00161691429421   0.0084905884706  0.00365390220428 -0.00122457495768   0.0266442335707  0.00226010013268 0.00595799334517  -0.177862029671  -0.051113767733 0.00181335584555 9
62.917619 1 -0.00161072609345  0.00849485885759  0.00365081949036 -0.00121773427677    0.026649344609  0.00225570511022 0.00596015339703    -0.1778568844 -0.0511099097295 0.00181335584555 9
62.969702 1 -0.00161171760527  0.00849304236424  0.00364935492919 -0.00121766661238   0.0266480983782  0.00225361546679 0.00596067403511  -0.177854573191 -0.0511076436698 0.00181335584555 9
63.021786 1 -0.00161559611311  0.00849279473789  0.00365283294523 -0.00122152396935   0.0266489571829   0.0022585692912  0.0059629861537  -0.177860851085 -0.0511099313371 0.00181335584555 9
63.073868 1 -0.00161750189769   0.0084925017436  0.00365231682831 -0.00122146745102   0.0266477482119  0.00225783267421  0.0059611609328  -0.177860807849 -0.0511066646951 0.00181335584555 9
63.125952 1 -0.00162090486651  0.00849661374459  0.00365281175785 -0.00122273207099   0.0266514895512  0.00225853450325 0.00596142323572  -0.177862631292 -0.0511037834132 0.00181335584555 9
63.178035 1 -0.00162480273953  0.00849818167987  0.00365068779278 -0.00122530891118   0.0266523017607  0.00225550574234 0.00596020853234  -0.177859069471  -0.051101351503 0.00181335584555 9
63.230118 1 -0.00162628762779  0.00849640631992  0.00365022005836 -0.00122591149624   0.0266516509583  0.00225483581227 0.00596187745014  -0.177858495887 -0.0510998753729 0.00181335584555 9
63.282202 1 -0.00162578581466  0.00849469824701   0.0036444552594 -0.00122504387254    0.026650382026  0.00224661866947 0.00596184313483  -0.177847741022 -0.0510966173388 0.00181335584555 9
63.334285 1 -0.0016206166511 0.00849215010631  0.0036408001016 -0.00121972734522   0.0266487302606  0.00224140926742 0.00596260590746  -0.177841154384 -0.0510936455965 0.00181335584555 9
63.386368 1 -0.0016241783032 0.00849187274689 0.00363848281786 -0.00122279848493    0.026647863343  0.00223810608554 0.00596127185946  -0.177836789674 -0.0510925674603 0.00181335584555 9
63.438451 1 -0.0016167590909 0.00849211519356 0.00363545783386 -0.00121541619437   0.0266493448736   0.0022337945483 0.00596335865741  -0.177831399997 -0.0510896981448 0.00181335584555 9
63.490535 1 -0.00161918330719  0.00849218977969  0.00363401707424 -0.00121700158832   0.0266504145618  0.00223173744398 0.00596516321838  -0.177828889928 -0.0510880187443 0.00181335584555 9
63.542618 1 -0.0016170174429 0.00849409215589 0.00363346159502 -0.00121415940998   0.0266526706474  0.00223094456264  0.0059661903846  -0.177828298485 -0.0510860397928 0.00181335584555 9
63.594702 1 -0.00161799988688   0.0084915652694  0.00363191081871 -0.00121276255393   0.0266511367553  0.00222872984558 0.00596735590014  -0.177826483776  -0.051081222669 0.00181335584555 9
63.646785 1 -0.00161989783797  0.00849324356813  0.00363139859726 -0.00121475274459   0.0266523997258  0.00222799981519 0.00596692470297  -0.177825333096  -0.051081616258 0.00181335584555 9
63.698868 1 -0.00161842821369  0.00848875396699  0.00363064392874 -0.00121350049478   0.0266479907095  0.00222692563838 0.00596597944838  -0.177823871199 -0.0510814240977 0.00181335584555 9
63.750951 1 -0.00161065992795  0.00848538717062  0.00362956958933 -0.00120592695017   0.0266449865736  0.00222539698515 0.00596574606757  -0.177822178932 -0.0510796963303 0.00181335584555 9
63.803035 1 -0.00161394188179  0.00848084597159  0.00362906678073 -0.00120916900163   0.0266409504653  0.00222467924377 0.00596567934412  -0.177820999098 -0.0510801982449 0.00181335584555 9
63.855118 1 -0.00161176391783  0.00847903812889  0.00362656314964 -0.00120774591165   0.0266399607657  0.00222111121833 0.00596664790537  -0.177815868441 -0.0510800279972 0.00181335584555 9
63.907201 1 -0.00162112611692  0.00847609744476  0.00362537018562 -0.00121660665917     0.02663906603  0.00221940415171 0.00596996733729  -0.177813132134 -0.0510806105235 0.00181335584555 9
63.959284 1 -0.00161942806051  0.00847535788207  0.00362621291583 -0.00121398326911   0.0266385985362  0.00222060433731 0.00597036146444  -0.177815361154 -0.0510788773143 0.00181335584555 9
64.011368 1 -0.00161549205251  0.00847451398304  0.00362796569969 -0.00120939026788   0.0266376894164  0.00222310326154 0.00597012600334  -0.177819363062 -0.0510775945912 0.00181335584555 9
64.063451 1 -0.00161188442063  0.00846846027502  0.00362611186042 -0.00120517925867   0.0266323172578  0.00222046133383 0.00596986205044  -0.177816316917 -0.0510749052556 0.00181335584555 9
64.115534 1 -0.00161120722498  0.00847074787579  0.00362458440859 -0.00120339834045   0.0266344376309  0.00221828310901 0.00596990815397  -0.177814011705 -0.0510719368538 0.00181335584555 9
64.167618 1 -0.00161460618347  0.00847220516652   0.0036246353641 -0.00120574808503   0.0266357940126  0.00221835341249 0.00597006930388  -0.177814459625 -0.0510707270047 0.00181335584555 9
64.219701 1 -0.00159904554817  0.00847337971848  0.00362348975043 -0.00119154955779   0.0266379368624  0.00221672479128 0.00597204389462  -0.177812452882 -0.0510692788021 0.00181335584555 9
64.271784 1 -0.00158855496558  0.00847324145339  0.00362347386092 -0.00118084927728   0.0266383673307  0.00221670402622 0.00597303415872   -0.17781319216 -0.0510665340873 0.00181335584555 9
64.323867 1 -0.00158712545461  0.00847097256429  0.00362088469516 -0.00117781703449    0.026636946302  0.00221301118722 0.00597394456488  -0.177809088713 -0.0510619948741 0.00181335584555 9
64.37595 1 -0.00158739142345  0.00846968983699  0.00361493338902 -0.00117655149798   0.0266364683201  0.00220452584329 0.00597474536325  -0.177798282402 -0.0510563874801 0.00181335584555 9
64.428035 1 -0.00158496887809  0.00846929233931  0.00361250420641 -0.00117298022854   0.0266351343762  0.00220106491561 0.00597250776647  -0.177794387122 -0.0510525726792 0.00181335584555 9
64.480118 1 -0.00157724349998  0.00846993240154  0.00361228995191 -0.00116433800695   0.0266359353963  0.00220076039277 0.00597286566269   -0.17779498914 -0.0510489282352 0.00181335584555 9
64.532201 1 -0.00157703620895  0.00846657090548  0.00361063346566 -0.00116245440164   0.0266331145947  0.00219839722312  0.0059729958521  -0.177792678153 -0.0510449212929 0.00181335584555 9
64.584284 1 -0.00157111754532  0.00846283782234  0.00360778157085 -0.00115665569402   0.0266296986243    0.002194334574 0.00597245739785  -0.177787407507 -0.0510425620188 0.00181335584555 9
64.636367 1 -0.00157168481089  0.00846242013508  0.00360499796174 -0.00115516596646   0.0266289234602  0.00219036542062 0.00597135777817  -0.177783093761 -0.0510374047615 0.00181335584555 9
64.688451 1 -0.00156996243034  0.00846259209364  0.00360367023255 -0.00115214041539   0.0266294915293  0.00218847128564 0.00597206007726  -0.177781313832 -0.0510338485539 0.00181335584555 9
64.740534 1 -0.00156871466524  0.00846106882203  0.00360005807301 -0.00114890629204   0.0266276524752  0.00218332201412 0.00597069194402  -0.177775433942 -0.0510280640242 0.00181335584555 9
64.792617 1 -0.00156331974636  0.00845712549933  0.00360093998648 -0.00114135225433   0.0266235203896  0.00218457926504 0.00596932118284  -0.177778797218 -0.0510230143794 0.00181335584555 9
64.8447 1 -0.00156353609767  0.00845941082336  0.00360038392404 -0.00114005520345    0.026626263923  0.00218378357958 0.00597074820125  -0.177778527914 -0.0510197413526 0.00181335584555 9
64.896784 1 -0.00156245766636  0.00845756616698  0.00359799646091 -0.00113742109962   0.0266252118868  0.00218037817459 0.00597171092775  -0.177774749032 -0.0510152823284 0.00181335584555 9
64.948867 1 -0.00156705221562  0.00845541749018  0.00359618708882 -0.0011394160359  0.0266227176686 0.00217779604541 0.00597031335859  -0.177772385824 -0.0510103638945 0.00181335584555 9
65.00095 1 -0.00156138983421  0.00845638052251  0.00359130661254 -0.00113245088989   0.0266240567581  0.00217083937622 0.00597084357685  -0.177763834171 -0.0510041816756 0.00181335584555 9
65.053033 1 -0.00155376725078  0.00845557821323  0.00358854210961 -0.00112372268128   0.0266237634887  0.00216689944032 0.00597138452035   -0.17775949018 -0.0509989119766 0.00181335584555 9
65.105117 1 -0.00155461446633  0.00845774211531  0.00358585599572 -0.00112117168352   0.0266271035454  0.00216306413914 0.00597410945398  -0.177756020236 -0.0509909137442 0.00181335584555 9
65.1572 1 -0.00155649524612  0.00845700133779  0.00358610114306 -0.00112187068706   0.0266276868081  0.00216340918656  0.0059767467444  -0.177757011022 -0.0509890028697 0.00181335584555 9
65.209284 1 -0.00155476338461  0.00845449809116  0.00358525744613 -0.00111857996004   0.0266257334828  0.00216220484913 0.00597717838702  -0.177756351396 -0.0509850363707 0.00181335584555 9
65.261367 1 -0.0015543996249   0.008449550066 0.00358585472118 -0.00111838668086   0.0266218608761  0.00216305535599 0.00597830928169  -0.177757405397 -0.0509856690201 0.00181335584555 9
65.31345 1 -0.00155984011384  0.00844765953449  0.00358560264471 -0.00112343903754   0.0266201665011  0.00216269397535 0.00597829213186  -0.177756753734 -0.0509860479772 0.00181335584555 9
65.365533 1 -0.00156222643865  0.00844825379292  0.00358555891301 -0.00112491364631   0.0266202211902  0.00216263080849 0.00597728643546  -0.177757061972 -0.0509847590924 0.00181335584555 9
65.417616 1 -0.00155645557274  0.00844434586275  0.00358384271409 -0.0011188318688  0.0266179226561  0.0021601838273 0.00597957186898  -0.177754136127 -0.0509819611691 0.00181335584555 9
65.4697 1 -0.00155044738241  0.00844333132744  0.00358160672889 -0.00111245097675   0.0266168407824  0.00215699867914   0.005978915004  -0.177750302873 -0.0509787513944 0.00181335584555 9
65.521783 1 -0.00155342477701  0.00844049850838  0.00358015981542 -0.00111498423759   0.0266153944882  0.00215493291676 0.00598111761823  -0.177747387528 -0.0509778633529 0.00181335584555 9
65.573866 1 -0.00155771289821  0.00843784545882  0.00358192303096 -0.00111950265806   0.0266130887084  0.00215744480276 0.00598141383909  -0.177750466841 -0.0509802554564 0.00181335584555 9
65.625945 1 -0.00155387145774  0.00843677374211  0.00358123316111 -0.00111633751863   0.0266118044755  0.00215646412766 0.00598059867896  -0.177748949947 -0.0509804717179 0.00181335584555 9
65.678033 1 -0.00155393525042  0.00843765426383  0.00358361249659 -0.00111554557802   0.0266120404237  0.00215985538246  0.0059795926478  -0.177754284968 -0.0509798349803 0.00181335584555 9
65.730116 1 -0.00156120099394  0.00843596714163  0.00358238214586 -0.00112103786591   0.0266102827822   0.0021580980375 0.00597895382588   -0.17775237475 -0.0509773187527 0.00181335584555 9
65.782201 1 -0.00156369826833  0.00843210969082  0.00358139612763 -0.00112163927084   0.0266061888108  0.00215669099202 0.00597736966413   -0.17775137889 -0.0509735654354 0.00181335584555 9
65.834283 1 -0.00156368525783  0.00843075648962  0.00357768730544 -0.00111873185926   0.0266053490576  0.00215140088135 0.00597778906908  -0.177745629754 -0.0509656974809 0.00181335584555 9
65.886366 1 -0.00156022755201  0.00842767262663   0.0035771435204 -0.00111378510847   0.0266024150343   0.0021506255046 0.00597722882587  -0.177745683184 -0.0509615143063 0.00181335584555 9
65.938449 1 -0.00155486339667  0.00842698155615  0.00357417090744 -0.00110718969547       0.026601573  0.00214638936733 0.00597638089363  -0.177740817645 -0.0509561840472 0.00181335584555 9
65.990533 1 -0.00155118142204  0.00842958057513  0.00357666561046 -0.00110338633328   0.0266045835673  0.00214994466458 0.0059781305662 -0.177746173011 -0.050956198886 0.00181335584555 9
66.042616 1 -0.00155332330764  0.00842754934181  0.00357633817555 -0.00110428955675   0.0266027436904  0.00214947593565 0.00597801054331  -0.177746120554   -0.05095392712 0.00181335584555 9
66.094694 1 -0.00155130099746  0.00842175953013  0.00357358092855 -0.00110104633333   0.0265969918592  0.00214554641155  0.0059763390958  -0.177741426308 -0.0509496119158 0.00181335584555 9
66.146783 1  -0.001544752623 0.00842223648245 0.00357176541361 -0.00109306881943   0.0265971920185  0.00214295960027 0.00597558303517  -0.177739103536  -0.050944078721 0.00181335584555 9
66.198866 1 -0.00154469989378  0.00842240630478  0.00357175758223 -0.00109161602857   0.0265965741867  0.00214294833715 0.00597381837037  -0.177740006049 -0.0509410868452 0.00181335584555 9
66.250949 1 -0.00153361156933  0.00841567933898  0.00356986589392 -0.00107988650271   0.0265902925485  0.00214025526735 0.00597280427736  -0.177737343659 -0.0509361553112 0.00181335584555 9
66.303037 1 -0.00153346360613  0.00841423469357  0.00356871773646 -0.00107937512333   0.0265886928009  0.00213861905948 0.00597197495205  -0.177735241497  -0.050934836056 0.00181335584555 9
66.355126 1 -0.00153378086279  0.00840958181276  0.00356692793922 -0.00107746172029   0.0265837333032  0.00213606696161   0.00596987738 -0.177733002927 -0.050929254342 0.00181335584555 9
66.407216 1 -0.00152906389205  0.00841171846101  0.00356373128732 -0.00107095696803   0.0265864045751  0.00213150879749 0.00597129169252  -0.177727889249 -0.0509225846762 0.00181335584555 9
66.459306 1 -0.0015290843732 0.00841301420831 0.00356144745959 -0.00106951251633   0.0265880692712  0.00212825107573   0.005972249341  -0.177724104862 -0.0509182450241 0.00181335584555 9
66.511396 1 -0.00153269442873  0.00841055069408  0.00356154489297 -0.00107161639445   0.0265870659806  0.00212838479814  0.0059749902674  -0.177724911547 -0.0509158919722 0.00181335584555 9
66.56348 1 -0.00153280953923  0.00840984859337   0.0035598143579 -0.00107039582391   0.0265867955542  0.00212591607412 0.00597563316373  -0.177722160668 -0.0509121738022 0.00181335584555 9
66.615575 1 -0.00153749267172   0.0084051851732  0.00355838449951 -0.00107383324137   0.0265822481792   0.0021238759971 0.00597458833233   -0.17771967399 -0.0509099776748 0.00181335584555 9
66.667664 1 -0.00153135707566  0.00840631729273   0.0035556231078 -0.00106760080836   0.0265830973038  0.00211994235478 0.00597392254973  -0.177714500971  -0.050906899989 0.00181335584555 9
66.719754 0 -0.00159485956086  0.00987555915335  0.00366139579784 -2.1972762007e-05   0.0145077249072  0.00185762413835 0.00597392254973  -0.177714500971  -0.050906899989 0.00181335584555 10
66.771844 1 -0.00158243699299  0.00984498565702  0.00365329637578 -1.13689979869e-05    0.0144806769974   0.00184608904279 0.00597099866428  -0.177699280126 -0.0509023711979 0.00181335584555 10
66.823934 1 -0.00160125040507   0.0098443586216  0.00363952019006 -2.04922197341e-05    0.0144825641825   0.00182644520305 0.00597072440983  -0.177676628594 -0.0508828278018 0.00181335584555 10
66.876024 1 -0.00157610389143  0.00982287356216  0.00365529521635 1.08200989447e-05   0.0143914422181  0.00184844066753 0.00584276143593  -0.177702828846 -0.0509179414839 0.00181335584555 10
66.928113 1 -0.00160002122025  0.00983238824783  0.00369004143438 -3.96021011832e-05     0.014422365876   0.00189816906404 0.00589943783575  -0.177756651826  -0.050973193215 0.00181335584555 10
66.980203 1 -0.00160776344631  0.00982251363121  0.00366012681668 -3.08661253464e-05    0.0143981000943   0.00185538739197 0.00586306566848  -0.177705318458 -0.0509411635741 0.00181335584555 10
67.032288 1 -0.00159229531257  0.00982572906736  0.00367373392145 -2.89882375405e-05    0.0144081552304   0.00187486179609  0.0058824152713  -0.177726728718 -0.0509622688962 0.00181335584555 10
67.084383 1 -0.00157994884852  0.00982410027484  0.00367376652438 -1.94496133687e-05    0.0143956322909   0.00187484046931 0.00586418169838  -0.177725117194 -0.0509699978515 0.00181335584555 10
67.136472 1 -0.00156899451145  0.00982084560613  0.00368209491297 -1.91964232468e-05    0.0143878815531   0.00188670210793 0.00586115436801  -0.177736077577 -0.0509920158885 0.00181335584555 10
67.188562 1 -0.0015672278867 0.00981095936617 0.00368883828933 -1.85079340457e-05    0.0143741543142   0.00189628583498 0.00585231604652  -0.177747948024 -0.0510002426601 0.00181335584555 10
67.240652 1 -0.00155688843312  0.00980916253233  0.00369169612646 -5.86074578761e-06    0.0143823563252   0.00190042536444  0.0058665829804   -0.17775657289 -0.0509895128421 0.00181335584555 10
67.292741 0 -0.00151058778134   0.0106585398141  0.00375751748602 0.00068801276068   0.014567557243 0.00104690457472  0.0058665829804   -0.17775657289 -0.0509895128421 0.00181335584555 11
67.34483 1 -0.00149331536219    0.010658554273  0.00376766673979 0.000675823737722   0.0145636297022  0.00106134322107 0.00587445893789  -0.177765270268 -0.0510263244701 0.00181335584555 11
67.39692 1 -0.0014915993858  0.0106510451327 0.00376642023274 0.000679341692956    0.014549422646  0.00105953312584 0.00586319541598  -0.177763030195 -0.0510269270553 0.00181335584555 11
67.44901 1 -0.00149058248496   0.0106469399427  0.00378339092558 0.000666411385499   0.0145479500755  0.00108366532239 0.00587209144623  -0.177788612646 -0.0510511753832 0.00181335584555 11
67.501099 1 -0.00148395089699   0.0106493253002  0.00377624874424 0.000669071647167   0.0145442337397  0.00107349978181 0.00586646861253  -0.177774443243 -0.0510528356516 0.00181335584555 11
67.553188 1 -0.00147146588476   0.0106480399487  0.00378900918195 0.000662061336813    0.014551373143   0.0010916925689 0.00588479424961  -0.177792134092 -0.0510753919202 0.00181335584555 11
67.605278 1 -0.00146587289012   0.0106398428123  0.00379321432995 0.000664849722332   0.0145413723191  0.00109765591859 0.00588116082831  -0.177798790517 -0.0510810475308 0.00181335584555 11
67.657366 1 -0.00145789363311   0.0106395738825  0.00379340675136 0.000663332597851   0.0145413165669  0.00109794464177 0.00588514149731   -0.17779640844 -0.0510901289285 0.00181335584555 11
67.709456 1 -0.00144692113676   0.0106396386369  0.00380852846297 0.000653286797309   0.0145400755896  0.00111944557958 0.00589282411462  -0.177816766459 -0.0511208300624 0.00181335584555 11
67.761546 0 -0.0014177317215  0.0113895296094 0.00387335254831 0.00110194516953  0.0156507155054  0.0010166024916 0.00589282411462  -0.177816766459 -0.0511208300624 0.00181335584555 11
67.813635 1 -0.00140952394257   0.0113840517935  0.00387468295156 0.00110367426313   0.015666288186 0.00101854213727 0.00591196301819  -0.177819417057 -0.0511179725337 0.00181335584555 11
67.865724 1 -0.00140919315083   0.0113843675656  0.00389098056854 0.00108610367243  0.0156626686071 0.00104153217031 0.00591547327877  -0.177841866749 -0.0511424027711 0.00181335584555 11
67.917813 1 -0.00140163406329   0.0113812398847  0.00389879575666  0.0010750531381  0.0156638363028 0.00105258501669 0.00592485963648  -0.177850978356 -0.0511590515807 0.00181335584555 11
67.969898 1 -0.00140579696013   0.0113836929903  0.00390620937487 0.00106703931313  0.0156543926995 0.00106301075251 0.00591672781909  -0.177861293954 -0.0511709740311 0.00181335584555 11
68.021992 1 -0.00139849223688   0.0113749571558  0.00390292176494 0.00106956760553  0.0156513209282 0.00105839380743 0.00592054640092  -0.177855314146 -0.0511704780669 0.00181335584555 11
68.074081 1 -0.0014012623342  0.0113735001392 0.00391709964832  0.0010652263886  0.0156351380638 0.00107834530125 0.00590799058432   -0.17787752474 -0.0511846471019 0.00181335584555 11
68.126171 1 -0.00140970673169   0.0113760509834  0.00392790513614 0.00103980702511  0.0156505680215 0.00109363545838 0.00592770617528  -0.177891646126 -0.0512020149383 0.00181335584555 11
68.17826 1 -0.00139917291835   0.0113789219852  0.00393150714808 0.00103957940347   0.015624152047 0.00109865047929 0.00590464944379  -0.177893564197 -0.0512206655382 0.00181335584555 11
68.23035 1 -0.00139532975894    0.011375424399  0.00393859987164 0.00102571294567  0.0156315380748 0.00110870066809 0.00592004740442  -0.177901904932 -0.0512351270044 0.00181335584555 11
68.282438 1 -0.00139491753282   0.0113730357175  0.00393589870748 0.00102831800289  0.0156128417257 0.00110484431947 0.00590340971944  -0.177896684599  -0.051237796775 0.00181335584555 11
68.334527 1 -0.00137645489008   0.0113658058672  0.00395351127474 0.00101715089723  0.0156216749992 0.00112975631288 0.00592602521679  -0.177921175328 -0.0512627000721 0.00181335584555 11
68.386616 1 -0.00137812668755   0.0113597375801  0.00394166895477 0.00102130082235  0.0156111627094 0.00111303705808 0.00591791241558  -0.177902010183 -0.0512543896234 0.00181335584555 11
68.438705 1 -0.00136908506877   0.0113530511198  0.00396296065595 0.00100862328808  0.0156232667338 0.00114313332669 0.00594140429285  -0.177934425098 -0.0512755719581 0.00181335584555 11
68.490794 1 -0.00135531391062    0.011350001658  0.00395910247506 0.00101731892397  0.0156208530349 0.00113770207967 0.00594167004001  -0.177927532281 -0.0512747482773 0.00181335584555 11
68.542883 1 -0.00135187369586   0.0113499507002  0.00397344724203 0.000992406017256    0.015629381589  0.00115798520812 0.00596014663314  -0.177945234321 -0.0513032052929 0.00181335584555 11
68.594973 1 -0.00135484487306   0.0113510416669  0.00399019968795 0.00097221597318  0.0156280797842 0.00118161968089 0.00596523356568  -0.177968817416 -0.0513283323785 0.00181335584555 11
68.647061 1 -0.00135364703581   0.0113428683563  0.00400516934148 0.000956931242121   0.0156169705873  0.00120273493295  0.0059665905514  -0.177989698094 -0.0513519180548 0.00181335584555 11
68.69915 1 -0.00135614131747   0.0113361599321  0.00402111177658 0.000941291462675   0.0156293537273  0.00122527756657 0.00598836880211  -0.178014541814 -0.0513659952458 0.00181335584555 11
68.751239 0 -0.00128213981578   0.0122195798898  0.00407201916602 0.00186562989494  0.0154337159897  0.0007331367974 0.00598836880211  -0.178014541814 -0.0513659952458 0.00181335584555 11
68.803328 1 -0.00126883338626   0.0122185879667  0.00409195520291  0.00184734743774   0.0154378726529 0.000761035612583 0.00600017250403  -0.178041356821 -0.0513912417183 0.00181335584555 11
68.855417 1 -0.00126319491292   0.0122281231317  0.00410154245325  0.00183178212581   0.0154300530498 0.000774419428162 0.00599603736367  -0.178051993842 -0.0514123057344 0.00181335584555 11
68.907501 1 -0.00126127264634   0.0122304363154   0.0041093442229  0.00181591014084   0.0154180037751 0.000785308114752 0.00599146968756  -0.178060250854 -0.0514310017527 0.00181335584555 11
68.959595 1 -0.00126542855685   0.0122312654807  0.00411661550318  0.00179476340092   0.0154053181639 0.000795455220324 0.00598736013959  -0.178067404777 -0.0514503184648 0.00181335584555 11
69.011683 1 -0.00125062767127   0.0122283433862  0.00412697702244  0.00178876617847   0.0153836949443 0.000809913203627  0.0059781594588  -0.178079800155 -0.0514707515725 0.00181335584555 11
69.063772 1 -0.00125040844346   0.0122270489846  0.00411832739382  0.00180190182634   0.0153820165146 0.000797813838867 0.00597363609568  -0.178068468046 -0.0514583661019 0.00181335584555 11
69.115861 1 -0.00124465675956   0.0122175910824  0.00411739919938  0.00180524732928    0.015391090839 0.000796557536723 0.00598478552607  -0.178067782119 -0.0514539383562 0.00181335584555 11
69.16795 1 -0.0012456529402  0.0122096761107 0.00413681800213  0.00178837101859   0.0154087003434 0.000823756067384 0.00600646747531  -0.178097209847 -0.0514670621704 0.00181335584555 11
69.22004 1 -0.00122535036157   0.0122179057476  0.00415479148054  0.00177564409224   0.0153850546238 0.000848838105084 0.00599358346445  -0.178119282125 -0.0515007720234 0.00181335584555 11
69.272128 1 -0.00118162534354   0.0122580643576  0.00419268667068  0.00174967862172    0.015374595013 0.000901767266888  0.0059841020662  -0.178167222581 -0.0515654088554 0.00181335584555 11
69.324217 0 -0.000966503878415    0.0131262841289   0.00406465261519  0.00691398926109   0.0194821297558 -0.00662444485331  0.0059841020662  -0.178167222581 -0.0515654088554 0.00181335584555 11
69.376307 1 -0.000944819122065    0.0131318679818   0.00387911416401  0.00701141847711   0.0196636352416 -0.00688080161399 0.00616912251903  -0.177942073145 -0.0512761293876 0.00181335584555 11
69.428394 0 -0.000597287864564    0.0143215197534   0.00338820017918  0.00321959183153   0.0161041870875 -0.00830354673657 0.00616912251903  -0.177942073145 -0.0512761293876 0.00181335584555 11
69.480482 1 -0.000542635883535    0.0143651783841    0.0034295350997  0.00318713498911   0.0160237046898 -0.00824739937111 0.00611491337512   -0.17797640926 -0.0513809824787 0.00181335584555 11
69.532571 1 -0.000464605110856     0.014412131657   0.00340803051871  0.00312182529316   0.0159986912847 -0.00827669779858 0.00613727067862  -0.177933630636 -0.0514125364397 0.00181335584555 11
69.584661 0 -0.000315447776771    0.0150747683741   0.00279139039569 0.00493691739548 0.00952294210073 -0.0156412439893 0.00613727067862  -0.177933630636 -0.0514125364397 0.00181335584555 11
69.636749 0 -0.000154300578303    0.0155675207463   0.00242800341731 0.000988032471132   0.0106144515152   0.0203229760683 0.00613727067862  -0.177933630636 -0.0514125364397 0.00181335584555 11
69.688837 0 8.37145707004e-05   0.0162583664311  0.00527510641735 0.00868163465994  0.0125556171402  0.0960976880436 0.00613727067862  -0.177933630636 -0.0514125364397 0.00181335584555 11
69.740925 0 0.000905179291858   0.0170111408595   0.0122654143646 0.0250112525563 0.0142984412799  0.163926720332 0.00613727067862  -0.177933630636 -0.0514125364397 0.00181335584555 11
69.793015 0 0.00276139956018  0.0178718937036  0.0218701461805 0.0478267428659 0.0172233018722  0.208744288447 0.00613727067862  -0.177933630636 -0.0514125364397 0.00181335584555 11
69.845097 0 0.00601458027117  0.0189555451507  0.0337309509415  0.077384026289 0.0247489878028  0.250600172593 0.00613727067862  -0.177933630636 -0.0514125364397 0.00181335584555 11
69.897191 0 0.0109379482093  0.020526415259 0.0482531741976  0.110403945722 0.0342629978631  0.307290276585 0.00613727067862  -0.177933630636 -0.0514125364397 0.00181335584555 11
69.94928 0    0.0402840207898 -0.000102428470751    0.0708435983765  0.150522896219 0.0347836787889  0.338775560909 0.00621098210316  -0.178019002902 -0.0512755055582 0.00492901374559 11
70.001368 0  0.0492331947827 0.00487134488252  0.0892074472435  0.171983480989 0.0544311847825  0.349120323372 0.00620924110934  -0.178006706877 -0.0512968742245 0.00629059824312 11
70.053457 0   0.0351579616761 -0.00341745655708    0.120317142822  0.173074635719 0.0655896380424  0.373870815431 0.00611617875374  -0.178046299079 -0.0516386104665 0.00468456308519 11
70.105545 0  0.0449432203105 0.00102346977281   0.136643711903  0.174993900997 0.0834367754905  0.370007404501 0.00599697332762  -0.177958258495 -0.0519592916469 0.00360760471541 11
70.157634 0  0.0460214879597 0.00800336526437   0.159733585186  0.166410978783 0.0978136628589  0.361329376836 0.00546240671741  -0.177841779739 -0.0529172159613 0.00093251909923 11
70.209723 0 0.0479475452555 0.0122562435095  0.181031293041 0.154485083191 0.105672487978 0.353420467761 0.00494061039116  -0.177673105951 -0.0538811279769 0.000533358604303 11
70.261811 0 0.0558186926744 0.0178738934479  0.199872880592 0.141983304984 0.115660777753 0.351234249397 0.00494681620141  -0.177687335405 -0.0538507340479 0.000392539954586 11
70.313894 0 0.0580325353799 0.0242287896313  0.222416623936 0.124423578913 0.129528361709 0.353247448865 0.00380317513118  -0.177541197633 -0.0553871169797 0.000264821042874 11
70.365988 0 0.0600189815972 0.0333860817804  0.241014819517 0.106520077155  0.15272785234  0.35750710953 0.00330267845402  -0.177386329943 -0.0563643967561 0.000161861423918 11
70.418076 0 0.0716058957181 0.0434326442387  0.256962853778 0.0974251652962  0.174888067372  0.354263779469  0.0028972748805  -0.177488559566 -0.0561755218549 -4.58097957126e-06 11
70.470164 0 0.0767752365179 0.0527432291755  0.274360732657 0.0887802546016  0.196293165189  0.342760681989 0.00259616711649  -0.177465946968 -0.0565144780897 -5.29585727131e-05 11
70.522252 0 0.0813892093964 0.0639040698835  0.292978039941 0.0836761211996  0.209585745766  0.340802520895 0.00161913251892  -0.177412209451 -0.0574725548199 -5.75859710348e-05 11
70.57434 0  0.084899954795 0.0752693045921  0.310383083448 0.0785740896825  0.215429909095  0.337409655207 0.00112748862763  -0.177415219531 -0.0578244704806 7.92890327295e-05 11
70.626429 0 0.0807685815169 0.0890895300606  0.325289466282 0.0666298652472   0.22774668565  0.347136652751 -0.00159314278736   -0.177348521079  -0.0598382849195 0.000525822683922 11
70.678517 0 0.0785403914616  0.104358693886  0.347522737544 0.0559925139287  0.231372850462  0.359465805416 -0.00678874541806   -0.177153241102   -0.064771260476 0.000891161680719 11
70.730605 0 0.0802908578943  0.117205733346   0.36751095385 0.0529793028703  0.222288235373  0.358358755919 -0.00817168275434   -0.177080762691  -0.0664100267937 0.00160858700753 11
70.782689 0 0.0813487711398   0.12921990653  0.386270686189 0.0439855427405  0.214544008598  0.359077466876 -0.00821105206135   -0.177135778777  -0.0664588773945 0.00197395591091 11
70.834782 0 0.0819049220876  0.139448908718  0.404122501452 0.0291722285179  0.211964014142  0.365784304452 -0.00886170324773   -0.177396036243  -0.0663914433502 0.00209594889845 11
70.88687 0 0.0839776537697  0.148505907959  0.423071587073 0.0135008543087  0.207761641448  0.370454881853 -0.00980275748481   -0.177930453769  -0.0667231379059 0.00196756390139 11
70.938959 0 0.0848836989899  0.157166719349   0.44353553615 -0.00781316599416    0.193733253054    0.364505929431 -0.00987765850318    -0.17858274818  -0.0666382178791 0.00163908690845 11
70.991046 0 0.0843564163181  0.164054708116  0.462813953197 -0.0263682845159    0.17641728231   0.357940648159 -0.00899748168536   -0.179086682313  -0.0663396386048 0.00110266601638 11
71.043135 0 0.0821807255407  0.170042366514  0.480328499781 -0.0467527943376   0.157079197976   0.355483653881 -0.00760926723157   -0.179572858708  -0.0664481400568 0.000874830123408 11
71.095223 0 0.0793112025288   0.17661157109  0.499995642294 -0.0647368932741   0.137657700687   0.355675638767 -0.00541656894449   -0.180171194193    -0.06720618728 0.000903448087834 11
71.147311 0 0.0730346962658  0.181594491714  0.516401875974 -0.0803053778501    0.11157917971   0.353881296135 -0.00263143378745   -0.180776139107  -0.0679261244596 0.00115694240842 11
71.199399 0 0.0655919368343  0.186094914886  0.534644799275 -0.0919878657685  0.0863200454938   0.354073193916 3.79939532035e-05   -0.181513184554  -0.0688728271677 0.00123485146038 11
71.25149 0 0.0565308943637  0.189390439977  0.551967403397 -0.101192341096 0.0593824946965  0.351650782325 0.00308708800805  -0.182335531357 -0.0700129461987 0.00116645438508 11
71.303576 0 0.0496192388304  0.191902592408  0.570607495574 -0.107453416568 0.0396805801044  0.350669626948 0.00452240943055  -0.182564218556 -0.0712614218363 0.00119602058038 11
71.355663 0 0.042483810536 0.193161471423 0.588068701878 -0.110494143842  0.022511561076  0.348196920825 0.0059452218586 -0.182713638625  -0.07217944186 0.0011781519475 11
71.407752 0 0.0359409822593  0.194447042254  0.604662961506 -0.108029395723  0.010146697115  0.348326124787 0.00728642936537  -0.182676247634 -0.0734097957908 0.00154303813542 11
71.45984 0 0.0301407254772  0.195198042621  0.621798057418   -0.103519109035 -0.00356879940958    0.351111587017  0.0100420277195  -0.182886955946 -0.0742236227088 0.00193222295405 11
71.511928 0 0.0246253238922  0.194605356026  0.639939966414  -0.100107327539 -0.0182073225803   0.345468285688  0.0127493545273  -0.183207917708 -0.0743443015451 0.00202472972856 11
71.564016 0 0.0202256529866  0.193190050752  0.658959989907 -0.0990984551249 -0.0277279171536   0.342172585416  0.0136666898609  -0.183268241992 -0.0746573516968 0.00200817483294 11
71.616104 0 0.0156250776141  0.191784920645  0.677136512401 -0.0982620319225 -0.0347871930295   0.330489371323  0.0163742055966  -0.183626390139 -0.0746463588657 0.00192069140169 11
71.668192 0 0.0106884604448  0.189551561945  0.694636252323 -0.0999791435659 -0.0439714479981   0.316297339929  0.0178948832865   -0.18379670781 -0.0747391930117 0.00185931625837 11
71.720276 0 0.00599432462501   0.186798232998   0.711760849208  -0.101546377985 -0.0512759618581   0.305377312547  0.0211945434193  -0.184100233231 -0.0750509095264 0.00173250043468 11
71.772368 0 0.000914608798536    0.183931598848     0.72801957878    -0.1050273532 -0.0632027406071   0.292678795965  0.0224992446653  -0.184214228233 -0.0752153485019 0.00172301326301 11
71.824456 0 -0.00449005973568    0.180406557018    0.743879838035  -0.108122775864 -0.0746576081591   0.283745729413  0.0237018279141  -0.184319273668 -0.0753986589799 0.0016817864777 11
71.876543 0 -0.00985341091223    0.176381174059    0.759559073198  -0.106271106496 -0.0843070835382   0.272673395057  0.0254636349819  -0.184466546174 -0.0756366322365 0.0016418919909 11
71.928632 0 -0.0140608992637   0.169877310954   0.774614271582  -0.100665885252 -0.0906291660674   0.263595151332 0.0285667435746 -0.184504541637 -0.077522060047 0.00157571034614 11
71.98072 0 -0.0185304353391   0.163768468094   0.788148697792 -0.0891668860483 -0.0956676774701   0.260050163303  0.0295807010101  -0.184423505335 -0.0788405808047 0.0016165593132 11
72.032807 0 -0.0228067341653    0.15879065441   0.802500487244 -0.0771833813014  -0.096024283372   0.256933898187  0.0309241960504  -0.184436647319 -0.0797084947199 0.00163965893188 11
72.084895 0 -0.0265925624766   0.153633884722   0.816875868395 -0.0657816201114 -0.0960057984022   0.258351423008  0.0321006601296  -0.184416327455 -0.0807260430503 0.00163729346175 11
72.136983 0 -0.0292080504307   0.148005123168   0.832397517813 -0.0536495237808 -0.0993859452796   0.248616560008  0.0331855555951  -0.184210477195 -0.0825858198915 0.00156134876376 11
72.189066 0 -0.0324012645588   0.143060618823   0.847335339655 -0.0459721742051 -0.0982864469252   0.240280315675  0.0342798402248  -0.184064314726 -0.0838100363061 0.00147981404424 11
72.241159 0 -0.0342177794448   0.137862249623   0.861433178217  -0.037405505893 -0.0998133775254    0.23630612044  0.0357107121297  -0.183870728813 -0.0857184629567 0.00147214561429 11
72.293247 0 -0.0358566934187   0.132660549005   0.875518942094 -0.0312855570783  -0.100151581219   0.228926889905  0.0372737378349  -0.183681039129 -0.0877480900469 0.00143642846994 11
72.345335 0 -0.0365757375325    0.12788076598     0.8909611941 -0.0285512120707  -0.100732393598   0.226435925954  0.0390154553179  -0.183405865386 -0.0906605774686 0.00137066293246 11
72.397423 0 -0.0377028057475   0.122778818012   0.904779808281 -0.0307252443082  -0.104091044454   0.222849395908   0.040391073094  -0.183203821907 -0.0928048918424 0.00134449593099 11
72.44951 0 -0.0391510699909   0.118066713014   0.917184661453 -0.0338510320679  -0.102719219814   0.214979808081  0.0415489259862  -0.182983802848 -0.0949126935266 0.00129680852674 11
72.501597 0 -0.040194028299  0.113552519074  0.930803378753 -0.037272556005 -0.101167162644  0.218545984107  0.0423894970547  -0.182647284449 -0.0980440731873 0.00126862413075 11
72.553685 0 -0.0415493140953   0.109621129367   0.944335964185 -0.0404625441828  -0.093658143352   0.218909689547  0.043119952945 -0.182166601574 -0.102013748906 0.00126361166346 11
72.605773 0 -0.0428174997182   0.104693299413   0.958804252385 -0.0428680559395 -0.0943046584253   0.215032093181 0.0435632141986 -0.181819757242 -0.105390541678 0.0011760732302 11
72.657856 0 -0.0447216849155   0.100824172874   0.971615085097  -0.045785071857 -0.0906431573248   0.211941069351 0.0441221516206  -0.18150243541 -0.108232775432 0.00117020342389 11
72.709948 0 -0.0463654585213  0.0972188394514    0.98451616534 -0.0480550041705 -0.0893490514709   0.211885215455 0.0446519498677 -0.181069136752 -0.111932521601 0.00117650594838 11
72.762036 0 -0.0486344769377  0.0932546607168   0.997019046632 -0.0498827896759 -0.0868964807207   0.211840352422 0.0449944231841 -0.180763615567 -0.114613778261 0.00117970299896 11
72.814123 0 -0.0496357291656  0.0893155282567     1.0102623979 -0.0491199182712  -0.088045392509   0.210147908966  0.044917165197 -0.180477257714 -0.117652748528 0.00118125751784 11
72.866211 0 -0.0513320965394  0.0849491626834    1.02273620164 -0.0484721877045 -0.0874870630703   0.209649401686 0.0448547460759  -0.18029297118 -0.119664499272 0.00119537706417 11
72.918298 0 -0.0530020506059  0.0812419603987    1.03441051753 -0.0458276359356 -0.0845813547609   0.208223346213 0.0448072504397 -0.179912431843 -0.122483826276 0.00118040798167 11
72.970386 0 -0.0537346514677  0.0773672718936     1.0461645621 -0.0423792148729 -0.0780841414302   0.213227008908 0.0446679578753 -0.179487278243 -0.125755608916 0.0012223967971 11
73.022474 0 -0.0543599489134  0.0739271784737    1.05888346171 -0.0381276495066 -0.0692220054036   0.218627329071 0.0447719498289 -0.179345232903 -0.127413829207 0.00124296195819 11
73.074562 0 -0.0548052968652  0.0703746482649    1.07162167653 -0.0384177270691 -0.0644496951696   0.216232209664 0.0447918193062 -0.179190729162 -0.129318085129 0.00125143385512 11
73.126648 0 -0.0550380513228  0.0673192132337    1.08348684548 -0.0423310156956 -0.0547237914641   0.223155771897 0.0449201336455 -0.178824016875 -0.132229697977 0.0013458457929 11
73.178737 0 -0.0545612857732  0.0655667491114    1.09533877282 -0.0475808339828 -0.0432225881224    0.22669352129  0.045517458488 -0.178361323089 -0.135566542513 0.00158888151596 11
73.230824 0 -0.0551748335846  0.0639980915866    1.10885562774 -0.0543144490247 -0.0380280012744   0.231951248658 0.0464857189141 -0.178172368962 -0.137516797985 0.00165324754366 11
73.282912 0 -0.0570006525161    0.06240676074    1.12356363162 -0.0655559819064 -0.0400972334978    0.23479244852 0.0473173902091 -0.178179043346 -0.138925458141 0.0016545026559 11
73.335 0 -0.0600676919853  0.0606326847901    1.13650469586 -0.0790582382315 -0.0424744853666   0.229106844328 0.0478637291438 -0.178090358912 -0.139651798512 0.00162370428706 11
73.387087 0 -0.0635211516188  0.0589153276637    1.14995874617 -0.0939746391589 -0.0500934175505   0.221553866655 0.0482893501456 -0.177983373562  -0.14084911253 0.00156688885725 11
73.439174 0 -0.0675704536647  0.0558641782693    1.16232169939   -0.10886805719 -0.0595824714039   0.214010963585 0.0487025274871  -0.17797844221 -0.141238128645 0.00165048601435 11
73.491262 0 -0.0718872585233  0.0529787142791    1.17474876574  -0.122121584306 -0.0655152544305   0.209970104397 0.0492954877485 -0.177771168787 -0.142529142932 0.00165353693857 11
73.543349 0 -0.0767479654226  0.0490428678351    1.18626363516  -0.133244002468 -0.0714636485756   0.200025535458 0.0496895246279 -0.177646053874 -0.143378940604 0.00168666008872 11
73.595433 0 -0.082158679623 0.0457789967765   1.19737229915  -0.139187902089 -0.0719286951144   0.192892150021 0.0503529475528 -0.177465045844  -0.14423966519 0.00171516284324 11
73.647524 0 -0.0865536433469  0.0407493667789    1.20803150754  -0.139258987813 -0.0729248418144     0.1897447411 0.0507728486959 -0.177305364735 -0.145415786411 0.00175191804492 11
73.699611 0 -0.0906120695937  0.0363130115841     1.2186640251  -0.133015926002 -0.0697341621263   0.186805352734 0.0514245334863 -0.177155695016 -0.146315130926 0.00178809698669 11
73.751698 0 -0.0945821651058  0.0332157072899    1.22913757929 -0.124031049722 -0.066128153927  0.187718063414  0.051986053872 -0.176865033002 -0.148027686925 0.00184637206549 11
73.803786 0 -0.0979804917172  0.0280067246966    1.23912345003  -0.111757959568 -0.0638371308786   0.188329112181 0.0523526637017 -0.176773699783 -0.148914244999 0.00186644841393 11
73.855873 0 -0.101051749146 0.0248953709316   1.24940134593 -0.0981392758255 -0.0620084752479   0.192430182903 0.0533143139323 -0.176724399114 -0.149029475693 0.00184036162152 11
73.90796 0 -0.102811369314 0.0221328209418   1.25974449594 -0.0827278702332 -0.0541496846941   0.196519933913  0.054386568832 -0.176614559747 -0.149445631634 0.00182049885755 11
73.960048 0 -0.104179695733 0.0193830877038   1.27064524959 -0.0680623821629 -0.0489270156869   0.200708129076 0.0552798760064 -0.176462753398 -0.150357195913 0.00183523740092 11
74.012136 0 -0.106412521607 0.0163678515228   1.28164170395 -0.0576594233917 -0.0463343157835   0.199331324841 0.0562234053761 -0.176641828466  -0.14950463833 0.00178950542316 11
74.064218 0  -0.10666319592 0.0146753280704   1.29218439527 -0.0465594556351 -0.0389461619017   0.193825238258 0.0570346651008 -0.176438941554 -0.150460128873 0.00177741652009 11
74.11631 0 -0.107167660869 0.0129746835055   1.30256109862 -0.0390337248967 -0.0339213370896   0.186720004153 0.0577118158334  -0.17638277944 -0.150807811213 0.00176084965612 11
74.168398 0 -0.107205011637  0.011766376437   1.31227039434 -0.0300026506051 -0.0277087532517   0.178025049835 0.0582650784703 -0.176262929292 -0.151437902374 0.00175694916425 11
74.220485 0 -0.106813758609 0.0108000820989   1.32135478095 -0.0187717745166 -0.0221998945786   0.174768247428 0.0587091489122 -0.176145391262 -0.152068964335 0.00176356728685 11
74.272572 0  -0.105426188503 0.00973419257065    1.33015077982 -0.00423389889494  -0.0171831726385    0.167515250887 0.0590497258346 -0.176040870494 -0.152661099853 0.00176383544662 11
74.324659 0  -0.103374960824 0.00970877518316    1.33804968964  0.0121313813747 -0.0116058298747    0.16597907548 0.0595335835067 -0.175905816089 -0.153272919103 0.00173615968511 11
74.376747 0 -0.100271358414  0.008699521877     1.345991772   0.0287430781069 -0.00961900559565    0.168352266431 0.0597641329023 -0.175867496333 -0.153581804798 0.00175734651217 11
74.428833 0 -0.0971203474705 0.00819703978348    1.35375853306   0.0442407829169 -0.00390210338105    0.172270718626 0.0603517248625  -0.17603068182 -0.152900529002 0.00172966801662 11
74.480921 0 -0.0922631225964  0.0080746791977    1.36211671757  0.0588201702138 0.00361948378048   0.168990499691 0.0605177282687 -0.175859695649 -0.153849747459 0.00174277121697 11
74.533002 0 -0.0873813298914 0.00839141435094    1.37038038319 0.0708891581465 0.0100408043411  0.169381890492 0.0609116515392 -0.175887213759 -0.153839679288 0.00171715649043 11
74.585095 0 -0.0814147896808 0.00971918610035    1.37801287041 0.0822739898662 0.0208896499883  0.169686068888 0.0612053675517 -0.175767987812 -0.154476900209 0.00171739540236 11
74.637182 0 -0.0750674182358  0.0112962260988    1.38742145461 0.0893060633427 0.0273762806371  0.175736920602 0.0613324869658 -0.175551806598 -0.155599787056 0.00171818359437 11
74.689269 0 -0.0693423195629  0.0138768023334    1.39485581747 0.0925741277787 0.0392647894725  0.174840035899 0.0619398519119 -0.175738217126  -0.15481162624 0.0017196996939 11
74.741356 0 -0.0623355593249  0.0171763862301     1.4036706209 0.0962068933903 0.0485702874829  0.182128354536 0.0618323581881 -0.175400910159 -0.156478100446 0.00174742934951 11
74.793444 0 -0.0566206339242  0.0197021615034    1.41302679737 0.0974942545898 0.0540644249964  0.181080059955 0.0621093326568 -0.175420490392 -0.156428079677 0.00175708254062 11
74.845531 0 -0.0498381541701  0.0237847409228    1.42215004729 0.0994672320506 0.0626804517896  0.176329754889 0.0621471057967 -0.175244232726 -0.157339749406 0.00178886005696 11
74.897618 0 -0.044156076077  0.026743154954   1.43102121359  0.101044605545 0.0621064590572  0.173020568704 0.0622180122095 -0.175268207632 -0.157243096389 0.00181242908446 11
74.949705 0 -0.0375366956252  0.0303873871344    1.43987193447  0.106279372604 0.0604619952391  0.174161301194 0.0622760069799 -0.175210304297 -0.157578498405 0.00180589491685 11
75.001787 0 -0.0302732751508  0.0333565004031    1.44843810813 0.113393720905 0.056220601249 0.168326220837 0.0624440734406 -0.175352032501 -0.157076622166 0.00180380418422 11
75.053879 0 -0.022550531616 0.0357147340473   1.45683921702  0.121481970671 0.0517658919297  0.168168867859 0.0623684762941 -0.175230966507 -0.157704606811 0.00182223000723 11
75.105966 0 -0.014181672533 0.0398892447682   1.46577233347  0.130163232614 0.0500838565157  0.177355079546 0.0628732977568 -0.175612439802 -0.156117999633 0.00180266183821 11
75.158054 0 -0.00555732842737   0.0427051940957     1.47499116415  0.136767101612 0.0465737547993  0.183050550924 0.0630290736062 -0.175610477523 -0.156181499385 0.0017983462972 11
75.21014 0 0.00377299138253  0.0449986186612    1.48481144352  0.142437787219 0.0419217899096  0.193233415117 0.0629136118043 -0.175304667238 -0.157657153618 0.00183524907603 11
75.262228 0 0.0121687153531 0.0472628820911   1.49514062408   0.14160395637 0.0361188503993  0.192975584762 0.0630676070695 -0.175266655211 -0.157832419178 0.00182935281484 11
75.314315 0 0.0213061886628 0.0496708911101   1.50623818579 0.139785913786 0.031811050401  0.19782251887 0.0632602193001 -0.175238199702 -0.158037476411 0.00183119619865 11
75.366402 0 0.0302427754054 0.0520841804545   1.51761730408  0.135231643502 0.0307051932106  0.205681003914 0.0631542960069 -0.174810213256 -0.159999277867 0.00183694814487 11
75.418489 0 0.0391880158756 0.0541576549351    1.5297378781  0.128050695011 0.0308290723299  0.205227843153 0.0632021251187 -0.174273958819  -0.16250428064 0.00179570029444 11
75.470575 0 0.0488182023791 0.0566245834376   1.54180400692  0.122374550552 0.0304742248831  0.209186445125 0.0633673817911 -0.173597293961  -0.16572126944 0.00173432248903 11
75.522663 0   0.05716970125 0.0593553553592    1.5540397854 0.116702977115 0.027306103926 0.212054464748 0.0635140854234 -0.173236665651 -0.167388913615 0.0017334143763 11
75.574749 0 0.0652298991209 0.0622534881532    1.5666246105  0.112687399645 0.0323679449114  0.212406067511 0.0636352324633 -0.172871901075 -0.169068699216 0.00173022428041 11
75.626836 0 0.0737382746234  0.065289330991    1.5793341689 0.109457615528 0.037698458464 0.220275346067 0.0638071119309 -0.172510775425 -0.170844189003 0.0017191466688 11
75.678923 0 0.0810567879216 0.0676378088859   1.59222643184  0.105387632206 0.0418063811895  0.220238956232 0.0638267260813 -0.172522201918 -0.170726319632 0.00170661214418 11
75.73101 0 0.0889343346776 0.0723082924313   1.60745362172  0.103613034432 0.0456605354957  0.225469496734 0.0636916191632 -0.172532063807   -0.1704973021 0.0017114794161 11
75.783097 0 0.0955103107866  0.074484497212   1.62061636533 0.0963819264279 0.0428908219569  0.231833052536 0.0635973696292  -0.17254052578 -0.170376899114 0.00171778274428 11
75.835183 0  0.101702303246 0.0779226184742   1.63485255826 0.0887695310696 0.0425817581351  0.229066717823  0.063242029433 -0.172625546405 -0.169609047089 0.00172251437946 11
75.887271 0  0.107382218463 0.0803147207828   1.64838604118 0.0798840419693 0.0425081760085  0.229242217851 0.0630851121271 -0.172621056771 -0.169437287975 0.00172185974589 11
75.939357 0  0.112459932046 0.0829382857373   1.66176344871 0.0714168097337 0.0387359525535  0.226674904993 0.0628341040365 -0.172664511166  -0.16887820966 0.0017377756847 11
75.991444 0  0.117471026312 0.0854881684628   1.67493418267 0.0640870264031 0.0386150115642  0.223060041632 0.0626925443161  -0.17264528796 -0.168732352762 0.00175222918662 11
76.043531 0   0.12267084601 0.0870326660706   1.68843367006 0.0613013440278 0.0388583778527  0.220768958153 0.0624267422981 -0.172541080827 -0.168981294886 0.00172266445046 11
76.095618 0  0.127215924676 0.0897305001382   1.70131942014  0.059933209913 0.0349757241868  0.215959838536 0.0620554049637 -0.172536483877 -0.168667014048 0.00173364302311 11
76.147705 0  0.132947947901 0.0924003674449   1.71511751187 0.0636150593011 0.0282312135028  0.220407083411 0.0617318525216 -0.172425091315 -0.169176409385 0.00172688394613 11
76.199792 0 0.138890184019 0.093574250026  1.72806263884 0.0728904330819 0.0203038568277  0.213404678298 0.0614249944317 -0.172290482573 -0.169766792695 0.00172863306543 11
76.251878 0  0.144128661376 0.0952043686354   1.73969815337 0.0826550777341 0.0180668070067  0.193871397922 0.0611630349225   -0.1723393307 -0.169244311358 0.00174076169382 11
76.303965 0  0.151028712028 0.0974182283406   1.75094446303 0.0963603469865  0.021836369028  0.195487666076 0.0608614536615 -0.172241246592 -0.169819238102 0.00178363233255 11
76.356052 1  0.149506918139 0.0977110980586   1.75024989403 0.0946605016742 0.0226462423156  0.194699803752  0.061202340583 -0.172771172795 -0.167301173611 0.00178306773569 11
76.408139 0  0.155889240314 0.0992979328608   1.76146389237  0.103419958829 0.0184084243678  0.217512570774 0.0610831080251 -0.172681414188  -0.16809566728 0.00200466954604 11
76.460226 0  0.16350314548 0.100856106562   1.7744536758  0.110840734739 0.0191227700614  0.230174594566 0.0611252345037 -0.172530163059 -0.169575876558 0.0022753938742 11
76.512312 0 0.170581102887 0.102186673461  1.78762478712   0.11041043207 0.0186426763402  0.219742609887 0.0613595092559 -0.172433859792 -0.170219842985 0.00231285367363 11
76.564398 0  0.17781394893 0.103489697225  1.80007261017 0.106913702579 0.017687264958 0.209736299918 0.0614265854911 -0.172348325772 -0.170858725092 0.00230650490333 11
76.616486 0 0.185194814857 0.104748191686  1.81246456116  0.101547471517 0.0138510543248  0.209819888404 0.0614190925941 -0.172244304507 -0.171696537495 0.00230807880562 11
76.668572 0 0.191736441975 0.105478190442   1.8247353028 0.0911095399005 0.0101310522649  0.210420368889 0.0616367394487 -0.172139660266 -0.172598432576 0.00228744945206 11
76.720659 0 0.197219070257 0.105347773021   1.8366604799  0.0784368411182 0.00604065857631   0.212903655061 0.0618044172634 -0.172071694629 -0.173111308108 0.0023006721488 11
76.772745 0 0.202387298684 0.106550629527  1.84855568879  0.0657091404384 0.00273074714929   0.207110860066 0.0618349024726 -0.172026711073 -0.173566858901 0.00229892293854 11
76.824832 0 0.207947853444 0.107824645129  1.86132412244   0.0529701444462 -0.00493038377384    0.206052182184 0.0617380791609 -0.171968512088 -0.174203227915 0.00228663438999 11
76.876918 0 0.212292675115 0.107574681824  1.87346347966  0.0399364369261 -0.0155100117491    0.21274925642 0.0618054033345 -0.171903981056  -0.17488210645 0.00228525167153 11
76.929005 0 0.215738984027 0.107737412742  1.88560255048  0.0290633538509 -0.0148814705629   0.214306890669 0.0617680825157 -0.171868080782 -0.175288016761 0.00227649973661 11
76.981092 0 0.219408405235 0.109011853458  1.89850945871  0.0210263418053 -0.0136443327968   0.211600917479 0.0618421695436  -0.17188467743 -0.175816832423 0.00227031518506 11
77.033179 0 0.222869202387   0.1098604087  1.91120992937   0.015455916065 -0.0189200133883   0.217620055324 0.0619030636241 -0.171911850381 -0.176252102892 0.00228389293381 11
77.085265 0  0.22655888564 0.109038229558  1.92414170264  0.0139829990589 -0.0267501294251   0.222589312989 0.0619897928487 -0.171895309947 -0.176997565814 0.00229219593988 11
77.137352 0 0.232566312091 0.111055451515  1.93894912355   0.017203404041 -0.0291298444926   0.223943651552 0.0619107814299 -0.172083866397 -0.177335185713 0.00231500764733 11
77.189439 0 0.236953746012 0.109630084972  1.95130590477  0.0188393240072 -0.0365446769461    0.22831546261 0.0619739790766 -0.172162401246 -0.178110122874 0.00241562226605 11
77.241525 0 0.240335986546 0.110065139848  1.96424833106  0.0208887882456 -0.0384709967173   0.227969605791 0.0618970600335 -0.172366013726 -0.178304272674 0.0024758503237 11
77.293612 0 0.244039186064 0.109499064648  1.97789951466  0.0226851989912 -0.0408716132663   0.228726570414 0.0619732306164 -0.172625466616 -0.178621389518 0.00254522147762 11
77.345698 0  0.24746220969 0.107350575778  1.99139613106  0.0209285735991 -0.0452994777561    0.23011955606 0.0620626345581 -0.172734636825 -0.179015571326 0.00258389997684 11
77.397785 0 0.250637052344 0.105605099147  2.00494745245  0.0169106546543 -0.0478464022006   0.230710159792 0.0619539650418 -0.172855043791 -0.179202671103 0.00259540094934 11
77.449871 0 0.252642933151 0.103926687657   2.0188188836 0.00911474872577 -0.0500163011582   0.234375314581  0.062120856958 -0.173074130117 -0.179177924375 0.00258016300623 11
77.501957 0 0.254338250586 0.101458515972  2.03238772368 0.000372157599441  -0.0547762580335    0.243147894323 0.0621979505284 -0.173193738846 -0.179378585195 0.00259617226877 11
77.554044 0 0.254324753025 0.100141713655  2.04644488318 -0.0076186253522  -0.052142399558   0.241475493556 0.0619218372772 -0.173466908042  -0.17916473069 0.00252954493316 11
77.60613 0  0.255849780174 0.0971325864149   2.06115440523 -0.0146570068796 -0.0488352848205   0.239197070004 0.0617046510314 -0.173652501941 -0.179492836794 0.00247879541239 11
77.658217 0  0.256441392043 0.0941821507948   2.07477195395 -0.0238062664669 -0.0426838944196   0.244632028533 0.0615252313461 -0.173720642441 -0.179822243779 0.00247072336765 11
77.710303 0  0.255676729979 0.0925266997312   2.08844836096 -0.0319801397482 -0.0361917425659   0.249868026171 0.0614378756783 -0.173907156579  -0.17971505346 0.00247337178765 11
77.762389 0  0.254956029704 0.0906343033131   2.10279740944 -0.0392175772341 -0.0272136670863    0.25551641563 0.0612619486524 -0.174042300733 -0.179805653945 0.00247230984891 11
77.814476 0  0.254012226604 0.0886401950868    2.1175228099 -0.0464237838302 -0.0212954396626   0.265680729797  0.061008046108 -0.174084024236   -0.1801285022 0.00246707736726 11
77.866561 0  0.251891222563 0.0886091116225   2.13149824311 -0.0552898813051 -0.0116994606483   0.263822487942 0.0609814468043 -0.174146314894   -0.1799609637 0.00247372901368 11
77.918649 0  0.250047287166 0.0881791349746   2.14638766106  -0.0625560568808 -0.00539331544147    0.260511071007 0.0607584614506  -0.17425228984 -0.180002091733 0.00246880177449 11
77.970735 0  0.247853652454 0.0883535422022   2.16117257496   -0.0696537845957 -4.44145227089e-05     0.259311154851 0.0605462202833 -0.174378165717 -0.179972778357 0.00247624256196 11
78.022822 0  0.245444334944 0.0895565994202   2.17604095956 -0.0777398487009 0.00366616634266    0.26416569873 0.0602721696533 -0.174594386177 -0.179656957619 0.00248701499068 11
78.074908 0  0.242657725343 0.0909198589548   2.19136776807 -0.0868779777156 0.00512418231141   0.268056759102 0.0599055536878 -0.174836392873 -0.179349176147 0.00248750792832 11
78.126995 0  0.239369970636 0.0924103202135   2.20705264248 -0.0957462042623 0.00857413233758   0.270328178113 0.0594558578352 -0.175148563984 -0.178911638639 0.002481158364 11
78.179081 0 0.235164381244 0.093869850318  2.22214572484 -0.106041276713 0.0101223112502  0.274444951672 0.0590938569617 -0.175373335417 -0.178597814615 0.00248657436451 11
78.231168 0  0.230503208491 0.0945330012069     2.237095681 -0.114190928686 0.0128314774171   0.26202770897 0.0588038407042 -0.175449255787 -0.178593309246 0.00247610753122 11
78.283254 0  0.224956619975 0.0972321899954   2.25080072521 -0.123762324012 0.0164657782535   0.25631884435 0.0586689732704 -0.175604959135 -0.178109508612 0.00246079440706 11
78.335337 0  0.219206398939 0.0983307073361   2.26420290672 -0.129338597437 0.0136911181835  0.248487949591 0.0585085096962 -0.175603909692 -0.178153477325 0.00245910279233 11
78.387426 0  0.21395654668 0.101288944337  2.27796235437  -0.13131449128 0.0160579998925  0.248499767305 0.0582065242537 -0.175854365172 -0.177578921792 0.00242575631146 11
78.439513 0 0.209016706851 0.102034557496  2.29245811061 -0.129601424804 0.0191825878708  0.255481980931 0.0575540861155 -0.176003153709 -0.177586396356 0.00243160657862 11
78.491599 0 0.204471877815 0.105361465975  2.30635690076 -0.123687332094 0.0249534561239  0.257569488583 0.0572242311447 -0.176270956977 -0.177018032215 0.00245639459682 11
78.543685 0 0.199964221894 0.106452330437  2.32121096583 -0.116809342383  0.024297405402   0.25816536944 0.0566333484314 -0.176441593988 -0.176981362761 0.00246960378694 11
78.595772 0 0.195741440022 0.108603196603  2.33557609821 -0.111320333006 0.0247069346432  0.260699148884 0.0562457163229 -0.176664112793 -0.176663257915 0.00249619737701 11
78.647858 0 0.191208092518 0.110855006297  2.34956166191 -0.107672227618 0.0236127974753  0.257893178638 0.0560110396829  -0.17683318558 -0.176364410865 0.00250421972096 11
78.699944 0 0.186538800169 0.111532045857  2.36399226773 -0.105493416742 0.0209143684414  0.253084070231  0.055732553903  -0.17693905517 -0.176394391337 0.00251287102917 11
78.75203 0 0.181669953863 0.112851732304  2.37734784461 -0.105369389471 0.0196893200567  0.245770792536  0.055571650323 -0.177028056442 -0.176312779214 0.00251196693126 11
78.804114 0 0.176486122219 0.113418028176  2.39047846598 -0.105615330502 0.0180766700889  0.238705624393  0.055515840202 -0.177074659956 -0.176356702441 0.00250858716667 11
78.856203 0 0.170545436476 0.113464983565   2.4026159793 -0.108502935119 0.0158722143625  0.237227457021 0.0557102710143  -0.17699341119  -0.17647043643 0.00251122568563 11
78.908289 1 0.170653410742  0.11352993538  2.40265139873 -0.108303519929 0.0159957921767  0.237290922245 0.0557728863293 -0.176993390523 -0.176529034455 0.00251140019873 11
78.960375 0 0.163095841215 0.114888050617  2.41541532472 -0.110818053016 0.0200021529469  0.233736323815 0.0559839077734 -0.177215704482 -0.176277566574 0.00251552404505 11
79.012461 0 0.155983809427 0.114531163296  2.42826506374 -0.113087005469 0.0187849062507  0.230330620375 0.0562803054614 -0.177364762176 -0.176237731737 0.00250509034097 11
79.064548 0 0.147795643393 0.114957386319  2.43969020145  -0.11530879655 0.0180383424178  0.230186405275 0.0566095160798 -0.177409943223 -0.176152137372 0.00250659712866 11
79.116634 0 0.139906243751 0.116410077144  2.45156163098 -0.11778958478 0.018563037117 0.229979578312 0.0568416021132 -0.177487716638 -0.176050555174 0.00250821760141 11
79.16872 0 0.131984140096 0.116424730609  2.46327798883 -0.120839963252 0.0159692768459  0.234017215848 0.0570760161536 -0.177520340744 -0.176016982626 0.00250590894171 11
79.220807 0 0.124498846834 0.115959246463  2.47561080949  -0.124924388507 0.00969924196291   0.237930446342 0.0572900818674 -0.177580132642 -0.176019654049 0.00250778095759 11
79.272887 0 0.116516433159 0.117223988114  2.48756676772  -0.130315017162 0.00762188023256   0.232827455413 0.0574080632608 -0.177602478097 -0.175976933964 0.00250584058167 11
79.324979 0 0.108740904631 0.116954127748  2.49996004904  -0.134869461888 0.00563064284333   0.228398726361  0.057591223094 -0.177663756588 -0.175989874001 0.00250501662555 11
79.377065 0 0.100968451491 0.116395901388  2.51200795475 -0.134896252217   0.00201210083  0.219916874771 0.0577703017654 -0.177721391595 -0.176025503769 0.00249874966791 11
79.429151 0 0.0938869781556    0.1171708083    2.5243797441   -0.131116426843 -0.00236481480443    0.216080604018 0.0579957173522 -0.177789070631 -0.176115016693 0.00249240847374 11
79.481237 0 0.0881088894289  0.117666053047   2.53733257944   -0.121073048253 -0.00699317201755    0.218424789686  0.058379226951 -0.177903176572 -0.176354709767 0.00249132587965 11
79.533323 0 0.082524370477 0.117196268016   2.5498016375 -0.108714826387 -0.010084878801  0.223226102138 0.0586646443022    -0.177986344 -0.176553282261 0.00249504402335 11
79.585409 0 0.0772143119051  0.117065900086    2.5622495976 -0.0937429250951 -0.0101613278279   0.228003224016 0.0588904591865 -0.178042410028 -0.176714889812 0.0025049987306 11
79.637495 0 0.0721560241877  0.117880402124    2.5747580981  -0.0803633068792 -0.00995114151776    0.229783324841 0.0590658210545 -0.178062853476 -0.176934590022 0.00251490744149 11
79.689581 0 0.0680179595908  0.117719221295   2.58729588036 -0.0694133296375 -0.0154529929489    0.22772918148 0.0592577813156 -0.178093823472 -0.177100508002 0.00251888949195 11
79.741664 0 0.0639966641802  0.116506142392   2.59957652125 -0.0578700217872 -0.0202683467554   0.224346510382 0.0594084315159 -0.178109809344  -0.17723595307 0.00252158188192 11
79.793753 0 0.0609092775089  0.116475575339   2.61155055837 -0.0446629088864 -0.0211203322406   0.214813426152 0.0595534907231 -0.178116055381 -0.177399181122 0.00251444474798 11
79.845839 0 0.0582696378841  0.114042294703   2.62337996063 -0.0296511550389 -0.0250946824647   0.213465208857 0.0597259831391 -0.178112819387 -0.177675787583 0.00251844011979 11
79.897925 0 0.0559965161178  0.112214101488   2.63485691779 -0.0130839123244 -0.0267043048947   0.213284503882 0.0598079548223 -0.178109141309 -0.177789588574 0.00251938332866 11
79.950011 0 0.0543773773192  0.110956246925   2.64641920824  0.0032717607183 -0.0316700406399   0.214798690036 0.0598608565791 -0.178110320552 -0.177795333387 0.00251338410807 11
80.002098 0 0.0539103505217  0.109403119167   2.65851964615  0.0192320886292 -0.0342308215852   0.226836990345 0.0599813595641 -0.178097755569 -0.177953741034 0.00250488472595 11
80.054184 0 0.0539629810241  0.108166082163   2.67097318807  0.0332162726247 -0.0330059858687    0.23003735791 0.0600635379974 -0.178080145031 -0.178064553887 0.00249389031321 11
80.10627 0 0.0553960730856   0.10633058028   2.68388012346 0.0471811548706 -0.035429502644  0.226527279241 0.0602858237191 -0.178057369926 -0.178369905795 0.00249226382315 11
80.158355 0 0.0586487298907  0.104296639563   2.69622344645 0.0653046739367 -0.035587513595  0.221209376641   0.06047235504 -0.178048489738 -0.178593329412 0.00248413709959 11
80.210436 0 0.0630905076504  0.101782686632   2.70819257464  0.0819313295896 -0.0416020126564   0.215701454317 0.0607218855289 -0.178030124461  -0.17888215561 0.00247151561094 11
80.262528 0 0.0684804748537 0.0994361570501   2.72009026466  0.0965698492989 -0.0513014323369   0.222910611226 0.0609258841735 -0.178012992635 -0.179161624313 0.00247813765075 11
80.314614 0 0.0744497036064 0.0971625845937   2.73225582253   0.106574152352 -0.0608595414464   0.223639803585 0.0610573260596 -0.178000029754 -0.179398826258 0.00247866182943 11
80.366699 0 0.0813133152493 0.0952923772387   2.74456566787   0.111535702009 -0.0670764461337   0.223568932146 0.0611607426756 -0.177961688604 -0.179851142133 0.002465556024 11
80.418786 0 0.0892945690658 0.0927569515744   2.75691523872   0.112276976196 -0.0685743046719   0.221347662994 0.0613656549452 -0.177908554443 -0.180562179077 0.00245448448559 11
80.470871 0 0.0965379754466  0.088975982322   2.76884802813   0.110096332081 -0.0684329780792   0.219406640402 0.0614786510678 -0.177906104845 -0.180883074203 0.00244771573707 11
80.522957 0  0.103639817115 0.0858713744837   2.78071910786  0.104776819224 -0.060781892955   0.22907258519 0.0615257359975 -0.177907267647 -0.181150798622 0.00244951075061 11
80.575043 0  0.110214887365 0.0830998905367   2.79322652142  0.0973906529718 -0.0535119176171   0.234617954792 0.0616305676156  -0.17791972237 -0.181360663745 0.00244786714338 11
80.627129 0  0.116542922647 0.0807337658369   2.80611711093   0.085928139199 -0.0474236617748    0.24253547624 0.0617498099461 -0.177944659246 -0.181537507013 0.00244710383744 11
80.67921 0  0.120679320152 0.0781730389532   2.81896268452   0.068826102925 -0.0468893459167   0.245934877325 0.0617867917422 -0.177948113046 -0.181566627043 0.00244568224262 11
80.731301 0  0.124176276121 0.0756669110607   2.83195888995  0.0504455274245 -0.0488552725307   0.242795404236 0.0618112678424  -0.17795388166 -0.181652521241 0.00244272846894 11
80.783387 0  0.127003980217 0.0731436250566   2.84495736471  0.0308136689966 -0.0494029099028   0.240406140797 0.0618325435841 -0.177968226084  -0.18177217209 0.00243684203873 11
80.835473 0  0.129299168046 0.0713692452856   2.85793110675 0.00978913926182 -0.0448755970962   0.238650704039 0.0618241767864  -0.17799168976 -0.181912038185 0.00242812759559 11
80.887559 0  0.131200614682 0.0695548146511   2.87150945412 -0.0104976154668 -0.0443521409887   0.241417795006 0.0618396080171 -0.178042418738 -0.182069679103 0.0024103200879 11
80.939644 0  0.130044299267 0.0672441053249    2.8841143235 -0.0341412458653 -0.0443692184312      0.244516349 0.0618396080171 -0.178042418738 -0.182069679103 0.0024103200879 11
80.991731 0  0.127668856919 0.0648952064607   2.89683457075 -0.0571767467685    -0.0471297046   0.244030292477 0.0618396080171 -0.178042418738 -0.182069679103 0.0024103200879 11
81.043816 0  0.124131700352 0.0623255037871   2.90950747413 -0.0784516068551 -0.0502139078418   0.240860169955 0.0618396080171 -0.178042418738 -0.182069679103 0.0024103200879 11
81.095902 0  0.119558544613 0.0596602773339   2.92207807623 -0.0974990370501 -0.0509729519107   0.244169995014 0.0618396080171 -0.178042418738 -0.182069679103 0.0024103200879 11
81.147988 0  0.114028325871 0.0571032847974   2.93489375052  -0.113958988181 -0.0471334624942   0.246989123457 0.0618396080171 -0.178042418738 -0.182069679103 0.0024103200879 11
81.200074 0  0.107727786931 0.0546984789113    2.9478037778  -0.127828837125 -0.0467331975759   0.247246255497 0.0618396080171 -0.178042418738 -0.182069679103 0.0024103200879 11
81.25216 0  0.100761448648 0.0522566055324    2.9605063764  -0.139054867122 -0.0450187948074   0.241143293614 0.0618396080171 -0.178042418738 -0.182069679103 0.0024103200879 11
81.304245 0 0.0933256936345 0.0500279125949   2.97333361671  -0.145807009132 -0.0399373430951   0.252798213644 0.0618396080171 -0.178042418738 -0.182069679103 0.0024103200879 11
81.356331 0 0.0856546589487 0.0480925335838   2.98685226099  -0.149611129822 -0.0356999958846   0.268713388274 0.0618396080171 -0.178042418738 -0.182069679103 0.0024103200879 11
81.408417 0  0.077837352584 0.0463131967359   3.00110835772  -0.151553759094 -0.0318895084534     0.2758993534 0.0618396080171 -0.178042418738 -0.182069679103 0.0024103200879 11
81.460503 0  0.069886858701 0.0447174513769   3.01545866346  -0.153433645083 -0.0285584033482    0.27612894984 0.0618396080171 -0.178042418738 -0.182069679103 0.0024103200879 11
81.512588 0 0.0618696277832 0.0434659668457   3.02991915252  -0.153768530521 -0.0213887887848   0.279627554249 0.0618396080171 -0.178042418738 -0.182069679103 0.0024103200879 11
81.564674 0 0.0538274761977 0.0424729580528   3.04475921735   -0.1550499099 -0.017354212841  0.290811987539 0.0618396080171 -0.178042418738 -0.182069679103 0.0024103200879 11
81.61676 0 0.0456779438819 0.0416093144376   3.06020296593   -0.15799179846 -0.0163378570092    0.30179089053 0.0618396080171 -0.178042418738 -0.182069679103 0.0024103200879 11
81.668845 0 0.0373580995336 0.0407931870913   3.07592314367   -0.16174553956 -0.0154222106001   0.299340693639 0.0618396080171 -0.178042418738 -0.182069679103 0.0024103200879 11
81.720931 0 0.0287624648901 0.0399516296744      3.09142121  -0.168672309466 -0.0167854618676   0.294747184612 0.0618396080171 -0.178042418738 -0.182069679103 0.0024103200879 11
81.773017 0 0.0197292928385 0.0390345895361   3.10670730406  -0.178382264219 -0.0187389694362   0.292581866255 0.0618396080171 -0.178042418738 -0.182069679103 0.0024103200879 11
81.825103 0 0.0101401913135 0.0380447843063   3.12179540984 -0.189643675211 -0.019935710636  0.288227416671 0.0618396080171 -0.178042418738 -0.182069679103 0.0024103200879 11
81.877188 0 -5.57566845747e-05    0.0368933324587      3.13666973117  -0.201675590865 -0.0250234205444    0.28068732187 0.0618396080171 -0.178042418738 -0.182069679103 0.0024103200879 11
81.929274 0 -0.0108830549729  0.0355370248065    3.15110050409  -0.213543188876 -0.0274691936028    0.27533078191 0.0618396080171 -0.178042418738 -0.182069679103 0.0024103200879 11
81.98136 0 -0.0222146180405  0.0339826191374    3.16526209917  -0.221327442488 -0.0302393786745   0.267176670106 0.0618396080171 -0.178042418738 -0.182069679103 0.0024103200879 11
82.033446 0 -0.0338568511977  0.0322488489968    3.17909633984 -0.225177230888 -0.034776162004  0.262819514315 0.0618396080171 -0.178042418738 -0.182069679103 0.0024103200879 11
82.085531 0 -0.0455632658264  0.0303082973085    3.19270779707  -0.223464423265 -0.0380290006183    0.26392552058 0.0618396080171 -0.178042418738 -0.182069679103 0.0024103200879 11
82.137617 0 -0.0570980230886  0.0281350897671     3.2065420917  -0.218363941551 -0.0424992291749   0.263930097575 0.0618396080171 -0.178042418738 -0.182069679103 0.0024103200879 11
82.189703 0 -0.0682439711613  0.0258206910012    3.22028235154   -0.20930592603 -0.0459898743575   0.265925442084 0.0618396080171 -0.178042418738 -0.182069679103 0.0024103200879 11
82.241788 0 -0.0788422551526  0.0233415093629    3.23413352155  -0.196584034048 -0.0494459643527   0.266585262264 0.0618396080171 -0.178042418738 -0.182069679103 0.0024103200879 11
82.293874 0 -0.0886934313336  0.0206702001272    3.24810975728  -0.181241907341 -0.0544063301706   0.266146869106 0.0618396080171 -0.178042418738 -0.182069679103 0.0024103200879 11
82.345959 0 -0.0977114951575  0.0178244126039    3.26185448581 -0.165202894405 -0.054910600443  0.264463963317 0.0618396080171 -0.178042418738 -0.182069679103 0.0024103200879 11
82.398044 0 -0.105868723334 0.0150095397286   3.27556494563  -0.147828056058 -0.0532293421969    0.26236246861 0.0618396080171 -0.178042418738 -0.182069679103 0.0024103200879 11
82.450131 0 -0.113098062593 0.0123143571683   3.28933160508  -0.130382196742 -0.0498583814851   0.264908708404 0.0618396080171 -0.178042418738 -0.182069679103 0.0024103200879 11
82.502217 0   -0.11937506222 0.00981272357531    3.30294923766  -0.111742097526 -0.0472955421828   0.260692198728 0.0618396080171 -0.178042418738 -0.182069679103 0.0024103200879 11
82.554301 0  -0.124854021927 0.00737034640722    3.31648264841 -0.0987646773076  -0.043772251081   0.257402664519 0.0618396080171 -0.178042418738 -0.182069679103 0.0024103200879 11
82.606384 0  -0.129715605955 0.00513999527668    3.33007240682 -0.0882280032052 -0.0398612573117     0.2643899747 0.0618396080171 -0.178042418738 -0.182069679103 0.0024103200879 11
82.658473 0  -0.134126510638 0.00317340370149    3.34377803201 -0.0818225071563 -0.0348286252148    0.26185428825 0.0618396080171 -0.178042418738 -0.182069679103 0.0024103200879 11
82.710558 0  -0.138334422943 0.00159591816532    3.35748045108 -0.0798780726341 -0.0260656603659   0.262445031417 0.0618396080171 -0.178042418738 -0.182069679103 0.0024103200879 11
82.762644 0   -0.142484186688 0.000569199828023     3.37100559994  -0.079986567699 -0.0139472795201   0.257496016938 0.0618396080171 -0.178042418738 -0.182069679103 0.0024103200879 11
82.814729 0   -0.146604997699 0.000152011550879     3.38439763049  -0.0790135635904 -0.00227417126228    0.257888664284 0.0618396080171 -0.178042418738 -0.182069679103 0.0024103200879 11
82.866815 0   -0.150713545962 0.000395445006556     3.39799474917 -0.0787806607401   0.010283875064   0.263256558155 0.0618396080171 -0.178042418738 -0.182069679103 0.0024103200879 11
82.918901 0  -0.154838313205 0.00113998644016    3.41199902019 -0.0792594258719  0.0189941697518   0.274461339831 0.0618396080171 -0.178042418738 -0.182069679103 0.0024103200879 11
82.970986 0  -0.159050681396 0.00240827072328    3.42638324962 -0.0821058505283  0.0274394569787    0.27754559653 0.0618396080171 -0.178042418738 -0.182069679103 0.0024103200879 11
83.023072 0  -0.163460187344 0.00395439298824    3.44074213759 -0.0875548798132  0.0296580936151   0.276504341533 0.0618396080171 -0.178042418738 -0.182069679103 0.0024103200879 11
83.075154 0  -0.168189538936 0.00559163149078    3.45505177657 -0.094084387903 0.0322587172485  0.269288424441 0.0618396080171 -0.178042418738 -0.182069679103 0.0024103200879 11
83.127243 1  -0.131183605401 -0.0113657997589    3.45936382128 -0.0668239520184  0.0202504516468   0.270270145854 0.0654506100108 -0.178396409201 -0.180807631281 0.00240950520008 11
83.179328 1  -0.103626556057 -0.0262259468433    3.46274055883 -0.0465436850177 0.00958534929992   0.271110799193 0.0678752906082 -0.178679955733 -0.179926603315 0.00240883546485 11
83.231414 0  -0.106212181312 -0.0256728185217    3.47696045095  -0.05298694351 0.0127083414873  0.271937995575 0.0678752906082 -0.178679955733 -0.179926603315 0.00240883546485 11
83.2835 0  -0.109077085107 -0.0250415592663    3.49069762453 -0.0565530471582  0.0124383516874   0.257434268426 0.0678752906082 -0.178679955733 -0.179926603315 0.00240883546485 11
83.335585 0  -0.112016509264 -0.0244102497117    3.50377755405 -0.0549628973151  0.0131244152573   0.245121583145 0.0678752906082 -0.178679955733 -0.179926603315 0.00240883546485 11
83.38767 0 -0.114695217771 -0.023634959362    3.5164025212 -0.0473908692625  0.0172984354141   0.243036582861 0.0678752906082 -0.178679955733 -0.179926603315 0.00240883546485 11
83.439756 0   -0.11688189201 -0.0226113551896    3.52915303331 -0.0366992167115  0.0218869318648   0.243032181937 0.0678752906082 -0.178679955733 -0.179926603315 0.00240883546485 11
83.491842 0  -0.118553346885 -0.0214006678325    3.54206610548 -0.0275435607341  0.0245031545735   0.252040742421 0.0678752906082 -0.178679955733 -0.179926603315 0.00240883546485 11
83.543923 0 -0.119796516409 -0.020049712606   3.55506138211 -0.0204917369821  0.0262834078038   0.248953118441 0.0678752906082 -0.178679955733 -0.179926603315 0.00240883546485 11
83.596012 0  -0.120705764842 -0.0185214763708    3.56812566241 -0.0142756353767  0.0322165633322   0.249272803985 0.0678752906082 -0.178679955733 -0.179926603315 0.00240883546485 11
83.648098 0  -0.121338459086 -0.0167594808801    3.58090864952 -0.00987768884886   0.0344633494022    0.242884684499 0.0678752906082 -0.178679955733 -0.179926603315 0.00240883546485 11
83.700183 0  -0.121735155332 -0.0149510633372    3.59339933418 -0.00541699052003   0.0341092463625    0.238932742043 0.0678752906082 -0.178679955733 -0.179926603315 0.00240883546485 11
83.752268 0  -0.121909516466 -0.0131810221861    3.60582610945 -0.00215864265458    0.033642690362    0.237558218037 0.0678752906082 -0.178679955733 -0.179926603315 0.00240883546485 11
83.804354 0  -0.121985222144 -0.0113991957731    3.61814397938 -0.000705319516519    0.0332265050861     0.236152455717 0.0678752906082 -0.178679955733 -0.179926603315 0.00240883546485 11
83.85644 0   -0.121948140237 -0.00967298633038     3.63048967612 0.00159080552625  0.0314724714002   0.239770556109 0.0678752906082 -0.178679955733 -0.179926603315 0.00240883546485 11
83.908525 0   -0.121826789843 -0.00804147896479     3.64321049047 0.00244726933175  0.0292677520375   0.244849292679 0.0678752906082 -0.178679955733 -0.179926603315 0.00240883546485 11
83.96061 0    -0.12170290235 -0.00647840705507     3.65588910973 0.00223295075667   0.030099613146    0.24328831654 0.0678752906082 -0.178679955733 -0.179926603315 0.00240883546485 11
84.01269 0   -0.121565712062 -0.00489398755836     3.66837972311 0.00289332494291  0.0314534215714   0.234373054058 0.0678752906082 -0.178679955733 -0.179926603315 0.00240883546485 11
84.064781 0   -0.121459326715 -0.00331548976976     3.68055481307 0.00143268545664  0.0308760484931   0.236768096064 0.0678752906082 -0.178679955733 -0.179926603315 0.00240883546485 11
84.116866 0   -0.121388718081 -0.00172294321435     3.69282994737 0.000875720709883   0.0293291491468    0.235672852145 0.0678752906082 -0.178679955733 -0.179926603315 0.00240883546485 11
84.168952 0   -0.121388729951 -0.00022522004129     3.70507292362 -0.00145574610702   0.0288434336671    0.231916030933 0.0678752906082 -0.178679955733 -0.179926603315 0.00240883546485 11
84.221038 0 -0.0310725378217   0.117793708286    3.72158934351 0.0441156974566 0.0897987651261  0.225177783375 0.0710179423053 -0.177429623193 -0.183814761336 0.00241184761138 11
84.273123 0 -0.0290497014299   0.131162901847    3.72279168142   0.04449821605 0.0969313884044  0.219781356751 0.0728035873759 -0.177308721922 -0.183040525261 0.00241097912208 11
84.325208 0 -0.0233785939432   0.136201467192    3.73200569809 0.0463960393256 0.0996546667915   0.21812579175 0.0736751318589 -0.177329137808 -0.182698944002 0.00241317758008 11
84.377293 0 -0.0172946015586   0.140201143476    3.74091035158 0.048239828212 0.101200325107  0.21333911739 0.0743963565788 -0.177290416919 -0.182532450095 0.00240923677381 11
84.429378 0 0.0522765626385  0.106912843012    3.7069530954 0.0879436594139 0.0841115084429  0.192242833072 0.0832958263352 -0.177758666837 -0.175995443919 0.00240128061116 11
84.481458 0 0.0639661131994  0.108837498878    3.7159354044 0.0966161239069 0.0840830412927  0.187053983691 0.0838699917189 -0.177744748205 -0.175998472366 0.00238511407482 11
84.533549 0 0.0750694494343  0.111940574192   3.72440977385  0.107613437965 0.0837305713008  0.182521493388  0.084524376699 -0.177680658129 -0.176094587313 0.00237251161224 11
84.585635 0 0.0866420641292  0.114436130879   3.73284716591  0.120069276273 0.0827189576657  0.181485799694 0.0850977277131 -0.177601019666 -0.176254853169 0.00236579748499 11
84.63772 0  0.129544433264 0.0923339628761   3.71272613349  0.150953456138 0.0648844273182  0.171082068599 0.0899492801986 -0.177868707029 -0.172439892949 0.00236873002209 11
84.689805 0  0.193450711604 0.0559189209893   3.67496417126  0.194963910765 0.0434855600582  0.154871626964 0.0975972293215 -0.178349455747 -0.166208272316 0.00237583411974 11
84.74189 0    0.2119562655 0.0520984399643    3.6759636535  0.211186687134 0.0380012113743  0.156603334765 0.0988038725561  -0.17844388752 -0.165208183115 0.00237570415514 11
84.793976 0  0.225195722425 0.0528938889505   3.68355455255  0.223155952205 0.0396782578616  0.157981643034 0.0989455508727 -0.178402182484 -0.165343784358 0.00237566049247 11
84.846061 0  0.240572311637 0.0510063065698   3.68597406298  0.233826548325 0.0462195260856  0.167875871089 0.0998406691213 -0.178510318216 -0.164415254122 0.00238096687407 11
84.898146 0 0.253889895505 0.052210429108  3.69410867379  0.239301365052 0.0502734632033  0.178015004856 0.0999677880397 -0.178491063392 -0.164419069033 0.00238530394402 11
84.950231 0  0.267656013252 0.0536076664229   3.70165346785  0.235942443758 0.0548450653474  0.189568625063  0.100381375627 -0.178554002136 -0.163965821091 0.00238036586254 11
85.002317 0  0.280099406295 0.0564772653342   3.71130482477 0.226908405996 0.061576812971 0.191931558607  0.100429375547 -0.178561077015 -0.163910877392 0.0023821350177 11
85.054402 0  0.291517356284 0.0598746302164   3.72131436528  0.211435954795 0.0669312788289  0.193485147472  0.100432799293 -0.178563184726 -0.163902210913 0.00238236376477 11
85.106487 0 0.302179704933 0.063335395598  3.73146340594  0.194428519782 0.0738741595593  0.193241009672   0.10042138454 -0.178553008532  -0.16394140805 0.00238064753151 11
85.158573 0  0.311744730756 0.0671954137619   3.74189713058  0.175524076431 0.0761299938684  0.199636672891  0.100392034786 -0.178539480218 -0.164013301828 0.00237778334661 11
85.210658 0  0.320721523124 0.0710387409682   3.75228099303  0.155674146629 0.0797068606991  0.205312186925  0.100408350695 -0.178534845478 -0.164011857747 0.00237932398839 11
85.262743 0 0.340552445046 0.069758539833  3.75633493134  0.144665321139 0.0714539368133  0.208425516971  0.102175733358 -0.178737829552 -0.162498126636 0.00235192926607 11
85.314828 0  0.364491062332 0.0662711724683   3.76039917112  0.141543968773 0.0603860452201  0.216230614139  0.103983135826 -0.178860917188 -0.161259888742 0.0023130494927 11
85.366913 0  0.384320638054 0.0645376172703   3.76435352592  0.134527594233 0.0533295984054  0.215007533337  0.105525885158 -0.179077010938 -0.159674970319 0.00232881629438 11
85.418998 0   0.39600958199 0.0653937025754   3.77231578328  0.120087316796 0.0439613617754  0.218457356755  0.106237081695 -0.179195089263 -0.158904227109 0.00233460832357 11
85.471084 0  0.405976550419 0.0680965602923   3.78220666804  0.10693945497 0.036904375111 0.219113550795  0.106791572138 -0.179286865628 -0.158395645922 0.00234564914065 11
85.523169 0 0.420222769405 0.066298825867  3.78864762527 0.0997632469999 0.0237702438149  0.222715279419  0.107676204644 -0.179405385063  -0.15747383799 0.00236254265926 11
85.575254 0  0.426314257591 0.0683761399757    3.8011633777 0.0868356980884 0.0168128080911  0.223455927356  0.107735128216  -0.17940109789 -0.157641790639 0.00234443003782 11
85.627339 0 0.431388049799 0.069772908282  3.81340395437 0.0755041275388 0.0101307465376  0.227817770708  0.107725231214 -0.179364370852 -0.157838751145 0.00234122855968 11
85.679425 0  0.434921596164 0.0700627262432   3.82540442482  0.0610535473042 0.00217131911835    0.23298462747  0.107725231214 -0.179364370852 -0.157838751145 0.00234122855968 11
85.73151 0  0.437760963204 0.0699416437833   3.83772572759   0.0480177395214 -0.00701024956827    0.240302598754  0.107725231214 -0.179364370852 -0.157838751145 0.00234122855968 11
85.783595 0  0.43999031547 0.069371044005  3.85026405892  0.0373673154603 -0.0130260309584    0.24124952018  0.107725231214 -0.179364370852 -0.157838751145 0.00234122855968 11
85.83568 0  0.441665992465 0.0685996374081   3.86321358125 0.0267411528861 -0.016676640753  0.255558411544  0.107725231214 -0.179364370852 -0.157838751145 0.00234122855968 11
85.887765 0  0.447433127272 0.0753340668656    3.8818025311     0.027198846273 -3.01022370629e-06      0.26830068268  0.106972560794 -0.179007733663 -0.159521642658 0.0023182845902 11
85.93985 0  0.470433656315 0.0618901544996   3.89679133497  0.0400506631305 -0.0252993371518   0.264307012001  0.107485989739 -0.178980610417  -0.15946449212 0.0023663009096 11
85.991935 0  0.472197612747 0.0601103956867    3.9101473327 0.0294233869649 -0.028407233818  0.258846935038   0.10754190364 -0.178994685055 -0.159375833638 0.00236549320135 11
86.044021 0  0.473688516889 0.0573201936514   3.92336170936  0.0211020886273 -0.0355298715172   0.260726264552  0.107591713319 -0.178999108097 -0.159307607827 0.00236274373449 11
86.096106 0  0.482202491859 0.0517458981015   3.94052327718  0.0254785746847 -0.0467516532531    0.27026358629  0.107422801944 -0.178866706641 -0.159841514474 0.00235298068601 11
86.148192 0  0.491554244573 0.0477691627871    3.9597531178  0.0304008559999 -0.0547808590068   0.288854328461  0.107080287332 -0.178678242694 -0.160663433197 0.00234825610285 11
86.200276 0  0.495259563809 0.0457108224652   3.97667878862   0.023389496309 -0.0591473343281   0.301859920311  0.106985553444 -0.178630326434 -0.160902139448 0.00235612734237 11
86.252362 0  0.498022615423 0.0431459477173   3.99382265287  0.0122279587936 -0.0629409703269   0.306998309692  0.106863456527 -0.178585219217 -0.161129097812 0.00235790096683 11
86.304447 0  0.50564388029 0.041113670213   4.0153075978 0.00770548844661 -0.0684369047518   0.311775558201  0.106348245832 -0.178375882341 -0.162055281836 0.00235495898891 11
86.356532 0  0.506017777072 0.0379990226793    4.0315080956 -0.0123902128336 -0.0731344418546   0.304628172009  0.106289776149 -0.178369402804 -0.162113637761 0.00235481784821 11
86.408617 0  0.505680168154 0.0352075113895   4.04756580301  -0.031852519078 -0.0741104079574   0.292059937222  0.106173522968 -0.178358532304 -0.162247429403 0.00234767758658 11
86.460701 0  0.503923743279 0.0320269254579   4.06281852969 -0.0519060379564 -0.0783422415205   0.266619299749    0.1061508411 -0.178378389771 -0.162269978579 0.00234161622952 11
86.512787 0  0.504835035399 0.0295869451603   4.08091920023  -0.062399373751 -0.0859278728807    0.24082486711  0.105946649697 -0.178388869612 -0.162594417007 0.00231487968038 11
86.564872 0  0.501117057544 0.0249099675671    4.0925139055 -0.080847849005 -0.092908802963  0.205204384477  0.105946649697 -0.178388869612 -0.162594417007 0.00231487968038 11
86.616957 0  0.496502003123 0.0198981529485   4.10215119285 -0.0962036141203 -0.0994181682227   0.163813108328  0.105946649697 -0.178388869612 -0.162594417007 0.00231487968038 11
86.669042 0  0.491186585224 0.0144496643727   4.10976372911 -0.108090840948 -0.109354806568  0.130292439572  0.105946649697 -0.178388869612 -0.162594417007 0.00231487968038 11
86.721127 0   0.485396948874 0.00859687545143    4.11557683379 -0.113603037022 -0.114664454264 0.0941803676485  0.105946649697 -0.178388869612 -0.162594417007 0.00231487968038 11
86.773212 0   0.479429182558 0.00252926265894    4.11968059286  -0.11461704909 -0.117750703455 0.0648576388634  0.105946649697 -0.178388869612 -0.162594417007 0.00231487968038 11
86.825297 0    0.473544363452 -0.00366230166929     4.12250960991  -0.11031345326 -0.119097196087 0.0437057892616  0.105946649697 -0.178388869612 -0.162594417007 0.00231487968038 11
86.877381 0     0.46798066626 -0.00994632102717     4.12453752292 -0.103579905037 -0.120466294116 0.0350619027993  0.105946649697 -0.178388869612 -0.162594417007 0.00231487968038 11
86.929467 0   0.462827954271 -0.0160304800083    4.12587999978 -0.094916557329 -0.113938357073 0.0182795588685  0.105946649697 -0.178388869612 -0.162594417007 0.00231487968038 11
86.981552 0  0.458038658611 -0.021659353904   4.12670205878 -0.0899470860526  -0.104097439321  0.0111225255094  0.105946649697 -0.178388869612 -0.162594417007 0.00231487968038 11
87.033637 0   0.453445525603 -0.0267895021006    4.12704235766  -0.087602951954 -0.0934883207688 0.00503485030859  0.105946649697 -0.178388869612 -0.162594417007 0.00231487968038 11
87.085722 0   0.448886733299 -0.0313388030011    4.12713687943    -0.08812208138  -0.0806415017872 -0.00105047049103  0.105946649697 -0.178388869612 -0.162594417007 0.00231487968038 11
87.137807 0   0.444158757601 -0.0351776248756    4.12709075962  -0.0942388875804  -0.0664360718333 -0.00137548027815  0.105946649697 -0.178388869612 -0.162594417007 0.00231487968038 11
87.189892 0   0.439037003828 -0.0382759784439    4.12685470559   -0.103190515736  -0.0532364324912 -0.00615138023269  0.105946649697 -0.178388869612 -0.162594417007 0.00231487968038 11
87.241978 0   0.433363718559 -0.0406596044887    4.12637105553  -0.115538205177 -0.0383448783527 -0.0109572003257  0.105946649697 -0.178388869612 -0.162594417007 0.00231487968038 11
87.294063 0  0.427018685341 -0.042322308447   4.12559806351  -0.128669083395  -0.024424278135 -0.0215868158596  0.105946649697 -0.178388869612 -0.162594417007 0.00231487968038 11
87.346142 0   0.419923026215 -0.0432734905291    4.12434629762  -0.143743089181 -0.0106933469626 -0.0256026467817  0.105946649697 -0.178388869612 -0.162594417007 0.00231487968038 11
87.398232 0    0.41202827036 -0.0435101291615    4.12272528769  -0.159478919043 0.00214690237051 -0.0345465498579  0.105946649697 -0.178388869612 -0.162594417007 0.00231487968038 11
87.450318 0   0.403312575629 -0.0430571116004    4.12079036168  -0.174922427874  0.0164311428798 -0.0392258490812  0.105946649697 -0.178388869612 -0.162594417007 0.00231487968038 11
87.502402 0  0.393853632042 -0.041874788786   4.11884445323  -0.187549362213  0.0296442798188 -0.0360307361782  0.105946649697 -0.178388869612 -0.162594417007 0.00231487968038 11
87.554488 0    0.38378492973 -0.0400059285457    4.11689750013  -0.198346366389  0.0418197841601 -0.0386946536432  0.105946649697 -0.178388869612 -0.162594417007 0.00231487968038 11
87.606572 0   0.373188815004 -0.0375097220281    4.11494183308  -0.208116838416  0.0550568211682 -0.0363313174234  0.105946649697 -0.178388869612 -0.162594417007 0.00231487968038 11
87.658658 0  0.362128907474 -0.034375909516   4.11308351127  -0.216031438127  0.0663503729365 -0.0344489756548  0.105946649697 -0.178388869612 -0.162594417007 0.00231487968038 11
87.710742 0   0.350649345351 -0.0306217074485     4.1115770451 -0.224461247715 0.0778500316379 -0.026016000595  0.105946649697 -0.178388869612 -0.162594417007 0.00231487968038 11
87.762827 0   0.338740842534 -0.0263807192115    4.11031627036  -0.232576451814  0.0853981597309 -0.0225772549251  0.105946649697 -0.178388869612 -0.162594417007 0.00231487968038 11
87.814917 0   0.326366955025 -0.0217525583941    4.10919824484  -0.242377985356  0.0926855751976 -0.0213191993782  0.105946649697 -0.178388869612 -0.162594417007 0.00231487968038 11
87.866997 0   0.313524175077 -0.0168276580404    4.10790978946  -0.251192236118  0.0969426014806 -0.0290833337012  0.105946649697 -0.178388869612 -0.162594417007 0.00231487968038 11
87.919082 0   0.300277822613 -0.0116850660852    4.10625113286  -0.257431692665   0.099731896631 -0.0360184704252  0.105946649697 -0.178388869612 -0.162594417007 0.00231487968038 11
87.971167 0    0.286753799064 -0.00651132638215     4.10421244164  -0.261868488461  0.0988280006935 -0.0389244438147  0.105946649697 -0.178388869612 -0.162594417007 0.00231487968038 11
88.023252 0    0.273106874661 -0.00142327237477     4.10207017794  -0.261823564304  0.0937768897299 -0.0447941257375  0.105946649697 -0.178388869612 -0.162594417007 0.00231487968038 11
88.075337 0   0.259555443131 0.00324849662356     4.0996555771  -0.257711446041  0.0843056473417 -0.0499302536478  0.105946649697 -0.178388869612 -0.162594417007 0.00231487968038 11
88.127422 0  0.246394237733 0.0073887429782   4.09691026768  -0.246179850299  0.0728432897886 -0.0531028263567  0.105946649697 -0.178388869612 -0.162594417007 0.00231487968038 11
88.179507 0  0.233999105797 0.0108761270037   4.09408936446  -0.227967009104  0.0587104011497 -0.0542604764697  0.105946649697 -0.178388869612 -0.162594417007 0.00231487968038 11
88.231592 0   0.22277915007 0.0135157908184    4.0911748847  -0.201673404908  0.0417277969829 -0.0564732675813  0.105946649697 -0.178388869612 -0.162594417007 0.00231487968038 11
88.283672 0  0.213082221937 0.0152347169468   4.08826016676  -0.170049573222  0.0235718283326 -0.0578205865574  0.105946649697 -0.178388869612 -0.162594417007 0.00231487968038 11
88.335761 0  0.205148803794 0.0160769615255   4.08527523184  -0.134167389372 0.00830025250489  -0.055066528635  0.105946649697 -0.178388869612 -0.162594417007 0.00231487968038 11
88.387846 0    0.1991154423 0.0161050193947     4.082543292  -0.0972078658139 -0.00748904465366  -0.0492956722563  0.105946649697 -0.178388869612 -0.162594417007 0.00231487968038 11
88.439931 0   0.19501523878 0.0152906257414   4.08008493815 -0.0607312566348 -0.0245035214093 -0.0442771536182  0.105946649697 -0.178388869612 -0.162594417007 0.00231487968038 11
88.492016 0  0.192763289023 0.0136783483704   4.07769749987 -0.0263112120664 -0.0386819236207 -0.0460394202962  0.105946649697 -0.178388869612 -0.162594417007 0.00231487968038 11
88.544101 0  0.192248689019 0.0114425985332   4.07535311757 0.00634688549434 -0.0473978595509  -0.046945648566  0.105946649697 -0.178388869612 -0.162594417007 0.00231487968038 11
88.596186 0   0.193326976908 0.00884198534663    4.07282791125  0.0345251704313 -0.0532421136607 -0.0479506600747  0.105946649697 -0.178388869612 -0.162594417007 0.00231487968038 11
88.64827 0    0.19574998016 0.00593643506128    4.07033159817  0.0565576116024 -0.0587569695959 -0.0490833004489  0.105946649697 -0.178388869612 -0.162594417007 0.00231487968038 11
88.700355 0   0.199127269446 0.00278256146423    4.06760857487  0.0710460693455 -0.0622533533883 -0.0541750092971  0.105946649697 -0.178388869612 -0.162594417007 0.00231487968038 11
88.75244 0     0.203093263589 -0.000408630884715      4.06482277962  0.0798564876232 -0.0612376246314 -0.0544109597461  0.105946649697 -0.178388869612 -0.162594417007 0.00231487968038 11
88.804525 0    0.207373374535 -0.00352972168042     4.06204341108  0.0840430818626 -0.0579172403935 -0.0490292200305  0.105946649697 -0.178388869612 -0.162594417007 0.00231487968038 11
88.85661 0    0.211778973795 -0.00646219347359     4.05934625522  0.0848844025719 -0.0551363910474 -0.0548508415187  0.105946649697 -0.178388869612 -0.162594417007 0.00231487968038 11
88.908694 0    0.216201608655 -0.00926464608096     4.05645220504  0.0845903977374 -0.0530186772906 -0.0572033676293  0.105946649697 -0.178388869612 -0.162594417007 0.00231487968038 11
88.960779 0   0.220560517179 -0.0119359020469    4.05335143675  0.0822369240726 -0.0513281220346 -0.0634454724059  0.105946649697 -0.178388869612 -0.162594417007 0.00231487968038 11
89.012864 0   0.224819505581 -0.0143617070879    4.04999684859  0.0808169579421 -0.0414379318226 -0.0618578432858  0.105946649697 -0.178388869612 -0.162594417007 0.00231487968038 11
89.064949 0   0.228935329746 -0.0163592343227    4.04680161805  0.0774736282166 -0.0349644379763 -0.0608922230621  0.105946649697 -0.178388869612 -0.162594417007 0.00231487968038 11
89.117034 0   0.232895013013 -0.0180481324224    4.04376581931  0.0741816217795  -0.028139049559 -0.0575074331522  0.105946649697 -0.178388869612 -0.162594417007 0.00231487968038 11
89.169118 0  0.569834457949 0.0262479345434   4.12061952072   0.262114620116 0.00118208821652 -0.0407959150035   0.10323216253 -0.178685590954 -0.166415546983 0.00231975737803 11
89.221204 0  0.582203715295 0.0143416805952   4.12360457403   0.260025969112 0.00790253167913  -0.040207724689  0.103008944276 -0.178802965279 -0.166530980756 0.00231519144644 11
89.273289 0  0.591300051666 0.0124559975846   4.15337758922   0.247815879998  0.0106833422709 -0.0227881506593  0.101077353187 -0.180788717029 -0.163726817183 0.00234209821979 11
89.325373 0  0.602513552234 0.0137975003894   4.15487812866   0.240648936619  0.0246440430566 -0.0197398029433  0.100764944932 -0.181101430693 -0.163045329492 0.00234905977649 11
89.377458 0  0.614389413788 0.0171064275317   4.15640709238   0.230439306265  0.0361302923046 -0.0176291139535  0.100164236408 -0.181681013924 -0.161568792039 0.00235611454602 11
89.429543 0  0.624781955689 0.0191647468402   4.16103042397   0.218374646302  0.0451400074909 -0.0195410475234 0.0991563167089 -0.182576597515 -0.159707358254 0.00236344257596 11
89.481628 0  0.633041974301 0.0207575858194   4.16264520115   0.202937035595   0.052984056415 -0.0156972817637 0.0985753154699 -0.183194080642 -0.158427301536 0.00232098733908 11
89.533712 0   0.64177368344 0.0183976872652   4.16567149664   0.188474355496  0.0512264956816 -0.0119781796103 0.0978420416134 -0.184088051784 -0.156449176676 0.00228222152704 11
89.585797 0  0.648461951687 0.0170234785622   4.17309454316    0.169647998827   0.0507794802299 -0.00702493832593 0.0969562014797 -0.185173783065  -0.15439949377 0.00223454674884 11
89.637882 0  0.652962049013 0.0199945526577   4.18633771073    0.139537522302   0.0540718920033 -0.00174996856348 0.0951055276034 -0.187113073794 -0.151335403107 0.00216002760952 11
89.689967 0 0.651449925067 0.020120610702  4.19888831305   0.120674370343  0.0388837966959 0.00781320754791 0.0964601941544 -0.190990873152 -0.142782381217 0.0019990010052 11
89.742051 0  0.653505460815 0.0212265775647   4.20100776541   0.0992587880824   0.0257220177446 -0.00333108198773  0.097214935054 -0.191561574504 -0.141441223505 0.00197661738694 11
89.794136 0 0.656965098973 0.022194877972  4.20041656421  0.0737606540402 0.00779565441118 -0.0051488993854 0.0975251215145 -0.191753807717 -0.140925061049 0.00196023569553 11
89.846221 0  0.660036390953 0.0221042700365   4.20007251561    0.044509726907  -0.0125001885652 -0.00801731123601 0.0975251215145 -0.191753807717 -0.140925061049 0.00196023569553 11
89.898306 0  0.661588092344 0.0209256043063   4.19950565781  0.0145930203416 -0.0331590747225 -0.0104945701296 0.0975251215145 -0.191753807717 -0.140925061049 0.00196023569553 11
89.95039 0  0.661562779193 0.0186292080077   4.19863391715 -0.0153543631619 -0.0536730043663  -0.024479051573 0.0975251215145 -0.191753807717 -0.140925061049 0.00196023569553 11
90.002475 0  0.659969297058 0.0153386961024   4.19727258434 -0.0448662971119 -0.0711262017829 -0.0291943972139 0.0975251215145 -0.191753807717 -0.140925061049 0.00196023569553 11
90.05456 0  0.656905594175 0.0112471098743   4.19548719565  -0.072133699959 -0.0858378060924 -0.0385186058968 0.0975251215145 -0.191753807717 -0.140925061049 0.00196023569553 11
90.106645 0   0.652474175772 0.00654606699641    4.19329359069 -0.0975483493187 -0.0942195858631 -0.0438245420013 0.0975251215145 -0.191753807717 -0.140925061049 0.00196023569553 11
90.158729 0   0.646799653873 0.00154359459043    4.19089143415  -0.119926640904 -0.0990533524305  -0.050155646322 0.0975251215145 -0.191753807717 -0.140925061049 0.00196023569553 11
90.210809 0   0.640053441409 -0.0037707651908    4.18811028362  -0.138991511391  -0.104877011304 -0.0571712607117 0.0975251215145 -0.191753807717 -0.140925061049 0.00196023569553 11
90.262899 0  0.632406312777 -0.009259029542   4.18490474268 -0.154506691206 -0.105737526097 -0.062685641428 0.0975251215145 -0.191753807717 -0.140925061049 0.00196023569553 11
90.314983 0   0.624028023209 -0.0147920568281    4.18144204261  -0.166227469926  -0.105496767726 -0.0694009809808 0.0975251215145 -0.191753807717 -0.140925061049 0.00196023569553 11
90.367068 0      0.615153844 -0.0202059946123    4.17771339547  -0.173160414767  -0.100084808944 -0.0745855129127 0.0975251215145 -0.191753807717 -0.140925061049 0.00196023569553 11
90.419153 0   0.606134127944 -0.0250564072875    4.17375188609  -0.172325863764  -0.086722090421 -0.0777116705907 0.0975251215145 -0.191753807717 -0.140925061049 0.00196023569553 11
90.471238 0   0.597271237736 -0.0291820660799     4.1695988654  -0.167287440567 -0.0722336486321 -0.0782751429498 0.0975251215145 -0.191753807717 -0.140925061049 0.00196023569553 11
90.523322 0   0.588770114284 -0.0324715267493    4.16553064721  -0.158822110677 -0.0563925638657 -0.0785159480919 0.0975251215145 -0.191753807717 -0.140925061049 0.00196023569553 11
90.575407 0    0.58075767984 -0.0350510439096    4.16141922147   -0.14784303852 -0.0409835440994 -0.0819320558593 0.0975251215145 -0.191753807717 -0.140925061049 0.00196023569553 11
90.627491 0   0.573366537311 -0.0367920899574    4.15715306862  -0.135669711283 -0.0252848111531 -0.0811853059247 0.0975251215145 -0.191753807717 -0.140925061049 0.00196023569553 11
90.679575 0   0.566639075607 -0.0377914134813    4.15268917892  -0.122116433426 -0.0131962553542 -0.0884822773964 0.0975251215145 -0.191753807717 -0.140925061049 0.00196023569553 11
90.731661 0   0.560595112259 -0.0381255320181    4.14798456429   -0.109725367667 0.000911058437579  -0.0911849335868 0.0975251215145 -0.191753807717 -0.140925061049 0.00196023569553 11
90.783745 0    0.55518041741 -0.0376537956725    4.14322889541 -0.0982572999774  0.0172746403898 -0.0948737231087 0.0975251215145 -0.191753807717 -0.140925061049 0.00196023569553 11
90.83583 0   0.550302111124 -0.0362985733397    4.13818949606 -0.0894299997365  0.0354218341236 -0.0982941696929 0.0975251215145 -0.191753807717 -0.140925061049 0.00196023569553 11
90.887915 0   0.545868286271 -0.0340990184191     4.1331327057 -0.0819965550961   0.050866179042 -0.0924008891703 0.0975251215145 -0.191753807717 -0.140925061049 0.00196023569553 11
90.939999 0   0.541768967798 -0.0310833923213    4.12828360701 -0.0759323971035  0.0657186761579 -0.0941438942701 0.0975251215145 -0.191753807717 -0.140925061049 0.00196023569553 11
90.992084 0  0.537891084492 -0.027233912736   4.12338956271 -0.0734451645786  0.0813700900527 -0.0927341429669 0.0975251215145 -0.191753807717 -0.140925061049 0.00196023569553 11
91.044169 0  0.534088085869 -0.022740526149   4.11861206261 -0.0729918235045   0.091220544801 -0.0904840298154 0.0975251215145 -0.191753807717 -0.140925061049 0.00196023569553 11
91.096253 0   0.530232490144 -0.0178340036554    4.11397041041 -0.0755985235831  0.0974458896953 -0.0886796374788 0.0975251215145 -0.191753807717 -0.140925061049 0.00196023569553 11
91.148336 0   0.526171269796 -0.0127174901511    4.10912988182 -0.0805084615621  0.0995377416041 -0.0932703054834 0.0975251215145 -0.191753807717 -0.140925061049 0.00196023569553 11
91.200422 0    0.521777641435 -0.00748145795725     4.10407378741 -0.0880811817769   0.099424533445  -0.101769830782 0.0975251215145 -0.191753807717 -0.140925061049 0.00196023569553 11
91.252507 0    0.516907829528 -0.00237604352927     4.09862903616 -0.0987184067327  0.0950922266909  -0.105834123163 0.0975251215145 -0.191753807717 -0.140925061049 0.00196023569553 11
91.304592 0   0.511494883904 0.00253216325751    4.09296313616 -0.109133532354 0.0924185259212 -0.109322429117 0.0975251215145 -0.191753807717 -0.140925061049 0.00196023569553 11
91.356676 0   0.505507321199 0.00720936397149    4.08733686217   -0.1206484511  0.086713136057 -0.106237972518 0.0975251215145 -0.191753807717 -0.140925061049 0.00196023569553 11
91.408761 0  0.498878958716 0.0115836413568   4.08183141074  -0.13387336729 0.0787914981746 -0.105787164244 0.0975251215145 -0.191753807717 -0.140925061049 0.00196023569553 11
91.460845 0  0.491473276355 0.0155138475428   4.07616986784 -0.151034841588 0.0699892731815 -0.108974144267 0.0975251215145 -0.191753807717 -0.140925061049 0.00196023569553 11
91.51293 0   0.48317068661 0.0188899375111   4.07049182344 -0.167887733406  0.059185783066 -0.111545912682 0.0975251215145 -0.191753807717 -0.140925061049 0.00196023569553 11
91.565015 0  0.473947226204 0.0217381256561    4.0647602983 -0.185959170616 0.0521448406102 -0.111119848409 0.0975251215145 -0.191753807717 -0.140925061049 0.00196023569553 11
91.617094 0  0.463791067379 0.0242794700719   4.05889580688 -0.204143041125 0.0454114005842 -0.111683954708 0.0975251215145 -0.191753807717 -0.140925061049 0.00196023569553 11
91.669184 0  0.452680264934 0.0264973672731   4.05303796441 -0.222419063241 0.0392844240364 -0.113472509338 0.0975251215145 -0.191753807717 -0.140925061049 0.00196023569553 11
91.721268 0   0.44068173177 0.0284363275326   4.04708278122 -0.238377607269 0.0356646042734 -0.116983918933 0.0975251215145 -0.191753807717 -0.140925061049 0.00196023569553 11
91.773353 0  0.427919325884 0.0302514467736   4.04100177445 -0.251774099644 0.0351466160814 -0.116129232252 0.0975251215145 -0.191753807717 -0.140925061049 0.00196023569553 11
91.825437 0  0.414548932072 0.0320810602302    4.0350139136 -0.261177613841 0.0366121355468 -0.112203616131 0.0975251215145 -0.191753807717 -0.140925061049 0.00196023569553 11
91.877522 0  0.400732897217 0.0338961437661   4.02914079059 -0.268733244892 0.0342998630957 -0.112415343153 0.0975251215145 -0.191753807717 -0.140925061049 0.00196023569553 11
91.929606 0 0.386657632101 0.035516502455      4.0234011 -0.270698452897 0.0297699141772 -0.110184032301 0.0975251215145 -0.191753807717 -0.140925061049 0.00196023569553 11
91.981691 0  0.372605231226 0.0368918926846   4.01780746888 -0.267682750505 0.0240238484845 -0.105975445121 0.0975251215145 -0.191753807717 -0.140925061049 0.00196023569553 11
92.033775 0  0.358802708861 0.0379095642328   4.01233597541 -0.260858487745 0.0151682929519 -0.105840958668 0.0975251215145 -0.191753807717 -0.140925061049 0.00196023569553 11
92.08586 0  0.345405644108 0.0383877085499   4.00678332257  -0.252612039807 0.00412949539946   -0.10546776785 0.0975251215145 -0.191753807717 -0.140925061049 0.00196023569553 11
92.137945 0  0.332461396639 0.0382922647077   4.00115329872   -0.243424061427 -0.00653202478789   -0.112429730693 0.0975251215145 -0.191753807717 -0.140925061049 0.00196023569553 11
92.19003 0  0.320111238076 0.0377031526741   3.99525215165  -0.230441045564 -0.0150387728947  -0.114797226939 0.0975251215145 -0.191753807717 -0.140925061049 0.00196023569553 11
92.242114 0  0.308480858054 0.0366977873912   3.98922856643  -0.215256456473 -0.0229143396864  -0.115546431922 0.0975251215145 -0.191753807717 -0.140925061049 0.00196023569553 11
92.294199 0  0.297690910431 0.0353729331056    3.9832974194  -0.199406415257 -0.0267064173892  -0.111593529866 0.0975251215145 -0.191753807717 -0.140925061049 0.00196023569553 11
92.346283 0  0.287803866546 0.0338125190964   3.97745903465  -0.180574060263 -0.0319827686874  -0.114338504796 0.0975251215145 -0.191753807717 -0.140925061049 0.00196023569553 11
92.398367 0  0.278862164258 0.0320256526216    3.9717122078  -0.162383706161 -0.0351229417199  -0.106099368296 0.0975251215145 -0.191753807717 -0.140925061049 0.00196023569553 11
92.450452 0  0.270851191149 0.0301247470602   3.96628815603  -0.145534738452 -0.0373894584482  -0.103381811323 0.0975251215145 -0.191753807717 -0.140925061049 0.00196023569553 11
92.502536 0  0.263720787761 0.0281945789054   3.96092863585 -0.128773322278 -0.035902728545 -0.101345283832 0.0975251215145 -0.191753807717 -0.140925061049 0.00196023569553 11
92.554621 0  0.257367843277 0.0262845636956    3.9556458609  -0.115226598483 -0.0363425167371  -0.102997824312 0.0975251215145 -0.191753807717 -0.140925061049 0.00196023569553 11
92.606706 0  0.251675470423 0.0242934032078   3.95025955111  -0.103295438069 -0.0383312526439  -0.105863705119 0.0975251215145 -0.191753807717 -0.140925061049 0.00196023569553 11
92.65879 0 0.246559883422 0.022224525145    3.944560767 -0.0930264835271 -0.0406525481639  -0.114172315859 0.0975251215145 -0.191753807717 -0.140925061049 0.00196023569553 11
92.710874 0  0.241949727796 0.0201409752983   3.93858292842 -0.0833865816728 -0.0387194004356  -0.111828041418 0.0975251215145 -0.191753807717 -0.140925061049 0.00196023569553 11
92.762959 0   0.23785060168 0.0181170244374   3.93285506143 -0.0739445217441 -0.0365074073792  -0.110966594145 0.0975251215145 -0.191753807717 -0.140925061049 0.00196023569553 11
92.815044 0  0.23422745231 0.016162361003  3.92729366366 -0.0655855146318 -0.0371660991449    -0.1023148847 0.0975251215145 -0.191753807717 -0.140925061049 0.00196023569553 11
92.867128 0  0.231023531465 0.0142508751637   3.92198363811 -0.0574084545688 -0.0351486450772  -0.101878404403 0.0975251215145 -0.191753807717 -0.140925061049 0.00196023569553 11
92.919212 0   0.22818710135 0.0124477950362    3.9167253811 -0.0508276870151 -0.0336897482953   -0.10186464508 0.0975251215145 -0.191753807717 -0.140925061049 0.00196023569553 11
92.971297 0  0.225671173463 0.0107250616126   3.91134234644 -0.0453305176162  -0.031231853389  -0.104529778995 0.0975251215145 -0.191753807717 -0.140925061049 0.00196023569553 11
93.023381 0   0.223468265105 0.00913832637915    3.90577408845 -0.0395890645951 -0.0292411559789   -0.10612355824 0.0975251215145 -0.191753807717 -0.140925061049 0.00196023569553 11
93.075466 0   0.221525836157 0.00768851873192    3.90033073531 -0.0351462891994 -0.0272040818792  -0.104288140954 0.0975251215145 -0.191753807717 -0.140925061049 0.00196023569553 11
93.12755 0   0.219794487842 0.00629939382979    3.89512311793 -0.0313719203456 -0.0256125110466 -0.0995106452178 0.0975251215145 -0.191753807717 -0.140925061049 0.00196023569553 11
93.179635 0   0.218237863403 0.00500365600646    3.88987924374 -0.0291376742687 -0.0246835464551 -0.0997408745581 0.0975251215145 -0.191753807717 -0.140925061049 0.00196023569553 11
93.231719 0   0.216814947254 0.00383718804427    3.88466869357 -0.0266223400371 -0.0207380014442  -0.100799082264 0.0975251215145 -0.191753807717 -0.140925061049 0.00196023569553 11
93.283804 0   0.215481056645 0.00283266949895    3.87953970959 -0.0247676830655 -0.0172436252377  -0.096478862964 0.0975251215145 -0.191753807717 -0.140925061049 0.00196023569553 11
93.335888 0   0.214187694353 0.00200985648674    3.87470088274 -0.0246460214733 -0.0140289695528 -0.0911118574575 0.0975251215145 -0.191753807717 -0.140925061049 0.00196023569553 11
93.387972 0  0.212890664981 0.0013826511159   3.86984648334 -0.0251991890396 -0.0101318006205 -0.0934393379677 0.0975251215145 -0.191753807717 -0.140925061049 0.00196023569553 11
93.440057 0    0.211544770367 0.000979995930546     3.86491845777 -0.0264774649113 -0.0071012912257 -0.0962348509186 0.0975251215145 -0.191753807717 -0.140925061049 0.00196023569553 11
93.492141 0    0.210134552043 0.000678524006875     3.86001222358  -0.0273813180477 -0.00519722011548  -0.0961548238243 0.0975251215145 -0.191753807717 -0.140925061049 0.00196023569553 11
93.544221 0    0.208716443118 0.000384576522169     3.85480163909  -0.0270102019575 -0.00689741861527    -0.10059779998 0.0975251215145 -0.191753807717 -0.140925061049 0.00196023569553 11
93.59631 0     0.207347296849 -4.61134732705e-05      3.84937290879  -0.0254216611402 -0.00953428248635   -0.107464826988 0.0975251215145 -0.191753807717 -0.140925061049 0.00196023569553 11
93.648394 0     0.206105490067 -0.000621628602214      3.84368220116 -0.0221990222915 -0.0111062348373   -0.10915438617 0.0975251215145 -0.191753807717 -0.140925061049 0.00196023569553 11
93.700479 0    0.205100293388 -0.00121842231657     3.83811633529 -0.0165603255976  -0.012765870547  -0.102372605772 0.0975251215145 -0.191753807717 -0.140925061049 0.00196023569553 11
93.752564 0    0.204391727132 -0.00195890207804     3.83293866007 -0.0101681781366 -0.0155629964854 -0.0967470246897 0.0975251215145 -0.191753807717 -0.140925061049 0.00196023569553 11
93.804648 0    0.204010797912 -0.00282418401051     3.82785802824 -0.00345194881838  -0.0176057126406  -0.0998818327895 0.0975251215145 -0.191753807717 -0.140925061049 0.00196023569553 11
93.856733 0    0.204031713636 -0.00377523943753     3.82260554831 0.00486551355442  -0.018042123058   -0.10091115459 0.0975251215145 -0.191753807717 -0.140925061049 0.00196023569553 11
93.908817 0    0.204532913886 -0.00474300281746     3.81722737094  0.0142364643704 -0.0196655569295  -0.100827869599 0.0975251215145 -0.191753807717 -0.140925061049 0.00196023569553 11
93.960901 0    0.205524606266 -0.00582775165174     3.81217129044  0.0235806377012  -0.021658197944 -0.0938816254491 0.0975251215145 -0.191753807717 -0.140925061049 0.00196023569553 11
94.01298 0    0.206990584701 -0.00701968235001     3.80739888674  0.0322495213912 -0.0238377977696 -0.0885911911829 0.0975251215145 -0.191753807717 -0.140925061049 0.00196023569553 11
94.06507 0    0.208861072687 -0.00825052852761     3.80278495332  0.0391479269136 -0.0235673858352 -0.0878921351326 0.0975251215145 -0.191753807717 -0.140925061049 0.00196023569553 11
94.117154 0   0.211047300834 -0.0094214878265    3.79823075884  0.0442386338845 -0.0204644589862 -0.0838225305182 0.0975251215145 -0.191753807717 -0.140925061049 0.00196023569553 11
94.169239 0   0.213406704632 -0.0103878592645    3.79401906241  0.0464831026467  -0.016056218021 -0.0809362711775 0.0975251215145 -0.191753807717 -0.140925061049 0.00196023569553 11
94.221323 0   0.215711210552 -0.0110650407309    3.78996864435  0.0414535043571 -0.0098087953601 -0.0742076450341 0.0975251215145 -0.191753807717 -0.140925061049 0.00196023569553 11
94.273408 0   0.217679506508 -0.0114812398121    3.78616464305   0.0332594224372 -0.00694372162485  -0.0692358718676 0.0975251215145 -0.191753807717 -0.140925061049 0.00196023569553 11
94.325492 0   0.21910425874 -0.011866918059   3.78292015256   0.0208483237264 -0.00699925321946  -0.0546351787494 0.0975251215145 -0.191753807717 -0.140925061049 0.00196023569553 11
94.377576 0   0.219645707691 -0.0124907787093    3.78072785239 -0.00230827556036  -0.0175935723862  -0.0324602084165 0.0975251215145 -0.191753807717 -0.140925061049 0.00196023569553 11
94.429661 0  0.218616793371 -0.013845484139    3.7790652201 -0.0385727927576 -0.0358948901165 -0.0326669903721 0.0975251215145 -0.191753807717 -0.140925061049 0.00196023569553 11
94.48174 0   0.215385335371 -0.0163496117331    3.77741251361 -0.0884012814719 -0.0637750212456 -0.0265026587869 0.0975251215145 -0.191753807717 -0.140925061049 0.00196023569553 11
94.533829 0     0.2091506763 -0.0206879014321    3.77649408098  -0.153330044766   -0.10563220922 -0.0109338611748 0.0975251215145 -0.191753807717 -0.140925061049 0.00196023569553 11
94.585914 0   0.199079936775 -0.0275227120704    3.77626100957    -0.235648348256    -0.157216712783 -0.000442490085714 0.0975251215145 -0.191753807717 -0.140925061049 0.00196023569553 11
94.637998 0   0.184455561551 -0.0371424314914      3.775666927  -0.327283261144  -0.213319592901 -0.0240755900766 0.0975251215145 -0.191753807717 -0.140925061049 0.00196023569553 11
94.690082 0    0.16479908755 -0.0497403319626    3.77371029561  -0.42776342116 -0.270353823683 -0.050646416211 0.0975251215145 -0.191753807717 -0.140925061049 0.00196023569553 11
94.742166 0   0.139842839524 -0.0652690847942    3.77034076172  -0.529382860045  -0.324380144256 -0.0798280668417 0.0975251215145 -0.191753807717 -0.140925061049 0.00196023569553 11
94.79425 0   0.109643280616 -0.0833540306965    3.76568137876  -0.630142520541  -0.368625675485 -0.0928159541714 0.0975251215145 -0.191753807717 -0.140925061049 0.00196023569553 11
94.846335 0 0.0743401016826 -0.103450617007   3.76075944297  -0.723488423501  -0.399671835693 -0.0963006543819 0.0975251215145 -0.191753807717 -0.140925061049 0.00196023569553 11
94.89842 0  0.034530212458 -0.124726636446   3.75550953004 -0.802168376025 -0.413783803348 -0.110595153454 0.0975251215145 -0.191753807717 -0.140925061049 0.00196023569553 11
94.950504 0 -0.00894299511798   -0.146454252952     3.74921404146 -0.865267887029 -0.417957566228 -0.127340736545 0.0975251215145 -0.191753807717 -0.140925061049 0.00196023569553 11
95.002588 0 -0.0553496896037  -0.168136659792    3.74263144638 -0.913402416801 -0.411581984205 -0.122841511585 0.0975251215145 -0.191753807717 -0.140925061049 0.00196023569553 11
95.054673 0 -0.103799618895 -0.189317122546   3.73654981072 -0.943461889561 -0.398967485584 -0.112018415415 0.0975251215145 -0.191753807717 -0.140925061049 0.00196023569553 11
95.106757 0 -0.153355340181 -0.209804460082   3.73106278588  -0.956430312313  -0.385515872034 -0.0957456004186 0.0975251215145 -0.191753807717 -0.140925061049 0.00196023569553 11
95.158841 0 -0.203261758235 -0.229458028224   3.72648831364  -0.957818234993  -0.368671843667 -0.0776052130275 0.0975251215145 -0.191753807717 -0.140925061049 0.00196023569553 11
95.210926 0 -0.253032822394 -0.248204547432   3.72297795536  -0.952136422069  -0.349807869211 -0.0589689960396 0.0975251215145 -0.191753807717 -0.140925061049 0.00196023569553 11
95.26301 0 -0.302441124802 -0.265980706146   3.72036311968  -0.945010103311  -0.330890705612 -0.0431954440422 0.0975251215145 -0.191753807717 -0.140925061049 0.00196023569553 11
95.315094 0 -0.351467305236 -0.282834751371   3.71806856847  -0.937979961961  -0.316076725337 -0.0496564478936 0.0975251215145 -0.191753807717 -0.140925061049 0.00196023569553 11
95.367179 0 -0.400198822599 -0.298893330057   3.71489095278  -0.933470186876  -0.298618070947 -0.0767367801181 0.0975251215145 -0.191753807717 -0.140925061049 0.00196023569553 11
95.419263 0 -0.448723867684  -0.31406153409   3.70993066403 -0.930117264021 -0.283196673487 -0.114922512796 0.0975251215145 -0.191753807717 -0.140925061049 0.00196023569553 11
95.471347 0  -0.49709981378 -0.328380012939   3.70274632774 -0.927830632074 -0.266363743523 -0.158162892689 0.0975251215145 -0.191753807717 -0.140925061049 0.00196023569553 11
95.523432 0 -0.545345940167 -0.341862179679   3.69368901873 -0.925263608041 -0.250664417279 -0.188043372412 0.0975251215145 -0.191753807717 -0.140925061049 0.00196023569553 11
95.575516 0 -0.593470211206 -0.354529469576   3.68326728071 -0.923090861143   -0.2341760853 -0.213118839931 0.0975251215145 -0.191753807717 -0.140925061049 0.00196023569553 11
95.6276 0 -0.641485703027 -0.366345048735   3.67139801733 -0.921129500786 -0.218455870232 -0.240464672802 0.0975251215145 -0.191753807717 -0.140925061049 0.00196023569553 11
95.679684 0 -0.689473427628 -0.377489662069   3.65797650559 -0.921341539722 -0.207044991433 -0.277173838063 0.0975251215145 -0.191753807717 -0.140925061049 0.00196023569553 11
95.731768 0 -0.737521107332  -0.38809671925   3.64280047521 -0.923929094926 -0.198212514097 -0.303322469168 0.0975251215145 -0.191753807717 -0.140925061049 0.00196023569553 11
95.783853 0   -0.7857653655 -0.398228983201    3.6262864123 -0.929021396983 -0.190501265901 -0.327512626788 0.0975251215145 -0.191753807717 -0.140925061049 0.00196023569553 11
95.835937 0 -0.834356719433 -0.408053923925   3.60894002451 -0.937457921527 -0.188208070648  -0.34156318896 0.0975251215145 -0.191753807717 -0.140925061049 0.00196023569553 11
95.888022 0  -0.88350516331 -0.418112298083   3.59058241007 -0.951152742466 -0.200974581773 -0.362246492889 0.0975251215145 -0.191753807717 -0.140925061049 0.00196023569553 11
95.940108 0 -0.933576227269 -0.429109356812    3.5709922038 -0.972190653427 -0.225789450369 -0.389626427703 0.0975251215145 -0.191753807717 -0.140925061049 0.00196023569553 11
95.99219 0 -0.984847197728 -0.442020056542    3.5501306287  -0.99646134947 -0.274524728773  -0.41390756793 0.0975251215145 -0.191753807717 -0.140925061049 0.00196023569553 11
96.044274 0  -1.03742743767 -0.458072135819   3.52803392771  -1.02362262468 -0.346659927776 -0.432030784658 0.0975251215145 -0.191753807717 -0.140925061049 0.00196023569553 11
96.096358 0  -1.09157301691 -0.478393137309   3.50505922706  -1.05487259203  -0.43798212712 -0.450998741785 0.0975251215145 -0.191753807717 -0.140925061049 0.00196023569553 11
96.148443 0  -1.14730499602 -0.504060388863   3.48123963017  -1.08547132521 -0.548962542331 -0.464221677947 0.0975251215145 -0.191753807717 -0.140925061049 0.00196023569553 11
96.200527 0 -1.20466116105 -0.53590997474  3.45653055954  -1.11786377248 -0.677061544788 -0.482011649281 0.0975251215145 -0.191753807717 -0.140925061049 0.00196023569553 11
96.252611 0  -1.26376482067 -0.574877935569   3.43104983527  -1.15084718737 -0.820365228508 -0.497235310043 0.0975251215145 -0.191753807717 -0.140925061049 0.00196023569553 11
96.304695 0  -1.32462704906 -0.621693138089   3.40500771958   -1.1863877856 -0.978150297147 -0.503319348264 0.0975251215145 -0.191753807717 -0.140925061049 0.00196023569553 11
96.356779 0  -1.38736026279 -0.676951219213   3.37845384371  -1.22351406802  -1.14533037582 -0.515376784299 0.0975251215145 -0.191753807717 -0.140925061049 0.00196023569553 11
96.408859 0  -1.45205885314 -0.740992819857   3.35140048746  -1.26115127073  -1.31444018596 -0.526559555531 0.0975251215145 -0.191753807717 -0.140925061049 0.00196023569553 11
96.460949 0  -1.51872858702 -0.814010911846   3.32377318514  -1.29885126791  -1.48987276694 -0.536182381069 0.0975251215145 -0.191753807717 -0.140925061049 0.00196023569553 11
96.513033 0  -1.58735815055 -0.896132787006   3.29562463185  -1.33670783716  -1.66472339038 -0.542739212875 0.0975251215145 -0.191753807717 -0.140925061049 0.00196023569553 11
96.565116 0  -1.65790955382 -0.987269669916    3.2671121187  -1.37212761627  -1.83176912027 -0.550855489002 0.0975251215145 -0.191753807717 -0.140925061049 0.00196023569553 11
96.617201 0  -1.7302880264 -1.08668585659  3.23843429975  -1.40658587059  -1.97971465495 -0.549142589619 0.0975251215145 -0.191753807717 -0.140925061049 0.00196023569553 11
96.669285 0 -1.79539165458 -1.44598020628   3.2180336577  -1.43579210906  -2.18019929935 -0.555772580099 0.0985856959379 -0.192099821745 -0.140288470162 0.00197230785095 11
96.721369 0 -1.86039034918 -1.50677274846  3.18380014142  -1.46175668062  -2.23493392345 -0.565709477888 0.0976069916878 -0.191978322016 -0.140479538429 0.0019881098071 11
96.773453 0 -1.92415477508 -1.57942783066  3.14931621979  -1.48052395539  -2.25491579369 -0.580213847323 0.0967286401399 -0.191890942705 -0.140586072524 0.00199168324968 11
96.825538 0 -1.95887151554 -1.66807744999  3.11042634801  -1.49111169309  -2.25669887883 -0.581812709585  0.094862039126 -0.191668558991  -0.14098033573 0.00202564741886 11
96.877617 0 -2.03720014827 -1.78548798048  3.08057114698  -1.51575483997  -2.24764893999 -0.555640059048  0.094862039126 -0.191668558991  -0.14098033573 0.00202564741886 11
96.929706 0 -2.06610512448 -1.95256892163  3.06594924535  -1.54029899866  -2.23912387739 -0.518926906337  0.099054904232 -0.192444821923 -0.139099237935 0.00213175355579 11
96.98179 0 -2.13346005623 -2.07741063453  3.04371439278   -1.5965573493  -2.21429154264 -0.494857987618  0.100164923249 -0.192607763951 -0.138722281689 0.0021893573433 11
97.033875 0 -2.19607796824 -2.18695828423  3.02014640136  -1.67437058013  -2.17733049544 -0.493319288472  0.100372005534 -0.192612918521 -0.138711898146 0.00219529698758 11
97.08596 0 -2.28599954402 -2.29920781351  2.99402470525  -1.78128018402  -2.13168236584 -0.513097867183  0.100372005534 -0.192612918521 -0.138711898146 0.00219529698758 11
97.138043 0 -2.38188103098 -2.40903981802  2.96649681357  -1.90296012574  -2.08563695707 -0.546969349815  0.100372005534 -0.192612918521 -0.138711898146 0.00219529698758 11
97.190127 0 -2.48453576833 -2.51631325412  2.93742253653  -2.04024850535  -2.03269539074 -0.567776279182  0.100372005534 -0.192612918521 -0.138711898146 0.00219529698758 11
97.242211 0 -2.59436172241 -2.62079331842  2.90701178033  -2.17890919044  -1.98055307521 -0.598936735399  0.100372005534 -0.192612918521 -0.138711898146 0.00219529698758 11
97.294295 0 -2.59361449245 -2.82605639796  2.90368668074  -2.27976137763   -1.9657291369 -0.627244531021  0.107640094939 -0.193741341677 -0.135977873918 0.00224423822711 11
97.346375 0 -2.71601272946 -2.92727822948  2.87028635739    -2.415150038  -1.91716762104 -0.653332127722  0.107640094939 -0.193741341677 -0.135977873918 0.00224423822711 11
97.398464 0 -2.84520115607 -3.02589001412   2.8358741128  -2.54386909245   -1.8686697958 -0.665722589976  0.107640094939 -0.193741341677 -0.135977873918 0.00224423822711 11
97.450548 0  -2.9808787364 -3.12203372599  2.80115648542   -2.6643534599   -1.8223970479 -0.666373672671  0.107640094939 -0.193741341677 -0.135977873918 0.00224423822711 11
97.502635 0  -3.1224891555 -3.21588790995  2.76649046151  -2.77125822049  -1.78103666641 -0.664423739218  0.107640094939 -0.193741341677 -0.135977873918 0.00224423822711 11
97.554716 0 -3.26937130605 -3.30754662613  2.73214263393  -2.86699738031  -1.74074373827 -0.656328468343  0.107640094939 -0.193741341677 -0.135977873918 0.00224423822711 11
97.6068 0 -3.28366951339 -3.58271532438  2.72737274937  -2.91334954793   -1.7643805091 -0.637343220271  0.110071566961 -0.195186054941  -0.13244593661 0.00240861533255 11
97.658884 0 -3.47479143617 -3.68166909969  2.71356300338  -3.00197141286  -1.73054232429 -0.638147267528  0.112780795433  -0.19632828746 -0.129479635333 0.00255750664224 11
97.710969 0  -3.4256805847 -3.81741244192  2.71976662667  -3.00813153375  -1.71756315975 -0.626802398121  0.118258499881 -0.198228102974 -0.124798863996 0.00266827633255 11
97.763053 0 -2.97352580675 -3.88254047546  2.72704774236  -2.89511997314  -1.68448436157 -0.607410829595  0.121768730174 -0.199314740616 -0.122261091927 0.00260053035811 11
97.815137 0 -2.99677050138 -3.94381734261  2.71828959025  -2.9230799532 -1.64741001423 -0.59930042263  0.124856549353 -0.200274468723 -0.119900833207 0.00259375478529 11
97.867221 0 -2.99357636161 -4.01442395062  2.70572484257  -2.93655854099   -1.6152132671 -0.595728374564  0.126990605411 -0.200827819883 -0.118623798988 0.00257703008755 11
97.919305 0 -3.00485352059 -4.07253542372  2.69377958996  -2.95040972856  -1.58560115759 -0.589134262265  0.129219446993  -0.20150206509 -0.116978544272 0.00255978823375 11
97.971389 0 -3.14927140243 -4.14010829872  2.66587254541  -2.99842692638  -1.55791003488 -0.595536328675  0.129544450842 -0.201627078364  -0.11665301531 0.00255610835979 11
98.023474 0 -3.29518120635 -4.23051404741   2.6353305644  -3.04072074806  -1.54148957217 -0.602847934875  0.129603221653 -0.201718523043  -0.11639440269 0.00255612613025 11
98.075557 0 -3.46065882329 -4.31447450584  2.60496503475  -3.08417808548  -1.52219289698 -0.603173569165  0.129705320675 -0.201887998764 -0.115914458794 0.00256143175673 11
98.127642 0 -3.63190008594 -4.39278029945  2.57497603047  -3.12391075952  -1.50321486543 -0.610496782245  0.129863623106 -0.202085469838 -0.115363526644 0.00256646254128 11
98.179726 0 -3.80663777284  -4.4718547703  2.54468088124  -3.16447132925  -1.48606222893 -0.608989540258  0.129987302883 -0.202288074192 -0.114795867908 0.00257097897605 11
98.23181 0 -3.98814919843 -4.54854985037  2.51510836842  -3.20599353592   -1.4690124546 -0.609259881381  0.130149302969 -0.202553066274 -0.114056500022 0.0025770166988 11
98.283894 0 -4.17484306833 -4.62999570974  2.48485457053  -3.24556568499  -1.45378391091 -0.615200418421  0.130240330236 -0.202851203236 -0.113215519007 0.00258235820963 11
98.335978 0 -4.34965484865 -4.70538652681  2.45332291198  -3.28083347704  -1.44018895813 -0.621968719538  0.130274657011 -0.202941390219 -0.112962928198 0.00258347768374 11
98.388062 0 -4.52143164263 -4.78002458059  2.42094154085  -3.31430191659  -1.42581719738 -0.624486571769  0.130274657011 -0.202941390219 -0.112962928198 0.00258347768374 11
98.440146 0 -4.69480847367  -4.8538822666  2.38804586404  -3.34340076603  -1.41038972739 -0.636453350438  0.130274657011 -0.202941390219 -0.112962928198 0.00258347768374 11
98.492231 0 -4.86973068987 -4.92699454566  2.35455936439  -3.37352734532  -1.39811993377 -0.648473481986  0.130274657011 -0.202941390219 -0.112962928198 0.00258347768374 11
98.544315 0 -5.04626887493 -4.99945910913  2.32071688221  -3.40547903233  -1.38324820985 -0.649312573318  0.130274657011 -0.202941390219 -0.112962928198 0.00258347768374 11
98.596399 0 -5.22448544848 -5.07116327032  2.28694615842  -3.43896548757  -1.37013535316 -0.646694240501  0.130274657011 -0.202941390219 -0.112962928198 0.00258347768374 11
98.648483 0 -5.40452471614 -5.14199016888  2.25344429163  -3.47560372326  -1.35149462178 -0.639183238217  0.130274657011 -0.202941390219 -0.112962928198 0.00258347768374 11
98.700568 0 -5.58661329459 -5.21186153683  2.22039847851  -3.51799987552  -1.33360851947 -0.627125925102  0.130274657011 -0.202941390219 -0.112962928198 0.00258347768374 11
98.752652 0 -5.77109655677 -5.28090154829  2.18797465075  -3.56731654802  -1.31839029321 -0.621302200667  0.130274657011 -0.202941390219 -0.112962928198 0.00258347768374 11
98.804731 0 -5.95843668431 -5.34920430522  2.15587812775  -3.62946809668  -1.30476440578 -0.610264797613  0.130274657011 -0.202941390219 -0.112962928198 0.00258347768374 11
98.85682 0 -6.14941976364 -5.41677153393  2.12408622679  -3.70431419026  -1.29207867121 -0.616008719833  0.130274657011 -0.202941390219 -0.112962928198 0.00258347768374 11
98.908904 0 -6.34455093669 -5.48375400674  2.09137616641   -3.7903036048   -1.2819279057 -0.640274074959  0.130274657011 -0.202941390219 -0.112962928198 0.00258347768374 11
98.960988 0  -6.5443468223 -5.55024053051  2.05731963964  -3.88291659475  -1.27226754138 -0.667191628022  0.130274657011 -0.202941390219 -0.112962928198 0.00258347768374 11
99.013072 0 -6.74923856956 -5.61637883949  2.02198297851  -3.98546081131  -1.26630527266 -0.691381853564  0.130274657011 -0.202941390219 -0.112962928198 0.00258347768374 11
99.065156 0 -6.95947232781 -5.68217637111  1.98530333173  -4.08870872521  -1.25869648602 -0.717438760828  0.130274657011 -0.202941390219 -0.112962928198 0.00258347768374 11
99.11724 0 -7.17512709842 -5.74743923188  1.94739834291  -4.19283769104  -1.24541039345 -0.733764910967  0.130274657011 -0.202941390219 -0.112962928198 0.00258347768374 11
99.169324 0 -7.39615899035 -5.81192859576  1.90894539172  -4.29423904458  -1.22955726761 -0.740144699551  0.130274657011 -0.202941390219 -0.112962928198 0.00258347768374 11
99.221408 0 -7.62241324492 -5.87557114337  1.87042380127   -4.3927652524  -1.21391949547 -0.739443922073  0.130274657011 -0.202941390219 -0.112962928198 0.00258347768374 11
99.273487 0 -7.85371360211 -5.93838413742  1.83186480646  -4.48962850728  -1.19685292266 -0.742034782126  0.130274657011 -0.202941390219 -0.112962928198 0.00258347768374 11
99.325576 0 -8.09001625257 -6.00028367912  1.79316238466  -4.58325888306  -1.17841543002 -0.744034026929  0.130274657011 -0.202941390219 -0.112962928198 0.00258347768374 11
99.37766 0 -8.33116022113 -6.06098525984  1.75464226265  -4.67688034062  -1.15152464257 -0.732229654358  0.130274657011 -0.202941390219 -0.112962928198 0.00258347768374 11
99.429744 0 -8.57717977495 -6.12048024507  1.71664341058  -4.77074623361  -1.13403432734 -0.726952624612  0.130274657011 -0.202941390219 -0.112962928198 0.00258347768374 11
99.481829 0 -8.82807568952  -6.1791528842  1.67877682471  -4.86267206139  -1.11828027007 -0.730125633911  0.130274657011 -0.202941390219 -0.112962928198 0.00258347768374 11
99.533913 0 -9.08372351145 -6.23703362783  1.64051490166  -4.95536202341  -1.10463041135 -0.737525429015  0.130274657011 -0.202941390219 -0.112962928198 0.00258347768374 11
99.585997 0 -9.34451164149 -6.29419859577  1.60252970186  -5.05907525303  -1.08962749815 -0.720566842848  0.130274657011 -0.202941390219 -0.112962928198 0.00258347768374 11
99.63808 0 -9.61080456227 -6.35051673486  1.56510298149  -5.16768525728  -1.07594290119 -0.717575499892  0.130274657011 -0.202941390219 -0.112962928198 0.00258347768374 11
99.690165 0 -9.88279325408 -6.40650575323  1.52722816474  -5.27665234938  -1.07482043738 -0.741822182017  0.130274657011 -0.202941390219 -0.112962928198 0.00258347768374 11
99.742243 0  -10.160507605 -6.46255314437  1.48782242044  -5.39118100817  -1.07767627531 -0.767879541837  0.130274657011 -0.202941390219 -0.112962928198 0.00258347768374 11
99.794333 0 -10.4444797587 -6.51903966265  1.44755423734  -5.51267884057  -1.09185597891 -0.777703674502  0.130274657011 -0.202941390219 -0.112962928198 0.00258347768374 11
99.846417 0  -10.734726409 -6.57615556962  1.40695465073  -5.63097919706  -1.10219860708 -0.784770049263  0.130274657011 -0.202941390219 -0.112962928198 0.00258347768374 11
99.898501 0 -11.0308470432 -6.63376322947  1.36551837945   -5.7395930817  -1.11254917467 -0.803367091122  0.130274657011 -0.202941390219 -0.112962928198 0.00258347768374 11
99.950585 0 -11.2368298909 -7.01387645652  1.30266864583  -5.80993695362  -1.23512458221 -0.807465584156  0.129455880916 -0.201521100062 -0.116925318954 0.00265307219378 11
100.002669 0 -11.6051740415 -7.07436209384  1.25457516632  -5.91513669277  -1.25509941347 -0.809612113688  0.129552489008 -0.201250558866 -0.117657558823 0.00267686952179 11
100.054753 0 -11.9830254274  -7.1161425457  1.20800737008  -6.00577859988  -1.26195580782 -0.827811749566  0.129839292218 -0.201098326416 -0.118048459821 0.00269329410431 11
100.106837 0 -12.3563166544 -7.13126609746  1.16753529525  -6.08186620981  -1.27557408229 -0.838016723707  0.130827154366 -0.201213439754 -0.117704496204 0.00270739586172 11
100.158921 0 -12.6911420951 -7.13642426878   1.1328714222  -6.12618867495  -1.28472075429 -0.856323964896  0.131780786959 -0.201715638736 -0.116254976099 0.00266316819563 11
100.211 0 -12.9902523923 -7.08874459521  1.12064625056  -6.14091053254  -1.27192952269 -0.837376161441  0.133908550056 -0.203364010483 -0.111571482901 0.00258748901876 11
100.263089 0 -13.1749752111 -7.09110548499  1.10890551329  -6.09820369781   -1.2677363046 -0.819758097478 0.135629855923 -0.20458423902 -0.10824837866 0.00257438640522 11
100.315173 0  -13.503909579 -7.17984632795  1.06121100899 -6.06436761436 -1.28050979536 -0.79318026783  0.135289711084 -0.204478263968 -0.108503509727 0.00255283472819 11
100.367257 0 -13.8994819204 -7.30101027449 0.999359950499  -6.02854696274  -1.29173900316 -0.766898371393  0.134868272323 -0.203472783018  -0.11121466585 0.00241633403106 11
100.419341 0  -14.171861905 -7.44062708269 0.950034833903  -5.95575292009    -1.291459468 -0.729439929796  0.135737315052  -0.20253580136 -0.113795459819 0.00225764502514 11
100.471425 0  -14.427987163 -7.56415137069 0.910491188146  -5.87841092532  -1.26753179672 -0.717804726951  0.136886879489 -0.201947709819 -0.115447198487 0.00218349946562 11
100.523509 0 -14.7071219996 -7.68107075268  0.86764527288 -5.80800913622 -1.21409962738 -0.71936571159  0.137812987735 -0.200683737896 -0.119069595968 0.00212282932084 11
100.575594 0 -14.9790298063 -7.77750322506 0.828038800319  -5.74144836173  -1.14144601621 -0.734556687871  0.138745058923  -0.19969224117 -0.121939400438 0.0021104314058 11
100.627677 0 -15.2086892954 -7.83007819197 0.796726939385  -5.67066303188   -1.0548229107 -0.742081477181  0.139654665637 -0.199324527522 -0.123062113618 0.00209014889239 11
100.679761 0 -15.4749397047 -7.84370575864 0.758908572786   -5.6115012761 -0.959851942937 -0.745595747332  0.140973233279 -0.198265235137 -0.126142344981 0.00212157632541 11
100.731845 0 -15.6942658295 -7.82375774939 0.726138298129   -5.5424235994 -0.867290713754 -0.739584984799  0.143420477129 -0.197569673692 -0.128102232936 0.00214415366777 11
100.783929 0 -14.7122359288 -7.46037831536 0.851866941008  -5.19739155166 -0.675450028237 -0.700523331951  0.160549959806 -0.197189707982 -0.130248235849 0.00234480328716 11
100.836013 0 -14.2260461088 -7.31604072956 0.924034246431   -4.9654738554 -0.601488454827 -0.679860954423  0.165546351207 -0.199253272582 -0.125219629531 0.0023475948784 11
100.888098 0 -13.9027391175 -7.17872104471  0.96803944354  -4.77197494342 -0.544799698052 -0.659839873511  0.169765610107 -0.200843905034 -0.121231448656 0.00232053613304 11
100.940181 0 -13.1688198619  -6.8466945361  1.05856527978  -4.49412262354 -0.439688807296  -0.63349540202  0.177009379535 -0.202870611459 -0.116250837181 0.00222504546833 11
100.992266 0 -12.8624780407 -6.71989146844   1.0916761539 -4.31375947449 -0.41120072125  -0.6141671078   0.18037681864 -0.203588323881 -0.114732079941 0.00219752446106 11
101.044349 0 -12.7151809683 -6.64252637933  1.10083629438   -4.1766943507 -0.395105937043 -0.626312653758  0.182605063448 -0.203826979723 -0.114386862471 0.00216401088512 11
101.096434 0  -12.610021985 -6.55216743083   1.1104720371  -4.05706470848 -0.368777674072 -0.652815661551  0.183911921238 -0.204790856382 -0.111954748933 0.00211622708293 11
101.148518 0 -12.537134082 -6.3689211138 1.10617467582  -3.95312047813 -0.314341096504 -0.693691912226  0.184199448107  -0.20568393382 -0.109552431859 0.00197053959934 11
101.200602 0 -12.5317171063 -6.32826299868  1.09436829203  -3.87154244519 -0.307472576717 -0.732458984751  0.185307799489 -0.206050356058 -0.108724698441 0.00194653155653 11
101.252686 0 -12.5887428643 -6.30051781097  1.07672211674  -3.80930055835 -0.308325922372 -0.767767804712  0.185745300642 -0.206735946894 -0.106971341166 0.00192845437074 11
101.30477 0 -12.6884442115  -6.2936169713  1.05152671289  -3.76142518212 -0.317064518806 -0.797783677342  0.186010479489 -0.207253352292  -0.10565557384 0.00192126968971 11
101.356854 0 -12.7889641329 -6.29156963638  1.02219879619  -3.71793581532 -0.327384632363 -0.823009577596   0.18641291466 -0.207527349109  -0.10500628006 0.00191477797851 11
101.408937 0 -12.8568945387 -6.28489839861 0.993942649253   -3.6716139706 -0.343031093664 -0.850075586026  0.187191483763 -0.207663020613 -0.104749352876 0.00190190942003 11
101.461021 0 -12.9374738345 -6.28190617973 0.961498612486  -3.63227773318 -0.368463619775 -0.888099599892  0.187833553658 -0.207730599517 -0.104665475976 0.00189119432371 11
101.513105 0 -13.0336754508 -6.28962618414 0.920348817805 -3.60136917011 -0.40815194797 -0.90347608697  0.188695731904 -0.207239168582 -0.106083051822 0.00189215368627 11
101.565189 0 -13.0413366282 -6.26749877731 0.893676844203   -3.5511672792 -0.436095916388 -0.905421025897  0.189818007512 -0.207128128912 -0.106561728026 0.00189452933006 11
101.617273 0 -13.1325865647 -6.26813899577 0.857055555126  -3.53140918473 -0.456564739052 -0.913567550159  0.190514848338 -0.207096729531 -0.106708447298 0.0018913674687 11
101.669355 0  -13.253155044 -6.28319785817 0.816283108577  -3.52415712828 -0.481789066822 -0.930663344893  0.191087354678 -0.207040948143  -0.10688861058 0.00188390204789 11
101.721441 0 -13.3953238192 -6.30701916531 0.773105212663  -3.52815180036 -0.512512370826 -0.951042370806  0.191442440811 -0.207081216132  -0.10680108618 0.00187778465988 11
101.773526 0 -13.4977478497 -6.28686971694 0.728234316331  -3.52671411471 -0.524946892155   -0.9795053161  0.192512596319 -0.206782764272 -0.107616293349 0.00187448217989 11
101.825609 0 -13.6775226448 -6.31391347039 0.673940077288  -3.54889539449 -0.555394117025  -1.00566143462  0.192763439278 -0.206507294392 -0.108348891203 0.00187927703736 11
101.877693 0  -13.863851056 -6.34479832209 0.617257751005  -3.57437463706 -0.589875709663  -1.02638946646  0.193022245813 -0.206185993538 -0.109196256128 0.00188556869448 11
101.929777 0 -14.0503637079 -6.38434818029 0.559917431478  -3.59755817261 -0.627722398864  -1.02709529828  0.193286606461 -0.205831697279  -0.11013220308 0.00189032146015 11
101.981861 0 -14.2467386118 -6.43438649299 0.502117445395  -3.62144492788 -0.676407001024  -1.00952430267  0.193385736949 -0.205485579897 -0.111046975418 0.0018909598412 11
102.033945 0 -14.4453772664 -6.49102557224 0.445277914783  -3.64456927279 -0.732854824135 -0.975825900392  0.193403673556 -0.205107698446 -0.112052824246 0.00189072763982 11
102.086029 0 -14.6378672751 -6.54505011977 0.394586460143  -3.66248871635 -0.787627840056 -0.937886323124  0.193254988724 -0.205025547393 -0.112286553303 0.00189084522773 11
102.138107 0 -14.8290029809 -6.58722666147 0.346750400762  -3.67703049991 -0.832928714635 -0.900825302974  0.193254988724 -0.205025547393 -0.112286553303 0.00189084522773 11
102.190197 0 -14.9804978645  -6.6026802032 0.304009128778  -3.67567388875 -0.864964005474 -0.869115923927  0.193548043607 -0.204875446043 -0.112731704714 0.00191432309456 11
102.242281 0 -15.1808730037 -6.66675265429   0.2595372449  -3.68897583491 -0.922335198578 -0.830739961704  0.193244811535 -0.204853254447  -0.11282621725 0.0019219109049 11
102.294365 0 -15.3787952322 -6.72768475952 0.217975195512 -3.70274533308 -0.97115496222 -0.79882950734 0.192989742147 -0.20492407686 -0.11266256632 0.00192561916393 11
102.346449 0 -15.5720187696 -6.77915248151 0.177539358319  -3.71764958015  -1.00378363973 -0.751775899752 0.192989742147 -0.20492407686 -0.11266256632 0.00192561916393 11
102.398532 0 -15.7778152596 -6.89671854222 0.146807144036 -3.73915895053 -1.07532245544 -0.68550437001  0.192745755876 -0.205196254725 -0.112003300274 0.00197089293064 11
102.450617 0 -15.9730938329  -6.9578355857 0.112941461477 -3.77323038707  -1.0890069232 -0.64238416746   0.19279576717 -0.205230178891 -0.111907566231 0.00196868366997 11
102.5027 0  -16.1713163926  -7.01860226001 0.0807055134082  -3.82352926585   -1.0877613408 -0.617137076892  0.192859911288 -0.205245357376  -0.11186219767 0.00196832962561 11
102.554785 0 -16.3726150229 -7.07766943196 0.048659498726  -3.88156411363  -1.07254813381 -0.619993359828  0.192914026644 -0.205242394664 -0.111867779384 0.00196979185022 11
102.606873 0  -16.5784378877  -7.13826400603 0.0169919537038  -3.95004661772  -1.04001397294 -0.623926521171  0.193004443593 -0.205288621795 -0.111735566856 0.0019731582297 11
102.658952 0   -16.7878350485   -7.19605896033 -0.0152274026425  -4.02307022558 -0.994649033321 -0.640306461697  0.193074436148 -0.205343572063 -0.111578062306 0.001975414348 11
102.711037 0   -17.0025572794   -7.25499095414 -0.0473196359592  -4.09930148092 -0.934107846355 -0.650035685128  0.193171850257 -0.205478039755 -0.111191565716 0.00197576220711 11
102.76312 0  -17.2198349546  -7.30786859951 -0.080509439921  -4.16841869174 -0.858063980885 -0.663015410141  0.193208256218 -0.205595542321 -0.110852565011 0.00197184981418 11
102.815204 0  -17.3473344735  -7.38446052368 -0.123453531369  -4.19775603301 -0.779557864427 -0.674598561557  0.196262675603 -0.204180062625 -0.114421792986 0.00195166952328 11
102.867288 0  -17.5492987823  -7.41509106607 -0.155723810948  -4.23995061001 -0.664814363005 -0.674675219592  0.197103640847 -0.203884074089 -0.115266365272 0.00199393255606 11
102.919372 0  -17.7535838265  -7.44055118053 -0.188390833478  -4.27331337551 -0.547991355846  -0.67226236317  0.197940849395 -0.203611007377 -0.116035065946 0.00203709784133 11
102.971456 0  -17.9744918676  -7.46011693491 -0.221339960065  -4.30436446256 -0.442418001309 -0.675877628642  0.198079082586 -0.203662171042 -0.115918402278 0.00205376677985 11
103.02354 0  -18.1975644077  -7.47584570621 -0.255701627206  -4.32864637994 -0.350802873092 -0.675849175969  0.198180468547 -0.203691377426   -0.1158405154 0.00206003908084 11
103.075619 0  -18.4234993273   -7.4922821635 -0.290531811458  -4.34472071932 -0.282431750728 -0.662365355827  0.198180468547 -0.203691377426   -0.1158405154 0.00206003908084 11
103.127708 0  -18.6500468956  -7.50574733448 -0.324757342286  -4.35235751548  -0.23623062488 -0.652574861646  0.198180468547 -0.203691377426   -0.1158405154 0.00206003908084 11
103.179792 0  -18.8768174953  -7.51712874463 -0.358673781559  -4.35409571585 -0.202959775076 -0.650582245548  0.198180468547 -0.203691377426   -0.1158405154 0.00206003908084 11
103.231876 0  -19.1035430674  -7.52714989977 -0.392491062872  -4.35168833318 -0.182212475016  -0.64799862658  0.198180468547 -0.203691377426   -0.1158405154 0.00206003908084 11
103.28396 0  -19.3300774865  -7.53629793363 -0.426104408844  -4.34728815104 -0.167889155819 -0.641925867956  0.198180468547 -0.203691377426   -0.1158405154 0.00206003908084 11
103.336044 0  -19.5563317987  -7.54487489573 -0.459291595319   -4.3406734738 -0.160244393689 -0.634418491175  0.198180468547 -0.203691377426   -0.1158405154 0.00206003908084 11
103.388128 0  -19.7822307641   -7.5531054389 -0.492385182458  -4.33378145888 -0.155077026237 -0.635890016252  0.198180468547 -0.203691377426   -0.1158405154 0.00206003908084 11
103.440211 0  -20.0077600023  -7.56108952177 -0.525510226248   -4.3264195598  -0.15257771314 -0.635220938285  0.198180468547 -0.203691377426   -0.1158405154 0.00206003908084 11
103.492295 0  -20.2328828701  -7.56901031518 -0.558354737325  -4.31836406891 -0.152415573745 -0.625917281408  0.198180468547 -0.203691377426   -0.1158405154 0.00206003908084 11
103.544379 0  -20.4575780416   -7.5769551809 -0.590583721698  -4.30973811798 -0.152907424355  -0.61142554035  0.198180468547 -0.203691377426   -0.1158405154 0.00206003908084 11
103.596463 0  -20.6819044897   -7.5850903671 -0.621916582177  -4.30514204941 -0.160219377401 -0.588268336455  0.198180468547 -0.203691377426   -0.1158405154 0.00206003908084 11
103.648547 0 -20.9061613241 -7.59382510165 -0.65212846275   -4.3070279897 -0.173743360535 -0.572002660095  0.198180468547 -0.203691377426   -0.1158405154 0.00206003908084 11
103.700631 0   -21.130713233  -7.60324225904 -0.681481919092    -4.317633163 -0.186919592066 -0.559419004596  0.198180468547 -0.203691377426   -0.1158405154 0.00206003908084 11
103.752715 0  -21.3560919971  -7.61334942369 -0.710582189073  -4.33862802756 -0.202338098461 -0.560355074209  0.198180468547 -0.203691377426   -0.1158405154 0.00206003908084 11
103.804799 0  -21.5828295609  -7.62434147664 -0.739993033201  -4.36896020036 -0.221014912428  -0.56981048357  0.198180468547 -0.203691377426   -0.1158405154 0.00206003908084 11
103.856882 0  -21.8113052452   -7.6363706051 -0.770008012205  -4.40655078347 -0.240905398231 -0.578893070357  0.198180468547 -0.203691377426   -0.1158405154 0.00206003908084 11
103.908967 0 -22.0419088271 -7.64942477142  -0.8001450144  -4.44818650885 -0.258542613853 -0.578892526893  0.198180468547 -0.203691377426   -0.1158405154 0.00206003908084 11
103.96105 0  -22.2746618978  -7.66321356583 -0.830345379199  -4.48788385646 -0.269337899125 -0.581065286612  0.198180468547 -0.203691377426   -0.1158405154 0.00206003908084 11
104.013134 0  -22.5094238271  -7.67723847157 -0.860641906872  -4.52574656291 -0.268936781433 -0.584616352594  0.198180468547 -0.203691377426   -0.1158405154 0.00206003908084 11
104.065218 0  -22.7460463634  -7.69104681484 -0.891295124496   -4.5606244049 -0.262123232952 -0.590442039359  0.198180468547 -0.203691377426   -0.1158405154 0.00206003908084 11
104.117303 0  -22.9844893564  -7.70443723933 -0.922410989285  -4.59432597761 -0.253179194404 -0.604764781484  0.198180468547 -0.203691377426   -0.1158405154 0.00206003908084 11
104.169386 0  -23.2245589533  -7.71740006381 -0.954115570066   -4.6243277504  -0.24490235631 -0.611081899195  0.198180468547 -0.203691377426   -0.1158405154 0.00206003908084 11
104.22147 0  -23.4660132765  -7.72984481673 -0.986235924755  -4.64627235812 -0.234403718561 -0.625234104869  0.198180468547 -0.203691377426   -0.1158405154 0.00206003908084 11
104.273553 0 -23.7083284283 -7.74170558141 -1.01910003696  -4.65771481272 -0.221808895901 -0.632345511912  0.198180468547 -0.203691377426   -0.1158405154 0.00206003908084 11
104.325638 0 -23.9509416067 -7.75293547101 -1.05192223627  -4.65648100267 -0.210501420844 -0.623429070838  0.198180468547 -0.203691377426   -0.1158405154 0.00206003908084 11
104.377721 0 -24.1932199451 -7.76369152601 -1.08378496302  -4.64458825884 -0.203024486401  -0.59932275212  0.198180468547 -0.203691377426   -0.1158405154 0.00206003908084 11
104.429805 0 -24.4345854818 -7.77427788114 -1.11428848047  -4.62267754968 -0.207106887931 -0.572856131842  0.198180468547 -0.203691377426   -0.1158405154 0.00206003908084 11
104.481889 0 -24.6746852698 -7.78526366767 -1.14331473842  -4.59698841721 -0.216955240472 -0.540825253359  0.198180468547 -0.203691377426   -0.1158405154 0.00206003908084 11
104.533968 0 -24.9133618842 -7.79680971837 -1.17115639145  -4.56940427566 -0.228100861585 -0.530061613044  0.198180468547 -0.203691377426   -0.1158405154 0.00206003908084 11
104.586056 0 -25.1506752481 -7.80909057864 -1.19864764909  -4.54237036847 -0.244412480922 -0.530212890222  0.198180468547 -0.203691377426   -0.1158405154 0.00206003908084 11
104.63814 0 -25.3865381343 -7.82219284277 -1.22621595522  -4.51507057355 -0.259432424291 -0.527049241175  0.198180468547 -0.203691377426   -0.1158405154 0.00206003908084 11
104.690225 0 -25.6209804715 -7.83609073977 -1.25351280477  -4.48727439511 -0.275107242325 -0.519859276963  0.198180468547 -0.203691377426   -0.1158405154 0.00206003908084 11
104.742308 0 -25.8539316352 -7.85078658934  -1.2804670351  -4.45780045606 -0.289485392295 -0.512070730838  0.198180468547 -0.203691377426   -0.1158405154 0.00206003908084 11
104.794392 0 -26.0853333717  -7.8662718938 -1.30679452538  -4.42842558356 -0.305282448315 -0.501553563217  0.198180468547 -0.203691377426   -0.1158405154 0.00206003908084 11
104.846476 0 -26.3152135214 -7.88258538031 -1.33273828588   -4.3998800322 -0.322624454641 -0.495887587889  0.198180468547 -0.203691377426   -0.1158405154 0.00206003908084 11
104.898559 0  -26.543698652 -7.89988923735 -1.35834333381  -4.37494688546 -0.343243057209 -0.486509041575  0.198180468547 -0.203691377426   -0.1158405154 0.00206003908084 11
104.950644 0 -26.7709982029 -7.91849457665  -1.3836875195  -4.35566989358 -0.375065249072  -0.48427258054  0.198180468547 -0.203691377426   -0.1158405154 0.00206003908084 11
105.002724 0 -26.9975683433 -7.93929396367 -1.40883039771  -4.34654661125  -0.42568526554 -0.481156829367  0.198180468547 -0.203691377426   -0.1158405154 0.00206003908084 11
105.054811 0 -27.2238191143 -7.96306806731 -1.43399017621  -4.34221912653 -0.491249184929 -0.483978950395  0.198180468547 -0.203691377426   -0.1158405154 0.00206003908084 11
105.106895 0 -27.4499499195 -7.99052870708 -1.45906274501  -4.34201321178 -0.567011117571 -0.480613182052  0.198180468547 -0.203691377426   -0.1158405154 0.00206003908084 11
105.158979 0 -27.6762346425 -8.02223142549 -1.48399018492  -4.34680049194 -0.649497546495 -0.478008940776  0.198180468547 -0.203691377426   -0.1158405154 0.00206003908084 11
105.211062 0 -27.9028815492 -8.05823585717 -1.50890627719   -4.3563152977 -0.733666167883 -0.479746945127  0.198180468547 -0.203691377426   -0.1158405154 0.00206003908084 11
105.263147 0 -28.1300377377 -8.09851542216 -1.53408674079  -4.36694406249 -0.811764144138 -0.486257437857  0.198180468547 -0.203691377426   -0.1158405154 0.00206003908084 11
105.31523 0   -28.35775661 -8.14249241768   -1.559494966  -4.37749876515 -0.875553908478 -0.489217101223  0.198180468547 -0.203691377426   -0.1158405154 0.00206003908084 11
105.367314 0 -28.5860410364 -8.18946944405 -1.58504371246  -4.38775299536 -0.923937796689  -0.49329165818  0.198180468547 -0.203691377426   -0.1158405154 0.00206003908084 11
105.419398 0 -28.8148136821 -8.23841944002 -1.61078948175  -4.39646942565 -0.952522431679 -0.498498774477  0.198180468547 -0.203691377426   -0.1158405154 0.00206003908084 11
105.47148 0 -29.0439644032 -8.28838189935 -1.63688415509  -4.40278349291 -0.963586876786 -0.504825088112  0.198180468547 -0.203691377426   -0.1158405154 0.00206003908084 11
105.523566 0 -29.2733931197 -8.33860334689 -1.66329405774  -4.40636393011 -0.962053458877 -0.508702716191  0.198180468547 -0.203691377426   -0.1158405154 0.00206003908084 11
105.575649 0 -29.5030274692 -8.38861374817 -1.68993706087  -4.41067726141 -0.956935870784 -0.512777657637  0.198180468547 -0.203691377426   -0.1158405154 0.00206003908084 11
105.627733 0 -29.6530079089 -8.25778953174 -1.72556840382  -4.40384813852 -0.864498401813 -0.516905520466  0.198872490473 -0.202808915814 -0.118248834276 0.00203380432117 11
105.679818 0 -29.8645613419 -8.26821192058 -1.75261400792  -4.40390893501 -0.834207158897 -0.521744267925  0.198994225622 -0.202685908505 -0.118594320792 0.00203631124411 11
105.731901 0 -30.0496771243 -8.26281594966 -1.78484400011  -4.39581438534 -0.796941990458 -0.527156951891  0.199567611847  -0.20224339939 -0.119734330879 0.00204177741489 11
105.783985 0 -30.2440168306  -8.2533274182 -1.81141370592 -4.38841551714 -0.75870950845 -0.52483290767  0.199846762309 -0.202088132296 -0.120149986209 0.00204429669123 11
105.836069 0 -30.4505990251  -8.2761927025 -1.83902246127  -4.38071357455  -0.73599116054 -0.523564907181  0.200102479493 -0.201983163411 -0.120401996385 0.00204560303153 11
105.888153 0 -30.6547425608  -8.2946615735 -1.86694489755   -4.3733198162 -0.715615295086 -0.521641930099  0.200386015523 -0.201850600121 -0.120722679209 0.00204643220638 11
105.940231 0 -30.8824060537 -8.33148371541 -1.89393984956   -4.3710724995 -0.700713167451 -0.515491620927  0.200386015523 -0.201850600121 -0.120722679209 0.00204643220638 11
105.99232 0 -31.1100630851 -8.36768739609 -1.92071990611  -4.37024129003 -0.688395592185 -0.512865219693  0.200386015523 -0.201850600121 -0.120722679209 0.00204643220638 11
106.044404 0 -31.3377005541 -8.40329571432 -1.94737929397  -4.37065853238 -0.680431058156 -0.514334528274  0.200386015523 -0.201850600121 -0.120722679209 0.00204643220638 11
106.096487 0  -31.565374072  -8.4385542903 -1.97434055764   -4.3723064387 -0.673901956351 -0.518348944241  0.200386015523 -0.201850600121 -0.120722679209 0.00204643220638 11
106.148571 0 -31.7931473765 -8.47347384158 -2.00125150669  -4.37498533707 -0.669378145927 -0.510794812697  0.200386015523 -0.201850600121 -0.120722679209 0.00204643220638 11
106.200655 0 -32.0211848913 -8.50827176081 -2.02711283295  -4.38269811745 -0.668794480717 -0.479801362072  0.200386015523 -0.201850600121 -0.120722679209 0.00204643220638 11
106.252739 0 -31.9419026673 -7.71866520951 -2.06854402819   -4.3485683381 -0.338698151884 -0.450461175245   0.20451086637 -0.199858232406 -0.125571348587 0.00201415108639 11
106.304823 0 -31.9782799075 -7.67197319713 -2.08201870517   -4.3309045283 -0.325989119316 -0.443022411308  0.205621161981  -0.19979751918 -0.125533810027 0.00198462392824 11
106.356906 0 -32.0543480126 -7.61944703229 -2.09888279334  -4.33796921759 -0.314477084072 -0.460570988234   0.20644375529 -0.199693635298 -0.125675877691 0.0019808298936 11
106.40899 0 -32.1730073006 -7.59844499501 -2.12632992545  -4.36347023578 -0.309593178509 -0.481315160922  0.207469221993  -0.19930031324 -0.126526189295 0.0019792450383 11
106.461075 0 -32.3718789362 -7.59678734012 -2.16716201907  -4.42049050711 -0.309024381892  -0.49357039378   0.20826425525 -0.198591704711 -0.128236957929 0.00198613876352 11
106.513158 0 -32.5869981924 -7.59589559492 -2.21121100038  -4.48736121805  -0.30530942751 -0.498449145169  0.209094135067 -0.197783816221 -0.130209755986 0.00199451683847 11
106.565242 0 -32.8514871685  -7.5984726302 -2.25742460093  -4.57178234319 -0.299667184948 -0.506960567588  0.209732730564 -0.197005670553 -0.132149505018 0.00200824263946 11
106.617325 0  -33.103262986  -7.5974120089 -2.30006943384  -4.64571206876 -0.283783919999 -0.522417408879  0.210357593832  -0.19631817332 -0.133873040697 0.00202552273144 11
106.669409 0 -33.3639338043 -7.59572859324 -2.34165218718 -4.71555433161 -0.26123849231 -0.54638997623  0.210947750635 -0.195708625183 -0.135408625332 0.00204916806876 11
106.721493 0 -33.6486426588 -7.61617911662 -2.37698634331  -4.78070912499 -0.244500193891 -0.575118739832  0.211005362312 -0.195501517693 -0.135957615958 0.00206719214007 11
106.773577 0 -33.7342712838 -7.63769328104 -2.41668101921  -4.77383004525 -0.234483684764 -0.600843232421  0.213569080272 -0.194606799773 -0.137889535281 0.00213351481433 11
106.825661 0 -34.0491310251 -7.65139835928 -2.46356876746  -4.82297880453 -0.218625315581 -0.628081314303   0.21375362229 -0.194075469584 -0.139242090899 0.00215541970556 11
106.877744 0  -34.385672024 -7.56320959728 -2.51852735586  -4.86464848994 -0.166776632133 -0.645344784452  0.214244502287 -0.193175022468 -0.141527199565 0.00217709734712 11
106.929828 0 -34.7180655393 -7.52092547438 -2.55080938224  -4.88488233177 -0.135198696284 -0.636663506751  0.213216085482 -0.193475520424 -0.140924595525 0.00216927161484 11
106.981912 0 -35.0007001467 -7.50570664981 -2.59050092065  -4.87146655939 -0.121843820409 -0.621995824941  0.212801841247 -0.193358092984 -0.141245829619 0.00214048141465 11
107.033996 0 -35.2633394746 -7.48470730048 -2.63961488289  -4.83496906232 -0.105838172743 -0.608443408599  0.213303752866 -0.192778295488 -0.142622119587 0.00209684362397 11
107.08608 0 -35.5122042509 -7.47018825211 -2.68714115376    -4.7840307165 -0.0985879771242   -0.59949321967  0.213913597871 -0.192176451688 -0.144050498016 0.00205953984658 11
107.138164 0 -35.7624945715 -7.42405319287 -2.73821560186   -4.72984811167 -0.0823670395691  -0.594910002602  0.214659368244 -0.191516665607 -0.145608987694 0.00202879341934 11
107.190247 0  -36.002155281 -7.42527481652 -2.78956858093   -4.67045180696 -0.0844866619456  -0.598778685867   0.21537465426 -0.190762676681 -0.147409740432 0.00200641581226 11
107.242331 0  -36.224920672 -7.44346061546 -2.83123519522  -4.60613180603 -0.093761288587 -0.591689819817   0.21586751128 -0.190295272249  -0.14851448645 0.00199117068182 11
107.294415 0 -36.4373215376 -7.44973957894 -2.87196307158  -4.54179093598 -0.100334299044 -0.584659637724   0.21635641413 -0.189867775002 -0.149498313547 0.00197068301197 11
107.346498 0 -36.6414794347 -7.44282629458  -2.9201398622  -4.48121371945 -0.100665898599 -0.593775109477  0.217190354359 -0.189187670047  -0.15106783257 0.00195606164146 11
107.398578 0 -36.7751292398 -7.46502940585 -2.95803175251  -4.40448652275  -0.11372339982 -0.599257609242  0.218170340473 -0.188691193787  -0.15211612487 0.00193803138961 11
107.450666 0 -36.9033010147 -7.45477061043 -2.98615903675  -4.32808694958 -0.120506260851 -0.599048839086  0.218890836838  -0.18864095944 -0.152051684679 0.00192734818407 11
107.50275 0 -37.0162139821 -7.46630617557 -3.01285448263  -4.25410248838 -0.132308965685 -0.586934083981  0.219712737059 -0.188599915355 -0.151945245679 0.00191830687288 11
107.554833 0 -37.1173801707 -7.48053328141 -3.03359106685  -4.17729897077 -0.144410243284 -0.576753216687  0.220371235325 -0.188739386002 -0.151410188346 0.00191267421846 11
107.606917 0 -37.2199051996 -7.48801894222 -3.04312972189   -4.1040428955 -0.150517219614  -0.57669013972  0.220520549801 -0.189267553386 -0.149995085833 0.00190875788354 11
107.659001 0   -37.35435802 -7.49630134708 -3.05989668158  -4.04318315492 -0.154874340217  -0.56953507472  0.220671324637 -0.189581993048  -0.14913843698 0.00190752452542 11
107.711085 0 -36.5128182612 -7.13792713073  -2.9892970992   -3.68839348124 -0.0930865032938  -0.557157959023  0.226410464429 -0.191136487493 -0.143735555371 0.00190559390092 11
107.763168 0 -36.1827140716 -7.10259569307 -2.92053503469   -3.50672954002 -0.0939086322351  -0.536316759006  0.227108017121 -0.193562058374 -0.137295195297 0.00191189277655 11
107.815252 0 -36.1245032973 -7.10535732129 -2.90082880002   -3.40304398608 -0.0990775855983  -0.516722122234  0.227195938487 -0.194753818247 -0.134180792931 0.00191683538828 11
107.867333 0 -36.2113403879 -7.11336492443 -2.90291423719  -3.34178161787  -0.10777847659 -0.494902228347  0.227212112373 -0.195392704654  -0.13257269051 0.00192643801878 11
107.919419 0 -36.3242112603 -7.11881182777 -2.90648460718  -3.28907927827 -0.118193872197  -0.48456500058  0.227052463901 -0.196030878443 -0.130994437171 0.00193180171096 11
107.971503 0 -36.4685388262 -7.12742771236 -2.91534311818  -3.24852777335 -0.137794381785 -0.478737233893  0.226837352368  -0.19654584736 -0.129752143584 0.00193279418384 11
108.023587 0 -36.6201113358 -7.14038133657 -2.92497729222  -3.21359605292 -0.172907687069 -0.472225625505  0.226621201306 -0.197039262279 -0.128580873059 0.00193076706282 11
108.075671 0 -36.7836991857 -7.14796186009 -2.94487359476  -3.18700137613 -0.217536644812 -0.455390096883  0.226557052266 -0.197212524363  -0.12813421691 0.00192983042463 11
108.127754 0 -36.9491681449 -7.16066853659 -2.96844915725  -3.16736523771 -0.270482377914 -0.451360384796  0.226557052266 -0.197212524363  -0.12813421691 0.00192983042463 11
108.179838 0 -37.1136609162 -7.17614171892 -2.99159433275  -3.15035784777 -0.321987152229 -0.438283023119  0.226557052266 -0.197212524363  -0.12813421691 0.00192983042463 11
108.231922 0 -37.2774934396 -7.19427594465 -3.01413139024  -3.14234289493 -0.375625235355 -0.424636314506  0.226557052266 -0.197212524363  -0.12813421691 0.00192983042463 11
108.284006 0 -37.4411660414 -7.21502585697 -3.03566474945  -3.14499926453 -0.422311159947 -0.401704632393  0.226557052266 -0.197212524363  -0.12813421691 0.00192983042463 11
108.336084 0 -37.6053253086  -7.2380400637 -3.05598419477  -3.16231226356 -0.461442468043 -0.379432386283  0.226557052266 -0.197212524363  -0.12813421691 0.00192983042463 11
108.388173 0 -37.7709745904   -7.262813346 -3.07520927839  -3.20140717569 -0.487378853365 -0.361917313843  0.226557052266 -0.197212524363  -0.12813421691 0.00192983042463 11
108.440257 0 -37.9392873317 -7.28854539163 -3.09375691623  -3.26472345107 -0.499585790954 -0.353795015871  0.226557052266 -0.197212524363  -0.12813421691 0.00192983042463 11
108.49234 0 -38.1114414851 -7.31461708423 -3.11242317791  -3.34833016759 -0.499397104332 -0.366187209235  0.226557052266 -0.197212524363  -0.12813421691 0.00192983042463 11
108.544424 0 -38.2882382402 -7.34052334526 -3.13231528068   -3.4422896914 -0.494091958593 -0.398046258271  0.226557052266 -0.197212524363  -0.12813421691 0.00192983042463 11
108.596508 0  -38.470111008 -7.36597306234 -3.15403865434  -3.54261772294 -0.481898673003 -0.438695453969  0.226557052266 -0.197212524363  -0.12813421691 0.00192983042463 11
108.648592 0 -38.6573267681 -7.39051958588 -3.17782516774  -3.64572699943 -0.458469506549 -0.476426029345  0.226557052266 -0.197212524363  -0.12813421691 0.00192983042463 11
108.700675 0 -38.8498619497 -7.41373592588 -3.20352534105  -3.74484078024 -0.431423127503 -0.510773645381  0.226557052266 -0.197212524363  -0.12813421691 0.00192983042463 11
108.75276 0 -39.0472446427 -7.43546219995 -3.23097303118   -3.8315444725  -0.40104289863 -0.541255035772  0.226557052266 -0.197212524363  -0.12813421691 0.00192983042463 11
108.804837 0 -39.2486757683 -7.45563281391 -3.26000012117  -3.89978005503 -0.372355931949 -0.571706108222  0.226557052266 -0.197212524363  -0.12813421691 0.00192983042463 11
108.856927 0 -39.4532277203 -7.47431219077 -3.29015046065  -3.94877606253   -0.3457016725 -0.585691482936  0.226557052266 -0.197212524363  -0.12813421691 0.00192983042463 11
108.90901 0 -39.6484508341 -7.50235074695 -3.30059287789  -3.97549866381 -0.335534573303 -0.584991629797   0.22583850147 -0.197750434152  -0.12704086795 0.00188774768756 11
108.961094 0 -39.8122062303 -7.56292495517 -3.28879285198  -3.97803378207 -0.350369334541 -0.573601936202   0.22443889148 -0.198887616658 -0.124763381982 0.00183580602744 11
109.013178 0 -39.9849443817 -7.61002319892 -3.29884260007  -3.95499560926 -0.353590878574  -0.56251508897  0.224027304034 -0.199371266373 -0.123745114962 0.00186158387594 11
109.065261 0 -40.1446216571 -7.66069643914 -3.26813565296  -3.91239579665 -0.366042792594 -0.548953575197  0.222997702188 -0.201057080127 -0.120153064368 0.00194903829127 11
109.117345 0 -40.3442875011 -7.67468561478 -3.27493438667  -3.86234500824 -0.353551448073 -0.540779226513    0.2226499215 -0.201693618721 -0.118755895558 0.00197012166484 11
109.169429 0 -40.5434400767 -7.68997994385 -3.28698757352  -3.80732125977 -0.338883215461 -0.542740954498  0.222423013673 -0.202163200962 -0.117716578731 0.00198425713289 11
109.221513 0 -40.7402923235 -7.70770986716 -3.30852485248  -3.74779702665 -0.315643947832 -0.550278109242  0.222361628543 -0.202358975455 -0.117281085621 0.00198920399042 11
109.273596 0 -40.9335996694   -7.725547917 -3.34061700897  -3.68794155561  -0.29223445938 -0.555134986539  0.222450088412 -0.202256268204 -0.117508665725 0.0019879057848 11
109.32568 0 -41.0857723318 -7.77899902522 -3.35439636866  -3.62006317928 -0.292999208602 -0.557650205436  0.222494220161 -0.202495852001 -0.116969905256 0.0020173743519 11
109.377764 0 -41.2648891205 -7.80109378234 -3.38609083113  -3.56136086021  -0.28153713602 -0.558822045891  0.222576919665 -0.202391253395 -0.117196001776 0.00201733615364 11
109.429847 0   -41.44584466 -7.81835581797 -3.41684253822  -3.50591283214 -0.272681219428 -0.562341702086  0.222596079087 -0.202343301175 -0.117290167965 0.00201701596018 11
109.481931 0 -41.4792042633 -8.02081209763 -3.36640508401  -3.41166367079  -0.35241067979 -0.554490123419  0.221804210379 -0.204061452781 -0.113350875812 0.00206983657553 11
109.534015 0 -41.6490313319 -8.04832985014 -3.38958538069  -3.36289066606 -0.353623481066  -0.55641990326  0.221668336485 -0.204214124153 -0.113004235097 0.00207022678833 11
109.586099 0 -41.8198735571 -8.06917062774 -3.42115428885  -3.32105165156 -0.350027682427 -0.545807799894  0.221741742302 -0.204134496757 -0.113175694153 0.0020683421974 11
109.638182 0 -41.9930156947 -8.08460734543 -3.45456108405  -3.28306612238 -0.340620910449 -0.537652094307  0.221783929385 -0.204016944131 -0.113419918414 0.00206549523326 11
109.690266 0 -42.1525784186 -8.11206605509 -3.47961116793  -3.24707850181 -0.324750119764 -0.529295935294  0.221449006736 -0.204084824351 -0.113281569024 0.00206757546444 11
109.74235 0 -42.2179114691 -8.22324513989 -3.46944623668  -3.19440585501 -0.340756212819 -0.521026228411  0.220438193609 -0.204827060637 -0.111715670809 0.00208294128904 11
109.794434 0 -42.2204804056 -8.32466025058 -3.46969699434  -3.12737691068 -0.340506704348 -0.523723036526   0.21834400698 -0.205473021953 -0.110219082104 0.00207977988913 11
109.846517 0  -42.330316481  -8.3478168616 -3.48517087188  -3.10176400925 -0.292097091516 -0.528861445906  0.217317836257 -0.205823720258 -0.109445183642 0.00208088034668 11
109.898601 0 -42.4498801774 -8.36449740465 -3.49758785348  -3.07812427672 -0.235708133187 -0.537185457816  0.216337542162 -0.206304448833 -0.108342938474 0.00208007441172 11
109.950684 0 -42.5570495353 -8.37407213068 -3.49858243485  -3.04674474253 -0.173035948329 -0.532930367951  0.215225263808 -0.207113771651 -0.106427760801 0.00208209388524 11
110.002768 0 -42.6794463279 -8.38038700333 -3.50983085424  -3.02718931187 -0.122666435959 -0.537334103483  0.21477836094 -0.20758278106 -0.10530361108 0.00207882854201 11
110.054852 0 -42.8370131671 -8.38563576419 -3.53799018694   -3.02381617065 -0.0794811587966  -0.542134764123  0.21477836094 -0.20758278106 -0.10530361108 0.00207882854201 11
110.106935 0 -42.9377613575 -8.32721144328 -3.48585278423  -2.95924667764 0.0115934113107 -0.529749674967   0.213960338195  -0.210218689628 -0.0986068639003 0.00210545613351 11
110.159019 0 -43.0918076522 -8.32597262655 -3.51317638782  -2.95316708713 0.0340906280897  -0.51834645156   0.213960338195  -0.210218689628 -0.0986068639003 0.00210545613351 11
110.211103 0 -43.2454125215 -8.32380762328 -3.54003170322  -2.94594735135 0.0466274144057 -0.513203344393   0.213960338195  -0.210218689628 -0.0986068639003 0.00210545613351 11
110.263186 0 -43.3985787916 -8.32123317307 -3.56674033407  -2.93635940528 0.0521450031525 -0.513926505785   0.213960338195  -0.210218689628 -0.0986068639003 0.00210545613351 11
110.31527 0 -43.5512431954 -8.31843656873 -3.59360213881  -2.92558016869 0.0542596176452 -0.517996498569   0.213960338195  -0.210218689628 -0.0986068639003 0.00210545613351 11
110.367354 0 -43.7033200328 -8.31559413236 -3.62066284404  -2.91341284937 0.0534636588168 -0.518714404513   0.213960338195  -0.210218689628 -0.0986068639003 0.00210545613351 11
110.419438 0 -43.8664470412 -8.23938217956 -3.60594221113  -2.89309037683 0.0856503750547 -0.509601802718   0.213004065432  -0.211292013442 -0.0962922525791 0.00209694143192 11
110.471521 0 -44.0167441987 -8.23512681762 -3.63229845171  -2.87960003286 0.0761810434471 -0.505832216037   0.213004065432  -0.211292013442 -0.0962922525791 0.00209694143192 11
110.523605 0 -44.1663568395 -8.23137230925 -3.65851327577  -2.86609673097 0.0671173586509 -0.499253715298   0.213004065432  -0.211292013442 -0.0962922525791 0.00209694143192 11
110.575689 0 -44.3152823368 -8.22814772744 -3.68454286595  -2.85330418868  0.056508502715 -0.498475254252   0.213004065432  -0.211292013442 -0.0962922525791 0.00209694143192 11
110.627772 0 -44.4636183242 -8.22553266533 -3.71024484729  -2.84329659158 0.0438294266655 -0.488263816187   0.213004065432  -0.211292013442 -0.0962922525791 0.00209694143192 11
110.679856 0  -44.611565377 -8.22352858949 -3.73475704389    -2.840853834 0.0314817784235 -0.448357058785   0.213004065432  -0.211292013442 -0.0962922525791 0.00209694143192 11
110.731934 0 -44.7597952994 -8.22211656204  -3.7572559855  -2.85610167007  0.021465487009 -0.419826543997   0.213004065432  -0.211292013442 -0.0962922525791 0.00209694143192 11
110.784023 0 -44.9094422276 -8.22121083253 -3.77863092609  -2.89490409523 0.0119372845438 -0.403811792271   0.213004065432  -0.211292013442 -0.0962922525791 0.00209694143192 11
110.836107 0 -45.0617909109 -8.22063567764 -3.79941143006  -2.95902167348 0.0102611803434 -0.399405428767   0.213004065432  -0.211292013442 -0.0962922525791 0.00209694143192 11
110.888191 0 -45.2180113904 -8.22001676223  -3.8207870096  -3.04231916438  0.013929182267 -0.423684097819   0.213004065432  -0.211292013442 -0.0962922525791 0.00209694143192 11
110.940274 0 -45.3788246968 -8.21908119535 -3.84390880985  -3.13405699357 0.0203778796732 -0.467442222774   0.213004065432  -0.211292013442 -0.0962922525791 0.00209694143192 11
110.992358 0  -45.544754976 -8.21779823247 -3.86924144886   -3.2388891531 0.0273525773312 -0.503936092449   0.213004065432  -0.211292013442 -0.0962922525791 0.00209694143192 11
111.044441 0 -45.7163561398 -8.21604529701 -3.89620930419  -3.35218894827 0.0387805868598 -0.528687024314   0.213004065432  -0.211292013442 -0.0962922525791 0.00209694143192 11
111.096525 0 -45.8939019027 -8.21363421535 -3.92434337932  -3.46603549131 0.0539629548957 -0.553172293731   0.213004065432  -0.211292013442 -0.0962922525791 0.00209694143192 11
111.148609 0 -46.0773319077  -8.2103400563 -3.95377089193  -3.57712753726 0.0722599052366 -0.577144997286   0.213004065432  -0.211292013442 -0.0962922525791 0.00209694143192 11
111.200693 0 -46.2664281835 -8.20605332923 -3.98454922329  -3.68315862862 0.0904428253148  -0.60384923384   0.213004065432  -0.211292013442 -0.0962922525791 0.00209694143192 11
111.252776 0 -46.4609330038 -8.20091042647 -4.01671553769  -3.78457860184  0.106348289752 -0.633488917162   0.213004065432  -0.211292013442 -0.0962922525791 0.00209694143192 11
111.30486 0 -46.6603821367 -8.19500456379 -4.05092095085   -3.8722570455  0.118422086202 -0.683714912235   0.213004065432  -0.211292013442 -0.0962922525791 0.00209694143192 11
111.356944 0 -46.7693809974 -7.86098282516 -3.98894569544  -3.89513028197  0.263712091302 -0.737790475241  0.211676569868 -0.213481220487 -0.091070110476 0.00204789109326 11
111.409027 0 -46.9274613717 -7.83447935683 -4.01317689627  -3.94108423174  0.278202661417 -0.787843948639   0.211768092819  -0.213714513494 -0.0904220396254 0.00205133528407 11
111.461111 0 -47.0908636501 -7.80984287098 -4.05008523064  -3.97345733014  0.292294948234 -0.829416580417  0.212271589622  -0.21369274059 -0.090289824601 0.00205133863686 11
111.513195 0 -47.2780111701 -7.77869032307 -4.08507412101    -3.991802574  0.303249382327 -0.868866625082   0.212434959587  -0.213861756808 -0.0898287799611 0.00204563457023 11
111.565278 0 -47.3917332296  -7.7482043736 -4.13876540103  -3.96653404259  0.314329196876 -0.916653447142   0.213478537408  -0.213631149701 -0.0899180849158 0.00204162534284 11
111.617362 0 -47.5817346554 -7.71402485259 -4.17954033958  -3.94459612909  0.323352042844 -0.952835644324   0.213675905969  -0.213833329553 -0.0893711941202 0.00203763289187 11
111.669445 0 -47.6307627933 -7.69125542216 -4.22972535098  -3.85234436763  0.345685042999 -0.990756436997   0.214956338241  -0.213794657883 -0.0887889425263 0.00205826186184 11
111.721529 0 -47.6268496346  -7.6537479766 -4.28403285628 -3.73393185845 0.360593032336 -1.03661447018   0.21606594444 -0.213764338487 -0.088120392616 0.00204579719984 11
111.773613 0 -47.8818391182 -7.69783322132 -4.36492239032 -3.70041329313 0.340147100347 -1.07644280139   0.216913853992  -0.213193863784 -0.0895314111269 0.0020321750908 11
111.825696 0 -47.9111603075 -7.62253141288 -4.40874386772 -3.57678414895 0.343007322655 -1.10267976418   0.216624057152  -0.213547270434 -0.0883399027629 0.00200878981811 11
111.87778 0 -48.0082774959 -7.62703491303 -4.46270123581 -3.47551065472 0.315348827461 -1.14109102157   0.216292698186  -0.213533458941 -0.0882997573165 0.00199345214015 11
111.929864 0 -48.1471130602 -7.61105431771 -4.53105541214  -3.3869562634 0.300051658949  -1.1804415455   0.216444932015  -0.213279963223 -0.0888031621762 0.00198267706402 11
111.981947 0 -48.2275071084 -7.57165037495 -4.61166393001 -3.28003545934 0.289959939346  -1.2146135101   0.216708190868  -0.212737767428 -0.0898078437573 0.0019625708458 11
112.034031 0 -48.3773168431 -7.49121337163 -4.67871760057 -3.18900967612  0.28749431127 -1.23726396336   0.216628225615  -0.212750341021 -0.0896744087725 0.00196302408843 11
112.086115 0 -48.5412914609 -7.47694062781 -4.74368920752 -3.10821864564 0.259734505029 -1.25462002355   0.216628225615  -0.212750341021 -0.0896744087725 0.00196302408843 11
112.138199 0 -48.6310896306 -7.50356398079 -4.80614202774 -3.00931148969 0.213507260101  -1.2824710091   0.216441449632  -0.212667083841 -0.0898059363585 0.00196078737489 11
112.190282 0 -48.7024029527 -7.44810652043 -4.86315276269 -2.89924195253 0.199155680893 -1.31023644102   0.215703306584  -0.213024622478 -0.0886966761472 0.00197634872206 11
112.242366 0 -48.8511604431 -7.43830186033 -4.93170023854 -2.80960189519 0.176951989157  -1.3156812416   0.215703306584  -0.213024622478 -0.0886966761472 0.00197634872206 11
112.294449 0 -48.9950574553 -7.42951560811 -5.00013960084 -2.71488976546 0.160771972242 -1.31133502362   0.215703306584  -0.213024622478 -0.0886966761472 0.00197634872206 11
112.346533 0 -49.1339202981 -7.42160072986 -5.06821417995 -2.61798759933   0.1423537664 -1.30422746033   0.215703306584  -0.213024622478 -0.0886966761472 0.00197634872206 11
112.398617 0 -49.2659318686 -7.41178131293 -5.13466143213 -2.52626894428 0.124652187236  -1.2933927513   0.215685207604   -0.21305093854 -0.0886243692154 0.00197624378414 11
112.4507 0 -49.3890875773 -7.41101207907 -5.20082579776 -2.43623355418 0.100820000203 -1.27549845414   0.215643593875  -0.213085379824 -0.0885105122334 0.00197484506574 11
112.502784 0 -49.4566852993 -7.38933861636 -5.26500642986 -2.33532726224 0.065563113767 -1.24529663062   0.215401767655   -0.21318466125 -0.0880551894071 0.00197695827919 11
112.554868 0 -49.5544415265 -7.34468891478 -5.34058991786  -2.25457531314 0.0283568645756  -1.20161908576    0.2154839117 -0.213042022988 -0.088156262542 0.00198127522492 11
112.606952 0 -49.4962925756  -7.2459853549 -5.41772222385   -2.12496795572 0.00976518732944   -1.15544762843   0.214827065469  -0.213052731378 -0.0873835350402 0.00197710574933 11
112.659039 0 -49.5970447791  -7.2286249605 -5.49287980836   -2.06117285448 -0.0206430138417    -1.0942192466   0.215144569013   -0.21275011058 -0.0878839963313 0.00198753540059 11
112.711119 0 -49.7005988123 -7.22587692468 -5.56711190265   -1.99851208867 -0.0436978074238   -1.01529576802   0.215693501509      -0.21236703 -0.0885572925457 0.00200368727942 11
112.763203 0 -49.6895887434 -7.18158482523 -5.65758636853   -1.90617705187 -0.0616828655807  -0.919444220791   0.215993966491  -0.211827045597 -0.0890836119269 0.00200152593649 11
112.815286 0 -49.7341831388 -7.17645765235 -5.71590195367   -1.81960522334 -0.0735856010336  -0.807937673216   0.216053475357  -0.211649114907 -0.0893380545065 0.00197504289782 11
112.86737 0 -49.8188140569 -7.17733711661 -5.74510859319   -1.73688798283 -0.0790718629108  -0.684600324207  0.215971339163 -0.211752625887 -0.089266742491 0.00197481084897 11
112.919453 0 -49.8958133001 -7.16857276995  -5.7664007794  -1.66161075561 -0.104152715857 -0.547383129535   0.215882462384  -0.211925312922 -0.0890156952813 0.00195946069915 11
112.971537 0 -49.9807823694 -7.17498222961 -5.79148247505  -1.60253305921 -0.141560778855 -0.411816078891   0.215882462384  -0.211925312922 -0.0890156952813 0.00195946069915 11
113.02362 0 -50.0628360032 -7.18313985109 -5.80933682534   -1.5475218289 -0.169759646057 -0.280221630733   0.215882462384  -0.211925312922 -0.0890156952813 0.00195946069915 11
113.075704 0 -50.1420187508 -7.19241123707 -5.82056267698  -1.49431750011 -0.185096992102 -0.153187924721   0.215882462384  -0.211925312922 -0.0890156952813 0.00195946069915 11
113.127783 0 -50.2185067277 -7.20238699975   -5.825497088   -1.44374970183  -0.196676492989 -0.0371293716987   0.215882462384  -0.211925312922 -0.0890156952813 0.00195946069915 11
113.179871 0 -50.2924871237 -7.21285280035 -5.82442999231  -1.39772539785 -0.204886592716 0.0787816678772   0.215882462384  -0.211925312922 -0.0890156952813 0.00195946069915 11
113.231955 0 -50.3642387924 -7.22355734486 -5.81725356064  -1.35836770218 -0.201965846267  0.195629089236   0.215882462384  -0.211925312922 -0.0890156952813 0.00195946069915 11
113.284039 0  -50.434144365 -7.23345289798 -5.80403367704  -1.32709394448 -0.171863205771  0.303375524861   0.215882462384  -0.211925312922 -0.0890156952813 0.00195946069915 11
113.336122 0 -50.5026538127 -7.24086851063 -5.78631601333  -1.30731200932 -0.106442186039  0.375386238411   0.215882462384  -0.211925312922 -0.0890156952813 0.00195946069915 11
113.388206 0 -50.5706111251 -7.24414468808 -5.76564857509   -1.30560797803 -0.0164599371586   0.413735750543   0.215882462384  -0.211925312922 -0.0890156952813 0.00195946069915 11
113.44029 0 -50.6389078333 -7.24240682121 -5.74381922094  -1.31951030239 0.0833370082414  0.417266548135   0.215882462384  -0.211925312922 -0.0890156952813 0.00195946069915 11
113.492373 0 -50.7083439658 -7.23538253074 -5.72241591407 -1.34730446202 0.190791424987 0.400807333845   0.215882462384  -0.211925312922 -0.0890156952813 0.00195946069915 11
113.544457 0  -50.779326811 -7.22207039776 -5.70200814461 -1.37951737706 0.326285593178 0.382199198573   0.215882462384  -0.211925312922 -0.0890156952813 0.00195946069915 11
113.596535 0 -50.8521095878 -7.20099246735 -5.68268175582 -1.41615997972 0.486649876212 0.357397142759   0.215882462384  -0.211925312922 -0.0890156952813 0.00195946069915 11
113.648624 0 -50.9269246906 -7.17158106333 -5.66532724953 -1.45590514021  0.64114961682 0.303319171553   0.215882462384  -0.211925312922 -0.0890156952813 0.00195946069915 11
113.700708 0 -51.0036989348 -7.13466942694 -5.65185182118 -1.49190484468 0.775198190556 0.212310049343   0.215882462384  -0.211925312922 -0.0890156952813 0.00195946069915 11
113.752791 0   -51.08239642 -7.09123118051  -5.6429028497  -1.5298364043 0.889038809809 0.130955105956   0.215882462384  -0.211925312922 -0.0890156952813 0.00195946069915 11
113.804875 0 -51.1629974067  -7.0427506025 -5.63826078456  -1.56425612179  0.969031540951 0.0445056955596   0.215882462384  -0.211925312922 -0.0890156952813 0.00195946069915 11
113.856959 0 -51.2452507684 -6.99079504358 -5.63835134059    -1.5928727716    1.02303503728 -0.0489860809701   0.215882462384  -0.211925312922 -0.0890156952813 0.00195946069915 11
113.909042 0 -51.3287991963 -6.93659636661 -5.64365570466  -1.61351473076   1.05743216903 -0.155460628825   0.215882462384  -0.211925312922 -0.0890156952813 0.00195946069915 11
113.961126 0 -51.4132878724 -6.88098221634 -5.65465952572  -1.62868767189   1.07745414354 -0.270951360651   0.215882462384  -0.211925312922 -0.0890156952813 0.00195946069915 11
114.01321 0 -51.4983673737 -6.82460687536 -5.67192370735  -1.63644406309   1.08744967921 -0.395848392849   0.215882462384  -0.211925312922 -0.0890156952813 0.00195946069915 11
114.065288 0 -51.5837161703 -6.76784320485 -5.69619503712  -1.64091533184   1.09240762925 -0.536983875047   0.215882462384  -0.211925312922 -0.0890156952813 0.00195946069915 11
114.117376 0 -51.6692337855 -6.71087040421 -5.72826428218 -1.64264278664  1.09460257921 -0.69441571838   0.215882462384  -0.211925312922 -0.0890156952813 0.00195946069915 11
114.16946 0 -51.7547786131 -6.65388840036 -5.76822924775  -1.64194245524   1.09351457993 -0.838338789019   0.215882462384  -0.211925312922 -0.0890156952813 0.00195946069915 11
114.221544 0 -51.8401970553 -6.59699437073 -5.81537910666  -1.63795518064   1.09212492797 -0.967382129864   0.215882462384  -0.211925312922 -0.0890156952813 0.00195946069915 11
114.273627 0 -51.9253186977 -6.54019383654 -5.86872024727 -1.63002561361  1.09066864069 -1.07860403473   0.215882462384  -0.211925312922 -0.0890156952813 0.00195946069915 11
114.32571 0 -52.0099360219 -6.48344364551  -5.9277654585 -1.61769757202   1.0899678671 -1.18832858845   0.215882462384  -0.211925312922 -0.0890156952813 0.00195946069915 11
114.377794 0 -52.1328410988  -6.4134121995 -5.97407881232 -1.61048840504  1.10391990617 -1.27758977035   0.214638436065  -0.211927345612 -0.0897504661901 0.00196194837503 11
114.429878 0 -52.2162800037 -6.35607045289 -6.04252714414 -1.59188096009  1.09937872268 -1.34581533458   0.214638436065  -0.211927345612 -0.0897504661901 0.00196194837503 11
114.481962 0 -52.2986241033 -6.29885540714 -6.11413877539   -1.569151749   1.0976358973 -1.40038931868   0.214638436065  -0.211927345612 -0.0897504661901 0.00196194837503 11
114.534045 0  -52.379656809 -6.24166230963 -6.18816177225 -1.54241902324  1.09743922176 -1.43743961134   0.214638436065  -0.211927345612 -0.0897504661901 0.00196194837503 11
114.586129 0 -52.4080131523 -6.19492448161   -6.245948927 -1.49713817642  1.09008257696 -1.45543265548     0.2142785735  -0.212194305393 -0.0892098121848 0.00196189921929 11
114.638213 0 -52.4307237319 -6.14913607725 -6.32255881873 -1.44947011618  1.07385756518 -1.46233043408   0.214770680121  -0.212364264349 -0.0884055046343 0.0019598441369 11
114.690296 0 -52.4211743407 -6.11561000432 -6.39464955113 -1.39056791726  1.05386007411   -1.447132658   0.215432059079  -0.212564419351 -0.0875397063421 0.00195775107576 11
114.74238 0 -52.4672808441  -6.0749721489 -6.46315289085 -1.33999316108  1.04828437455  -1.4174734879   0.215469360111  -0.212557915874 -0.0876940272485 0.00195937288186 11
114.794463 0 -52.2979331783 -6.05472196738  -6.5142745402 -1.22616409145  1.00338543983 -1.37238235962   0.216624099932  -0.213328125571 -0.0848752352585 0.00195414285016 11
114.846546 0 -52.3647415528 -6.00068605927  -6.5861332594 -1.17637260473 0.988471846158 -1.30737956286   0.216652698755  -0.213316606996 -0.0848653245503 0.00195388614646 11
114.898631 0 -52.1466728292 -5.93627416337 -6.64588345393 -1.04062697991 0.962183218486 -1.23564351584    0.21855118437  -0.213373230569 -0.0840090869642 0.00194994262864 11
114.950713 0 -52.0242823949 -5.92624524237 -6.68525317441 -0.922937598175  0.938426810742  -1.14417184177  0.219168628195 -0.213647668856 -0.083267885434 0.00194951823294 11
115.002797 0 -51.7871559796  -5.9340343647 -6.71369549134 -0.770588012599  0.892947700318  -1.03203566257   0.220315664181  -0.214333232026 -0.0809610624504 0.00194620268531 11
115.054881 0 -51.5300114133 -5.98380524386  -6.6549151313  -0.60213039867  0.831646682008 -0.884790004348   0.218273923345  -0.216229950692 -0.0768864907204 0.00194949115046 11
115.106964 0 -51.2206884236  -5.9656735333 -6.55205006202  -0.41360306698  0.776770911545 -0.733033902159     0.2147465136  -0.218346629692 -0.0731178371542 0.00195282906954 11
115.159048 0 -51.0841519583 -5.92731345183 -6.49902211278 -0.285666453924  0.728118524665 -0.588775694384   0.212132940546  -0.219671388154 -0.0708036668098 0.00195527767065 11
115.211132 0 -51.0261460969 -5.89279841872 -6.48854767008 -0.186784016914  0.686034842899 -0.455857055224   0.211085362208  -0.220276459151 -0.0696725759821 0.00195810184341 11
115.263215 0 -51.0285536272 -5.84813277914 -6.45369429202 -0.110243573218  0.643561806199 -0.332005627914  0.208925868243 -0.221006019078 -0.068775591555 0.00196748561549 11
115.315299 0 -50.8093789395 -5.84469546491 -6.36040379581 0.0335695662215  0.592326912538 -0.217558169009    0.20723053043  -0.222065717635 -0.0677930390119 0.00198339949818 11
115.367383 0 -50.7683339444  -5.8193761161 -6.35985815313 0.0987751845179   0.52991050016 -0.102129783657   0.207441387643  -0.222128970147 -0.0677825279839 0.00198638440777 11
115.419466 0 -50.7621227565 -5.79375057688 -6.36227678968    0.136871309839    0.453231418745 0.000549018414682   0.207441387643  -0.222128970147 -0.0677825279839 0.00198638440777 11
115.47155 0 -50.7544124722 -5.77245196522 -6.36035732916   0.15772117503  0.365845293677 0.0673910991973   0.207441387643  -0.222128970147 -0.0677825279839 0.00198638440777 11
115.523629 0 -50.7458730529 -5.75569867683  -6.3557160789 0.169400644116 0.278422365428 0.109601643561   0.207441387643  -0.222128970147 -0.0677825279839 0.00198638440777 11
115.575717 0 -50.7369014957 -5.74337094931 -6.34925482942 0.174978912391 0.196438814582 0.135747577345   0.207441387643  -0.222128970147 -0.0677825279839 0.00198638440777 11
115.627801 0 -50.7275759673 -5.73487009758 -6.34168433918 0.182953230256 0.133024007811 0.157683364864   0.207441387643  -0.222128970147 -0.0677825279839 0.00198638440777 11
115.679884 0 -50.7177456818 -5.72925449728 -6.33308686464   0.19606520223 0.0873337784026   0.16913206165   0.207441387643  -0.222128970147 -0.0677825279839 0.00198638440777 11
115.731968 0 -50.7071385984  -5.7255302107 -6.32415079761  0.212359869212 0.0587923638408  0.171740962256   0.207441387643  -0.222128970147 -0.0677825279839 0.00198638440777 11
115.784051 0 -50.6956735853 -5.72292417435 -6.31474558756  0.226472470698 0.0437310677999  0.195502311977   0.207441387643  -0.222128970147 -0.0677825279839 0.00198638440777 11
115.836134 0 -50.6837165379 -5.72066045484 -6.30376642032  0.228476636497 0.0439303241997  0.223335332057   0.207441387643  -0.222128970147 -0.0677825279839 0.00198638440777 11
115.888218 0 -50.6723758117 -5.71803607147 -6.29193263822  0.199839093138 0.0574972821397  0.229772263902   0.207441387643  -0.222128970147 -0.0677825279839 0.00198638440777 11
115.940302 0 -50.6635830486 -5.71438877402 -6.28036674617 0.131022872299 0.083142847576 0.208404564812   0.207441387643  -0.222128970147 -0.0677825279839 0.00198638440777 11
115.99238 0 -50.6593149533 -5.70912093616 -6.27087966186 0.0293110040614  0.118968229605   0.14829063567   0.207441387643  -0.222128970147 -0.0677825279839 0.00198638440777 11
116.044469 0 -50.6608719625 -5.70199159664 -6.26531519403 -0.091859647943  0.155705837022 0.0649199968518   0.207441387643  -0.222128970147 -0.0677825279839 0.00198638440777 11
116.096553 0 -50.6692837097 -5.69277583222 -6.26383292416   -0.233524623778    0.198893065382 -0.00825939008535   0.207441387643  -0.222128970147 -0.0677825279839 0.00198638440777 11
116.148636 0 -50.6852269581  -5.6813574751 -6.26627386283  -0.377912327663   0.240505367789 -0.0871419900952   0.207441387643  -0.222128970147 -0.0677825279839 0.00198638440777 11
116.200741 0 -50.7085287658 -5.66771077229 -6.27289796216 -0.517920921351  0.281952780561 -0.161357118947   0.207441387643  -0.222128970147 -0.0677825279839 0.00198638440777 11
116.252803 0 -50.7392297702 -5.65202049016 -6.28249204832 -0.658054726697  0.321208004418  -0.20581284498   0.207441387643  -0.222128970147 -0.0677825279839 0.00198638440777 11
116.304887 0 -50.7765883697 -5.63426642567 -6.29432054775 -0.771443077546  0.359490518245 -0.252232887357   0.207441387643  -0.222128970147 -0.0677825279839 0.00198638440777 11
116.35697 0 -50.8192334525 -5.61465864957 -6.30821336362 -0.862269980797  0.395413378291 -0.274175614482   0.207441387643  -0.222128970147 -0.0677825279839 0.00198638440777 11
116.409053 0 -50.8658586869 -5.59326960953 -6.32254542913 -0.921015454642  0.425114428548  -0.27242863989   0.207441387643  -0.222128970147 -0.0677825279839 0.00198638440777 11
116.461132 0 -50.9145545494 -5.57045617376 -6.33643656648 -0.942922782262  0.450118091857 -0.259423772829   0.207441387643  -0.222128970147 -0.0677825279839 0.00198638440777 11
116.513221 0 -50.9635269905 -5.54646935541 -6.34950561793 -0.932322602007  0.470005711504  -0.24279994895   0.207441387643  -0.222128970147 -0.0677825279839 0.00198638440777 11
116.565304 0 -51.0113030295 -5.52156493016 -6.36148451889 -0.899220058801  0.485832157589 -0.219849249808   0.207441387643  -0.222128970147 -0.0677825279839 0.00198638440777 11
116.617389 0 -51.0569740286 -5.49606326496 -6.37265329482  -0.85171273758  0.491984260313 -0.207398496656   0.207441387643  -0.222128970147 -0.0677825279839 0.00198638440777 11
116.669471 0 -51.0999553536 -5.47043148066  -6.3832522468 -0.796877152972  0.491514409723 -0.199504780531   0.207441387643  -0.222128970147 -0.0677825279839 0.00198638440777 11
116.721555 0 -51.1398335872 -5.44490889551 -6.39341930086 -0.734131787813  0.485924132803 -0.190017119714   0.207441387643  -0.222128970147 -0.0677825279839 0.00198638440777 11
116.773638 0 -51.1764171335 -5.41980421395 -6.40305878024 -0.670808558013  0.476129487095 -0.182596964383   0.207441387643  -0.222128970147 -0.0677825279839 0.00198638440777 11
116.825722 0 -51.2096780354 -5.39529364524 -6.41234998852 -0.606343299264  0.463756704909 -0.176411445281   0.207441387643  -0.222128970147 -0.0677825279839 0.00198638440777 11
116.877806 0 -51.2396093484 -5.37141337891 -6.42135600449 -0.542924666173  0.451493053264 -0.164987579461   0.207441387643  -0.222128970147 -0.0677825279839 0.00198638440777 11
116.929889 0 -51.2662903731 -5.34812601029 -6.42930896092 -0.483923316909  0.441403322739 -0.140856046784   0.207441387643  -0.222128970147 -0.0677825279839 0.00198638440777 11
116.981973 0 -51.2902154936 -5.32542916336 -6.43630372354 -0.437467414372  0.430329957513  -0.12679554276   0.207441387643  -0.222128970147 -0.0677825279839 0.00198638440777 11
117.034056 0 -51.3120547878 -5.30324451739 -6.44256096236 -0.402899072404  0.420845575882 -0.119458598579   0.207441387643  -0.222128970147 -0.0677825279839 0.00198638440777 11
117.08614 0 -51.3323248665 -5.28146256053 -6.44878450638 -0.378094135792  0.415089633492 -0.118995842785   0.207441387643  -0.222128970147 -0.0677825279839 0.00198638440777 11
117.138223 0 -51.3516152549 -5.25988075923 -6.45512691682 -0.365923893439  0.412662839523 -0.122213704116   0.207441387643  -0.222128970147 -0.0677825279839 0.00198638440777 11
117.190307 0   -51.37060196 -5.23835497623 -6.46126331157 -0.365114021908  0.414426211916 -0.114014721565   0.207441387643  -0.222128970147 -0.0677825279839 0.00198638440777 11
117.24239 0 -51.3898674259 -5.21670983753  -6.4668592517  -0.377707276358   0.416817499429 -0.0990786662295   0.207441387643  -0.222128970147 -0.0677825279839 0.00198638440777 11
117.294474 0 -51.4102198418 -5.19504973638 -6.47185155675  -0.405633264756   0.413786392282 -0.0944330596687   0.207441387643  -0.222128970147 -0.0677825279839 0.00198638440777 11
117.346557 0  -51.432402419 -5.17372731466 -6.47702793143 -0.447041576182  0.404220160251 -0.105931948547   0.207441387643  -0.222128970147 -0.0677825279839 0.00198638440777 11
117.398641 0 -51.4570003061 -5.15313547123 -6.48304465225 -0.498436785765  0.383669621466 -0.129589810168   0.207441387643  -0.222128970147 -0.0677825279839 0.00198638440777 11
117.450724 0 -51.4843886261 -5.13381028023 -6.49045821087 -0.555155215195  0.356605015569 -0.152458538897   0.207441387643  -0.222128970147 -0.0677825279839 0.00198638440777 11
117.502808 0  -51.514849866 -5.11610891589 -6.49858559066  -0.61581138254  0.321560281887 -0.154566475022   0.207441387643  -0.222128970147 -0.0677825279839 0.00198638440777 11
117.554891 0 -51.5484766238 -5.10032490245 -6.50631411968 -0.675217090382  0.284696283511 -0.139584072388   0.207441387643  -0.222128970147 -0.0677825279839 0.00198638440777 11
117.606975 0 -51.5850072895 -5.08652580553  -6.5134526185 -0.725308214085  0.245787975113 -0.137141488837   0.207441387643  -0.222128970147 -0.0677825279839 0.00198638440777 11
117.659058 0 -51.6239297468 -5.07474049902 -6.52056559384 -0.765939694469  0.207023312423 -0.140074437888   0.207441387643  -0.222128970147 -0.0677825279839 0.00198638440777 11
117.711142 0 -51.6646217708 -5.06496776153 -6.52816660209 -0.793648380029   0.16890788536 -0.152470280078   0.207441387643  -0.222128970147 -0.0677825279839 0.00198638440777 11
117.763226 0 -51.7062084711 -5.05691927028 -6.53623555702 -0.80080289692 0.141097600108 -0.15348895293   0.207441387643  -0.222128970147 -0.0677825279839 0.00198638440777 11
117.815309 0  -51.747733774 -5.05020671434 -6.54378784614 -0.790474634869  0.117670224986 -0.133017767654   0.207441387643  -0.222128970147 -0.0677825279839 0.00198638440777 11
117.867393 0 -51.7882035537 -5.04457532555 -6.55013608547 -0.760160989125 0.0981554454832 -0.113194183998   0.207441387643  -0.222128970147 -0.0677825279839 0.00198638440777 11
117.919476 0 -51.8266987021 -5.03988199523 -6.55549938865  -0.715932357082  0.0823881485319 -0.0967211386303   0.207441387643  -0.222128970147 -0.0677825279839 0.00198638440777 11
117.97156 0 -51.8625914693 -5.03607500707 -6.56027551139  -0.661512602538  0.0630628344205 -0.0863703281443   0.207441387643  -0.222128970147 -0.0677825279839 0.00198638440777 11
118.023644 0 -51.8954721996 -5.03336422677 -6.56464296093   -0.59953187812  0.0430508521694 -0.0839960320752   0.207441387643  -0.222128970147 -0.0677825279839 0.00198638440777 11
118.075727 0 -51.9250377771 -5.03142762104 -6.56936443358  -0.535393784436  0.0327335877918 -0.0995277129452   0.207441387643  -0.222128970147 -0.0677825279839 0.00198638440777 11
118.12781 0 -51.9512838488 -5.02992762702 -6.57539155219 -0.472445445375 0.0260975654709 -0.135975867406   0.207441387643  -0.222128970147 -0.0677825279839 0.00198638440777 11
118.179894 0 -51.9743360951 -5.02872062659 -6.58372063279 -0.413227192736 0.0224830966189 -0.186755301573   0.207441387643  -0.222128970147 -0.0677825279839 0.00198638440777 11
118.231977 0 -51.9944507278 -5.02771075884 -6.59471362153 -0.361125446514 0.0163349473329 -0.236885125727   0.207441387643  -0.222128970147 -0.0677825279839 0.00198638440777 11
118.284061 0 -52.0120367756 -5.02695853344  -6.6087157446 -0.315437854456  0.014307898734  -0.30102423099   0.207441387643  -0.222128970147 -0.0677825279839 0.00198638440777 11
118.336145 0 -52.0274092798 -5.02605593892 -6.62591267565 -0.274936575237 0.0226241621084 -0.357220187995   0.207441387643  -0.222128970147 -0.0677825279839 0.00198638440777 11
118.388227 0 -52.0407420247 -5.02452552922 -6.64591797337 -0.237884714409  0.038232456479 -0.408861978078   0.207441387643  -0.222128970147 -0.0677825279839 0.00198638440777 11
118.440312 0 -52.0522957626 -5.02215356351 -6.66862309503 -0.205973779474 0.0537262183145 -0.465745757807   0.207441387643  -0.222128970147 -0.0677825279839 0.00198638440777 11
118.492395 0 -52.0623491276 -5.01898936854 -6.69430542414 -0.180255822422 0.0687994945175 -0.520504566428   0.207441387643  -0.222128970147 -0.0677825279839 0.00198638440777 11
118.544478 0 -52.0711673325  -5.0149317621 -6.72284737117 -0.158313125574 0.0861435477484 -0.573125023416   0.207441387643  -0.222128970147 -0.0677825279839 0.00198638440777 11
118.596562 0 -52.0788929205 -5.00988960075 -6.75359683685 -0.138739785058  0.106772103165 -0.604284399086   0.207441387643  -0.222128970147 -0.0677825279839 0.00198638440777 11
118.648646 0 -52.0855534928 -5.00375950389 -6.78571982947 -0.117472925617  0.127782809293 -0.627554947188   0.207441387643  -0.222128970147 -0.0677825279839 0.00198638440777 11
118.700729 0 -52.0911367032 -4.99661033868 -6.81874873175 -0.0966856464682   0.145854800649  -0.641404279962   0.207441387643  -0.222128970147 -0.0677825279839 0.00198638440777 11
118.752813 0  -52.095705339 -4.98860039599 -6.85226073092 -0.0782810629334   0.160877824319  -0.641256510397   0.207441387643  -0.222128970147 -0.0677825279839 0.00198638440777 11
118.804897 0 -52.0992593367 -4.97972674606 -6.88531986575 -0.0592444292129   0.177564528758  -0.627741000332   0.207441387643  -0.222128970147 -0.0677825279839 0.00198638440777 11
118.856975 0 -52.1017745425 -4.96995153683 -6.91740484604 -0.0375066861924   0.198285722788  -0.599342938669   0.207441387643  -0.222128970147 -0.0677825279839 0.00198638440777 11
118.909064 0 -52.1030806933 -4.95911445554 -6.94751987716 -0.0125375427247     0.2192174904  -0.553199869955   0.207441387643  -0.222128970147 -0.0677825279839 0.00198638440777 11
118.961147 0 -52.1030439178 -4.94711525687 -6.97461770934  0.015248969437   0.24358026852 -0.487240216273   0.207441387643  -0.222128970147 -0.0677825279839 0.00198638440777 11
119.013231 0 -52.1014814576 -4.93377363629 -6.99778561553 0.0452925819902  0.268777415146 -0.399789326759   0.207441387643  -0.222128970147 -0.0677825279839 0.00198638440777 11
119.065314 0 -52.0983143918 -4.91910507833 -7.01640581217 0.0765247857798  0.293705462684 -0.315949921601   0.207441387643  -0.222128970147 -0.0677825279839 0.00198638440777 11
119.117398 0 -52.0935022115 -4.90306418266 -7.03081460927  0.107827353896  0.321848404382 -0.236382798656   0.207441387643  -0.222128970147 -0.0677825279839 0.00198638440777 11
119.169481 0 -52.0870779521 -4.88560713456 -7.04131923966  0.139117735008  0.349224133003 -0.169785557482   0.207441387643  -0.222128970147 -0.0677825279839 0.00198638440777 11
119.221564 0 -52.0790414927 -4.86679290971 -7.04839574272  0.170859982524  0.375250281878 -0.106529841428   0.207441387643  -0.222128970147 -0.0677825279839 0.00198638440777 11
119.273648 0 -52.0694246131  -4.8465830104 -7.05233279661  0.198396158335  0.400769555467 -0.044217890176   0.207441387643  -0.222128970147 -0.0677825279839 0.00198638440777 11
119.325732 0 -52.0584504449 -4.82499749038 -7.05321433378 0.221092967677 0.428395242058 0.015845655911   0.207441387643  -0.222128970147 -0.0677825279839 0.00198638440777 11
119.377816 0 -52.0466414343 -4.80180911757 -7.05003339921 0.228164912766 0.462357226477 0.104401685883   0.207441387643  -0.222128970147 -0.0677825279839 0.00198638440777 11
119.429899 0 -52.0351681837 -4.77683426536 -7.04337799622 0.208971421263 0.497546498315  0.14000362768   0.207441387643  -0.222128970147 -0.0677825279839 0.00198638440777 11
119.481982 0 -52.0252923146  -4.7499587858 -7.03612479368 0.168578669323 0.535144457073 0.132420966259   0.207441387643  -0.222128970147 -0.0677825279839 0.00198638440777 11
119.534066 0 -52.0177916049 -4.72111908758 -7.02997091071 0.117460842311 0.572081255543 0.105203340945   0.207441387643  -0.222128970147 -0.0677825279839 0.00198638440777 11
119.586149 0 -52.0129258091 -4.69040342731 -7.02598220779 0.0704219219656  0.607754178593 0.0436437635722   0.207441387643  -0.222128970147 -0.0677825279839 0.00198638440777 11
119.638233 0 -52.0104394533 -4.65797475547 -7.02518624543  0.0266545686244   0.637424764959 -0.0116954494078   0.207441387643  -0.222128970147 -0.0677825279839 0.00198638440777 11
119.690316 0 -52.0100054219 -4.62407738695 -7.02677856408 -0.00756579413881    0.662693846626  -0.0472204491308   0.207441387643  -0.222128970147 -0.0677825279839 0.00198638440777 11
119.7424 0 -52.0110206254 -4.58910227082 -7.02961218493  -0.028604432575   0.678245275429 -0.0596039736483   0.207441387643  -0.222128970147 -0.0677825279839 0.00198638440777 11
119.794483 0 -52.0127925129  -4.5536562923 -7.03268465801 -0.0376262706652   0.682887340474 -0.0523162035141   0.207441387643  -0.222128970147 -0.0677825279839 0.00198638440777 11
119.84657 0 -52.0148276894 -4.51806644503 -7.03503421495 -0.0391281886363   0.684220943411 -0.0409542898595   0.207441387643  -0.222128970147 -0.0677825279839 0.00198638440777 11
119.89865 0 -52.0168992362 -4.48244014213 -7.03725311343   -0.04009594526   0.686291715432 -0.0510102751302   0.207441387643  -0.222128970147 -0.0677825279839 0.00198638440777 11
119.950734 0 -52.0191149147 -4.44664292557 -7.04111677558 -0.0458095265243   0.688070775295  -0.104959982246   0.207441387643  -0.222128970147 -0.0677825279839 0.00198638440777 11
120.002817 0 -52.0216523572 -4.41071055065 -7.04870582815 -0.0521148942677   0.691205603723  -0.189750782892   0.207441387643  -0.222128970147 -0.0677825279839 0.00198638440777 11
120.054901 0 -52.0245087428 -4.37458527947 -7.06082424426 -0.0577461080417   0.695256035261   -0.27054898764   0.207441387643  -0.222128970147 -0.0677825279839 0.00198638440777 11
120.106984 0  -52.027608911 -4.33821227123 -7.07641466829 -0.0602370137648   0.699815344392  -0.327593605338   0.207441387643  -0.222128970147 -0.0677825279839 0.00198638440777 11
120.159068 0 -52.0306582125 -4.30163931256 -7.09461995041 -0.0558994885376   0.703079802305  -0.370111306873   0.207441387643  -0.222128970147 -0.0677825279839 0.00198638440777 11
120.211151 0 -52.0332350838 -4.26499636238 -7.11491251265 -0.0425236463555   0.704099733556  -0.405800981435   0.207441387643  -0.222128970147 -0.0677825279839 0.00198638440777 11
120.263235 0 -52.0349323858 -4.22839505245 -7.13680477183 -0.0224452533398   0.700503761276  -0.433405732372   0.207441387643  -0.222128970147 -0.0677825279839 0.00198638440777 11
120.315314 0  -52.035442291 -4.19208162956 -7.15993587307 0.00299155097422   0.693216054316   -0.45497674084   0.207441387643  -0.222128970147 -0.0677825279839 0.00198638440777 11
120.367403 0  -52.034555155 -4.15615236853 -7.18418848713 0.0313198279431  0.685265938179 -0.475665216945   0.207441387643  -0.222128970147 -0.0677825279839 0.00198638440777 11
120.419486 0 -52.0321437223 -4.12063800834 -7.20950110874 0.0620871807752  0.677918567158 -0.494792064346   0.207441387643  -0.222128970147 -0.0677825279839 0.00198638440777 11
120.47157 0 -52.0281514615  -4.0856653053 -7.23564203854 0.0908116219324  0.663453646503 -0.509267782579   0.207441387643  -0.222128970147 -0.0677825279839 0.00198638440777 11
120.523652 0 -52.0226875548 -4.05144484099 -7.26254333768  0.118540010998  0.649636653621 -0.527513405823   0.207441387643  -0.222128970147 -0.0677825279839 0.00198638440777 11
120.575736 0 -52.0158654768 -4.01807292767 -7.29044271771  0.142450898036  0.630535750541 -0.538554236124   0.207441387643  -0.222128970147 -0.0677825279839 0.00198638440777 11
120.627819 0 -52.0078729152 -3.98572350805 -7.31868560597  0.164107671434  0.610494442554 -0.546052484259   0.207441387643  -0.222128970147 -0.0677825279839 0.00198638440777 11
120.679903 0 -51.9988073649 -3.95445473186 -7.34744994397  0.183490288507  0.591024668738 -0.558164723574   0.207441387643  -0.222128970147 -0.0677825279839 0.00198638440777 11
120.731986 0  -51.988730243 -3.92412438006 -7.37676695864  0.202622646244  0.573522083709 -0.568623861436   0.207441387643  -0.222128970147 -0.0677825279839 0.00198638440777 11
120.784066 0 -51.9777059263 -3.89467039413 -7.40665072421  0.220217189797  0.557305832067 -0.579951155898   0.207441387643  -0.222128970147 -0.0677825279839 0.00198638440777 11
120.836153 0 -51.9657696752 -3.86604696998 -7.43719935738 0.237008030961 0.538783624076 -0.58826459413   0.207441387643  -0.222128970147 -0.0677825279839 0.00198638440777 11
120.888237 0 -51.9530187654  -3.8386410395 -7.46759045122  0.252866266547  0.512344677238 -0.577457200762   0.207441387643  -0.222128970147 -0.0677825279839 0.00198638440777 11
120.94032 0 -51.9394341064 -3.81269351216  -7.4970928703  0.269563175376  0.487076936562 -0.554884028356   0.207441387643  -0.222128970147 -0.0677825279839 0.00198638440777 11
120.992404 0  -51.924964626 -3.78789942235 -7.52558458816  0.287624394089  0.467281871878 -0.542237272261   0.207441387643  -0.222128970147 -0.0677825279839 0.00198638440777 11
121.044488 0 -51.9095897138 -3.76416657503 -7.55352213373 0.304247082191 0.445782131451 -0.52955655001   0.207441387643  -0.222128970147 -0.0677825279839 0.00198638440777 11
121.096571 0  -51.893327323 -3.74150703983 -7.58100131678  0.320052258911  0.424957414973 -0.524350160473   0.207441387643  -0.222128970147 -0.0677825279839 0.00198638440777 11
121.148654 0 -51.8763154553 -3.71979655637  -7.6079464212  0.334063595236  0.411615638589 -0.514307726103   0.207441387643  -0.222128970147 -0.0677825279839 0.00198638440777 11
121.200738 0 -51.8585964256 -3.69863888036 -7.63455522696  0.346447985783  0.401868825797 -0.507035151938   0.207441387643  -0.222128970147 -0.0677825279839 0.00198638440777 11
121.252821 0 -51.8402687595 -3.67789574273 -7.66091415973  0.358144294347  0.396493040507 -0.504666991582   0.207441387643  -0.222128970147 -0.0677825279839 0.00198638440777 11
121.304905 0 -51.8212130989 -3.65719155001 -7.68711709287  0.372302213083  0.397410655731 -0.497814617412   0.207441387643  -0.222128970147 -0.0677825279839 0.00198638440777 11
121.356989 0 -51.8014183197 -3.63639392316 -7.71284286094    0.3879861055  0.401874826925 -0.491850656042   0.207441387643  -0.222128970147 -0.0677825279839 0.00198638440777 11
121.409072 0 -51.7808156877  -3.6152655979 -7.73818994742 0.404123709319 0.409652579218 -0.48349580916   0.207441387643  -0.222128970147 -0.0677825279839 0.00198638440777 11
121.461155 0 -51.7593896361 -3.59376805405 -7.76290741122   0.41952734677  0.417023039975 -0.467144614069   0.207441387643  -0.222128970147 -0.0677825279839 0.00198638440777 11
121.513239 0 -51.7371936485 -3.57184770589 -7.78711080841  0.432566648813  0.426868259862 -0.461719704917   0.207441387643  -0.222128970147 -0.0677825279839 0.00198638440777 11
121.565322 0 -51.7143378617 -3.54939715785 -7.81112701543  0.445483329541  0.437374643558 -0.459735443444   0.207441387643  -0.222128970147 -0.0677825279839 0.00198638440777 11
121.617417 0 -51.6908211787 -3.52633156065 -7.83486695093 0.457689947467 0.448700042178 -0.45238030095   0.207441387643  -0.222128970147 -0.0677825279839 0.00198638440777 11
121.66949 0 -51.6667079078 -3.50264764669 -7.85830744354  0.468375237289  0.459810725856 -0.447354740744   0.207441387643  -0.222128970147 -0.0677825279839 0.00198638440777 11
121.721573 0 -51.6419913086 -3.47830399145 -7.88142214015   0.48046230721   0.47420761833 -0.440325085556   0.207441387643  -0.222128970147 -0.0677825279839 0.00198638440777 11
121.773657 0 -51.6166114398 -3.45324476213  -7.9041535574  0.494058170459  0.487760154374 -0.433525477052   0.207441387643  -0.222128970147 -0.0677825279839 0.00198638440777 11
121.82574 0 -51.5905595535 -3.42751383459 -7.92652394638  0.507487155838  0.500758989625 -0.428356772412   0.207441387643  -0.222128970147 -0.0677825279839 0.00198638440777 11
121.877823 0 -51.5637769813 -3.40114505086  -7.9485754434  0.521285996258  0.513011395946 -0.417679696226   0.207441387643  -0.222128970147 -0.0677825279839 0.00198638440777 11
121.929907 0 -51.5362128606  -3.3740971522 -7.97020460326  0.536913096732  0.525327528918 -0.411127224527   0.207441387643  -0.222128970147 -0.0677825279839 0.00198638440777 11
121.98199 0  -51.507897631 -3.34646187316 -7.99156956058  0.551586044232  0.536037306936 -0.411246227113   0.207441387643  -0.222128970147 -0.0677825279839 0.00198638440777 11
122.034074 0 -51.4788155743  -3.3183429727  -8.0127746255  0.565742310092  0.544598219568 -0.401727548254   0.207441387643  -0.222128970147 -0.0677825279839 0.00198638440777 11
122.086158 0 -51.4489681383 -3.28981891252  -8.0334451608   0.57992815361  0.550402713782 -0.392538312583   0.207441387643  -0.222128970147 -0.0677825279839 0.00198638440777 11
122.138241 0 -51.4183604504 -3.26099988008 -8.05388215812  0.594645454617  0.556315256605 -0.392598994713   0.207441387643  -0.222128970147 -0.0677825279839 0.00198638440777 11
122.190324 0 -51.3870150898 -3.23188140979 -8.07459363842  0.607904108415  0.560950820198 -0.402079691681   0.207441387643  -0.222128970147 -0.0677825279839 0.00198638440777 11
122.242404 0 -51.3550119889 -3.20252932844 -8.09579620535  0.620777175923   0.56677770436 -0.414418036604   0.207441387643  -0.222128970147 -0.0677825279839 0.00198638440777 11
122.294492 0 -51.3223038526 -3.17285295371 -8.11763497917 0.634885856849 0.572630654414 -0.42318763229   0.207441387643  -0.222128970147 -0.0677825279839 0.00198638440777 11
122.346575 0 -51.2888509353 -3.14293235972 -8.13985905063  0.649778078564  0.576241245293 -0.428338392478   0.207441387643  -0.222128970147 -0.0677825279839 0.00198638440777 11
122.398659 0 -51.2546310173 -3.11288497475 -8.16213800487  0.665223162184  0.578233679712 -0.429265600526   0.207441387643  -0.222128970147 -0.0677825279839 0.00198638440777 11
122.450742 0 -51.2195238129 -3.08269535875 -8.18471275332  0.68356288691 0.580455643266 -0.43771210266   0.207441387643  -0.222128970147 -0.0677825279839 0.00198638440777 11
122.502825 0 -51.1834244559   -3.052346955 -8.20766059896  0.704765298246  0.584006909364 -0.443043402351   0.207441387643  -0.222128970147 -0.0677825279839 0.00198638440777 11
122.554909 0 -51.1461382237 -3.02183734414 -8.23083491631  0.727780567592  0.586840799774 -0.444766331091   0.207441387643  -0.222128970147 -0.0677825279839 0.00198638440777 11
122.606993 0 -51.1076348843 -2.99123516871 -8.25418563943  0.750616987094  0.588335078423 -0.452417491764   0.207441387643  -0.222128970147 -0.0677825279839 0.00198638440777 11
122.659076 0 -51.0679217657 -2.96054091435 -8.27783504438  0.774273306022   0.59165259865 -0.455738966533   0.207441387643  -0.222128970147 -0.0677825279839 0.00198638440777 11
122.711158 0 -51.0269847143  -2.9297336283  -8.3016901768  0.797841880077  0.591105843596 -0.457805911992   0.207441387643  -0.222128970147 -0.0677825279839 0.00198638440777 11
122.763243 0 -50.9848429333 -2.89884748948 -8.32556196903  0.820107371841  0.593975109367 -0.457978307031   0.207441387643  -0.222128970147 -0.0677825279839 0.00198638440777 11
122.815326 0 -50.9415948399 -2.86788135049 -8.34944901708   0.84025476275   0.59577057457 -0.461733450684   0.207441387643  -0.222128970147 -0.0677825279839 0.00198638440777 11
122.86741 0  -50.897335934 -2.83683910779 -8.37356358847  0.859488824829  0.597869768586 -0.463549694341   0.207441387643  -0.222128970147 -0.0677825279839 0.00198638440777 11
122.919493 0 -50.8521118783 -2.80565067008 -8.39781378109  0.877395794446  0.599816988856 -0.465117007374   0.207441387643  -0.222128970147 -0.0677825279839 0.00198638440777 11
122.971577 0 -50.8060398556 -2.77433806528 -8.42206371931    0.8926706928  0.603354450407 -0.466273445468   0.207441387643  -0.222128970147 -0.0677825279839 0.00198638440777 11
123.02366 0 -50.7591826808 -2.74280980756 -8.44621447415  0.906610095379  0.607484139312 -0.463365239416   0.207441387643  -0.222128970147 -0.0677825279839 0.00198638440777 11
123.075744 0 -50.7116172505  -2.7109647121   -8.470419812  0.919322124668  0.615419680582 -0.463528015142   0.207441387643  -0.222128970147 -0.0677825279839 0.00198638440777 11
123.127827 0 -50.6634258424 -2.67867816019 -8.49455916449 0.931282102393 0.624363365122 -0.46461270677   0.207441387643  -0.222128970147 -0.0677825279839 0.00198638440777 11
123.179906 0 -50.6146349152 -2.64580405121 -8.51871697955 0.943242810736 0.638653118706 -0.46376559152   0.207441387643  -0.222128970147 -0.0677825279839 0.00198638440777 11
123.231994 0  -50.565210366 -2.61209531472 -8.54275434028  0.954562670205    0.6547786235 -0.458952777115   0.207441387643  -0.222128970147 -0.0677825279839 0.00198638440777 11
123.284078 0 -50.5152359075 -2.57757906054 -8.56673982216 0.964613019215  0.67150163951 -0.46067984296   0.207441387643  -0.222128970147 -0.0677825279839 0.00198638440777 11
123.336162 0 -50.4647554981 -2.54211020544 -8.59058952096  0.973589765685  0.689185727472 -0.457688446546   0.207441387643  -0.222128970147 -0.0677825279839 0.00198638440777 11
123.388245 0 -50.4138056061 -2.50565225099 -8.61455738264   0.98323213539  0.711561917421 -0.461625101569   0.207441387643  -0.222128970147 -0.0677825279839 0.00198638440777 11
123.440328 0 -50.3623907112  -2.4679640753 -8.63874764152  0.991309289983  0.737328464604 -0.467346216563   0.207441387643  -0.222128970147 -0.0677825279839 0.00198638440777 11
123.492411 0 -50.3106485234   -2.428898222 -8.66308761298  0.996126662778  0.763585252254 -0.468322435705   0.207441387643  -0.222128970147 -0.0677825279839 0.00198638440777 11
123.544495 0 -50.2587564838  -2.3883903023 -8.68742982197  0.997214430605  0.792503962419 -0.465861961452   0.207441387643  -0.222128970147 -0.0677825279839 0.00198638440777 11
123.596578 0 -50.2067725733 -2.34630099459  -8.7116360192  0.998326324427  0.824718992457 -0.462486319663   0.207441387643  -0.222128970147 -0.0677825279839 0.00198638440777 11
123.648662 0 -50.1546717783 -2.30240223308 -8.73557595792  1.00187976892 0.862164759083 -0.45856816164   0.207441387643  -0.222128970147 -0.0677825279839 0.00198638440777 11
123.700745 0 -50.1024472743 -2.25649192146 -8.75936971084   1.00385370459  0.902428442269 -0.455195252138   0.207441387643  -0.222128970147 -0.0677825279839 0.00198638440777 11
123.752829 0 -50.0500794186 -2.20836708238 -8.78313417228   1.00749921645  0.946758431534 -0.455017852932   0.207441387643  -0.222128970147 -0.0677825279839 0.00198638440777 11
123.804912 0 -49.9974799285 -2.15797080576 -8.80701709449   1.01267161426  0.989661332458 -0.461242415736   0.207441387643  -0.222128970147 -0.0677825279839 0.00198638440777 11
123.856996 0 -49.9446046791 -2.10528664257 -8.83086220725   1.01872854728   1.03387034387 -0.456156992976   0.207441387643  -0.222128970147 -0.0677825279839 0.00198638440777 11
123.90908 0   -49.89134872 -2.05038111046 -8.85446317239   1.02563942664   1.07492154621 -0.447932308252   0.207441387643  -0.222128970147 -0.0677825279839 0.00198638440777 11
123.961162 0  -49.837742987 -1.99356092845  -8.8776014233   1.03279725294   1.10672637179 -0.442193479226   0.207441387643  -0.222128970147 -0.0677825279839 0.00198638440777 11
124.013246 0 -49.7837789509 -1.93520946971  -8.9004360463   1.03998601019   1.13311403808 -0.437097464142   0.207441387643  -0.222128970147 -0.0677825279839 0.00198638440777 11
124.06533 0  -49.729439806  -1.8755729815 -8.92319297417   1.04617738166   1.15591676317 -0.434642134278   0.207441387643  -0.222128970147 -0.0677825279839 0.00198638440777 11
124.117413 0 -49.6747479564 -1.81488394977 -8.94578690767   1.05295690316   1.17366798162 -0.433551901569   0.207441387643  -0.222128970147 -0.0677825279839 0.00198638440777 11
124.169496 0 -49.6197781094 -1.75338373039 -8.96826208194   1.05900994311   1.18839539024 -0.430996867081   0.207441387643  -0.222128970147 -0.0677825279839 0.00198638440777 11
124.22158 0 -49.5644498451 -1.69108790928 -8.99054284975   1.06501888532   1.20334986037 -0.423795606497   0.207441387643  -0.222128970147 -0.0677825279839 0.00198638440777 11
124.273663 0 -49.5087698058   -1.628107021 -9.01277072461    1.0729213814   1.21563935805 -0.429596183073   0.207441387643  -0.222128970147 -0.0677825279839 0.00198638440777 11
124.325747 0 -49.4527041821 -1.56447447565 -9.03499747484  1.08043531411  1.22655576835 -0.42750540561   0.207441387643  -0.222128970147 -0.0677825279839 0.00198638440777 11
124.37783 0 -49.3961962799 -1.50026194687 -9.05720320848   1.09009692823   1.23910400979 -0.421715320802   0.207441387643  -0.222128970147 -0.0677825279839 0.00198638440777 11
124.429914 0 -49.3391488691 -1.43550174291  -9.0789816887   1.09983916002   1.24649023418 -0.415332760288   0.207441387643  -0.222128970147 -0.0677825279839 0.00198638440777 11
124.481997 0 -49.2816327256 -1.37051606248 -9.10053894082   1.10933266278   1.24967943204 -0.413683436646   0.207441387643  -0.222128970147 -0.0677825279839 0.00198638440777 11
124.534081 0 -49.2235819278 -1.30530810901 -9.12196895379   1.12014471011   1.25476157647 -0.409258489395   0.207441387643  -0.222128970147 -0.0677825279839 0.00198638440777 11
124.586164 0 -49.1649511361 -1.23982813096  -9.1433467528   1.13040087214    1.2591278942 -0.410965516865   0.207441387643  -0.222128970147 -0.0677825279839 0.00198638440777 11
124.63825 0 -49.1057649939 -1.17418041462 -9.16455403818   1.14231521458   1.26239083808 -0.405919357853   0.207441387643  -0.222128970147 -0.0677825279839 0.00198638440777 11
124.690331 0 -49.0460028733 -1.10842438233 -9.18562400189   1.15333853908   1.26281321812 -0.401572021217   0.207441387643  -0.222128970147 -0.0677825279839 0.00198638440777 11
124.742414 0  -48.985690127   -1.042609398 -9.20644753104   1.16362073891   1.26450499023 -0.400390017857   0.207441387643  -0.222128970147 -0.0677825279839 0.00198638440777 11
124.794498 0  -48.9247807331 -0.976795199061  -9.22707763272   1.17531574765   1.26250290413 -0.393087592308   0.207441387643  -0.222128970147 -0.0677825279839 0.00198638440777 11
124.846581 0  -48.8633107268 -0.911121403508  -9.24755909143    1.1861420344   1.25996564347 -0.393960575541   0.207441387643  -0.222128970147 -0.0677825279839 0.00198638440777 11
124.898665 0    -48.80127778 -0.845568573589   -9.2681522521   1.19602597731   1.25743029044 -0.399552087131   0.207441387643  -0.222128970147 -0.0677825279839 0.00198638440777 11
124.950748 0  -48.7386673428 -0.780229685888  -9.28911399774   1.20816147699    1.2528635376 -0.406730890851   0.207441387643  -0.222128970147 -0.0677825279839 0.00198638440777 11
125.002832 0 -48.6754303401 -0.71517389961 -9.31031360684   1.22058081299   1.24621714404 -0.408177104064   0.207441387643  -0.222128970147 -0.0677825279839 0.00198638440777 11
125.054915 0 -48.6115050908 -0.65045287008 -9.33159710794   1.23417601072   1.23980279373 -0.407284962466   0.207441387643  -0.222128970147 -0.0677825279839 0.00198638440777 11
125.106997 0  -48.5468729349 -0.586059320641  -9.35279882864   1.24788922935    1.2327992735 -0.406735122213   0.207441387643  -0.222128970147 -0.0677825279839 0.00198638440777 11
125.159082 0  -48.4814706821 -0.522022984151  -9.37375761549   1.26381968866    1.2262032002 -0.398909329256   0.207441387643  -0.222128970147 -0.0677825279839 0.00198638440777 11
125.211166 0  -48.4152606093 -0.458304385912  -9.39447478943   1.27852734274   1.21955094835 -0.395322909065   0.207441387643  -0.222128970147 -0.0677825279839 0.00198638440777 11
125.263249 0   -48.348264466 -0.394902747716  -9.41501904278   1.29355296446   1.21443809102 -0.393892682226   0.207441387643  -0.222128970147 -0.0677825279839 0.00198638440777 11
125.315332 0  -48.2805664143 -0.331734726356   -9.4354567621  1.30658598784   1.2109139226 -0.39141916432   0.207441387643  -0.222128970147 -0.0677825279839 0.00198638440777 11
125.367416 0  -48.2122706322 -0.268767810568  -9.45578678847   1.31555869127    1.2068664137 -0.389958012785   0.207441387643  -0.222128970147 -0.0677825279839 0.00198638440777 11
125.419499 0 -48.1435401638 -0.20602856081 -9.47622454308   1.32338654235   1.20367714676 -0.393912467677   0.207441387643  -0.222128970147 -0.0677825279839 0.00198638440777 11
125.471582 0  -48.0744713176 -0.143361360144  -9.49682681244   1.32894463102   1.20255327318 -0.397399930635   0.207441387643  -0.222128970147 -0.0677825279839 0.00198638440777 11
125.523666 0   -48.0051958597 -0.0807424365753    -9.5176030616   1.33112064992   1.20135568167 -0.397803054297   0.207441387643  -0.222128970147 -0.0677825279839 0.00198638440777 11
125.57575 0   -47.9357549309 -0.0180697300644    -9.5384449849    1.3341506366    1.2043607869 -0.404110096773   0.207441387643  -0.222128970147 -0.0677825279839 0.00198638440777 11
125.627833 0  -47.8661327326 0.0448470331376  -9.55954886731   1.33781569656    1.2099115947 -0.409730976566   0.207441387643  -0.222128970147 -0.0677825279839 0.00198638440777 11
125.679916 0 -47.7963052503 0.107998395595 -9.58103394093   1.34228924945   1.21388649308 -0.410354775169   0.207441387643  -0.222128970147 -0.0677825279839 0.00198638440777 11
125.732 0 -47.7261746118 0.171480997684 -9.60221153094   1.35018216711   1.22237784191 -0.404079553095   0.207441387643  -0.222128970147 -0.0677825279839 0.00198638440777 11
125.784083 0 -47.6556142884  0.23527369289 -9.62327272757   1.35917331007   1.22727707977 -0.405817209242   0.207441387643  -0.222128970147 -0.0677825279839 0.00198638440777 11
125.836167 0 -47.5845274945 0.299399007516 -9.64440331862   1.36989435911   1.23328986156 -0.407132936815   0.207441387643  -0.222128970147 -0.0677825279839 0.00198638440777 11
125.88825 0 -47.5128367957 0.363938588902 -9.66572474208   1.38301967989   1.24401102214 -0.408158952343   0.207441387643  -0.222128970147 -0.0677825279839 0.00198638440777 11
125.940334 0 -47.4403902709 0.429116407572 -9.68699359282  1.39912526456  1.25705113388 -0.41045001492   0.207441387643  -0.222128970147 -0.0677825279839 0.00198638440777 11
125.992417 0 -47.3670441617 0.494990512723 -9.70831052817   1.41853666086   1.27394936183 -0.408233858872   0.207441387643  -0.222128970147 -0.0677825279839 0.00198638440777 11
126.0445 0 -47.2925709334 0.561887780118 -9.72949046643   1.44149699373   1.29400169295 -0.403495839077   0.207441387643  -0.222128970147 -0.0677825279839 0.00198638440777 11
126.096584 0  -47.216874058 0.629834136143 -9.75051523439   1.46491726432   1.31533667111 -0.401866047492   0.207441387643  -0.222128970147 -0.0677825279839 0.00198638440777 11
126.148668 0  -47.139963771  0.69884903729 -9.77124529165    1.4870404486   1.33426909005 -0.395969959219   0.207441387643  -0.222128970147 -0.0677825279839 0.00198638440777 11
126.200751 0 -47.0619179967 0.768874744214 -9.79175438723   1.50872326771   1.35501327169 -0.388719363813   0.207441387643  -0.222128970147 -0.0677825279839 0.00198638440777 11
126.252834 0 -46.9827592091 0.839969668409  -9.8121136601   1.53007075884   1.37480178699 -0.393395179855   0.207441387643  -0.222128970147 -0.0677825279839 0.00198638440777 11
126.304918 0 -46.9025761446 0.912088589615 -9.83255369587   1.54973468642   1.39557882687 -0.393776495242   0.207441387643  -0.222128970147 -0.0677825279839 0.00198638440777 11
126.357001 0  -46.821383796 0.985195619813 -9.85309787016   1.56815430748   1.41167865057 -0.393570457005   0.207441387643  -0.222128970147 -0.0677825279839 0.00198638440777 11
126.409085 0 -46.7393299356  1.05915430877 -9.87376865717   1.58285405095   1.42905395166 -0.399721105559   0.207441387643  -0.222128970147 -0.0677825279839 0.00198638440777 11
126.461168 0 -46.6565123762  1.13401147012 -9.89469597094   1.59660707034   1.44514830541 -0.403389894058   0.207441387643  -0.222128970147 -0.0677825279839 0.00198638440777 11
126.513251 0 -46.5730508197  1.20969819069 -9.91562443007    1.6078459827   1.46164794379 -0.399137616193   0.207441387643  -0.222128970147 -0.0677825279839 0.00198638440777 11
126.565333 0 -46.4890414566  1.28624707099 -9.93642336091   1.61834670185   1.47862677266 -0.401372554639   0.207441387643  -0.222128970147 -0.0677825279839 0.00198638440777 11
126.617418 0 -46.4045756646  1.36374438041 -9.95727493133   1.62509435544   1.49737975148 -0.401057695469   0.207441387643  -0.222128970147 -0.0677825279839 0.00198638440777 11
126.669502 0 -46.3198073803  1.44212423037  -9.9782996697   1.62965303814   1.51379103743 -0.404033110481   0.207441387643  -0.222128970147 -0.0677825279839 0.00198638440777 11
126.721585 0 -46.2348219546  1.52137116582 -9.99950554784  1.63418834341  1.52958597387 -0.41111013392   0.207441387643  -0.222128970147 -0.0677825279839 0.00198638440777 11
126.773669 0 -46.1496611845  1.60138033742 -10.0210180085  1.63622449506  1.54260120331 -0.41677152855   0.207441387643  -0.222128970147 -0.0677825279839 0.00198638440777 11
126.825752 0 -46.0643866002  1.68202533079 -10.0431308332   1.63809082948   1.55346413603 -0.430191078379   0.207441387643  -0.222128970147 -0.0677825279839 0.00198638440777 11
126.877836 0 -45.9790291296  1.76317189615 -10.0656253218   1.63981738659   1.56195568954 -0.437577445439   0.207441387643  -0.222128970147 -0.0677825279839 0.00198638440777 11
126.929919 0 -45.8935408751  1.84466826716 -10.0885938978   1.6424737113  1.56676760995 -0.44230097269   0.207441387643  -0.222128970147 -0.0677825279839 0.00198638440777 11
126.982002 0 -45.8078821572  1.92641653428 -10.1118535652   1.64648632223   1.57157997542 -0.448790553709   0.207441387643  -0.222128970147 -0.0677825279839 0.00198638440777 11
127.034091 0 -45.722020795 2.00827467849 -10.135382483   1.64971393616   1.57123820872 -0.455645707864   0.207441387643  -0.222128970147 -0.0677825279839 0.00198638440777 11
127.086169 0 -45.6360184445  2.09012155773 -10.1592566429   1.65334218913   1.57239404042 -0.460940632953   0.207441387643  -0.222128970147 -0.0677825279839 0.00198638440777 11
127.138253 0 -45.5497986912  2.17202508969 -10.1835105072   1.65762423216     1.572336206 -0.470947624197   0.207441387643  -0.222128970147 -0.0677825279839 0.00198638440777 11
127.190336 0 -45.4633642998  2.25395868684 -10.2082308393   1.66153292284   1.57383527801 -0.478270681193   0.207441387643  -0.222128970147 -0.0677825279839 0.00198638440777 11
127.242419 0  -45.376644933   2.3360037047 -10.2334597059  1.66766745716  1.57617691215 -0.48905324895   0.207441387643  -0.222128970147 -0.0677825279839 0.00198638440777 11
127.294503 0 -45.2896761276  2.41815491134 -10.2592344295   1.67215012883   1.57834188014 -0.500888384376   0.207441387643  -0.222128970147 -0.0677825279839 0.00198638440777 11
127.346587 0 -45.2025127633  2.50037238478 -10.2856479002   1.67557120802   1.57793063481 -0.512104864946   0.207441387643  -0.222128970147 -0.0677825279839 0.00198638440777 11
127.39867 0 -45.1151264145  2.58262857011  -10.312572446    1.6798047928   1.57988478615 -0.520972001544   0.207441387643  -0.222128970147 -0.0677825279839 0.00198638440777 11
127.450753 0 -45.0275125177  2.66490137853 -10.3401243941   1.68532809219   1.58070239071 -0.538914710649   0.207441387643  -0.222128970147 -0.0677825279839 0.00198638440777 11
127.502837 0 -44.9396662013  2.74727070739 -10.3684490082   1.68895128299   1.58290943167 -0.548634207407   0.207441387643  -0.222128970147 -0.0677825279839 0.00198638440777 11
127.55492 0 -44.8516194991  2.82966670546 -10.3974025742   1.69302507641   1.58196152509 -0.561896238895   0.207441387643  -0.222128970147 -0.0677825279839 0.00198638440777 11
127.607004 0 -44.7633922624   2.9121234217 -10.4269457998   1.69525110344   1.58403625383 -0.573499913727   0.207441387643  -0.222128970147 -0.0677825279839 0.00198638440777 11
127.659087 0 -44.6749753729  2.99464836167 -10.4571717536   1.69921053342   1.58502587676 -0.586462062611   0.207441387643  -0.222128970147 -0.0677825279839 0.00198638440777 11
127.71117 0  -44.586345472  3.07733906016 -10.4881150951   1.70320891896    1.5884142186 -0.600212494038   0.207441387643  -0.222128970147 -0.0677825279839 0.00198638440777 11
127.763254 0 -44.4975442573  3.16020192325 -10.5196552787   1.70561347882   1.59302807133 -0.615596134125   0.207441387643  -0.222128970147 -0.0677825279839 0.00198638440777 11
127.815337 0 -44.4086272572  3.24318448724 -10.5522215527    1.7080225838   1.59399369858 -0.633275994544   0.207441387643  -0.222128970147 -0.0677825279839 0.00198638440777 11
127.867421 0 -44.3195904701  3.32630271171  -10.585776212   1.71012646186   1.59726602712 -0.654437660661   0.207441387643  -0.222128970147 -0.0677825279839 0.00198638440777 11
127.919504 0 -44.2304518345  3.40958720105 -10.6201312218    1.7129212451   1.60226456771 -0.665097035331   0.207441387643  -0.222128970147 -0.0677825279839 0.00198638440777 11
127.971588 0 -44.1411398314  3.49314964614 -10.6550506816   1.71632308148   1.60630187246 -0.673817041644   0.207441387643  -0.222128970147 -0.0677825279839 0.00198638440777 11
128.023671 0 -44.0516532629  3.57691595515 -10.6904822437   1.72079010217   1.61168725206 -0.687345980093   0.207441387643  -0.222128970147 -0.0677825279839 0.00198638440777 11
128.075755 0  -43.961964076  3.66092811897 -10.7265817122   1.72413573664   1.61521117208 -0.698838526017   0.207441387643  -0.222128970147 -0.0677825279839 0.00198638440777 11
128.127838 0 -43.8720020305  3.74527814317 -10.7630585401   1.73082877383   1.62477571566 -0.701021243464   0.207441387643  -0.222128970147 -0.0677825279839 0.00198638440777 11
128.179922 0 -43.7816181405  3.83018637234 -10.7997585989   1.73975858192   1.63628883573 -0.709251362501   0.207441387643  -0.222128970147 -0.0677825279839 0.00198638440777 11
128.232005 0 -43.6907810829  3.91572600622 -10.8369116904   1.74888754721   1.64994032648 -0.721212767394   0.207441387643  -0.222128970147 -0.0677825279839 0.00198638440777 11
128.284088 0 -43.5994729433  4.00191588454 -10.8747056698   1.75794849986   1.66157467188 -0.730731116646   0.207441387643  -0.222128970147 -0.0677825279839 0.00198638440777 11
128.336172 0 -43.5076294936   4.0887398744 -10.9132006601   1.76983246326   1.67306334683 -0.746623161153   0.207441387643  -0.222128970147 -0.0677825279839 0.00198638440777 11
128.388255 0 -43.4151415759  4.17618311703 -10.9520830788   1.78264486368   1.68555933259 -0.747668998627   0.207441387643  -0.222128970147 -0.0677825279839 0.00198638440777 11
128.440339 0 -43.3218957127  4.26430737256 -10.9908745831   1.79837129245   1.69962300264 -0.740333389701   0.207441387643  -0.222128970147 -0.0677825279839 0.00198638440777 11
128.492422 0 -43.2277509385  4.35328955642 -11.0292973725   1.81739432725   1.71679882799 -0.736861710756   0.207441387643  -0.222128970147 -0.0677825279839 0.00198638440777 11
128.544506 0 -43.1326257034  4.44308209061 -11.0678276266   1.83606325082   1.73153374408 -0.744377787826   0.207441387643  -0.222128970147 -0.0677825279839 0.00198638440777 11
128.596589 0 -43.0365021136  4.53361902656 -11.1067639093   1.85536260973   1.74603023658 -0.751207492885   0.207441387643  -0.222128970147 -0.0677825279839 0.00198638440777 11
128.648672 0 -42.9393252355  4.62497940203 -11.1460885207    1.8772094651   1.76277795314 -0.754982687043   0.207441387643  -0.222128970147 -0.0677825279839 0.00198638440777 11
128.700755 0 -42.8409539657  4.71729851914 -11.1853014821   1.89981034933   1.77955047271 -0.752381288139   0.207441387643  -0.222128970147 -0.0677825279839 0.00198638440777 11
128.752838 0  -42.741395453  4.81042152627 -11.2245056056   1.92307148662   1.79490038391 -0.755134571178   0.207441387643  -0.222128970147 -0.0677825279839 0.00198638440777 11
128.804922 0 -42.6405383021  4.90434658851 -11.2641904677   1.94906149924   1.81056991765 -0.765350491978   0.207441387643  -0.222128970147 -0.0677825279839 0.00198638440777 11
128.857005 0 -42.5382541263  4.99911045433 -11.3041498744    1.9783247019   1.82764070145 -0.769236363052   0.207441387643  -0.222128970147 -0.0677825279839 0.00198638440777 11
128.909089 0 -42.4344422036  5.09468821255  -11.344105212   2.00805305109    1.8416160507 -0.763038208991   0.207441387643  -0.222128970147 -0.0677825279839 0.00198638440777 11
128.961168 0 -42.3290971097  5.19093856691 -11.3837969935   2.03712046749   1.85285086957 -0.761578052341   0.207441387643  -0.222128970147 -0.0677825279839 0.00198638440777 11
129.013255 0 -42.2222239063  5.28771813374 -11.4234760547   2.06714912401   1.86427653555 -0.761611755414   0.207441387643  -0.222128970147 -0.0677825279839 0.00198638440777 11
129.065339 0 -42.1138303317  5.38506497901 -11.4632218787   2.09392638899   1.87280534347 -0.763935402653   0.207441387643  -0.222128970147 -0.0677825279839 0.00198638440777 11
129.117423 0 -42.0040882372  5.48283392731 -11.5029568557   2.11956025405   1.88112777321 -0.761309271299   0.207441387643  -0.222128970147 -0.0677825279839 0.00198638440777 11
129.169506 0 -41.8930787824  5.58101521491 -11.5426243221  2.14324309861  1.88940925458 -0.76292065326   0.207441387643  -0.222128970147 -0.0677825279839 0.00198638440777 11
129.221589 0 -41.7809642067  5.67952168743 -11.5823446949   2.16112164823   1.89377743797 -0.763402029709   0.207441387643  -0.222128970147 -0.0677825279839 0.00198638440777 11
129.273673 0 -41.6679020225  5.77835726151 -11.6221063184    2.1792783418   1.90223397137 -0.761411364851   0.207441387643  -0.222128970147 -0.0677825279839 0.00198638440777 11
129.325756 0 -41.5539983936  5.87775462618 -11.6619525459   2.19427685903   1.91562665435 -0.770610222659   0.207441387643  -0.222128970147 -0.0677825279839 0.00198638440777 11
129.37784 0 -41.4393186485  5.97792194138  -11.702145918   2.21059014635    1.9329246797 -0.769138095668   0.207441387643  -0.222128970147 -0.0677825279839 0.00198638440777 11
129.429918 0 -41.3237579191  6.07900201681 -11.7423527988   2.22818971236   1.95001955776 -0.772368802514   0.207441387643  -0.222128970147 -0.0677825279839 0.00198638440777 11
129.482006 0 -41.2072896286  6.18096807588 -11.7822446126    2.2441341755   1.96482879102 -0.760952117841   0.207441387643  -0.222128970147 -0.0677825279839 0.00198638440777 11
129.53409 0 -41.0900432239   6.2834767552 -11.8217292046   2.25773762862   1.97076998326 -0.756784847719   0.207441387643  -0.222128970147 -0.0677825279839 0.00198638440777 11
129.586173 0 -40.9721057766  6.38631033365  -11.861438092  2.27037090784  1.97784095138 -0.76711984116   0.207441387643  -0.222128970147 -0.0677825279839 0.00198638440777 11
129.638256 0 -40.8535443013   6.4894094625 -11.9018753397   2.28328311478   1.98185566815 -0.787759766772   0.207441387643  -0.222128970147 -0.0677825279839 0.00198638440777 11
129.69034 0 -40.7342890585   6.5927284792 -11.9431200612   2.29692014824   1.98654747122 -0.795744378869   0.207441387643  -0.222128970147 -0.0677825279839 0.00198638440777 11
129.742424 0 -40.6142750503  6.69621390627  -11.984547832   2.31217508912   1.98868085303 -0.791934229921   0.207441387643  -0.222128970147 -0.0677825279839 0.00198638440777 11
129.794507 0 -40.4934067321  6.79981999069 -12.0258105603   2.32939287997   1.99114446342 -0.793016295538   0.207441387643  -0.222128970147 -0.0677825279839 0.00198638440777 11
129.84659 0 -40.3716887778  6.90338074522 -12.0669532005   2.34467426845   1.98611070395 -0.788922376729   0.207441387643  -0.222128970147 -0.0677825279839 0.00198638440777 11
129.898673 0 -40.2492545356  7.00666816151 -12.1080579564   2.35685642418   1.97946078451 -0.789048667492   0.207441387643  -0.222128970147 -0.0677825279839 0.00198638440777 11
129.950757 0 -40.1261677089  7.10967657466 -12.1491219631    2.3696392111   1.97575813555 -0.785910424605   0.207441387643  -0.222128970147 -0.0677825279839 0.00198638440777 11
130.00284 0 -40.0024659416  7.21248082835 -12.1900322865   2.38075795892   1.97145549979 -0.788018848818   0.207441387643  -0.222128970147 -0.0677825279839 0.00198638440777 11
130.054924 0  -39.878216535  7.31509668498 -12.2309675897   2.39051812245   1.96991208678 -0.787978442066   0.207441387643  -0.222128970147 -0.0677825279839 0.00198638440777 11
130.107007 0 -39.7534385863  7.41767640353 -12.2719367437   2.39971415164   1.96842076467 -0.781646274801   0.207441387643  -0.222128970147 -0.0677825279839 0.00198638440777 11
130.15909 0  -39.628226612  7.52014443715 -12.3127214882   2.40682805562    1.9651534828 -0.782305351736   0.207441387643  -0.222128970147 -0.0677825279839 0.00198638440777 11
130.211173 0 -39.5028046592  7.62234777987 -12.3532238156   2.40828560886   1.95783117619 -0.767848723685   0.207441387643  -0.222128970147 -0.0677825279839 0.00198638440777 11
130.263257 0 -39.3775672778  7.72394514031 -12.3925979748   2.39918797002   1.94251337916 -0.747886662797   0.207441387643  -0.222128970147 -0.0677825279839 0.00198638440777 11
130.315338 0 -39.2531104819  7.82466367403 -12.4312828947   2.37720314064   1.92299729309 -0.739860056974   0.207441387643  -0.222128970147 -0.0677825279839 0.00198638440777 11
130.367419 0 -41.1962133851  8.69927088441  -12.503863249    2.0458245782   2.02131035607 -0.741058358941  0.205503242216 -0.221884797277 -0.068029027773 0.00198721094961 11
130.419496 0 -41.0909149116  8.80408774424 -12.5424623251   1.99653203818   2.00480568552 -0.746510397137  0.205503242216 -0.221884797277 -0.068029027773 0.00198721094961 11
130.471583 0 -40.5837779913  8.10053092258 -12.5317323913   1.99279136038   1.85806083582 -0.761222920194  0.206375919362 -0.222061226292 -0.067862125146 0.00202586397776 11
130.523664 0 -40.4815425245  8.19712582215 -12.5718137477   1.93081127201   1.85011212059 -0.778427721504  0.206375919362 -0.222061226292 -0.067862125146 0.00202586397776 11
130.575745 0 -40.3825131386  8.29334829261 -12.6129738544   1.87324037617   1.84679043898 -0.800072481577  0.206375919362 -0.222061226292 -0.067862125146 0.00202586397776 11
130.627827 0 -40.2862684395  8.38964375727 -12.6549737115   1.82518873941   1.85269861552 -0.813415544132  0.206375919362 -0.222061226292 -0.067862125146 0.00202586397776 11
130.679908 0 -40.1922804825  8.48639131344 -12.6975469804   1.78630175352    1.8634437372 -0.820671239752  0.206375919362 -0.222061226292 -0.067862125146 0.00202586397776 11
130.731989 0 -40.1001296904  8.58366123352 -12.7401975512   1.75516886115   1.87192446226 -0.820073023304  0.206375919362 -0.222061226292 -0.067862125146 0.00202586397776 11
130.784071 0 -40.0092761121  8.68133096457 -12.7827073079   1.73544424797   1.87944008252 -0.808944385798  0.206375919362 -0.222061226292 -0.067862125146 0.00202586397776 11
130.836153 0   -39.91913635  8.77944209899 -12.8246735036   1.72732959183   1.88776442796 -0.799445825106  0.206375919362 -0.222061226292 -0.067862125146 0.00202586397776 11
130.888234 0 -39.8291927492   8.8779875544 -12.8661102698  1.72801526561  1.89671647896 -0.79096922091  0.206375919362 -0.222061226292 -0.067862125146 0.00202586397776 11
130.940316 0 -39.7390640776  8.97705212121  -12.907173679   1.73415519204   1.90623341915 -0.786168724306  0.206375919362 -0.222061226292 -0.067862125146 0.00202586397776 11
130.992397 0  -39.648556299   9.0765918183 -12.9478606705    1.7423525776   1.91654026898 -0.776595610606  0.206375919362 -0.222061226292 -0.067862125146 0.00202586397776 11
131.044478 0 -39.5575141523  9.17671695494 -12.9882724298  1.75421799764  1.92924391006 -0.77395198004  0.206375919362 -0.222061226292 -0.067862125146 0.00202586397776 11
131.09656 0 -39.4657734688  9.27760594329 -13.0285654641   1.76857363357   1.94503583678 -0.772296684427  0.206375919362 -0.222061226292 -0.067862125146 0.00202586397776 11
131.148641 0 -39.3733033428  9.37928265693 -13.0688600577   1.78275209489   1.95944296755 -0.773511389538  0.206375919362 -0.222061226292 -0.067862125146 0.00202586397776 11
131.200723 0 -39.2801477416  9.48169633334 -13.1088833316   1.79498572107   1.97271521336 -0.767520253517  0.206375919362 -0.222061226292 -0.067862125146 0.00202586397776 11
131.252804 0 -39.1863101921  9.58482134426 -13.1485321641   1.80747574674   1.98667589928 -0.753763455652  0.206375919362 -0.222061226292 -0.067862125146 0.00202586397776 11
131.304886 0 -39.0918995444  9.68865374486 -13.1876290123   1.81672015542     1.999345178 -0.749981590191  0.206375919362 -0.222061226292 -0.067862125146 0.00202586397776 11
131.356962 0 -38.9972304809  9.79304668754 -13.2265965627   1.81725248909   2.00907940185 -0.747774714903  0.206375919362 -0.222061226292 -0.067862125146 0.00202586397776 11
131.409049 0 -38.9026819607   9.8979731174 -13.2655609942  1.81166242132  2.01966854028 -0.75007405533  0.206375919362 -0.222061226292 -0.067862125146 0.00202586397776 11
131.46113 0 -38.8086612482  10.0034035866 -13.3047211051   1.79774780121    2.0289520466 -0.755919358996  0.206375919362 -0.222061226292 -0.067862125146 0.00202586397776 11
131.513211 0 -38.7155256321  10.1092364763 -13.3446835039   1.77825664898   2.03541433727 -0.776876679613  0.206375919362 -0.222061226292 -0.067862125146 0.00202586397776 11
131.565293 0  -38.623448057  10.2154576174 -13.3854735319   1.75834761728   2.04326019176 -0.791895811034  0.206375919362 -0.222061226292 -0.067862125146 0.00202586397776 11
131.617375 0  -38.532379141  10.3220482227 -13.4270918103   1.73946281352   2.05062675756 -0.804178669544  0.206375919362 -0.222061226292 -0.067862125146 0.00202586397776 11
131.669456 0 -38.4422097525  10.4290288134 -13.4691145165     1.724183185    2.0589089007 -0.807344179288  0.206375919362 -0.222061226292 -0.067862125146 0.00202586397776 11
131.721537 0 -38.3527411023  10.5365392511 -13.5110938412    1.7126011441   2.07163761732 -0.804909278826  0.206375919362 -0.222061226292 -0.067862125146 0.00202586397776 11
131.773619 0 -38.2638177376  10.6447086743 -13.5529321069   1.70295598342   2.08339642518 -0.804050027152  0.206375919362 -0.222061226292 -0.067862125146 0.00202586397776 11
131.8257 0 -38.1753804232  10.7535197632  -13.594653154   1.69376352724   2.09647855611 -0.796330012403  0.206375919362 -0.222061226292 -0.067862125146 0.00202586397776 11
131.877782 1 -37.7216255601  9.97976901871 -13.7006308526  1.84683385503  1.89988954606 -0.80549478239   0.205886212537  -0.221750632389 -0.0671492142183 0.00202261972489 11
131.929863 1 -37.4319155933  9.47306326447 -13.7509946021   1.94442749823   1.76902216369 -0.809288145793    0.20506202279  -0.221684344839 -0.0668305696646 0.00202029113038 11
131.981945 0 -37.3308146993  9.56527211823 -13.7932432915   1.93751712032   1.77275620355 -0.813439696372    0.20506202279  -0.221684344839 -0.0668305696646 0.00202029113038 11
132.034026 0 -37.2300466647  9.65773621167 -13.8357534612   1.93128028018   1.77662223183 -0.818868434005    0.20506202279  -0.221684344839 -0.0668305696646 0.00202029113038 11
132.086108 0 -37.1295796933  9.75045166099 -13.8786716322   1.92716246913   1.78305291963 -0.827062496239    0.20506202279  -0.221684344839 -0.0668305696646 0.00202029113038 11
132.138189 0 -37.0292941992  9.84357054683 -13.9219740709   1.92495538159   1.79265330793 -0.836190322199    0.20506202279  -0.221684344839 -0.0668305696646 0.00202029113038 11
132.190271 0 -36.9290329426  9.93720909981 -13.9656087145   1.92598587731   1.80435759599 -0.840137230416    0.20506202279  -0.221684344839 -0.0668305696646 0.00202029113038 11
132.242352 0 -36.8286617629  10.0313979922 -14.0096449779    1.9277770682   1.81266451844 -0.849464667901    0.20506202279  -0.221684344839 -0.0668305696646 0.00202029113038 11
132.294434 0 -36.7281632123  10.1260188707 -14.0541345026   1.93168536232   1.82112582523 -0.859353617969    0.20506202279  -0.221684344839 -0.0668305696646 0.00202029113038 11
132.346515 0 -36.6274533762  10.2209963127 -14.0991517129   1.93597719433   1.82537909433 -0.869993634303    0.20506202279  -0.221684344839 -0.0668305696646 0.00202029113038 11
132.398597 0 -36.5265014253  10.3161714809 -14.1446913316  1.94206327183  1.83080222534 -0.87857940346    0.20506202279  -0.221684344839 -0.0668305696646 0.00202029113038 11
132.450679 0 -36.4251873559  10.4116422113 -14.1905887282   1.9484488139  1.83530440983 -0.88238159469    0.20506202279  -0.221684344839 -0.0668305696646 0.00202029113038 11
132.50276 0 -36.3235749814  10.5072159352 -14.2366488036   1.95493428872   1.83780531252 -0.888728847707    0.20506202279  -0.221684344839 -0.0668305696646 0.00202029113038 11
132.554841 0 -36.2216279245  10.6029206321 -14.2830469553   1.96039216479   1.83722948701 -0.895811738286    0.20506202279  -0.221684344839 -0.0668305696646 0.00202029113038 11
132.606922 0 -36.1193930465  10.6985486749 -14.3301391549   1.96570383489   1.83475543314 -0.910881385088    0.20506202279  -0.221684344839 -0.0668305696646 0.00202029113038 11
132.659005 0 -36.0169343975  10.7940907781 -14.3776232993   1.96961353687   1.83441093321 -0.913178523202    0.20506202279  -0.221684344839 -0.0668305696646 0.00202029113038 11
132.711086 0 -35.9143211358   10.889512823 -14.4252698231   1.97209487279   1.83190853808 -0.917914937048    0.20506202279  -0.221684344839 -0.0668305696646 0.00202029113038 11
132.763168 0 -35.8115408592  10.9849260835 -14.4732642775   1.97518853988   1.83263678611 -0.924478748154    0.20506202279  -0.221684344839 -0.0668305696646 0.00202029113038 11
132.815251 0 -35.7086479339  11.0803397708 -14.5216724568   1.97630561333   1.83272953478 -0.934608385086    0.20506202279  -0.221684344839 -0.0668305696646 0.00202029113038 11
132.867331 0  -35.605634707  11.1759238667 -14.5704111007   1.98071977615   1.84034532266 -0.937585328528    0.20506202279  -0.221684344839 -0.0668305696646 0.00202029113038 11
132.919412 0 -35.5023277124  11.2719765647  -14.619234443    1.9864318051   1.84883522886 -0.935751981398    0.20506202279  -0.221684344839 -0.0668305696646 0.00202029113038 11
132.971494 0 -35.3986834387   11.368459337 -14.6681096748   1.99335922566     1.855176874 -0.940675690412    0.20506202279  -0.221684344839 -0.0668305696646 0.00202029113038 11
133.023575 0 -35.2947524381  11.4651995837 -14.7171773163    1.9975949263   1.85974600347 -0.942689651562    0.20506202279  -0.221684344839 -0.0668305696646 0.00202029113038 11
133.075658 0  -35.190588049  11.5621550267 -14.7661748237   2.00183043077   1.86383135166 -0.941648442309    0.20506202279  -0.221684344839 -0.0668305696646 0.00202029113038 11
133.127739 0 -35.0862574606  11.6592390334 -14.8151203966   2.00425090642   1.86607495479 -0.938708668863    0.20506202279  -0.221684344839 -0.0668305696646 0.00202029113038 11
133.17982 0 -34.9818287336   11.756443214 -14.8640865194   2.00514569346   1.86727244748 -0.939491677596    0.20506202279  -0.221684344839 -0.0668305696646 0.00202029113038 11
133.231902 0 -34.8774396224  11.8537554044 -14.9129593967   2.00343442652   1.86849073845 -0.941306023927    0.20506202279  -0.221684344839 -0.0668305696646 0.00202029113038 11
133.283978 0 -34.7732970502  11.9510321632   -14.96219169   1.99571447912   1.86795258928 -0.949057614325    0.20506202279  -0.221684344839 -0.0668305696646 0.00202029113038 11
133.336065 0 -34.6696142365  12.0482765047 -15.0118063158   1.98373147633   1.86592176548 -0.956643443354    0.20506202279  -0.221684344839 -0.0668305696646 0.00202029113038 11
133.388147 0 -34.5666624833  12.1454152755 -15.0619767785   1.96845983772   1.86414930988 -0.968875628513    0.20506202279  -0.221684344839 -0.0668305696646 0.00202029113038 11
133.440228 0 -34.4645460253  12.2425569054  -15.112780401   1.95214759051   1.86566928655 -0.982884796135    0.20506202279  -0.221684344839 -0.0668305696646 0.00202029113038 11
133.49231 0 -34.3632990233  12.3398335244 -15.1641742303   1.93597773318   1.86997292603 -0.992625492774    0.20506202279  -0.221684344839 -0.0668305696646 0.00202029113038 11
133.544391 0 -34.2628463542  12.4374287994 -15.2162430845  1.92172908182  1.87727416246 -1.00588984467    0.20506202279  -0.221684344839 -0.0668305696646 0.00202029113038 11
133.596473 0 -34.1631031509  12.5353836865 -15.2688568761  1.90865040878  1.88197512363 -1.01429128064    0.20506202279  -0.221684344839 -0.0668305696646 0.00202029113038 11
133.648555 0 -34.0640589478  12.6334206437 -15.3219002292  1.89559089621   1.8814910154 -1.02172216956    0.20506202279  -0.221684344839 -0.0668305696646 0.00202029113038 11
133.700637 0  -33.965587767  12.7314258684 -15.3750951932  1.88746788299  1.88145002423 -1.02349817196    0.20506202279  -0.221684344839 -0.0668305696646 0.00202029113038 11
133.752718 0 -33.8674139708  12.8293024495 -15.4285090725  1.88260023101   1.8771666696 -1.02434236427    0.20506202279  -0.221684344839 -0.0668305696646 0.00202029113038 11
133.8048 0 -33.7694043869  12.9269346088 -15.4817100911  1.88050141835  1.87091423688 -1.02034464013    0.20506202279  -0.221684344839 -0.0668305696646 0.00202029113038 11
133.856882 0 -33.6714787418  13.0241168468 -15.5348281953  1.87988165241  1.86145254418 -1.02003327876    0.20506202279  -0.221684344839 -0.0668305696646 0.00202029113038 11
133.908963 0 -33.5735911739  13.1207595132 -15.5878810831  1.88006612514  1.85136130181 -1.01996494663    0.20506202279  -0.221684344839 -0.0668305696646 0.00202029113038 11
133.961044 0 -33.4756783567  13.2168387571 -15.6409959054  1.88029719964   1.8400472516 -1.01788473639    0.20506202279  -0.221684344839 -0.0668305696646 0.00202029113038 11
134.013126 0 -33.3777474997  13.3124613996 -15.6941204297  1.88039015785  1.83173227477 -1.02087788839    0.20506202279  -0.221684344839 -0.0668305696646 0.00202029113038 11
134.065208 0 -33.2798456927   13.407538983 -15.7473538752  1.87907758396   1.8195946927 -1.02339665343    0.20506202279  -0.221684344839 -0.0668305696646 0.00202029113038 11
134.117289 0 -33.1820026423  13.5020091876 -15.8007721148  1.87820715297  1.80842689391 -1.02980448709    0.20506202279  -0.221684344839 -0.0668305696646 0.00202029113038 11
134.169371 0 -33.0842292887   13.595892427 -15.8543422495  1.87657714159  1.79707808532 -1.02932297704    0.20506202279  -0.221684344839 -0.0668305696646 0.00202029113038 11
134.221452 0  -32.986530124  13.6892258949 -15.9078902111  1.87624603178  1.78770757702 -1.02761770181    0.20506202279  -0.221684344839 -0.0668305696646 0.00202029113038 11
134.273532 0  -32.888802617  13.7820788703 -15.9613786338   1.8763831055  1.77682637418 -1.02489684262    0.20506202279  -0.221684344839 -0.0668305696646 0.00202029113038 11
134.325616 0 -32.7910392444  13.8743669015 -16.0147471287  1.87733766601  1.76581330866 -1.02496994457    0.20506202279  -0.221684344839 -0.0668305696646 0.00202029113038 11
134.377698 0 -32.6932700827  13.9660667107 -16.0679612966  1.87622279386  1.75524443302 -1.02034149629    0.20506202279  -0.221684344839 -0.0668305696646 0.00202029113038 11
134.429779 0 -32.5956031306  14.0571225654 -16.1211730204  1.87386973671  1.74055653058 -1.02163111442    0.20506202279  -0.221684344839 -0.0668305696646 0.00202029113038 11
134.481861 0 -32.4981690097  14.1474041822  -16.174352127  1.86774966861  1.72631311787 -1.01853905698    0.20506202279  -0.221684344839 -0.0668305696646 0.00202029113038 11
134.533942 0 -32.4010887051  14.2369885813 -16.2274388952  1.85982883587  1.71389857258 -1.02287400316    0.20506202279  -0.221684344839 -0.0668305696646 0.00202029113038 11
134.586024 0  -32.304498115  14.3259061757 -16.2806381449  1.84948978048  1.70262541212 -1.02370218695    0.20506202279  -0.221684344839 -0.0668305696646 0.00202029113038 11
134.638106 0 -32.2084965787  14.4141682637 -16.3344135156  1.83578931846  1.68684750187 -1.03905771564    0.20506202279  -0.221684344839 -0.0668305696646 0.00202029113038 11
134.690187 0 -32.1132028934  14.5016892146 -16.3886754873   1.8230822316  1.67523927444 -1.04160360384    0.20506202279  -0.221684344839 -0.0668305696646 0.00202029113038 11
134.742264 0 -32.0186734076  14.5886426828 -16.4427286968  1.80772751468  1.66564141633 -1.03759089018    0.20506202279  -0.221684344839 -0.0668305696646 0.00202029113038 11
134.794351 0 -31.9249479473  14.6751417135 -16.4967023177  1.79077832753  1.65545046293 -1.03475197107    0.20506202279  -0.221684344839 -0.0668305696646 0.00202029113038 11
134.846432 0  -31.832184237  14.7611437616 -16.5505038212  1.77112115275  1.64676181994 -1.03284974875    0.20506202279  -0.221684344839 -0.0668305696646 0.00202029113038 11
134.898514 0 -31.7405026711  14.8467120278 -16.6045006589  1.74894042898  1.64059379728 -1.03990120329    0.20506202279  -0.221684344839 -0.0668305696646 0.00202029113038 11
134.950595 0 -31.6500389735  14.9321358162 -16.6586201146  1.72527146548  1.63940562315 -1.04200556266    0.20506202279  -0.221684344839 -0.0668305696646 0.00202029113038 11
135.002677 0  -31.560812963   15.017577618 -16.7130898899 1.70068594256 1.64080187574 -1.0452557016    0.20506202279  -0.221684344839 -0.0668305696646 0.00202029113038 11
135.054759 0 -31.4729043453   15.103069423 -16.7676162816  1.67475161813  1.64047792282 -1.04887597234    0.20506202279  -0.221684344839 -0.0668305696646 0.00202029113038 11
135.10684 0 -31.3863884489  15.1885255981 -16.8224427892  1.64669739802  1.64175957427 -1.05350885681    0.20506202279  -0.221684344839 -0.0668305696646 0.00202029113038 11
135.158922 0 -31.3013562561  15.2741743133 -16.8772393765 1.61751545846 1.64643605655 -1.0530970563    0.20506202279  -0.221684344839 -0.0668305696646 0.00202029113038 11
135.210999 0 -31.2179079911  15.3600386891 -16.9322774261  1.58615359797  1.64943511119 -1.06002358737    0.20506202279  -0.221684344839 -0.0668305696646 0.00202029113038 11
135.263085 0 -31.1361451768  15.4460914535 -16.9876318188  1.55247835503  1.65380847715 -1.06298458592    0.20506202279  -0.221684344839 -0.0668305696646 0.00202029113038 11
135.315167 0 -31.0561695752  15.5323555716 -17.0432674982  1.51908693901  1.65829180761 -1.07234835823    0.20506202279  -0.221684344839 -0.0668305696646 0.00202029113038 11
135.367249 0 -30.9780156223   15.618915564 -17.0990921147 1.48274597296 1.66609870875 -1.0722516412    0.20506202279  -0.221684344839 -0.0668305696646 0.00202029113038 11
135.419331 0 -30.9017144683  15.7058842883   -17.15506055  1.44665667289  1.67283094558 -1.07632446014    0.20506202279  -0.221684344839 -0.0668305696646 0.00202029113038 11
135.471412 0 -30.8272397971  15.7931866343 -17.2112201256  1.41284181789  1.67942618941 -1.07721351083    0.20506202279  -0.221684344839 -0.0668305696646 0.00202029113038 11
135.523494 0 -30.7544966262  15.8808973576 -17.2675825648  1.38114340864   1.6873309972 -1.08953457314    0.20506202279  -0.221684344839 -0.0668305696646 0.00202029113038 11
135.575575 0 -30.6833975031  15.9689417673 -17.3245224446  1.34989765257  1.69436249142 -1.09794105254    0.20506202279  -0.221684344839 -0.0668305696646 0.00202029113038 11
135.627657 0 -30.6138535991  16.0574352266 -17.3818725821  1.32165942011  1.70350720743 -1.10704396503    0.20506202279  -0.221684344839 -0.0668305696646 0.00202029113038 11
135.679739 0 -30.5457720642  16.1462915779 -17.4396141394  1.29309937416  1.70839315057 -1.10832008274    0.20506202279  -0.221684344839 -0.0668305696646 0.00202029113038 11
135.731821 0  -30.479038022   16.235473868 -17.4971915564  1.26849645581  1.71509154284 -1.10189327123    0.20506202279  -0.221684344839 -0.0668305696646 0.00202029113038 11
135.783902 0 -30.4135607568  16.3250168088 -17.5543655806  1.24642186885  1.72436684214 -1.09284234276    0.20506202279  -0.221684344839 -0.0668305696646 0.00202029113038 11
135.835984 0 -30.3491452803  16.4151375092 -17.6112092575  1.22792415637  1.73774524438 -1.08898817795    0.20506202279  -0.221684344839 -0.0668305696646 0.00202029113038 11
135.888065 0 -30.2856162134   16.506038903 -17.6679656542  1.21168951243   1.7538250638 -1.08629764933    0.20506202279  -0.221684344839 -0.0668305696646 0.00202029113038 11
135.940147 0 -30.2228904894  16.5978820337 -17.7244565915  1.19720184847  1.77309361786 -1.08530421788    0.20506202279  -0.221684344839 -0.0668305696646 0.00202029113038 11
135.992229 0  -30.160949679   16.690781097 -17.7809992726  1.18188025303  1.79700194924 -1.08458172691    0.20506202279  -0.221684344839 -0.0668305696646 0.00202029113038 11
136.044311 0 -30.0997172787  16.7850911185 -17.8374367801  1.16918996641  1.82503167422 -1.08130777046    0.20506202279  -0.221684344839 -0.0668305696646 0.00202029113038 11
136.096392 0 -30.0391480145  16.8807816742 -17.8937945829  1.15745429039  1.84814840309 -1.07908729266    0.20506202279  -0.221684344839 -0.0668305696646 0.00202029113038 11
136.148474 0 -29.9792583257  16.9775956247 -17.9496401302  1.14416077222  1.87098153183 -1.06827226849    0.20506202279  -0.221684344839 -0.0668305696646 0.00202029113038 11
136.200551 0 -29.920062667 17.0754823256 -18.004972593  1.12993683609  1.88894658684 -1.05846558736    0.20506202279  -0.221684344839 -0.0668305696646 0.00202029113038 11
136.252638 0 -29.8615354011  17.1742821679 -18.0602463666  1.11767783499  1.90507318984 -1.06423929319    0.20506202279  -0.221684344839 -0.0668305696646 0.00202029113038 11
136.304719 0 -29.8036587337   17.273835435 -18.1157764075  1.10467468422  1.91668424495 -1.06509220799    0.20506202279  -0.221684344839 -0.0668305696646 0.00202029113038 11
136.356801 0 -29.7464208594  17.3738212383 -18.1712695505  1.09468223143  1.92408094037 -1.06541141826    0.20506202279  -0.221684344839 -0.0668305696646 0.00202029113038 11
136.408883 0 -29.6896372546  17.4742578107  -18.226528952  1.08705510591   1.9334140436 -1.05843645576    0.20506202279  -0.221684344839 -0.0668305696646 0.00202029113038 11
136.460965 0 -29.6332145679  17.5750870866 -18.2814107247  1.08192686518  1.94195875246 -1.05257498537    0.20506202279  -0.221684344839 -0.0668305696646 0.00202029113038 11
136.513046 0  -29.577047623  17.6764218044 -18.3362714091  1.07412725005  1.94753709654 -1.05352023701    0.20506202279  -0.221684344839 -0.0668305696646 0.00202029113038 11
136.565128 0 -29.5212554242  17.7780693611 -18.3913456206  1.06724415941  1.95696977467 -1.06219504585    0.20506202279  -0.221684344839 -0.0668305696646 0.00202029113038 11
136.617209 0 -29.4658989257  17.8801567712 -18.4468607914  1.05834226851  1.96266320141 -1.07099401539    0.20506202279  -0.221684344839 -0.0668305696646 0.00202029113038 11
136.669293 0 -29.4110670953  17.9824772831 -18.5028318978 1.04767946656 1.96579027992 -1.0760555482    0.20506202279  -0.221684344839 -0.0668305696646 0.00202029113038 11
136.721373 0 -29.3567750095  18.0849898955 -18.5590851582  1.03727868597  1.97136680773 -1.09029189671    0.20506202279  -0.221684344839 -0.0668305696646 0.00202029113038 11
136.773455 0 -29.3029374868  18.1879188903 -18.6168585386  1.03222960137  1.98404903314 -1.12975964856    0.20506202279  -0.221684344839 -0.0668305696646 0.00202029113038 11
136.825536 0 -29.2492412785  18.2918453815 -18.6766672148  1.03018863972  2.00560942874 -1.17083231391    0.20506202279  -0.221684344839 -0.0668305696646 0.00202029113038 11
136.87762 0 -29.1954891143  18.3968423888 -18.7390792349  1.03493562411  2.02766639301 -1.22355125845    0.20506202279  -0.221684344839 -0.0668305696646 0.00202029113038 11
136.9297 0 -29.1413094047  18.5032282446  -18.804045028  1.04554556381  2.05600164256 -1.26846598332    0.20506202279  -0.221684344839 -0.0668305696646 0.00202029113038 11
136.981782 0  -29.086732025  18.6105657239 -18.8707024883  1.04967449711  2.06209667494 -1.29268275278    0.20506202279  -0.221684344839 -0.0668305696646 0.00202029113038 11
137.033863 0 -29.0319824853  18.7177989528 -18.9387180331  1.05473063267  2.05604441803 -1.31726615752    0.20506202279  -0.221684344839 -0.0668305696646 0.00202029113038 11
137.085945 0 -28.9764821413  18.8253070623 -19.0065036537  1.08784189804  2.08480406677 -1.25854851169    0.20506202279  -0.221684344839 -0.0668305696646 0.00202029113038 11
137.138021 0 -28.9156689558  18.9400859289 -19.0616643587   1.27464451982   2.36786877436 -0.760276323498    0.20506202279  -0.221684344839 -0.0668305696646 0.00202029113038 11
137.190108 0 -28.8470028668  19.0678158839 -19.0964678305   1.34496736983   2.52235409862 -0.695425987952    0.20506202279  -0.221684344839 -0.0668305696646 0.00202029113038 11
137.24219 0 -28.7758324195  19.2023553904 -19.1366037066   1.37888762814   2.61052959593 -0.819732018581    0.20506202279  -0.221684344839 -0.0668305696646 0.00202029113038 11
137.294272 0 -28.7043986552  19.3375127921 -19.1780430735   1.35714994824   2.58786634829 -0.780082355454    0.20506202279  -0.221684344839 -0.0668305696646 0.00202029113038 11
137.346354 0 -28.6346712707  19.4724275578 -19.2180733333   1.31756294925   2.56844512789 -0.769083070019    0.20506202279  -0.221684344839 -0.0668305696646 0.00202029113038 11
137.39843 0 -28.5663283437  19.6063459824 -19.2577458395   1.31079452639   2.59720421848 -0.747692708078    0.20506202279  -0.221684344839 -0.0668305696646 0.00202029113038 11
137.450518 0 -28.4982499233  19.7410302598 -19.2968964264   1.30165986669   2.57433953499 -0.758915495062    0.20506202279  -0.221684344839 -0.0668305696646 0.00202029113038 11
137.502599 0 -28.4306552528  19.8756291227 -19.3361635051     1.288563314    2.5869176006 -0.750168017947    0.20506202279  -0.221684344839 -0.0668305696646 0.00202029113038 11
137.554681 0 -28.3637665326  20.0106163631 -19.3751757079   1.27965861491   2.59317472151 -0.749615267674    0.20506202279  -0.221684344839 -0.0668305696646 0.00202029113038 11
137.606762 1 -27.0541813749  18.6023116719 -19.4585254471   1.60822637485   2.34506544433 -0.753027401404   0.195842250105  -0.221708713354 -0.0664984226791 0.00201728175843 11
137.658844 1 -26.3371992738  17.9187976527 -19.5039790475    1.7966978658   2.22922362483 -0.755048990283   0.190534115592  -0.221841648887 -0.0659335162926 0.00201568021787 11
137.710926 1  -25.837262235  17.4595519651 -19.5383383703   1.92972234408   2.15255519317 -0.756790076781   0.186612973483  -0.221942680348 -0.0654669159037 0.00201456866484 11
137.763008 1 -25.4687559751   17.115703466 -19.5665550723   2.02726911375   2.09501604728 -0.758386738484   0.183545916917  -0.221993609946 -0.0651498083886 0.00201373974814 11
137.815089 1 -25.1883362526  16.8638520272 -19.5893108986  2.10276110193  2.05377330095 -0.75976353317   0.181086816887   -0.22204137158 -0.0648584446235 0.00201310677164 11
137.867171 1 -24.9790707058  16.6895138057 -19.6083682264   2.16043903429   2.02623134582 -0.761050568247  0.179069600296 -0.222083899373 -0.064583316439 0.00201263710323 11
137.919253 1 -24.8037071756  16.5410855568 -19.6248762986   2.20863176679   2.00274357149 -0.762182991149   0.177353677312  -0.222114676679 -0.0643592048727 0.00201224015861 11
137.971335 1 -24.657905529 16.4146875491  -19.63980588   2.24844788719    1.9826183861 -0.763254366055   0.175850654529  -0.222129251869 -0.0641878513165 0.00201190488756 11
138.023417 1 -24.5414294107  16.3313768106 -19.6529496538   2.28185445995   1.97057170542 -0.764281186491   0.174521919354  -0.222157177384 -0.0639768160523 0.00201164620077 11
138.075498 1 -24.4443998317  16.2651086244 -19.6649143716   2.31002659797   1.96134489866 -0.765256339977   0.173336937366  -0.222179170998 -0.0637875830287 0.00201142949405 11
138.127577 1 -24.3712853732  16.2165018687  -19.675955095  2.33152087476  1.95492646433 -0.76621976432   0.172301820645  -0.222187355282 -0.0636374936054 0.00201126045221 11
138.179662 1 -24.3071861335  16.1733063643 -19.6853901712    2.3502095587   1.94908950284 -0.767036238013  0.171416866076 -0.222193959054 -0.063511351574 0.00201111368023 11
138.231744 1 -24.2443896232   16.133152857  -19.695178837    2.3687799941   1.94394469469 -0.767900649528  0.170507528649 -0.222201033938 -0.063376312968 0.0020109694058 11
138.283826 1 -24.1899901209  16.0990025475 -19.7060439163   2.38504656511   1.93985294563 -0.768917639452   0.169553135326   -0.22219560012 -0.0632556355931 0.00201083805408 11
138.335908 1 -24.1453089078  16.0750092811 -19.7153040123  2.39875748465  1.93742544582 -0.76979809945   0.168739554963  -0.222194370549 -0.0631397489071 0.00201073231155 11
138.387989 1 -24.1051618063  16.0541304268 -19.7244519007   2.41107113779   1.93538561024 -0.770684201627   0.167950962392  -0.222188437849 -0.0630363967831 0.00201063678382 11
138.440072 1 -24.0723690836  16.0407738779 -19.7327986515   2.42167054896   1.93477355422 -0.771511463523  0.167236209149 -0.222185570009  -0.06293066688 0.00201055621732 11
138.492153 1 -24.0453185466  16.0326309504 -19.7408510832   2.43077368118   1.93506270667 -0.772329900203   0.166558519487  -0.222180944442 -0.0628304114957 0.00201048731944 11
138.544235 1 -24.0227559999    16.02741003 -19.7486975373   2.43844944846   1.93568784502 -0.773141937465   0.165917356038  -0.222172368277 -0.0627417672188 0.00201042972064 11
138.596318 1  -23.999372932   16.021904164 -19.7559863825   2.44609913732   1.93602964432 -0.773890799759   0.165315763172  -0.222165195606 -0.0626578927016 0.00201037632828 11
138.648398 1   -23.97698173  16.0112746019 -19.7630321654    2.4533419395   1.93546260442 -0.774602749966   0.164737996066  -0.222154796767 -0.0625891856643 0.00201031531778 11
138.70048 1 -23.9562388217  16.0063559616 -19.7709687871   2.46046098487   1.93610495868 -0.775429842638   0.164097716603  -0.222143114648 -0.0625068295558 0.00201025962538 11
138.752562 1 -23.9432323402  16.0091790594   -19.77773508   2.46549619053   1.93797320533 -0.776160064971   0.163561387559  -0.222133596693 -0.0624304511654 0.00201022431677 11
138.804644 1 -23.9299959222  16.0041737301 -19.7847872126   2.46994086159   1.93815964689 -0.776905569172  0.163027153592 -0.222113098799 -0.062384807393 0.00201018240348 11
138.856725 1 -23.9183075688  16.0050580634 -19.7918422037   2.47442066186   1.93960058573 -0.777667445376   0.162480375349  -0.222097531312 -0.0623216086233 0.00201014581398 11
138.908808 1 -23.9120354888  16.0117695703 -19.7979574568   2.47758306591    1.9420797195 -0.778347544343   0.16201388632 -0.222085939618 -0.062257057934 0.00201012251535 11
138.960889 1 -23.9029938786  16.0171038853 -19.8039037446   2.48139355269   1.94423148719 -0.779000619118   0.161551962999  -0.222076223408 -0.0621910544402 0.00201009712923 11
139.012971 1  -23.895279129  16.0175005365 -19.8104158188  2.48408721817  1.94509869524 -0.77971133572   0.161079817501  -0.222052402965 -0.0621585757212 0.0020100725076 11
139.06505 1 -23.8902426611  16.0228395869 -19.8163787845   2.48657318152   1.94710733603 -0.780375697955   0.160636348578  -0.222036034231 -0.0621100554575 0.0020100519999 11
139.117135 1 -23.8834804636  16.0305967572 -19.8221040188   2.48988780189   1.94972616632 -0.781014415501   0.160190993813  -0.222027105316 -0.0620430315779 0.00201003069054 11
139.169217 1 -23.8803724576  16.0381977287 -19.8276606742  2.49183477133  1.95209283919 -0.78164181877   0.159785965981  -0.222012041883 -0.0619949903972 0.00201001657202 11
139.221298 1 -23.8789940091  16.0479062779 -19.8332481643   2.49339768771   1.95486309132 -0.782281169033   0.159380703602  -0.221996567167 -0.0619460196356 0.00201000586281 11
139.27338 1 -23.8779345604  16.0564928653 -19.8384801561   2.49475533484   1.95734353965 -0.782879543789   0.159002272039  -0.221981051892 -0.0619031835657 0.00200999545896 11
139.325462 1 -23.8734237935  16.0639041034 -19.8438639326     2.497190929   1.95972475192 -0.783484239664   0.158598630017  -0.221969167764 -0.0618487387257 0.00200997920832 11
139.377544 1 -23.8702634951  16.0722406368 -19.8494831663   2.49913560173   1.96218763316 -0.784120664789   0.158188179648  -0.221953749563 -0.0617996282596 0.00200996680895 11
139.429626 1 -23.8703775781  16.0818803561 -19.8539641503   2.50022566004   1.96484424262 -0.784639367607  0.157863836739 -0.221942215366 -0.061755964381 0.00200995963287 11
139.481707 1 -23.8693387561  16.0905500457 -19.8593122052   2.50151069606   1.96729388707 -0.785251366987   0.157479556151  -0.221925145056 -0.0617149683466 0.00200995018045 11
139.53379 1 -23.8684479861  16.0966640936 -19.8647521325   2.50254922175   1.96920047083 -0.785868529142   0.157096565881  -0.221904391441 -0.0616840996439 0.00200993866611 11
139.585871 1 -23.8682725201  16.1052089789 -19.8699262266  2.50336206442  1.97144325669 -0.78646388298   0.156732424762  -0.221884955624 -0.0616521958893 0.00200993329898 11
139.637953 1 -23.8684157854  16.1142085525 -19.8757944686   2.50407767305   1.97379512616 -0.787138642071   0.156323702394  -0.221861197039 -0.0616209757984 0.00200992777922 11
139.690035 1 -23.8696596108  16.1236638849 -19.8805912982   2.50465591444   1.97630576379 -0.787695361075   0.155989277834  -0.221844314183 -0.0615865422427 0.00200992304668 11
139.742117 1 -23.8704580709  16.1320374972 -19.8858210267   2.50518203096    1.9785348614 -0.788298239967   0.155628180088  -0.221822953255 -0.0615585357725 0.00200991757417 11
139.794199 1 -23.8712222175  16.1421249376 -19.8905483517   2.50594929762    1.9811800436 -0.788847527857   0.155295061354  -0.221807632478 -0.0615202177531 0.00200991312364 11
139.84628 1 -23.8720668404  16.1518986278  -19.895467461   2.50662849276   1.98372909682 -0.789418386925     0.1549494761  -0.221790178483 -0.0614849416798 0.00200990867653 11
139.898363 1 -23.8744509182  16.1625777868  -19.900417279   2.50688586289   1.98644075203 -0.789997650875   0.154608751082  -0.221771325059 -0.0614520773221 0.00200990662154 11
139.950444 1 -23.8782124344  16.1751197314 -19.9049434228   2.50693005188   1.98954782568 -0.790536197593   0.154295583669  -0.221755700979 -0.0614154204309 0.00200990706476 11
140.002526 1 -23.8805753794  16.1857824227 -19.9096168509   2.50720362895   1.99223687979 -0.791084965297   0.153970610785  -0.221738245532 -0.0613828469155 0.00200990517506 11
140.054608 1 -23.8829004667  16.1964251586 -19.9143306187   2.50750889113   1.99493961427 -0.791637814334   0.153642485323  -0.221720962667 -0.0613488914283 0.0020099030865 11
140.10669 1  -23.886346778  16.2069062444 -19.9186901262   2.50741313836   1.99754508055 -0.792152841902   0.153346840672  -0.221703727309 -0.0613201543318 0.00200990333329 11
140.158772 1 -23.8914312992  16.2173691228 -19.9233030946   2.50686912004    2.0001714184 -0.792699863453   0.153038793589  -0.221682931764 -0.0612969930888 0.00200990337698 11
140.210854 1 -23.8960018737  16.2293980123 -19.9275241776   2.50647540104   2.00303101702 -0.793205369293   0.152756599294   -0.22166581551 -0.0612687973278 0.00200990713148 11
140.262936 1 -23.8999446701  16.2394545616 -19.9311736272   2.50618229348   2.00549084764 -0.793641178593   0.152512581459  -0.221651232544 -0.0612438343436 0.00200990885939 11
140.315018 1 -23.9042195769  16.2508783868 -19.9348928741    2.5057983121    2.0081591374 -0.794089040407   0.152263182258  -0.221636463365 -0.0612173167531 0.00200991355239 11
140.367099 1 -23.9084774913  16.2619673928 -19.9388582137   2.50524688165   2.01066792137 -0.794564317348   0.152003283601   -0.22161830636 -0.0611964699801 0.00200991960585 11
140.419181 1 -23.9145532651   16.273138179 -19.9426403574   2.50413614697   2.01314597634 -0.795023230651   0.151763669226  -0.221598698774 -0.0611821855296 0.00200992782319 11
140.471263 1 -23.9188892325    16.28523391 -19.9464424096     2.503790924   2.01597676073 -0.795481531273   0.151509354763  -0.221584043116 -0.0611531097731 0.00200993280891 11
140.523341 1 -23.9249030128  16.2964995719 -19.9505660301   2.50287538387   2.01863019315 -0.795977881681   0.151242665686  -0.221563935802 -0.0611342530816 0.0020099374863 11
140.575427 1 -23.9296864204  16.3079328037 -19.9541208027   2.50226198443   2.02123422835 -0.796408532022   0.151010223541  -0.221548555424 -0.0611113459516 0.00200994411923 11
140.627509 1  -23.934334751  16.3195071167 -19.9578564578   2.50184118682     2.023969398 -0.796859551944   0.150757325138  -0.221533442692 -0.0610846103335 0.00200994800619 11
140.679591 1 -23.9393572936  16.3309699298  -19.961491956   2.50118483904   2.02657167347 -0.797300850557   0.150514014065  -0.221517138865 -0.0610628492916 0.00200995418006 11
140.731673 1 -23.944842172 16.3420554183 -19.964760769   2.50035197504   2.02907880517 -0.797700684461    0.15030182496  -0.221501991509 -0.0610437926065 0.00200996122165 11
140.783755 1 -23.9487325509  16.3506426968 -19.9688385682   2.49984928486   2.03117020332 -0.798181548394  0.150036742801 -0.221481808146 -0.061026999015 0.00200996275702 11
140.835837 1 -23.9535633816   16.360894866 -19.9731020392   2.49928060573    2.0336589199 -0.798689238356   0.149752313203  -0.221461617485 -0.0610059764549 0.00200996450843 11
140.887919 1 -23.9581848111  16.3709524401 -19.9768235052    2.4986422291   2.03600942739 -0.799135119237   0.149511111823  -0.221443842258 -0.0609870605071 0.00200996894899 11
140.94 1 -23.9642668284  16.3814135552 -19.9807348097   2.49759592785   2.03843512054 -0.799606623664   0.149261238106  -0.221423062073 -0.0609729263215 0.00200997420366 11
140.992077 1  -23.970486472  16.3919402674 -19.9842926515   2.49652889168   2.04085898671 -0.800038950886   0.149034377108  -0.221404528295 -0.0609581306436 0.00200998022589 11
141.044164 1 -23.9776763078  16.4066861407 -19.9878124113   2.49544177522   2.04412683899 -0.800478223914   0.148805777692  -0.221389103574 -0.0609323925654 0.00200999140749 11
141.096246 1 -23.9824819619  16.4167687927 -19.9916497422    2.4948332441   2.04655581268 -0.800937066163   0.148556220079  -0.221370884921 -0.0609121338769 0.00200999429768 11
141.148328 1 -23.9891785595  16.4279017783 -19.9948205419    2.4937194152   2.04912749546 -0.801327654415   0.148356636696  -0.221355268587 -0.0608946393584 0.00201000128105 11
141.20041 1 -23.9956500043  16.4384893072 -19.9985138569   2.49262506545   2.05160494305 -0.801775280044   0.148121552422  -0.221336060956 -0.0608787082457 0.00201000682366 11
141.252491 1 -24.0021544307  16.4489310122 -20.0014333157     2.491496246    2.0539848578 -0.802136534089   0.147937045143  -0.221321113364 -0.0608638779063 0.00201001395248 11
141.304574 1 -24.0080021896  16.4603115455 -20.0045131401   2.49050459137   2.05649570934 -0.802516565437   0.147742874679  -0.221305808923 -0.0608467829804 0.00201002302834 11
141.356656 1 -24.0128587844  16.4704093743 -20.0072763145  2.48986629555  2.05884725249 -0.80285520003   0.147565728494  -0.221294079401 -0.0608256121485 0.00201002871554 11
141.408738 1 -24.0201918362   16.481977742 -20.0110343691  2.48851611001  2.06147885114 -0.80331421645   0.147330831751  -0.221273396509 -0.0608114645189 0.0020100366164 11
141.460814 1 -24.0273482239  16.4926839294 -20.0141223333   2.48710078062   2.06385137503 -0.803696516844   0.147143098498  -0.221255344672 -0.0608018551386 0.00201004552119 11
141.512902 1 -24.0330947802  16.5057316904 -20.0174117582   2.48604246053   2.06656240949 -0.804104608682   0.146936779492  -0.221238118522 -0.0607853066771 0.00201005876609 11
141.564984 1 -24.0389556248  16.5176650356 -20.0199807494   2.48514159687   2.06921129356 -0.804427851644   0.146776752852   -0.22122707931 -0.0607638163528 0.00201006863325 11
141.617065 1 -24.0455311329  16.5301786735 -20.0227826866   2.48396867978   2.07189943963 -0.804780887986  0.146603265906 -0.221213095917 -0.060746196349 0.00201008065961 11
141.669147 1 -24.0524523382  16.5414572525 -20.0255183846   2.48278644324     2.074453376 -0.805123910335     0.1464323118  -0.221199447964 -0.0607292713865 0.00201008910307 11
141.721229 1 -24.0568909057  16.5520037913 -20.0289021752   2.48211314822   2.07680205532 -0.805533037047  0.146217347709 -0.221182491666 -0.060711314931 0.00201009641052 11
141.773312 1 -24.0627087188  16.5625710932  -20.031817798   2.48105899087   2.07913560864 -0.805892734199   0.146038401674  -0.221166699654 -0.0606978286859 0.00201010503245 11
141.825394 1 -24.0697958933   16.573724781 -20.0341276565  2.47961708614  2.08150360772 -0.80618863377   0.145905658281  -0.221153257659 -0.0606874854635 0.0020101173347 11
141.877475 1 -24.0769379086  16.5856205922 -20.0370013118   2.47830044138   2.08411635404 -0.806549196334   0.145729873732  -0.221137781798 -0.0606725012539 0.00201012791477 11
141.929552 1 -24.0827299039  16.5959926516 -20.0393600039   2.47717283348    2.0863247425 -0.806846137504    0.14559078138  -0.221124818216 -0.0606604379269 0.00201013882873 11
141.98164 1 -24.0893239334  16.6058642314 -20.0426829357  2.47587080337  2.08854611713 -0.80725158299   0.145387323612  -0.221104833866 -0.0606515069325 0.00201014620391 11
142.033722 1 -24.0949673962  16.6176099929 -20.0453605401   2.47492045541   2.09108044945 -0.807587085184    0.14522093183  -0.221091570437 -0.0606337410564 0.00201015692707 11
142.085803 1 -24.1013508867  16.6277358069 -20.0487880745   2.47370911869   2.09336885513 -0.808004191708   0.145008894888   -0.22107160129 -0.0606224904885 0.00201016418931 11
142.137885 1 -24.1076529947   16.638587704 -20.0512160783   2.47255971253   2.09574608866 -0.808310686048   0.144863301907  -0.221058689892 -0.0606082533731 0.00201017419279 11
142.189967 1  -24.114595194    16.64903378 -20.0537815276   2.47124872999    2.0980809064 -0.808633012248   0.144709665218  -0.221043970218 -0.0605967829882 0.00201018297168 11
142.242049 1 -24.1215305011  16.6592450393 -20.0563443665   2.46982334038    2.1002919261 -0.808954848958   0.144559741112  -0.221028142306 -0.0605885564163 0.0020101932717 11
142.294131 1 -24.1276372432  16.6700774513 -20.0588107758   2.46873876019   2.10269614118 -0.809264321072    0.1444148183 -0.221015404911 -0.060572732077 0.0020102029923 11
142.346213 1 -24.1335750339  16.6806815121 -20.0612944027   2.46753496693   2.10493040315 -0.809576015669   0.144270775933  -0.221000867564 -0.0605619432165 0.0020102147146 11
142.398295 1 -24.1399487913  16.6916576613 -20.0635630264   2.46630214576    2.1072641637 -0.809865481598   0.144137250756   -0.22098818588 -0.0605493126717 0.00201022648825 11
142.450377 1 -24.1464720001  16.7031208832 -20.0658812917   2.46506982633   2.10971243973 -0.810161929715   0.144000033831  -0.220975337762 -0.0605358865203 0.00201023828595 11
142.502459 1 -24.1524923103  16.7132224655   -20.06790132   2.46374959618   2.11176816648 -0.810421546067   0.143888738895  -0.220962112762 -0.0605298231266 0.00201025106319 11
142.554541 1 -24.1582947364   16.725753365 -20.0702316064   2.46250063525   2.11422559335 -0.810721173792  0.143755895133 -0.220948306135 -0.060518269857 0.00201026819354 11
142.606623 1 -24.1648460656  16.7364314394 -20.0729652118   2.46118754714   2.11651127104 -0.811062867836   0.143591407192  -0.220931595802 -0.0605085752874 0.00201027883763 11
142.658705 1 -24.1719614091  16.7476248907 -20.0747463552  2.45974876598  2.11886736692 -0.81129959301   0.143495375879  -0.220920868462 -0.0604984479824 0.00201029201645 11
142.710787 1 -24.1804669345  16.7601731212 -20.0766431806   2.45806974227   2.12155062287 -0.811554761154   0.143391753094  -0.220909746129 -0.0604860993879 0.00201030621638 11
142.762869 1 -24.1878819973  16.7713712012 -20.0787324196   2.45659051809   2.12394560116 -0.811826531299   0.143273248479  -0.220897216772 -0.0604752351072 0.00201031861933 11
142.814951 1 -24.1956658235   16.784168546 -20.0812929304   2.45489775385   2.12654260482 -0.812156262584   0.143128477344  -0.220880395736 -0.0604670146554 0.00201033499203 11
142.867033 1 -24.2022405712  16.7963032759 -20.0835245874   2.45357594502   2.12900576881 -0.812446093303   0.142994540625  -0.220866988317 -0.0604557056292 0.00201034960152 11
142.919119 1 -24.2087361501  16.8073270186 -20.0851995568  2.45229884167  2.13131286777 -0.81266933259   0.142903306476  -0.220857444621 -0.0604439354822 0.00201036273871 11
142.971197 1 -24.2154270456  16.8181364853 -20.0867613141   2.45092838179   2.13355395179 -0.812879815537    0.14282196796  -0.220847968101 -0.0604340667814 0.00201037641497 11
143.023279 1 -24.222044661  16.829652962 -20.088649579   2.44959462996   2.13593667675 -0.813128242556  0.142718488696 -0.220836901413 -0.060422203395 0.00201039070776 11
143.075361 1 -24.2294890464  16.8419114986 -20.0901907056   2.44813587927    2.1384962963 -0.813341052955   0.142637858288  -0.220828161547 -0.0604094122353 0.00201040565534 11
143.127443 1 -24.2364872985  16.8529057597 -20.0918088788     2.446634016   2.14073708583 -0.813559337243   0.142554956361  -0.220817218034 -0.0604023972446 0.00201042022276 11
143.179525 1 -24.2424647961  16.8632967466 -20.0941643538   2.44534449112   2.14286841139 -0.813856807259  0.142421332079 -0.220801828129 -0.060394901208 0.00201043298156 11
143.231606 1 -24.2498775022  16.8746231349 -20.0958912466   2.44381079254   2.14522392476 -0.814088654569   0.142329331673  -0.220790600039 -0.0603861980535 0.0020104470309 11
143.283689 1 -24.2546350444  16.8845140765 -20.0974114905  2.44272316837  2.14713174126 -0.81428936017   0.142252872631  -0.220780483677 -0.0603795769425 0.00201046183204 11
143.33577 1 -24.2608777029  16.8943960713 -20.0988568622   2.44141667158   2.14917691191 -0.814483882122   0.142180110063  -0.220771064997 -0.0603718959784 0.00201047454128 11
143.387852 1 -24.2671785187  16.9044539745 -20.1014416927  2.44001815648  2.15126445524 -0.81480679263   0.142034183034  -0.220753194801 -0.0603669491879 0.00201048649503 11
143.439935 1 -24.2734184165   16.914975953 -20.1026598283   2.43869091521   2.15337198583 -0.814977630848   0.141976248328  -0.220745341548 -0.0603585214736 0.00201050150099 11
143.492019 1 -24.2809329337  16.9258456428 -20.1040083718   2.43701975999   2.15556856087 -0.815166089972  0.141916151499 -0.220735212126   -0.0603536353 0.00201051719785 11
143.544099 1 -24.2861958529  16.9361712293 -20.1062011897     2.435931451   2.15766888381 -0.815444079972   0.141789405951  -0.220721368022 -0.0603442516722 0.00201052981074 11
143.596181 1 -24.2930710332  16.9463788244 -20.1079383763   2.43449841759   2.15981725764 -0.815673089284   0.141697852657  -0.220709756944 -0.0603366282178 0.0020105423018 11
143.648263 1 -24.2990631783   16.957430987 -20.1093238748   2.43316088704   2.16195851832 -0.815863969473   0.141630244449  -0.220700135032 -0.0603296754582 0.00201055899264 11
143.700345 1 -24.3055525333  16.9671108041 -20.1108941101   2.43178586286   2.16397395633 -0.816072557515  0.141549381899 -0.220689314157 -0.060323243943 0.00201057131804 11
143.752427 1 -24.3117196357   16.977249438 -20.1121611883   2.43049057919   2.16604970878 -0.816247249998   0.141490832886  -0.220680993796 -0.0603150611783 0.00201058510353 11
143.804509 1 -24.3180792306  16.9875029083 -20.1129751678   2.42921755628    2.1681715271 -0.816371606291   0.141460827121  -0.220676268479 -0.0603049909735 0.00201059893247 11
143.856586 1 -24.3239691649  16.9971266547 -20.1146462921    2.4279831458   2.17014686483 -0.816590777707   0.141369213395  -0.220665008123 -0.0602978851459 0.00201061113066 11
143.908673 1 -24.3299139047  17.0070025925 -20.1159518307    2.4267429154   2.17215968224 -0.816769313266   0.141304314872  -0.220656341975 -0.0602900454312 0.00201062437984 11
143.960755 1 -24.3357609081  17.0174793498 -20.1172374501   2.42550803761   2.17424327936 -0.816947326472   0.141239942398  -0.220647685776 -0.0602822106897 0.00201063903184 11
144.012837 1  -24.342095197  17.0273714885 -20.1184056238   2.42415834109   2.17626001891 -0.817111056984   0.141187243467  -0.220639398531 -0.0602757051062 0.00201065271629 11
144.064919 1 -24.3488113481  17.0365258876 -20.1201554215   2.42276257067   2.17824214263 -0.817338707434   0.141095018089  -0.220626885143 -0.0602704399115 0.00201066285525 11
144.117001 1 -24.3547766241  17.0470156545 -20.1219033424   2.42155486627    2.1804056665 -0.817568094653   0.141000114322  -0.220615624507 -0.0602608015265 0.00201067591729 11
144.169083 1  -24.360773077  17.0564881497 -20.1236817929   2.42033447165    2.1824118952 -0.817798437269   0.140903612222  -0.220603684458 -0.0602530843478 0.00201068688959 11
144.221166 1 -24.3677988789  17.0671244519 -20.1253531401   2.41886137618   2.18462671284 -0.818021598082   0.140817621556  -0.220591713809 -0.0602465520202 0.00201070017643 11
144.273248 1 -24.3743600433  17.0773248885 -20.1267255505   2.41744694967   2.18669306018 -0.818209780194   0.140750538691   -0.22058153779 -0.0602410203831 0.00201071421523 11
144.325324 1 -24.3804729028  17.0877004128 -20.1279619861   2.41620909193   2.18883161538 -0.818381437497   0.140692816591  -0.220573541377 -0.0602316453217 0.00201072786612 11
144.377411 1 -24.3859547289  17.0976555645 -20.1286669098    2.4150273186   2.19078293813 -0.818491973044   0.140671496584  -0.220568454291 -0.0602247562203 0.00201074311984 11
144.429493 1 -24.3914119361  17.1065134058 -20.1303574622   2.41391156728   2.19264717876 -0.818710376484    0.14057926966  -0.220556771612 -0.0602181649848 0.00201075337427 11
144.481575 1 -24.3969158048  17.1162259768 -20.1315171439   2.41276012181   2.19460369628 -0.818871419013   0.140524815991  -0.220548727572 -0.0602109041037 0.00201076676195 11
144.533657 1   -24.40281965  17.1261159177 -20.1326429108   2.41146146017   2.19656150389 -0.819030019755    0.14047522909  -0.220540084064 -0.0602058326536 0.00201078134842 11
144.585739 1 -24.4083624658  17.1350248046 -20.1339825568   2.41028767652   2.19840140884 -0.819209180259   0.140410254304  -0.220530299139 -0.0602004202238 0.00201079289711 11
144.637821 1 -24.4138160882  17.1447422355 -20.1355120462   2.40910045102   2.20033245215 -0.819411985095   0.140330714667  -0.220519183629 -0.0601945573776 0.0020108065013 11
144.689903 1 -24.4189304529  17.1525117203 -20.1366642862    2.4079881593   2.20193147026 -0.819566906577   0.140276975706   -0.22051029807 -0.0601910056853 0.00201081696529 11
144.741985 1 -24.4239493093  17.1611051848 -20.1374312036   2.4069675395  2.20368489342 -0.81968012406  0.140247477306 -0.220505198228 -0.060183545027 0.00201082887891 11
144.794067 1 -24.4293135099  17.1699370831  -20.138435202   2.40579742849   2.20545974506 -0.819820940252   0.140206776917  -0.220497696158 -0.0601780182663 0.00201084197038 11
144.84615 1  -24.435430855  17.1785571676 -20.1395693859   2.40445139209   2.20724336801 -0.819977225107   0.140159659303  -0.220488345195 -0.0601752101944 0.0020108538998 11
144.898232 1 -24.4409874913  17.1876381913 -20.1407298552  2.40327528662  2.20909791989 -0.82013684721    0.14010659074  -0.220479622156 -0.0601698195421 0.00201086616118 11
144.950314 1 -24.4467811309  17.1975591921    -20.1416471  2.40196184184  2.21102021976 -0.82027203927   0.140073273714  -0.220471751624 -0.0601662890675 0.00201088178403 11
145.002396 1 -24.4520608272  17.2065568989 -20.1424496019   2.40073513218   2.21274627811 -0.820391201434   0.140047219082   -0.22046463513 -0.0601635487389 0.00201089662174 11
145.054478 1 -24.4568059587  17.2157713558 -20.1434118138   2.39972288065   2.21456320144 -0.820527342125   0.140007352111  -0.220457826934 -0.0601564896674 0.00201091033056 11
145.10656 1 -24.4613771426  17.2247285839 -20.1446044736   2.39878153849    2.2163647014 -0.820688308373   0.139950101961  -0.220449759572 -0.0601485198161 0.00201092270015 11
145.158642 1 -24.4665748332   17.233547845 -20.1455428694  2.39764052525  2.21811110572 -0.82082205927   0.139911913408  -0.220442192541 -0.0601442856882 0.00201093583964 11
145.210724 1 -24.4715144177  17.2418315261 -20.1468613854 2.39658466677 2.21980988793 -0.8209964349   0.139847648549  -0.220432115972 -0.0601399049419 0.00201094667259 11
145.262806 1 -24.4766107277   17.251165498  -20.148709177   2.39548224695    2.2216922951 -0.821233300967   0.139747258394  -0.220418236471 -0.0601349640946 0.0020109587326 11
145.314888 1 -24.4814455739  17.2593552654 -20.1499455551    2.3944725579   2.22338290587 -0.821397997138   0.139687599854  -0.220408945108 -0.0601299186831 0.00201096922031 11
145.36697 1 -24.4854682676  17.2678040362 -20.1513007435   2.39365562215   2.22508830293 -0.821575258685   0.139617560478  -0.220399578738 -0.0601225530058 0.00201098020975 11
145.419052 1  -24.490334806  17.2760671951 -20.1525252104   2.39261957649   2.22677505046 -0.821739136211   0.139558838037  -0.220389950417 -0.0601186012487 0.00201099102237 11
145.471134 1 -24.4950987201   17.285147878 -20.1530246487   2.39158075903   2.22852401929 -0.821823596493   0.139549863238  -0.220385681109 -0.0601134676433 0.00201100553337 11
145.523216 1 -24.5005712881  17.2940299228 -20.1544630307   2.39040620953   2.23033782055 -0.822014072363   0.139477520283  -0.220374254931 -0.0601096361119 0.00201101719506 11
145.575298 1 -24.5052646026  17.3026959988  -20.155916748   2.38936084056   2.23205155124 -0.822204409003   0.13940423574 -0.220362850012 -0.060105666849 0.00201102953952 11
145.627381 1 -24.5102530414  17.3102218424  -20.157700458   2.38818223998   2.23356721396 -0.822430107585   0.139309709712  -0.220347465844 -0.0601071923176 0.00201103955244 11
145.679463 1 -24.5146617275  17.3179611745 -20.1587830829   2.38718136276   2.23509069987 -0.822576163037    0.13926135965  -0.220338376889 -0.0601047977873 0.00201105109836 11
145.731545 1  -24.519514527  17.3263731155 -20.1593563051   2.38614030485   2.23675276744 -0.822667201485   0.139246964378  -0.220333564136 -0.0600999222387 0.00201106407376 11
145.783622 1 -24.5238684985  17.3348600233  -20.160353312   2.38514479193   2.23838285321 -0.822805474262   0.139205092334  -0.220325094857 -0.0600969256875 0.00201107730027 11
145.835709 1 -24.5279690278  17.3429991265 -20.1616181585   2.38417442134   2.23993711871 -0.822972694655   0.139145031567  -0.220314358403 -0.0600951820115 0.00201108986266 11
145.887791 1 -24.5322084199  17.3521322106 -20.1625195634   2.38322147744   2.24167533583 -0.823101020187    0.13911103409   -0.22030733524 -0.0600893504845 0.0020111047428 11
145.939873 1 -24.5371076264   17.360206197 -20.1633876514   2.38218850567   2.24330933023 -0.823224686251   0.139074791282  -0.220300103385 -0.0600854041119 0.00201111599187 11
145.991955 1 -24.5414552113   17.368406406 -20.1640980169   2.38128634628   2.24494582677 -0.823329701661  0.139049905917 -0.220294519166 -0.060079930166 0.002011127798 11
146.044038 1 -24.5463722891  17.3766306238 -20.1657105299   2.38017032081    2.2466050307 -0.823536876297   0.138969286453  -0.220281082006 -0.0600781119359 0.00201113913241 11
146.096119 1  -24.550471181  17.3848145021 -20.1668672186  2.37925143747   2.2481885027 -0.82369217035   0.138913753464  -0.220271444309 -0.0600750639101 0.00201115122808 11
146.148201 1 -24.5545025369  17.3930417495 -20.1682445827   2.37830756986   2.24976188184 -0.823871931266   0.138845598475  -0.220260090187 -0.0600722269184 0.00201116395312 11
146.200284 1 -24.5591995208  17.4008686851 -20.1693785477   2.37734921657   2.25139228017 -0.824024121212    0.13879177944  -0.220251090646 -0.0600676680775 0.00201117369983 11
146.25236 1 -24.5633355883  17.4084716679 -20.1705574853   2.37639025308   2.25288107672 -0.824179909046   0.138739054055  -0.220240954202 -0.0600657814417 0.00201118525134 11
146.304448 1 -24.5678362279  17.4154103307 -20.1721238161   2.37541575958   2.25435601608 -0.824377875733   0.138659265591  -0.220228022299 -0.0600640075505 0.00201119333907 11
146.35653 1 -24.5723680344  17.4231022967 -20.1735932426 2.37441435901 2.25592260909 -0.8245672471   0.138585624717  -0.220215648029 -0.0600621227087 0.00201120343007 11
146.408612 1 -24.5762746098  17.4312967391 -20.1744490614   2.37353947575   2.25749041156 -0.824688106666   0.138552021594  -0.220208365857 -0.0600582903078 0.00201121634769 11
146.460694 1 -24.5800267258   17.439395054 -20.1755631762   2.37266182013   2.25903110419 -0.824837440583   0.138502931192  -0.220198728169 -0.0600558539585 0.00201122903793 11
146.512776 1 -24.5839527867  17.4474348663 -20.1763752612    2.3718231673   2.26059344058 -0.824953129455   0.138469641092  -0.220192099221 -0.0600510200039 0.00201124118859 11
146.564859 1 -24.5876631256  17.4547333861  -20.177420877   2.37103882159   2.26206027398 -0.825092386089    0.13842196597  -0.220183775418 -0.0600465518099 0.00201125129456 11
146.616941 1 -24.5921448702  17.4627605033 -20.1781612754   2.37004349739     2.263639941 -0.825200420401   0.138399615457  -0.220176894433 -0.0600438443446 0.00201126374013 11
146.669022 1 -24.5958945281  17.4701284819 -20.1791612462   2.36917341576   2.26506764793 -0.825334883727   0.138358631856   -0.22016803367 -0.0600418732851 0.00201127524788 11
146.7211 1 -24.5996272827  17.4779007647 -20.1806400828   2.36839583188   2.26664299762 -0.825523665918   0.138282444727  -0.220156707228 -0.0600361357714 0.00201128541933 11
146.773187 1 -24.6028536031  17.4847650274 -20.1817886995   2.36763008515   2.26795675382 -0.825673223076   0.138228252681  -0.220146591946 -0.0600349844317 0.00201129586949 11
146.825269 1 -24.6062331829  17.4915613054 -20.1834237703   2.36686222565   2.26931749228 -0.825877030818   0.138141240981  -0.220133186818 -0.0600326393854 0.00201130489848 11
146.877351 1 -24.6107696755  17.4991767589 -20.1842630578    2.3658804327   2.27085042668 -0.825995496737   0.138109895214  -0.220125399719 -0.0600304669691 0.00201131585264 11
146.929433 1 -24.6146854982  17.5066459356 -20.1849150649   2.36501520981   2.27230216343 -0.826091730577  0.138089844538 -0.220119229904 -0.060027893694 0.00201132750814 11
146.981515 1 -24.6184686796  17.5143317388 -20.1853651565   2.36419268215   2.27377952078 -0.826165338909   0.138083388072  -0.220115111584 -0.0600235460658 0.00201134012791 11
147.033597 1 -24.6217736545  17.5219775331 -20.1861262088   2.36343403091   2.27520119764 -0.826273660232   0.138053366305  -0.220108282978 -0.0600204267492 0.00201135278899 11
147.085679 1 -24.6259002046  17.5291077076 -20.1870401663  2.36251207384  2.27661554115 -0.82639909996  0.138015611934 -0.220099430626 -0.060020035552 0.00201136307482 11
147.137762 1 -24.6299622116  17.5361514433 -20.1874085742    2.3616023767   2.27798821637 -0.826462658022   0.138016151791  -0.220094955375 -0.0600189720777 0.00201137452086 11
147.189844 1 -24.6335989519  17.5436840897 -20.1879455135   2.36085702221   2.27947045451 -0.826545432681   0.138001870511  -0.220090435379 -0.0600138167637 0.00201138582971 11
147.241926 1 -24.6371893424  17.5513169632 -20.1891314643   2.36003476011   2.28093858448 -0.826701645094   0.137945894157  -0.220079835871 -0.0600120165271 0.00201139725707 11
147.294007 1 -24.6408297701  17.5583326287 -20.1898711821   2.35926354469   2.28232725683 -0.826806379285   0.137916914511  -0.220073082839 -0.0600092520133 0.0020114073241 11
147.34609 1 -24.6445030236  17.5643891197 -20.1913346717   2.35842093049   2.28356151421 -0.826990094249   0.137840594748  -0.220059859566 -0.0600099533941 0.00201141510367 11
147.398172 1 -24.6480042689  17.5709011929 -20.1927891946  2.35761862357   2.2848803898 -0.82717294394   0.137768692346   -0.22004703119 -0.0600092596445 0.00201142378985 11
147.450254 1  -24.651570973  17.5776999004 -20.1938101663    2.3569465138   2.28632389081 -0.827307577305   0.137721740857  -0.220039097478 -0.0600034342229 0.00201143163646 11
147.502336 1 -24.6552898026  17.5843230994  -20.194165023   2.35612715382   2.28762365698 -0.827367948286   0.137722160011  -0.220034876248 -0.0600020948702 0.00201144220003 11
147.554417 1 -24.6592450694  17.5917775623 -20.1947546495   2.35527616972   2.28908975759 -0.827457045686   0.137706936988  -0.220029035017 -0.0599994384579 0.00201145360182 11
147.606501 1 -24.6627238272  17.5992447785 -20.1955635997   2.35447902448   2.29051231235 -0.827569994576   0.137678027727  -0.220021365081 -0.0599972614707 0.00201146568118 11
147.658583 1 -24.6663093584  17.6055904059  -20.195882693  2.35376064278   2.2918163632 -0.82762503706   0.137679428586  -0.220018195794 -0.0599936541294 0.00201147467136 11
147.710665 1 -24.6697556989  17.6127315971 -20.1966058851  2.35302927913   2.2932063729 -0.82772773879   0.137651482134   -0.22001177151 -0.0599898317818 0.00201148556422 11
147.762748 1 -24.6726741363  17.6190253963 -20.1972419298   2.35241552323   2.29446470785 -0.827816697118   0.137633373226  -0.220006430795 -0.0599854562095 0.00201149503418 11
147.814829 1  -24.676054712  17.6260610412 -20.1982923752   2.35166353026   2.29583631426 -0.827955616681   0.137585758409  -0.219997006639 -0.0599829904047 0.00201150555815 11
147.866911 1  -24.679681129  17.6335905977 -20.1989529219   2.35092524405   2.29732803442 -0.828051959777   0.137564453628  -0.219991391555 -0.0599776687406 0.00201151679711 11
147.918993 1 -24.6829324797  17.6412298926 -20.1994781175   2.35020603923   2.29875897316 -0.828133463077   0.137551698436  -0.219986170514 -0.0599744067744 0.00201152945347 11
147.971075 1  -24.686190823  17.6480968049 -20.2002875943   2.34948572533   2.30009405746 -0.828244808447    0.13752056341  -0.219978429076 -0.0599725468431 0.00201153979781 11
148.023158 1 -24.689065671 17.6549702813 -20.201401604   2.34886840839   2.30143989312 -0.828389633315   0.137467400472  -0.219968780719 -0.0599691802175 0.00201154945366 11
148.07524 1 -24.6924602826   17.660965784 -20.2020230657   2.34814479705   2.30265556081 -0.828477843527   0.137448144965  -0.219962488182 -0.0599679437234 0.00201155793932 11
148.127323 1 -24.6958718078   17.667457853 -20.2025161571   2.34734818931   2.30389139245 -0.828552957492   0.137440164922  -0.219956728381 -0.0599678290843 0.00201156903745 11
148.1794 1  -24.699161706  17.6740175667 -20.2034898469   2.34662470297   2.30518564345 -0.828682006544   0.137397156876  -0.219947648643 -0.0599660915711 0.00201157858757 11
148.231487 1 -24.7026142253  17.6811404676 -20.2042532343 2.34585048688 2.30654274737 -0.8287896819    0.13736732021  -0.219939820356 -0.0599651311983 0.00201158974643 11
148.283569 1 -24.7052348634  17.6879474494 -20.2049329105    2.3452542781   2.30781889278 -0.828885149744   0.137344785749   -0.21993340241 -0.0599622644583 0.00201160093195 11
148.335651 1 -24.7087068636  17.6944423423 -20.2056439066   2.34452576566   2.30913168722 -0.828984524009    0.13732065509  -0.219926528919 -0.0599599790997 0.00201161015306 11
148.387733 1 -24.7121102784  17.7014718441 -20.2068808585   2.34381965674   2.31054823504 -0.829144391836   0.137259280621  -0.219915577964 -0.0599568239271 0.00201161934582 11
148.439815 1 -24.7149272477  17.7078890451 -20.2084958123   2.34316284292   2.31181589292 -0.829343908726   0.137175409264  -0.219901243143 -0.0599553588788 0.00201162817184 11
148.491897 1 -24.7178146965   17.714686629 -20.2091434261   2.34252881449   2.31311547503 -0.829436171214   0.137155045988  -0.219894952691 -0.0599526242154 0.00201163896459 11
148.543979 1 -24.7206645955  17.7218042019 -20.2095910227   2.34195075575   2.31448247263 -0.829506602724   0.137146587924  -0.219890931669 -0.0599475249203 0.00201165017557 11
148.596062 1   -24.72327757  17.7274103669 -20.2103753503   2.34134772422    2.3155618836 -0.829611314527   0.137114603751  -0.219882974454 -0.0599474683876 0.00201165872134 11
148.648143 1 -24.7261726515  17.7338899563 -20.2109318696   2.34073331212   2.31683418091 -0.829692212658   0.137101806858   -0.21987748459 -0.0599446153105 0.00201166858979 11
148.700226 1 -24.7288232443  17.7400881986 -20.2113605795   2.34015080764   2.31801842763 -0.829758056728   0.137095745995  -0.219872885022 -0.0599424779655 0.0020116786463 11
148.752308 1 -24.7318362394  17.7462620657 -20.2122439124    2.3394601005   2.31923009598 -0.829875186988   0.137062372423  -0.219864000584 -0.0599420978729 0.00201168804235 11
148.804391 1  -24.734731768  17.7523550497 -20.2129303458   2.33882084019   2.32043105001 -0.829969688659   0.137041472436  -0.219857123183 -0.0599404787503 0.00201169738323 11
148.856473 1 -24.7377943057  17.7589050388 -20.2134176413   2.33805791835    2.3216253735 -0.830044095019   0.137034524014  -0.219850622514 -0.0599423595872 0.00201170928584 11
148.908555 1 -24.7403985348  17.7645670574 -20.2143069108   2.33744450182   2.32271736621 -0.830160086453   0.136998373423    -0.2198419205 -0.0599416298439 0.00201171834353 11
148.960637 1 -24.7427790802  17.7708633839 -20.2148878888   2.33687497526    2.3238680714 -0.830243398803   0.136980952464  -0.219835520744 -0.0599410505079 0.00201172908772 11
149.012719 1 -24.7456308102  17.7766639085 -20.2160216499   2.33624183002   2.32503751855 -0.830387477911  0.136928782239 -0.219824751029  -0.05994016805 0.00201173702294 11
149.064801 1 -24.7487227195  17.7823439827 -20.2164843931    2.3355651894    2.3261634152 -0.830456479066   0.136921045271  -0.219819418362 -0.0599395222191 0.00201174596069 11
149.116885 1 -24.7514999379  17.7887303731 -20.2168606011   2.33502306307   2.32743896016 -0.830516536134   0.136919595459  -0.219815778462 -0.0599351927663 0.00201175534984 11
149.168965 1 -24.7539604256  17.7948468427 -20.2173903859   2.33453207646    2.3286416296 -0.830593067564      0.136905381  -0.219810785629 -0.0599313999032 0.00201176431176 11
149.221048 1 -24.7570852799  17.8010201912 -20.2185312978   2.33381286286   2.32985734479 -0.830739692108   0.136853190709  -0.219799227046 -0.0599321515824 0.00201177325059 11
149.27313 1  -24.760020488  17.8073128483 -20.2193147514   2.33309858247   2.33104534679 -0.830846087664   0.136827461936  -0.219790365672 -0.0599336510163 0.00201178373982 11
149.325212 1 -24.7623127056  17.8137367561 -20.2199825359   2.33258688537   2.33226321423 -0.830938355357   0.136807621985  -0.219783830449 -0.0599308112768 0.00201179411692 11
149.377295 1 -24.7644494966  17.8203066757 -20.2202498214  2.33211183678  2.33346549439 -0.83098614312   0.136812620569  -0.219780743341 -0.0599274833062 0.00201180567196 11
149.429377 1 -24.7663050306  17.8261458738 -20.2206497356   2.33171966579   2.33455961217 -0.831046614131   0.136806218032  -0.219776848287 -0.0599238376318 0.00201181521812 11
149.481473 1 -24.7686260857  17.8324732261 -20.2210908232    2.3312476008   2.33578484963 -0.831113023223   0.136800881665  -0.219772669776 -0.0599194323269 0.00201182519092 11
149.533541 1 -24.7713341317  17.8381291852 -20.2221843126   2.33067112085   2.33694311081 -0.831251827215   0.136751490457   -0.21976224154 -0.0599179220789 0.00201183256066 11
149.585618 1 -24.7739402491  17.8435386178 -20.2234339921   2.33011965474   2.33806314569 -0.831407576623  0.136690021201 -0.219750485885 -0.059916608992 0.00201183909089 11
149.637706 1  -24.775937258  17.8495689753 -20.2243546426   2.32966832592   2.33920640132 -0.831526932909   0.136651140494  -0.219741878207 -0.0599136963332 0.00201184853559 11
149.689788 1 -24.7786100078  17.8549415022 -20.2252935422   2.32905062599   2.34025921234 -0.831648537977    0.13660980627  -0.219731792696 -0.0599152664804 0.00201185628146 11
149.74187 1  -24.780980935  17.8609204095 -20.2264361509   2.32850357832   2.34140849749 -0.831793708839  0.136555569421 -0.219720540105 -0.059914587587 0.00201186507952 11
149.793952 1 -24.7828250767  17.8662439747 -20.2273117734    2.3280502111   2.34240538418 -0.831906225162   0.136519489601  -0.219711789226 -0.0599138104793 0.00201187375788 11
149.846035 1 -24.7853499929   17.872375808 -20.2279670224   2.32744460945    2.3435333491 -0.831997857239  0.136497511075 -0.219704009703 -0.059914913225 0.00201188407348 11
149.898116 1 -24.7875896046  17.8779544627 -20.2280582193   2.3270141454  2.34463111034 -0.83202314221   0.136513828922   -0.21970278705 -0.0599108765794 0.00201189288993 11
149.950199 1 -24.7902492889  17.8838449517 -20.2285749273   2.32642695183   2.34576732497 -0.832098267946   0.136502537403  -0.219696605888 -0.0599106940969 0.00201190215953 11
150.002281 1  -24.792170213  17.8901082336 -20.2292879794  2.32599957382  2.34693310735 -0.83219491696   0.136477303247  -0.219689659342 -0.0599074639179 0.0020119124011 11
150.054363 1 -24.7942254105  17.8950904035 -20.2303874007   2.32557269846   2.34795250965 -0.832331892677   0.136424589256  -0.219679316927 -0.0599054950342 0.00201191854371 11
150.106445 1 -24.7961759608  17.9009628761  -20.231418277   2.32509121129   2.34904085568 -0.832463799407   0.136378005735  -0.219668640198 -0.0599056728663 0.00201192775553 11
150.158527 1 -24.7989205507  17.9066981706 -20.2317105056   2.32447065437   2.35014122685 -0.832513223346  0.136384018811 -0.219664122228 -0.059906317867 0.00201193745073 11
150.21061 1 -24.8006012795  17.9121020043 -20.2323278957   2.32408748677   2.35114867727 -0.832596847423    0.13636369305  -0.219657753588 -0.0599044477407 0.00201194623265 11
150.262692 1 -24.8028752486  17.9179600475 -20.2334120119   2.32354093009   2.35225385844 -0.832735227993   0.136313673317   -0.21964634348 -0.0599052163225 0.00201195520272 11
150.314774 1 -24.8047866999  17.9241225269 -20.2335828538   2.32313293988   2.35339330454 -0.832770378557   0.136326480054   -0.21964423808 -0.0599012594467 0.00201196618456 11
150.366856 1 -24.8071161001  17.9295835466 -20.2341071846   2.32259702955   2.35442604862 -0.832844777494   0.136313955293  -0.219637956896 -0.0599013534504 0.00201197531408 11
150.418939 1 -24.8091318599  17.9356534713 -20.2343574732   2.32213816654   2.35553056128 -0.832889538559    0.13631978238  -0.219634303109 -0.0599000988603 0.00201198602825 11
150.471021 1 -24.8108459494  17.9408677158 -20.2351143207   2.32175705552   2.35654932112 -0.832987640365   0.136294588081  -0.219626671242 -0.0598982903275 0.00201199378704 11
150.523103 1 -24.8130266105  17.9461632647 -20.2360675697   2.32129060295   2.35760691334 -0.833109098145  0.136253532449 -0.219617179362 -0.059896702913 0.00201200115992 11
150.575185 1 -24.8144962528  17.9523003768 -20.2362259451  2.32090118268   2.3586555087 -0.83314293875   0.136266268004  -0.219614193977 -0.0598959192084 0.00201201321905 11
150.627268 1 -24.8160309287  17.9580233886 -20.2367889335   2.32053251664   2.35969363066 -0.833220855671    0.13625157444  -0.219608135385 -0.0598939545458 0.0020120231815 11
150.67935 1 -24.8174804549  17.9636850606 -20.2376103059   2.32014540878   2.36071313366 -0.833327399313   0.136221530192  -0.219599406242 -0.0598933487935 0.00201203302825 11
150.731432 1 -24.8199984087  17.9691117744  -20.238098456   2.31954756261   2.36174203769 -0.833397813344   0.136214321558  -0.219592767352 -0.0598953037832 0.0020120423028 11
150.783514 1 -24.8221699547   17.974975405 -20.2389001395   2.31904620174   2.36285453018 -0.833503792039   0.136185628747  -0.219583987921 -0.0598948692917 0.00201205165415 11
150.835596 1 -24.8244745426  17.9802614351 -20.2392756378   2.31853436246   2.36387408177 -0.833560912992   0.136184396623  -0.219578747251 -0.0598955378599 0.00201206011069 11
150.887679 1  -24.827003249  17.9856002831 -20.2397151593   2.31801571408   2.36493377861 -0.833625799278   0.136176332062  -0.219573325201 -0.0598947939387 0.00201206803058 11
150.939761 1 -24.8286618699  17.9909124503 -20.2407313927   2.31761227067   2.36594732584 -0.833753211747   0.136134318078  -0.219563010162 -0.0598936927071 0.00201207636187 11
150.991843 1 -24.8308688652  17.9966217823 -20.2413084144 2.31714770148 2.36704584035 -0.8338340772    0.13611731659  -0.219556321476 -0.0598927213643 0.0020120849766 11
151.043921 1 -24.8333070139   18.001610994 -20.2419831606   2.31663646917   2.36806143896 -0.833923900183   0.136095594664  -0.219548815768 -0.0598922255508 0.00201209203484 11
151.096007 1 -24.8362593211  18.0069434788  -20.242497601   2.31600431556   2.36914405184 -0.833997461544   0.136086805898   -0.21954202849 -0.0598935100356 0.00201209992113 11
151.14809 1 -24.8382623069  18.0130026029  -20.243409452   2.31554936521   2.37028273946 -0.834116264564   0.136049244756  -0.219532260316 -0.0598924574706 0.00201210938673 11
151.200172 1 -24.8402972692  18.0180402149 -20.2438876426   2.31509062034   2.37124864363 -0.834183830528   0.136040521312  -0.219526207169 -0.0598928538954 0.00201211749456 11
151.252254 1 -24.8425321302  18.0232572101 -20.2445589272   2.31461729687   2.37228422283 -0.834273654732    0.13601904391  -0.219518621906 -0.0598923018607 0.00201212508376 11
151.304336 1 -24.8448898141  18.0283682346 -20.2449278248   2.31410440938   2.37329007802 -0.834329541596   0.136019196542  -0.219513256031 -0.0598933703551 0.00201213298624 11
151.356419 1 -24.8471999202  18.0335468836 -20.2455386595    2.3136612224   2.37436803084 -0.834412050448    0.13600364429  -0.219506638139 -0.0598912974606 0.00201213971898 11
151.408501 1 -24.8490897878  18.0383913722 -20.2460089222   2.31321721725   2.37529003618 -0.834477843588   0.135996759567  -0.219500530627 -0.0598921946748 0.00201214779509 11
151.460583 1 -24.8506144756  18.0437471178 -20.2469378287   2.31283379664   2.37628014014 -0.834595960779  0.135958638763 -0.219490417085 -0.059892174946 0.00201215644843 11
151.512661 1 -24.8525174396  18.0493244144 -20.2476095942   2.31238452384   2.37732898224 -0.834686226429   0.135939791231  -0.219482324593 -0.0598927396361 0.00201216548642 11
151.564748 1  -24.854349635  18.0543038407 -20.2483620825  2.31195826981  2.37828637638 -0.83478386339   0.135913909146  -0.219473795797 -0.0598929291196 0.00201217330918 11
151.61683 1 -24.8558248072  18.0596497647 -20.2488274764   2.31161570004   2.37926022181 -0.834849821167   0.135905243073  -0.219468370133 -0.0598912091947 0.0020121827167 11
151.668912 1  -24.857867592  18.0644942579 -20.2494302297   2.31117615938   2.38021994933 -0.834930834606   0.135888213174  -0.219461109492 -0.0598915758168 0.00201218976578 11
151.720995 1 -24.8591270188  18.0697409943 -20.2498576075   2.31089083168   2.38117973538 -0.834991884836    0.13588237389  -0.219456145306 -0.0598894874572 0.00201219872455 11
151.773077 1 -24.8611468245   18.075133721 -20.2506405545   2.31043529956   2.38221211945 -0.835094681918    0.13585343825  -0.219446959703 -0.0598901108126 0.00201220690717 11
151.82516 1 -24.8631618677  18.0801359042  -20.251677862  2.30993559158  2.38316340066 -0.83522514921   0.135807717676  -0.219434936866 -0.0598927880255 0.00201221460739 11
151.877241 1 -24.8644957119  18.0856359269 -20.2524821021   2.30952593408   2.38411137494 -0.835329423957   0.135780214202  -0.219425150007 -0.0598948979604 0.00201222509703 11
151.929324 1 -24.8658349514  18.0903532426  -20.253695405   2.30918398694    2.3850103359 -0.835477362808   0.135722776078  -0.219412452538 -0.0598948259809 0.00201223210042 11
151.981404 1 -24.8677930594  18.0949147334 -20.2543338953   2.30875326108   2.38591163706 -0.835561712355  0.135702423113 -0.219404650083 -0.059895888669 0.00201223875262 11
152.033488 1 -24.8695396882  18.0999421272 -20.2551032694   2.30835208157   2.38687238131 -0.835661414283   0.135674691537  -0.219395769659 -0.0598960934982 0.00201224655089 11
152.085571 1 -24.8708561189  18.1050512461 -20.2554753061   2.30801150224   2.38777833338 -0.835716355748    0.13567330285  -0.219390378905 -0.0598969120282 0.00201225584911 11
152.137653 1 -24.8728021481  18.1095646467 -20.2565347568   2.30761614574   2.38872408272 -0.835847294421   0.135625590083  -0.219379231827 -0.0598960028575 0.00201226119699 11
152.189735 1 -24.8741712698  18.1146317239 -20.2571386534   2.30729294114   2.38966687894 -0.835927691675   0.135610002425  -0.219372176047 -0.0598951716172 0.00201226963251 11
152.241817 1  -24.875605259  18.1190706858 -20.2577736198   2.30691020951   2.39047980652 -0.836010487471   0.135591441954  -0.219364077524 -0.0598974449108 0.00201227738511 11
152.293899 1 -24.8773932002  18.1241555776    -20.2589093   2.30649060513   2.39145746641 -0.836151983128   0.135537939429  -0.219351218298 -0.0598989809909 0.00201228447325 11
152.345982 1 -24.8789670775  18.1288547882 -20.2594394101   2.30614521285   2.39236474691 -0.836223433756   0.135526810873  -0.219344846112 -0.0598983196806 0.00201229191266 11
152.398064 1 -24.8802692337  18.1340742688 -20.2596491567   2.30582729545   2.39327817074 -0.836260662318   0.135534046718   -0.21934114407 -0.0598982230537 0.00201230167735 11
152.450147 1 -24.8816767906  18.1386252476  -20.260601103   2.30548310174   2.39414902384 -0.836379055929   0.135494178978  -0.219330465256 -0.0598987955491 0.00201230854372 11
152.502229 1 -24.8831296321  18.1428498114 -20.2615975071   2.30512986674   2.39497367626 -0.836501577042    0.13545105572  -0.219319434546 -0.0598994532044 0.00201231478461 11
152.554311 1 -24.8847336281  18.1475560224 -20.2622986894 2.30476872141 2.39587774897 -0.8365924745   0.135427535542   -0.21931127167 -0.0598991740757 0.00201232218161 11
152.606393 1 -24.8864087025  18.1525034144 -20.2628485715   2.30433840113    2.3967773595 -0.836667588865   0.135415475189  -0.219303414067 -0.0599022616175 0.00201233084273 11
152.658476 1  -24.887610034  18.1571155614 -20.2634761452   2.30404067586   2.39763245616 -0.836749479142  0.135397436807  -0.21929576952 -0.059902627751 0.00201233841849 11
152.710558 1 -24.8889826995  18.1615349242 -20.2641209176   2.3037142131  2.39846060669 -0.83683312172   0.135376372458  -0.219288142098 -0.0599025796514 0.00201234579317 11
152.762641 1 -24.8908131031  18.1657149328 -20.2648259737 2.30337877059 2.39935579429 -0.8369231272   0.135352161524  -0.219280456783 -0.0599007157614 0.00201235067964 11
152.814722 1 -24.8920218959  18.1702689407 -20.2653316867   2.30308699367   2.40020219663 -0.836990979784   0.135342858924  -0.219274133421 -0.0599005034847 0.00201235844146 11
152.866805 1  -24.893347461  18.1751067951 -20.2656191433   2.30274240606   2.40105696232 -0.837035834854   0.135347243513  -0.219269142675 -0.0599023643729 0.00201236746891 11
152.918887 1 -24.8948285379  18.1791769865 -20.2662664823   2.30239397432   2.40184814349 -0.837118953225   0.135327446146  -0.219261108582 -0.0599036581835 0.00201237377865 11
152.97097 1 -24.8966732065  18.1836193561 -20.2671302442   2.30196637487   2.40273603247 -0.837227664394    0.13529609792  -0.219250523428 -0.0599059323059 0.00201238011601 11
153.023052 1 -24.8976930964   18.188912412 -20.2677625137   2.30170896284   2.40367364709 -0.837312281053  0.135275510145  -0.21924244104 -0.059906314259 0.00201238884143 11
153.075134 1 -24.8992278445  18.1935449611 -20.2687361201   2.3013223906  2.40456262221 -0.83743332238   0.135237294118  -0.219230789432 -0.0599084003212 0.00201239594124 11
153.127216 1 -24.9010760131  18.1976846405 -20.2696616986   2.30093882545   2.40542592053 -0.837548545257   0.135197900377  -0.219219986131 -0.0599093955784 0.00201240082843 11
153.179299 1 -24.9029275219  18.2026967026 -20.2701414229   2.30053354099   2.40638512098 -0.837615817541   0.135190848916  -0.219213280126 -0.0599101751127 0.00201240893248 11
153.231381 1 -24.9042474429  18.2069638157 -20.2709764907   2.30019459682   2.40718914911 -0.837720453478   0.135158876497  -0.219203013176 -0.0599123147241 0.00201241563704 11
153.283463 1 -24.9054238965  18.2117760416 -20.2716405092     2.299906516   2.40808188077 -0.837806584107    0.13514043596  -0.219194936516 -0.0599120872896 0.00201242368687 11
153.335546 1 -24.9065609197  18.2168068615 -20.2723408292   2.29959947593   2.40898311044 -0.837897638393   0.135119172965  -0.219186037593 -0.0599131157179 0.00201243248295 11
153.387628 1 -24.9081308567   18.221912261 -20.2729800293   2.29924767856    2.4099467277 -0.837982688597   0.135101464798  -0.219177783766 -0.0599135916125 0.00201244056206 11
153.439714 1 -24.9092807786  18.2268204295 -20.2739559712  2.29892778628  2.41082701333 -0.83810459979     0.1350600724  -0.219166113441 -0.0599149138258 0.00201244889957 11
153.491792 1 -24.9105159521  18.2320265067 -20.2744584451    2.2986187659   2.41175899529 -0.838174053401   0.135051765811   -0.21915921196 -0.0599153030444 0.0020124582102 11
153.543874 1  -24.911577166  18.2369291294 -20.2747451517   2.29830449554   2.41259237061 -0.838218539819   0.135057632968  -0.219153905124 -0.0599178456798 0.00201246797761 11
153.595957 1 -24.9129914869  18.2417421056 -20.2750150806   2.29798020784   2.41347794095 -0.838261165823  0.135064364003 -0.219149262456 -0.059918578737 0.00201247643936 11
153.648039 1 -24.9142684722  18.2461521871 -20.2759430874   2.29772202986    2.4143548731 -0.838376296547   0.135025086812  -0.219138867087 -0.0599172175026 0.00201248222555 11
153.700121 1 -24.9163323355  18.2505897162 -20.2763344465   2.29727885437   2.41522942497 -0.838432900487   0.135022205946  -0.219132447804 -0.0599199734019 0.0020124890282 11
153.752204 1 -24.9178217479  18.2550351873 -20.2768121831   2.29695198973   2.41608656578 -0.838498022032   0.135014823515  -0.219125699142 -0.0599210894955 0.00201249590511 11
153.804286 1 -24.9189649536   18.259949393 -20.2771945312   2.29663887769   2.41694971458 -0.838553064091   0.135015679144  -0.219119604063 -0.0599228853923 0.00201250525704 11
153.856368 0 -24.7993539086  18.3857591847 -20.3208458683   2.29742913396   2.41498927255 -0.838044284054   0.135015679144  -0.219119604063 -0.0599228853923 0.00201250525704 11
153.90845 1 -24.8013971564  18.3903273675 -20.3210925529   2.29700073977   2.41585016376 -0.838086892065   0.135003438101  -0.219111650165 -0.0599326148044 0.00201251100797 11
153.960533 1 -24.8033283889   18.394989211 -20.3209622664   2.29658848812   2.41666804006 -0.838090459906    0.13500707846  -0.219105581029 -0.0599477538113 0.00201251712341 11
154.012616 1  -24.804758019  18.3995139449 -20.3215366981   2.29623664847   2.41747365574 -0.838166134727   0.134982154642  -0.219096247031 -0.0599522368021 0.0020125244201 11
154.064698 1 -24.8068912148  18.4041440714 -20.3221512369   2.29578063437   2.41837279152 -0.838247462745   0.134952446589  -0.219086186034 -0.0599571711567 0.00201253043758 11
154.11678 1 -24.808870284 18.4082733037 -20.322745565   2.29537221094   2.41920338268 -0.838324993414   0.134925099715  -0.219076791747 -0.0599613239078 0.00201253533018 11
154.168862 1 -24.8103882267  18.4136009133 -20.3228549039   2.29501846762   2.42008472527 -0.838355434192   0.134918868827  -0.219069039514 -0.0599735179832 0.00201254382752 11
154.220945 1  -24.812418304  18.4185996428 -20.3230581566    2.2946127475   2.42101003478 -0.838395454407   0.134908235458  -0.219060809828 -0.0599844148615 0.00201255014176 11
154.273027 1 -24.8144414281  18.4231169328 -20.3237402334   2.29413977959   2.42185829312 -0.838482854488  0.134875116648 -0.219050396745 -0.059988562986 0.00201255681675 11
154.32511 1 -24.8161332132  18.4276687805 -20.3243133192   2.29371762534   2.42266983086 -0.838558517867   0.134848684452  -0.219040595822 -0.0599941912208 0.00201256411721 11
154.377196 1 -24.8178775963  18.4323940682 -20.3249851578   2.29331220148   2.42353400472 -0.838645594128    0.13481732128  -0.219030196123 -0.0599981650375 0.00201257136732 11
154.429274 1 -24.8194131648  18.4371711824 -20.3250900896   2.29295879394   2.42434828674 -0.838673355205   0.134813121762   -0.21902294972 -0.0600096182217 0.00201257880977 11
154.481357 1 -24.8209503159  18.4419438256 -20.3256414276 2.29260556653 2.42521126504 -0.8387476853   0.134790204959   -0.21901325669 -0.0600149045288 0.00201258624353 11
154.533439 1 -24.8232891093  18.4463718448  -20.326085714   2.29210798816   2.42607066484 -0.838810674707   0.134766522352  -0.219003984274 -0.0600223926654 0.00201259178747 11
154.585521 1 -24.8250991207  18.4509805689 -20.3263393577   2.29171784358   2.42691304241 -0.838853968745   0.134755420408  -0.218995678476 -0.0600325295569 0.00201259801611 11
154.637604 1 -24.8261970381  18.4550710948 -20.3269954096   2.29141020666   2.42763269616 -0.838935854228   0.134730281245  -0.218986114585 -0.0600354590698 0.00201260526455 11
154.689686 1 -24.8277879771  18.4597797389 -20.3272331601   2.29108287124    2.4284845236 -0.838977648385   0.134721556661  -0.218978226768 -0.0600445223817 0.00201261200424 11
154.741768 1 -24.8296917825  18.4647113796 -20.3270301785   2.29069042449   2.42934101126 -0.838974554131   0.134729956157  -0.218972158644 -0.0600611402384 0.00201261867775 11
154.79385 1 -24.8313548984  18.4693448502 -20.3271357606  2.29032979586  2.43015810892 -0.83900240973   0.134725705056  -0.218964668715 -0.0600731856862 0.0020126251751 11
154.845928 1 -24.8331285124  18.4737090491 -20.3275786068   2.28995693748   2.43098833042 -0.839064524383   0.134707174534  -0.218955663975 -0.0600797689127 0.00201263105509 11
154.898016 1 -24.8349310492  18.4783662642  -20.328083951   2.28954868751   2.43184414036 -0.839133949221   0.134684949651  -0.218945814992 -0.0600866483657 0.00201263790222 11
154.950097 1 -24.8360945116  18.4827880334 -20.3283748824   2.28927031573   2.43259349365 -0.839179669594  0.134674009098 -0.218938055456 -0.060094244879 0.00201264528708 11
155.00218 1 -24.8375999441  18.4870276518  -20.329269056   2.28891461594   2.43341252866 -0.839287845608   0.134637631891  -0.218926480936 -0.0600949910199 0.00201265166245 11
155.054262 1 -24.8390563485  18.4917647464 -20.3294674164    2.2886013231   2.43424114982 -0.839325545046   0.134630723753  -0.218918583829 -0.0601050835304 0.0020126587577 11
155.106344 1  -24.840296849  18.4958730045 -20.3301528887   2.28827192977   2.43497018018 -0.839411131689  0.134602326585 -0.218908419386 -0.060108316106 0.00201266570466 11
155.158427 1 -24.8420757621  18.5005167157 -20.3306318844   2.28785222678   2.43580683002 -0.839477511171   0.134581365222  -0.218898532485 -0.0601160027756 0.00201267284169 11
155.21051 1  -24.843027314   18.504962646 -20.3310818073   2.28759880384   2.43653986531 -0.839539996876   0.134562822979  -0.218889655179 -0.0601219336597 0.00201268060814 11
155.262591 1 -24.8451020909  18.5103371506 -20.3309783372   2.28719870542   2.43749691019 -0.839549568765   0.134566617423  -0.218882216533 -0.0601385099048 0.00201268743644 11
155.314674 1 -24.8464940193  18.5147177039 -20.3309388502   2.28689053406   2.43822981169 -0.839561302992   0.134568520972  -0.218875920503 -0.0601516346765 0.00201269400549 11
155.366756 1 -24.8483895971  18.5192953747 -20.3314664284  2.28647811691  2.43909411241 -0.83963314822   0.134545706275  -0.218865590165 -0.0601588203879 0.00201270022887 11
155.418839 1 -24.8500401598  18.5234656675 -20.3319867419   2.28612446913   2.43988218352 -0.839702715275   0.134523457471  -0.218856130214 -0.0601641909978 0.00201270604235 11
155.47092 1 -24.8514913522    18.52730133 -20.3330365892  2.28576446959  2.44063984561 -0.83982568071   0.134479968115  -0.218843676997 -0.0601628346213 0.00201271187622 11
155.523003 1 -24.8527804246  18.5311168973 -20.3337559368   2.28545034036   2.44134921342 -0.839914113521   0.134450358267  -0.218833506623 -0.0601648599443 0.0020127179158 11
155.575086 1 -24.8537741685   18.534903974 -20.3343422232   2.28521271554   2.44203896316 -0.839988364171   0.134429305018  -0.218824430742 -0.0601676888877 0.00201272401978 11
155.627168 1 -24.8551257014  18.5388677934 -20.3349994752  2.28487557759  2.44276139883 -0.84007095805   0.134401984116   -0.21881408501 -0.0601718930893 0.00201273016878 11
155.67925 1 -24.8573079499  18.5433483222 -20.3350265404  2.28442667811  2.44359317544 -0.84009082021   0.134399479083  -0.218806308904 -0.0601868199115 0.00201273539235 11
155.731333 1 -24.8585973621  18.5479056595 -20.3353938055   2.28409246321   2.44435257771 -0.840145068517   0.134384269384  -0.218797063088 -0.0601958548947 0.00201274307516 11
155.783415 1 -24.8605838316  18.5525210455 -20.3354870366   2.28368330819   2.44519072451 -0.840172171174   0.134379249203  -0.218789021885 -0.0602092317557 0.00201274899947 11
155.835497 1 -24.8618941171  18.5566759925 -20.3359811138   2.28336522936   2.44592922781 -0.840238196284   0.134360266988   -0.21877957931 -0.0602152838798 0.00201275569077 11
155.88758 1 -24.8625863439   18.560602469 -20.3367877389   2.28309548509   2.44656718018 -0.840334709841   0.134329040514  -0.218768675614 -0.0602167800801 0.00201276383967 11
155.939662 1 -24.8635586697  18.5652086507 -20.3370265814   2.28279379894   2.44726848687 -0.840375081468   0.134319640066  -0.218760274433 -0.0602273781582 0.00201277266925 11
155.991744 1 -24.8643750918  18.5694929638  -20.337297984   2.28255346716   2.44795016491 -0.840417822154    0.13431185031  -0.218752159685 -0.0602363871749 0.00201278045187 11
156.043827 1 -24.8656031885  18.5738247658 -20.3372528897    2.2822686941   2.44865250026 -0.840428563105   0.134314921347  -0.218745806094 -0.0602497388559 0.0020127873967 11
156.095909 1 -24.8671139527  18.5772120976 -20.3377079063   2.28195770873   2.44933409262 -0.840488349243  0.134298797756 -0.218737313625 -0.060254863779 0.00201279158646 11
156.147992 1 -24.8683491401  18.5807156345 -20.3379475986    2.2817001736   2.44997648423 -0.840525893945   0.13429140104 -0.218730421408 -0.060261876522 0.00201279666316 11
156.200074 1 -24.8697101161  18.5848461253 -20.3382445957  2.28138785599   2.4507028674 -0.84057152314   0.134280870146  -0.218722028805 -0.0602706612705 0.00201280305241 11
156.252156 1  -24.871072242  18.5891401823 -20.3382090408   2.28104398863   2.45139633781 -0.840582668279   0.134284113886  -0.218715153347 -0.0602855015157 0.00201281010115 11
156.304242 1 -24.8721573962  18.5931938856 -20.3388642778    2.2807380523   2.45209605381 -0.840664787338   0.134258825853  -0.218704459213 -0.0602901340018 0.00201281720848 11
156.356321 1 -24.8731337176  18.5971202907 -20.3391565127   2.28050655632   2.45276373165 -0.840708999049   0.134249709666  -0.218696697978 -0.0602974236122 0.00201282372999 11
156.408404 1 -24.8741240305  18.6009798478 -20.3399713951   2.28023419494   2.45346042113 -0.840806982664   0.134219300843  -0.218685448113 -0.0602986932579 0.0020128304937 11
156.460486 1 -24.8751220699  18.6046872372 -20.3401585063   2.27999793354   2.45410249262 -0.840839304249   0.134216828777  -0.218678253505 -0.0603079992788 0.00201283627066 11
156.512568 1 -24.8762486132  18.6087252923 -20.3402669882   2.27971551719   2.45477983597 -0.840864315684   0.134217499512  -0.218670919293 -0.0603198226714 0.00201284287012 11
156.564651 1 -24.8773331487  18.6128053616  -20.340443267   2.27948973389   2.45548972307 -0.840897428005  0.134214337533 -0.218663487966 -0.060329224525 0.00201284897399 11
156.616733 1 -24.8784935485  18.6169096825 -20.3409907245   2.27921955015   2.45623199647 -0.840968974331    0.13419564656  -0.218653439679 -0.0603345691291 0.00201285540899 11
156.668815 1 -24.8791285441  18.6213074213 -20.3413940859   2.27899828845   2.45690401292 -0.841025547533   0.134181894743  -0.218644409317 -0.0603414983055 0.00201286430439 11
156.720898 1  -24.879810349  18.6251377336 -20.3419958137   2.27876336339   2.45752135856 -0.841100926368   0.134159570237  -0.218634512666 -0.0603455399489 0.00201287183203 11
156.772976 1 -24.8813732236  18.6290646783 -20.3422481326  2.27844993036  2.45824802573 -0.84114214644   0.134149685999  -0.218626279002 -0.0603548651637 0.00201287690681 11
156.825063 1  -24.882468495  18.6328463969 -20.3427823445   2.27818129105   2.45892235362 -0.841211243516   0.134130183465  -0.218616519473 -0.0603602255965 0.00201288290298 11
156.877145 1 -24.8844373055  18.6382146111 -20.3417744011   2.27783437159   2.45979411825 -0.841126631996   0.134175533047  -0.218614178642 -0.0603901319663 0.002012889518 11
156.929228 1 -24.8847795207  18.6406624216 -20.3435016244   2.27765142146   2.46031069587 -0.841313995347   0.134108223376  -0.218598885416 -0.0603758170293 0.00201289486974 11
156.98131 1 -24.8857300614  18.6442014494 -20.3438970416   2.27746220615   2.46097208782 -0.841367643859   0.134098600497  -0.218590873932 -0.0603803886736 0.0020129001778 11
157.033392 1 -24.8870544987  18.6476953196  -20.344434538  2.27722506331  2.46168714603 -0.84143679475  0.134081402727 -0.218581650407  -0.06038366196 0.00201290434832 11
157.085474 0 -24.7684256888  18.7758561114 -20.3882545226   2.27810361366   2.45976423614 -0.841093146521  0.134081402727 -0.218581650407  -0.06038366196 0.00201290434832 11
157.137557 0 -24.6497520631  18.9039066107 -20.4320537496   2.27909145645    2.4574325346 -0.840827312484  0.134081402727 -0.218581650407  -0.06038366196 0.00201290434832 11
157.18964 0 -24.5310200734  19.0318441441 -20.4758378403   2.28030646606   2.45532846805 -0.840604685111  0.134081402727 -0.218581650407  -0.06038366196 0.00201290434832 11
157.241718 1 -24.5319149738  19.0352887655 -20.4766388785   2.28008362479    2.4559222887 -0.840703992338  0.134039700457 -0.218570093347 -0.060386226662 0.00201291027183 11
157.293804 1 -24.5340318357  19.0400365082 -20.4759918381    2.2796930669   2.45673951629 -0.840658154988  0.134058406039  -0.21856483444 -0.060414061108 0.00201291505868 11
157.345886 1 -24.5366434966  19.0447425199 -20.4755940452   2.27919272001   2.45760013898 -0.840639035127   0.134062881187  -0.218557345419 -0.0604405493485 0.00201291904986 11
157.397969 1 -24.5380754595  19.0479408999 -20.4761573944   2.27886944558    2.4582205173 -0.840712331431   0.134034708092  -0.218546741641 -0.0604482393751 0.00201292315161 11
157.450051 1  -24.540229041  19.0521421043 -20.4759351049   2.27841921119   2.45897468331 -0.840708049026   0.134035594779  -0.218539293495 -0.0604701773918 0.00201292773358 11
157.502134 1 -24.5421357995  19.0564227274 -20.4756214355   2.27804954789   2.45971116876 -0.840695333431    0.13403855024  -0.218532583003 -0.0604924521764 0.00201293224681 11
157.554215 1 -24.5434890808  19.0603353167 -20.4756783007    2.2777681345   2.46040300145 -0.840718318529  0.134033878198 -0.218524373027 -0.060507965491 0.00201293742541 11
157.606298 1 -24.5448994544  19.0642837169 -20.4757734102   2.27746263463   2.46110537717 -0.840745580073  0.134027545846 -0.218515433153 -0.060524410753 0.0020129423866 11
157.658381 1 -24.5469509981  19.0687762046 -20.4754958265   2.27705156454   2.46189366676 -0.840737019915   0.134030922324  -0.218507938002 -0.0605475475071 0.0020129473832 11
157.710458 1  -24.548360154  19.0730091258 -20.4752746551  2.27672005482  2.46256857304 -0.84073220405   0.134033696499  -0.218500831924 -0.0605685995303 0.00201295335558 11
157.762545 1 -24.5498513476  19.0770297708 -20.4755354572   2.27638168939    2.4632882648 -0.840776997912   0.134019410892  -0.218490586576 -0.0605833788882 0.00201295877852 11
157.814627 1 -24.5512118226  19.0812797252 -20.4753969886   2.27609247435   2.46399449395 -0.840781198558   0.134020776892  -0.218482965924 -0.0606028720343 0.00201296447361 11
157.86671 1 -24.5529542871  19.0855252843 -20.4748189789   2.27572859656   2.46468138367 -0.840739736048   0.134037081112  -0.218478027014 -0.0606289132917 0.00201296946439 11
157.918792 1 -24.5545626163  19.0897770866 -20.4746809797   2.27536008108   2.46539822899 -0.840743777118   0.134038023977  -0.218469840981 -0.0606503158798 0.00201297498921 11
157.970875 1 -24.5560035008  19.0937089332   -20.47457875  2.27502932698  2.46605821942 -0.84075021201   0.134037787596  -0.218462119541 -0.0606696875686 0.00201298015662 11
158.022964 1 -24.5569927235  19.0985427673 -20.4747054578   2.27482556939   2.46687431598 -0.840783862812   0.134034956359  -0.218451966236 -0.0606866338108 0.00201298748527 11
158.07504 0 -24.4386885845  19.2266874074 -20.5185003398   2.27385340933    2.4617674344 -0.840962524037   0.134034956359  -0.218451966236 -0.0606866338108 0.00201298748527 11
158.127122 1   -24.44155869  19.2222755718 -20.5172780301   2.27214227646   2.46041459254 -0.840809872107   0.134001498778  -0.218463676714 -0.0607111877125 0.00201298321077 11
158.179204 0 -24.3233629426  19.3502975462 -20.5609566244   2.27157740143   2.45641371918 -0.840835631638   0.134001498778  -0.218463676714 -0.0607111877125 0.00201298321077 11
158.231287 0 -24.2049842564  19.4781309449 -20.6048280492   2.27251872566   2.45153579472 -0.841143382957   0.134001498778  -0.218463676714 -0.0607111877125 0.00201298321077 11
158.283369 1 -24.2038171734  19.4775579707  -20.610995601   2.27262603373   2.45189202193 -0.841789663842   0.133752874932  -0.218422202253 -0.0606328004543 0.00201298973815 11
158.335452 1 -24.2058814934  19.4824775018 -20.6076696184   2.27208834711   2.45223380707 -0.841463547004   0.133846961539  -0.218437028829 -0.0606903535025 0.00201299658188 11
158.387534 1 -24.2169952175  19.4920900985 -20.6005368714   2.27021634056   2.45395832231 -0.840772595503   0.134063116985  -0.218461385128 -0.0608324380182 0.00201298839519 11
158.439617 1 -24.2131235978   19.487544311 -20.6117293515   2.27055800871   2.45390409711 -0.841928676003   0.133624990697  -0.218388495985 -0.0606898422196 0.00201299286314 11
158.491699 0 -24.0948002275  19.6152760203  -20.655621493    2.2746107293   2.45212204298 -0.844317974597   0.133624990697  -0.218388495985 -0.0606898422196 0.00201299286314 11
158.543782 1  -24.093884647  19.6174900679 -20.6593109887   2.27429452139   2.45246929177 -0.844719796366   0.133457475374    -0.2183515218 -0.0606773924312 0.00201299809345 11
158.595864 0 -23.9753971235  19.7451006627 -20.7033188236   2.27629625928   2.44755370754 -0.846298211837   0.133457475374    -0.2183515218 -0.0606773924312 0.00201299809345 11
158.647946 1 -23.9822849085   19.752338077 -20.7005340776   2.27507125361   2.44908137582 -0.846043717463   0.133536745826  -0.218353329007 -0.0607487057593 0.0020129964871 11
158.700029 1 -23.9821919579  19.7542563736 -20.7038046719   2.27504524103   2.44974867855 -0.846397740608   0.133414431152  -0.218324252576 -0.0607235015013 0.00201300187242 11
158.752111 0 -23.8636671248  19.8817323659 -20.7478781272   2.27657928069   2.44618845869 -0.845994220139   0.133414431152  -0.218324252576 -0.0607235015013 0.00201300187242 11
158.804194 1 -23.8720230822  19.8886173969 -20.7411216728   2.27475487483   2.44719404722 -0.845310748816   0.133638949234   -0.21835811579 -0.0608341152248 0.00201300090398 11
158.856276 1 -23.8710574032  19.8881348416 -20.7461619057   2.27485031899    2.4475860135 -0.845843182109   0.133446424373  -0.218319563688 -0.0607834274369 0.00201300408686 11
158.908358 0 -23.7524411188  20.0155317149 -20.7903083372   2.27933171415   2.44495681811 -0.848957080119   0.133446424373  -0.218319563688 -0.0607834274369 0.00201300408686 11
158.960441 0 -23.6337572521  20.1427553378 -20.8344348174   2.27756701945   2.44023877633 -0.845369942094   0.133446424373  -0.218319563688 -0.0607834274369 0.00201300408686 11
159.012523 0 -23.5151063519  20.2698228252 -20.8784424918   2.28066860689   2.43879647633 -0.846218823328   0.133446424373  -0.218319563688 -0.0607834274369 0.00201300408686 11
159.064605 1 -23.5183912727  20.2741429629 -20.8780457744   2.28000450845   2.43993322382 -0.846193862143   0.133461994183  -0.218313433659 -0.0608063681909 0.00201300775337 11
159.116688 1 -23.5191591181  20.2764921949 -20.8797031364   2.27981837535    2.4406437457 -0.846377094524   0.133399943562  -0.218298134282 -0.0607932405142 0.00201301463519 11
159.168774 1 -23.5217333119   20.279989855 -20.8795099529   2.27915051749   2.44139097711 -0.846372005995  0.133391215011 -0.218292037282 -0.060811921114 0.00201301898403 11
159.220853 1 -23.5265255824  20.2865133518 -20.8744155808  2.27817690449   2.4424562623 -0.84585819786   0.133577191402  -0.218317545761 -0.0608911481361 0.00201302255379 11
159.272935 0 -23.4077526638  20.4135763635 -20.9186157682   2.28240132725   2.43700379504 -0.850690219395   0.133577191402  -0.218317545761 -0.0608911481361 0.00201302255379 11
159.325018 0 -23.2889188171  20.5406011584 -20.9627414152   2.27967252036   2.44126944381 -0.842129526103   0.133577191402  -0.218317545761 -0.0608911481361 0.00201302255379 11
159.3771 0 -23.1702075281  20.6676997745 -21.0065156322   2.28048152541   2.43920847847 -0.840751854963   0.133577191402  -0.218317545761 -0.0608911481361 0.00201302255379 11
159.429183 0 -23.0512567487  20.7947012144 -21.0504523174    2.2861657672   2.44117141756 -0.843156304451   0.133577191402  -0.218317545761 -0.0608911481361 0.00201302255379 11
159.481265 0 -22.9323333713  20.9216430834 -21.0942713224   2.28587751284   2.43498914185 -0.842945201137   0.133577191402  -0.218317545761 -0.0608911481361 0.00201302255379 11
159.533348 1 -22.9344880917  20.9245266588 -21.0938596129   2.28535271941   2.43591255718 -0.842908836612   0.133602559056  -0.218315173078 -0.0609066033413 0.00201302548722 11
159.58543 1  -22.940690124  20.9326032801 -21.0905535322   2.28471731441   2.43829107644 -0.842590453309    0.13372971395  -0.218328321469 -0.0609548864046 0.00201302779727 11
159.637507 1 -22.9442853141  20.9320057759 -21.0883239122   2.28309907486   2.43789864149 -0.842349407733   0.133791438556  -0.218339386864 -0.0610001269599 0.00201302308962 11
159.689595 0 -22.8254053606  21.0589750792 -21.1321080487   2.28307837453   2.43797894955 -0.840209006634   0.133791438556  -0.218339386864 -0.0610001269599 0.00201302308962 11
159.741677 0 -22.7064472514  21.1858992712 -21.1758861022   2.28489278734   2.43609085327 -0.840346757279   0.133791438556  -0.218339386864 -0.0610001269599 0.00201302308962 11
159.79376 1 -22.7087260537  21.1883951172 -21.1734197428   2.28406465673   2.43652905577 -0.840089216827     0.1338853084  -0.218352287526 -0.0610383712535 0.0020130248957 11
159.845842 1 -22.7089510313  21.1918851787 -21.1751772801   2.28390655151   2.43756899759 -0.840288319172   0.133823633526  -0.218333222445 -0.0610328181779 0.0020130320987 11
159.897925 0 -22.5899316783  21.3187937315 -21.2189483625   2.28622722469   2.43631923638 -0.840195603039   0.133823633526  -0.218333222445 -0.0610328181779 0.0020130320987 11
159.950007 0 -22.4707013246   21.445650669 -21.2628032692   2.28916572132   2.43251060256 -0.842196446487   0.133823633526  -0.218333222445 -0.0610328181779 0.0020130320987 11
160.002089 0 -22.3515358393   21.572371807 -21.3065260614   2.28699444505   2.43449897249 -0.836243100804   0.133823633526  -0.218333222445 -0.0610328181779 0.0020130320987 11
160.054172 0  -22.232374144  21.6991780807 -21.3500728505   2.29098291663   2.43457025799 -0.838070469839   0.133823633526  -0.218333222445 -0.0610328181779 0.0020130320987 11
160.106249 1 -22.2413430028  21.7102830384 -21.3402440868  2.28889201306  2.43748496761 -0.83703660042   0.134214600865  -0.218397847582 -0.0611340745305 0.00201303482862 11
160.158337 1 -22.2392342432  21.7105672357 -21.3452818209   2.28907760544   2.43786070658 -0.837581694256   0.134024643844  -0.218355079501 -0.0611018242747 0.00201304180151 11
160.21042 0 -22.1198900456  21.8374162592 -21.3890233908    2.2929031919    2.4323309399 -0.841754972558   0.134024643844  -0.218355079501 -0.0611018242747 0.00201304180151 11
160.262502 0 -22.0005545042  21.9641217572 -21.4326978349   2.29078481239   2.43558255159 -0.835002388566   0.134024643844  -0.218355079501 -0.0611018242747 0.00201304180151 11
160.314584 0 -21.8811557946  22.0909689144 -21.4762328648   2.29640031012    2.4339049335 -0.839343753043   0.134024643844  -0.218355079501 -0.0611018242747 0.00201304180151 11
160.366667 0 -21.7614713609  22.2176470878 -21.5199764004   2.29667685649   2.43098897276 -0.837929598597   0.134024643844  -0.218355079501 -0.0611018242747 0.00201304180151 11
160.418749 0 -21.6418339101   22.344219084 -21.5636002156   2.29787769873   2.42855470494 -0.838177159669   0.134024643844  -0.218355079501 -0.0611018242747 0.00201304180151 11
160.470831 1 -21.6504300673  22.3512739531 -21.5588272444     2.296229519   2.43184871975 -0.837666201897   0.134210758575  -0.218394891906 -0.0611194680562 0.00201304158967 11
160.522914 0  -21.530868103  22.4779502374 -21.6023604439  2.29484702236  2.43362767694 -0.83355043452   0.134210758575  -0.218394891906 -0.0611194680562 0.00201304158967 11
160.574991 0 -21.4113453834  22.6047489528  -21.645707436   2.29563923641   2.43447732874 -0.832439569225   0.134210758575  -0.218394891906 -0.0611194680562 0.00201304158967 11
160.627079 0 -21.2917435158   22.731429306 -21.6891029489   2.29813138484   2.43067593618 -0.833990185241   0.134210758575  -0.218394891906 -0.0611194680562 0.00201304158967 11
160.679162 0 -21.1720010321  22.8579370435 -21.7325683055   2.29993791579   2.42888443887 -0.835038968394   0.134210758575  -0.218394891906 -0.0611194680562 0.00201304158967 11
160.731244 0 -21.0520949898  22.9843916642 -21.7761370148   2.30316136862   2.42716965678 -0.836859109179   0.134210758575  -0.218394891906 -0.0611194680562 0.00201304158967 11
160.783326 0 -20.9321315413  23.1108177239 -21.8196800244   2.30367688355   2.42660112915 -0.835770020749   0.134210758575  -0.218394891906 -0.0611194680562 0.00201304158967 11
160.835409 0 -20.8121306498  23.2371796883 -21.8631694959  2.30303027178  2.42702809311 -0.83311524829   0.134210758575  -0.218394891906 -0.0611194680562 0.00201304158967 11
160.887492 0 -20.6921349754  23.3635021867 -21.9066383381  2.30560128161  2.42347774754 -0.83591775294   0.134210758575  -0.218394891906 -0.0611194680562 0.00201304158967 11
160.939574 1 -20.6984673055  23.3679708716 -21.9000940103   2.30372314428    2.4257139871 -0.835177772327    0.13442408402  -0.218477391769 -0.0610679625655 0.00201303980419 11
160.991656 1 -20.6987346185  23.3694445584 -21.9030965184   2.30368483261   2.42685748082 -0.835516792243   0.134341553581  -0.218437298883 -0.0610935448876 0.00201304352478 11
161.043739 1 -20.6999714627  23.3705489694 -21.9049667733   2.30360101726   2.42799578742 -0.835725652727   0.134290522938  -0.218414811468 -0.0611011000424 0.00201304624355 11
161.095821 1 -20.7056951837  23.3727131461 -21.9017345547   2.30194490868   2.42950112087 -0.835357407188   0.134389743985  -0.218457331472 -0.0610709375514 0.00201304471277 11
161.147904 0 -20.5857705057  23.4993809831 -21.9451851541   2.30339431251   2.43795252434 -0.831167693101   0.134389743985  -0.218457331472 -0.0610709375514 0.00201304471277 11
161.199986 0 -20.4659300024  23.6266925728 -21.9882386587   2.29932087804   2.44947623817 -0.824807647987   0.134389743985  -0.218457331472 -0.0610709375514 0.00201304471277 11
161.252069 0  -20.284548801  23.6140312681 -22.0800171501   2.30475944753    2.4298709625 -0.834686679173   0.134993749204  -0.218486345189 -0.0605283531443 0.0020130678798 11
161.304151 0 -20.1644940252  23.7402867738 -22.1235017866  2.30489575464  2.42151586129 -0.83360231431   0.134993749204  -0.218486345189 -0.0605283531443 0.0020130678798 11
161.356234 0 -20.0445320789  23.8661952958 -22.1669597108   2.30449086934   2.41348233459 -0.837293746049   0.134993749204  -0.218486345189 -0.0605283531443 0.0020130678798 11
161.408316 0 -19.9242223097  23.9916939217 -22.2108468409   2.31288935502   2.40566313087 -0.846742950129   0.134993749204  -0.218486345189 -0.0605283531443 0.0020130678798 11
161.460399 0 -19.8039420496  24.1170333751 -22.2547597615   2.30922558009   2.40960055233 -0.839583247189   0.134993749204  -0.218486345189 -0.0605283531443 0.0020130678798 11
161.512481 0 -19.6835808879  24.2426661268  -22.298486796    2.3123820077   2.41229453566 -0.841106917081   0.134993749204  -0.218486345189 -0.0605283531443 0.0020130678798 11
161.564564 0 -19.5630114255  24.3683069715 -22.3424291077   2.31659459848   2.41178011525 -0.845619285931   0.134993749204  -0.218486345189 -0.0605283531443 0.0020130678798 11
161.616646 0 -19.4424310358  24.4939097807 -22.3863809874   2.31413762603   2.41044060611 -0.842897268225   0.134993749204  -0.218486345189 -0.0605283531443 0.0020130678798 11
161.668728 1  -19.437713166  24.4994867497 -22.3922858108   2.31647709307   2.40726339459 -0.843767089759   0.134750190062  -0.218310437369 -0.0608223266862 0.00201307516095 11
161.720811 1 -19.4385887781  24.5000289808 -22.3893909921   2.31447655388   2.40710646166 -0.843415212482   0.134821558228  -0.218360834437 -0.0607656989773 0.00201307615399 11
161.772893 0 -19.3181335092  24.6254930789 -22.4331702001    2.3127735491   2.40911287174 -0.840709951933   0.134821558228  -0.218360834437 -0.0607656989773 0.00201307615399 11
161.824976 0 -19.1975948382  24.7509038761 -22.4770235242   2.31676486747   2.40733259633 -0.844616621916   0.134821558228  -0.218360834437 -0.0607656989773 0.00201307615399 11
161.877059 0  -19.076843462  24.8763298565 -22.5211443408   2.31763737069   2.40974897051 -0.846670950166   0.134821558228  -0.218360834437 -0.0607656989773 0.00201307615399 11
161.929141 0 -18.9561656441  25.0015299527  -22.565310221   2.31830086109   2.39938917832 -0.849896861135   0.134821558228  -0.218360834437 -0.0607656989773 0.00201307615399 11
161.981224 1 -18.9571318989  25.0013687832 -22.5656708228   2.31834479059   2.40086478888 -0.849900530181   0.134835220276  -0.218371273349 -0.0607343975816 0.00201307682677 11
162.033309 0   -18.83619725  25.1263722392 -22.6101284148   2.32108932923   2.40022526538 -0.852821808751   0.134835220276  -0.218371273349 -0.0607343975816 0.00201307682677 11
162.085389 1 -18.8275574356   25.131923776 -22.6216842201   2.32638880853   2.40176567441 -0.854183528627   0.134792328852  -0.218134228809 -0.0610801850334 0.00201310606436 11
162.137471 0 -18.7061799564   25.256957541 -22.6664338308   2.33211124227   2.40048879276 -0.863591481596   0.134792328852  -0.218134228809 -0.0610801850334 0.00201310606436 11
162.189553 0    -18.5848004  25.3820779123 -22.7113821653   2.33109856602   2.40226745707 -0.865603481393   0.134792328852  -0.218134228809 -0.0610801850334 0.00201310606436 11
162.241636 0 -18.4632792314  25.5071061985 -22.7566525404   2.33087227829   2.39752629817 -0.868366128603   0.134792328852  -0.218134228809 -0.0610801850334 0.00201310606436 11
