# time zupt px py pz vx vy vz bax bay baz dt clones
11.866709711 0 0 0 0 0 0 0 0.00553960834821  -0.173712299523 -0.0504682904353 0.00181335584555 0
12.917647 0   0.00104683863371  0.000415480559717 -0.000436065265963 -0.00430055438071 0.000777742258611  0.00181700547666 0.00553960834821  -0.173712299523 -0.0504682904353 0.00181335584555 1
12.96973 1    0.0077592562426  -0.00198786380653 -0.000529609779629  0.00683012477454 -0.00364687983158  0.00164513974052 0.00548687871757  -0.173598836306 -0.0502715985775 0.00181335584555 1
13.021814 1   0.00523299423194  -0.00131002198316 -0.000467299552646  0.00342680438405 -0.00229047648023   0.0017621409755 0.00550154915165  -0.173683596855 -0.0503738468268 0.00181335584555 1
13.073897 1  0.00189894540101 -0.00177439460931  -0.0009435632049 -0.00179137360613 -0.00302103675446 0.000852981390073  0.0054635018501  -0.172829984847 -0.0502137266369 0.00181335584555 1
13.12598 1  0.00128025714651 -0.00178729486652 -0.00078968994883 -0.00311663673391 -0.00314175039185  0.00114497132293 0.00547364497564  -0.173094990819 -0.0502996700761 0.00181335584555 1
13.178064 1   0.00142701479011  -0.00149303013741 -0.000666192622682  -0.0034614835299 -0.00282356654208  0.00137958940688 0.00549071100889  -0.173314374401 -0.0503478309209 0.00181335584555 1
13.230147 1  0.000653226406556  -0.00159381003873 -0.000339289803959 -0.00517225480997 -0.00291162983007   0.0020006026679 0.00550489251706   -0.17388009095 -0.0505222899202 0.00181335584555 1
13.28223 1 -0.000750647574271  -0.00144659583224 -6.63800623347e-05 -0.00757083139366 -0.00265093986259  0.00251862357665 0.00552309173294  -0.174344883726 -0.0506900935312 0.00181335584555 1
13.334308 1 -0.00148911857103 -0.00136128864822 0.000306986427938 -0.00905344801257  -0.0024665046913  0.00322825787772 0.00554490677286  -0.174990394899 -0.0508903348174 0.00181335584555 1
13.386397 1 -0.00223441065002 -0.00143220301213 0.000710502117399  -0.0104065100934 -0.00252253644467  0.00399539365239 0.00556435962312  -0.175687455797  -0.051108565819 0.00181335584555 1
13.43848 1 -0.00229630180221 -0.00117103368631 0.000651764871153  -0.0104345372292 -0.00210177687908  0.00388362693868 0.00556748280517  -0.175584241559 -0.0510816116966 0.00181335584555 1
13.490563 1 -0.00129633896491 -0.00104074936269 0.000353580109485 -0.00842475710638 -0.00188187186208  0.00331740085251 0.00555398615514  -0.175070599878 -0.0509150153042 0.00181335584555 1
13.542647 1 -0.000293158599891 -0.000893289316863  -1.4145095983e-05 -0.00647568542043  -0.0015819447102  0.00261877079112 0.00553607308694  -0.174436515974 -0.0507120134985 0.00181335584555 1
13.594731 1  0.000851364298177 -0.000799014278542 -0.000357949806018 -0.00436643264344 -0.00139021089359  0.00196572412414  0.0055186195651  -0.173845536375 -0.0505165393349 0.00181335584555 1
13.646813 1   0.00141656230125  -0.00079748652546 -0.000667334572322 -0.00318916599178 -0.00142071911046  0.00137767830969 0.00550216727857  -0.173310054235 -0.0503519217001 0.00181335584555 1
13.698897 1   0.00223210512512 -0.000531198908252 -0.000906757583408 -0.00168540985739 -0.00100334511332 0.000922926327673 0.00549567413905  -0.172898454281 -0.0502153351952 0.00181335584555 1
13.75098 1   0.00281307740538 -0.000619906343225   -0.0010089762401 -0.000609417387522  -0.00112378680917  0.000729031429997 0.00548743384197  -0.172724236044 -0.0501526410904 0.00181335584555 1
13.803058 1     0.003212105503 -0.000505436786833  -0.00123942901949 0.000141536136826 -0.00090324685198 0.000290905820912 0.00547683101131   -0.17232572879 -0.0500288405007 0.00181335584555 1
13.855147 1   0.00340893729338 -0.000417261495992  -0.00137273987616   0.00056076022472 -0.000751848676929  3.74699724898e-05 0.00547145226396  -0.172094670373 -0.0499586836191 0.00181335584555 1
13.90723 1   0.00367494122231 -0.000268943235807  -0.00151358896802   0.00105328765115 -0.000520265842397 -0.000230286089986 0.00546744281547  -0.171851212445 -0.0498824103399 0.00181335584555 1
13.959314 1   0.00375311276128 -0.000361718659423  -0.00152020992824    0.0012106579326 -0.000674834362203 -0.000242789437318 0.00546488501901   -0.17184014347 -0.0498777846952 0.00181335584555 1
14.011397 1   0.00387504995374 -0.000404891186792  -0.00147251199982   0.00139573462485 -0.000697287148641 -0.000151921336764 0.00546561849555  -0.171924153909 -0.0498988294612 0.00181335584555 1
14.06348 1   0.00374677490916 -0.000453714604783  -0.00142957171459   0.00117012618594 -0.000759721944204 -7.03325328281e-05  0.0054664977375  -0.171998032237 -0.0499232225981 0.00181335584555 1
14.115564 1   0.00370617129879 -0.000371166482078  -0.00142999913521   0.00107417235048 -0.000620162479811 -7.12094957748e-05 0.00546839870958  -0.171997121338 -0.0499234435036 0.00181335584555 1
14.167646 1    0.0036004392358 -0.000416862493943  -0.00131774317007   0.00081689590946 -0.000708258307456  0.000142251301331 0.00547373163513   -0.17219215403 -0.0499812083973 0.00181335584555 1
14.21973 1    0.0035429698134 -0.000403737541458  -0.00127657287582   0.00068117867012 -0.000695350759263  0.000220512355464 0.00547647800862  -0.172263590856 -0.0500026554403 0.00181335584555 1
14.271808 1   0.00327681519818 -0.000416206288554  -0.00115037564304  0.000185918699866 -0.000713782092306  0.000460383724866  0.0054831204317  -0.172481537298 -0.0500716241347 0.00181335584555 1
14.323897 1   0.00294584205766 -0.000379007926985  -0.00104417806557  -0.00041651322217 -0.000678984634754  0.000662135834029 0.00549034056567  -0.172664169626 -0.0501319956227 0.00181335584555 1
14.37598 1   0.00269230425359 -0.000490224857028 -0.000928012968159 -0.000921666269563 -0.000848734780773  0.000882896017226 0.00549384341312  -0.172865009761 -0.0501951984633 0.00181335584555 1
14.428064 1   0.00230989435623 -0.000499433946769   -0.0007946540665  -0.00165847384132 -0.000868401890392   0.00113624423737 0.00550107179871  -0.173094859544 -0.0502697915189 0.00181335584555 1
14.480147 1   0.00202014371885 -0.000532223725766 -0.000714558744295  -0.00223240341049 -0.000918168858176   0.00128831938234 0.00550463496035  -0.173232667143 -0.0503155292146 0.00181335584555 1
14.53223 1   0.00223115642376 -0.000443106086888 -0.000804842586554  -0.00186073550762 -0.000757610832511   0.00111671438009 0.00550159930468  -0.173076925924 -0.0502653462721 0.00181335584555 1
14.584313 1   0.00249594289992  -0.00045397668958 -0.000929041683573 -0.00135085315589  -0.0007777312022 0.000880660102994 0.00549449369622  -0.172862323404 -0.0501974978219 0.00181335584555 1
14.636397 1   0.00297027542977 -0.000413451869109  -0.00108662223879 -0.000494538920362 -0.000717042424128  0.000581269598197 0.00548686377012  -0.172591137571 -0.0501078510617 0.00181335584555 1
14.68848 1  0.00327133440461 -0.00033328100186 -0.00124391790866   0.00010969267828 -0.000580480692085  0.000282295295162 0.00548006073103  -0.172318939594 -0.0500228304558 0.00181335584555 1
14.740558 1   0.00349313316961 -0.000478955001323  -0.00133605952911    0.000574973848 -0.00082876622869 0.000107234267015 0.00547149018415   -0.17215974177 -0.0499724708185 0.00181335584555 1
14.792646 1   0.00377333615181 -0.000444366716331  -0.00153159399072   0.00109003134764 -0.000775943135312 -0.000264583459126 0.00546158120207  -0.171821105928 -0.0498677664474 0.00181335584555 1
14.84473 1   0.00383961195913 -0.000426080319151  -0.00158688964801   0.00125078734709 -0.000731048319938  -0.00036970854749 0.00545875873635  -0.171725051418 -0.0498389427783 0.00181335584555 1
14.896813 1  0.00416252672565 -0.00037179921841 -0.00157301763523   0.00181097941773 -0.000663924910284 -0.000342987102103 0.00546119520306  -0.171751465591  -0.049838666122 0.00181335584555 1
14.948896 1  0.00429775462809 -0.00037417029628 -0.00160890911234    0.0020653715624 -0.000665097806649 -0.000411139877158 0.00545911170186  -0.171689829525   -0.04981771775 0.00181335584555 1
15.00098 1    0.0043397918716 -0.000381219477258  -0.00164357436149   0.00214747573526 -0.000683424354893 -0.000477061129906  0.0054571061362  -0.171629711521 -0.0497993523049 0.00181335584555 1
15.053063 1   0.00447407532298 -0.000466936428283  -0.00169360513704   0.00236357751481 -0.000821906675613 -0.000572158939458 0.00545215398093  -0.171543669477 -0.0497708008981 0.00181335584555 1
15.105146 1   0.00436069709381 -0.000436652389309  -0.00169819512338   0.00216323158919 -0.000765249766371 -0.000581009936331 0.00545257217698  -0.171534855524 -0.0497710277818 0.00181335584555 1
15.15723 1   0.00432870855871 -0.000436145314763  -0.00169237203892   0.00210432749376 -0.000761373801637 -0.000569963002656 0.00545286929005  -0.171544784898 -0.0497746688875 0.00181335584555 1
15.209309 1   0.00421027056962 -0.000432165108673  -0.00168511029708   0.00188804788055 -0.000767489159432 -0.000556270242607 0.00545352484013  -0.171556616175 -0.0497809525706 0.00181335584555 1
15.261396 1   0.00414055518481 -0.000453991965548  -0.00159251770477   0.00175740472304 -0.000792223105814 -0.000380135365748 0.00545797045216   -0.17171750906 -0.0498293048583 0.00181335584555 1
15.31348 1   0.00400015742127 -0.000445664879723  -0.00154189224335   0.00147160890092 -0.000781249480558 -0.000283968430418 0.00546101882216  -0.171804880162 -0.0498577348417 0.00181335584555 1
15.365563 1   0.00374571970202 -0.000468173619412  -0.00151891599698   0.00100343759788 -0.000810311071829 -0.000240520149029 0.00546162650787  -0.171843178516 -0.0498750444754 0.00181335584555 1
15.417646 1  0.00358232280813  -0.0004739111381 -0.00144648210755  0.000679365481554 -0.000809617906625  -0.00010287127953 0.00546538536959  -0.171968399025 -0.0499151354078 0.00181335584555 1
15.46973 1   0.00343903414641 -0.000427167906935  -0.00136681496551  0.000380757475134 -0.000744688332895  4.85556599778e-05 0.00547112691011  -0.172106379937  -0.049958345841 0.00181335584555 1
15.521813 1   0.00323538496303 -0.000464036928721  -0.00126322159301 -3.66787685084e-05 -0.000807095888798  0.000245442388478 0.00547593778082    -0.1722857399 -0.0500150236998 0.00181335584555 1
15.573896 1   0.00334581927613 -0.000428071167639  -0.00126838032285   0.00011411173726 -0.000751311321591  0.000235696294309 0.00547661736926  -0.172277708881 -0.0500094091916 0.00181335584555 1
15.625979 1  0.00352298027783 -0.00042846371173 -0.00136100309423  0.000455607271359 -0.000757402772197    5.963311533e-05 0.00547152136782  -0.172117401647 -0.0499585637987 0.00181335584555 1
15.678058 1   0.00371946646428 -0.000353549601602  -0.00142978232796  0.000841659812875  -0.00063774068129 -7.10228932816e-05 0.00546968940248  -0.171998727255 -0.0499193590185 0.00181335584555 1
15.730147 1   0.00387812726637 -0.000367417647123  -0.00150097586468   0.00115973285594 -0.000661342579655 -0.000206314381639 0.00546538478746  -0.171875618295 -0.0498798004771 0.00181335584555 1
15.782229 1   0.00401607757795 -0.000323757624405  -0.00157522572263   0.00145318393302 -0.000597151152977 -0.000347431378531  0.0054624705076  -0.171746937936 -0.0498392278645 0.00181335584555 1
15.834313 1   0.00412135655663 -0.000295723757249  -0.00163782994837   0.00167549138307 -0.000552103272631 -0.000466431901627 0.00545974232757  -0.171638378896 -0.0498052123289 0.00181335584555 1
15.886396 1   0.00433122052407 -0.000265426815811  -0.00170191678784   0.00205544205583 -0.000511999032224 -0.000588172426049 0.00545705724835  -0.171528108503 -0.0497676840148 0.00181335584555 1
15.93848 1   0.00445109772933 -0.000277765546695  -0.00174386010386   0.00228183837817 -0.000522045065601 -0.000667859387734 0.00545433545916  -0.171455801299 -0.0497435852443 0.00181335584555 1
15.990563 1   0.00449992602379 -0.000288108649883  -0.00176419073158   0.00238618189161 -0.000545932625609  -0.00070648373061  0.0054529740894  -0.171420648286 -0.0497321815189 0.00181335584555 1
16.042646 1   0.00449742230223 -0.000253959435401  -0.00178474574623   0.00241007997734 -0.000479932899953  -0.00074557797465 0.00545268783325  -0.171384650885 -0.0497219676933 0.00181335584555 1
16.094729 1   0.00452148166116 -0.000284159680044  -0.00178314700034   0.00245351991952 -0.000541443166296 -0.000742509850503 0.00545202912351  -0.171387644799 -0.0497221860303 0.00181335584555 1
16.14681 1   0.00450258815212 -0.000313506966828  -0.00174795739367   0.00241853544932  -0.00059586910591 -0.000675561124121 0.00545322245755  -0.171448957814 -0.0497404951982 0.00181335584555 1
16.198896 1   0.00449903641687 -0.000304748899286  -0.00171229401613    0.0024150518988 -0.000591748355747 -0.000607690378055 0.00545548361425  -0.171511189821 -0.0497586711736 0.00181335584555 1
16.250979 1   0.00442057016977 -0.000275423290611  -0.00168605939768   0.00227611827535 -0.000535013079017 -0.000557843459695 0.00545770322609  -0.171556365414 -0.0497739638496 0.00181335584555 1
16.303063 1   0.00435151683823 -0.000257686814407  -0.00165732284232   0.00213447831953 -0.000504028149179 -0.000503243594271 0.00545977682393  -0.171606036479 -0.0497902465283 0.00181335584555 1
16.355146 1   0.00430172034545 -0.000286943209205  -0.00160593804177   0.00203401303076  -0.00056127917795 -0.000405515376127 0.00546185692424  -0.171695443716 -0.0498175660789 0.00181335584555 1
16.40723 1   0.00414721312352 -0.000303074842346  -0.00155483522846   0.00174862866676 -0.000592742635363  -0.00030843070104 0.00546426297641  -0.171783511943 -0.0498474784779 0.00181335584555 1
16.459313 1   0.00394769011357 -0.000324583237683  -0.00150291453316   0.00139885849107  -0.00063903057689 -0.000209821057242 0.00546657134863  -0.171872624391 -0.0498790398131 0.00181335584555 1
16.511396 1   0.00373329163506 -0.000330438934507  -0.00141963786437  0.000996053808089  -0.00065011915758 -5.15781688893e-05 0.00547103783098  -0.172016449308 -0.0499269139294 0.00181335584555 1
16.563479 1  0.00369349699316 -0.00037656418472 -0.00135339345143  0.000883581754017 -0.000722952532274  7.44111230424e-05 0.00547343669254  -0.172132001616 -0.0499615796372 0.00181335584555 1
16.615558 1   0.00363271652711 -0.000362363621484  -0.00131626458597  0.000765464748607 -0.000703534996365  0.000144999478094 0.00547589784391   -0.17219640892  -0.049982043177 0.00181335584555 1
16.667646 1   0.00374200874157 -0.000366163349286  -0.00135630928952  0.000973859254139 -0.000706769251298  6.89159743434e-05 0.00547356606247  -0.172127290743 -0.0499587713941 0.00181335584555 1
16.719729 1    0.0039176613223 -0.000318095415773  -0.00140102147034   0.00129664216853 -0.000636781197679 -1.59841536067e-05 0.00547242596952  -0.172050530979 -0.0499312971056 0.00181335584555 1
16.771812 1    0.0040918133264 -0.000343209634508   -0.0014410913481    0.0016128248651 -0.000676573369701 -9.20559079001e-05 0.00546949091873  -0.171981931766 -0.0499061999243 0.00181335584555 1
16.823896 1   0.00412600398714 -0.000340476178605  -0.00146164866195   0.00168227529971 -0.000675790569679 -0.000131135096043 0.00546841721886  -0.171946255012 -0.0498948006574 0.00181335584555 1
16.875979 1   0.00427140587799 -0.000336767048977  -0.00149234593944   0.00193046050569 -0.000663756524912 -0.000189415200956 0.00546683370432  -0.171893794001 -0.0498752208325 0.00181335584555 1
16.928062 1   0.00438457365987 -0.000318039511539  -0.00149666964974   0.00211969282821  -0.00063563632796 -0.000197537888297 0.00546712324548  -0.171887192869 -0.0498699124384 0.00181335584555 1
16.980146 1   0.00438981027171 -0.000325861948654  -0.00150622974881   0.00214676120128 -0.000656378162556 -0.000215709456917 0.00546633366824  -0.171870511438 -0.0498648362893 0.00181335584555 1
17.032229 1   0.00435915044986 -0.000300694990849   -0.0015113895749   0.00211940865836 -0.000623864980154 -0.000225534610161 0.00546673258138  -0.171861196394 -0.0498629463244 0.00181335584555 1
17.084307 1   0.00436266495353 -0.000271234801633  -0.00150346313553    0.0021358950433 -0.000580216537482 -0.000210435958899 0.00546800561629  -0.171875085783 -0.0498668136499 0.00181335584555 1
17.136396 1   0.00432915988289 -0.000294124115072  -0.00149809495893   0.00209071010092 -0.000623112953728 -0.000200240817156 0.00546760420651  -0.171884212403 -0.0498704224903 0.00181335584555 1
17.188479 1   0.00434406697629 -0.000294900225544  -0.00149718287238   0.00209650347003 -0.000618721630001  -0.00019850936964 0.00546766993409  -0.171885930026 -0.0498705915645 0.00181335584555 1
17.240562 1   0.00430774826699 -0.000282805431639  -0.00147857243933   0.00203032736591 -0.000597110520954 -0.000163130612934 0.00546907552406  -0.171918191846 -0.0498811206701 0.00181335584555 1
17.292646 1    0.0042522635631 -0.000318207838557  -0.00144279501422    0.0019245550795 -0.000646549135027 -9.51069615001e-05 0.0054700875225 -0.171980387673   -0.0499010064 0.00181335584555 1
17.34473 1   0.00417147695302 -0.000346346871673  -0.00142119374534   0.00178734406551 -0.000694635824298 -5.40749628833e-05 0.00547043723561  -0.172017531456 -0.0499143334564 0.00181335584555 1
17.396812 1   0.00406786227907 -0.000364271092826  -0.00139966522297   0.00160050224974 -0.000714919936438 -1.32137695042e-05  0.0054711833976  -0.172054318982 -0.0499283986276 0.00181335584555 1
17.448896 1   0.00391369512159 -0.000394604505917  -0.00133879614884   0.00133462783087 -0.000773019561109  0.000102475299336 0.00547358203243  -0.172159628698  -0.049963924694 0.00181335584555 1
17.500979 1   0.00374464421837 -0.000371823616137   -0.0012963842707   0.00103731937048 -0.000738067199722  0.000183018655779 0.00547660709586   -0.17223240122 -0.0499905823582 0.00181335584555 1
17.553061 1   0.00363919876974 -0.000390606947157  -0.00125857917964  0.000815510903983 -0.000766861257407  0.000254824373202 0.00547816801598  -0.172297654098 -0.0500134233656 0.00181335584555 1
17.605146 1   0.00352279251692 -0.000387008797519  -0.00118902941016  0.000583378831473 -0.000766897089637  0.000387041524233 0.00548208637402  -0.172418482793 -0.0500527030083 0.00181335584555 1
17.65723 1   0.00332763940984 -0.000403299001178  -0.00111273792124 0.000226748090618 -0.00079468049797 0.000532021861838 0.00548582833031  -0.172550448552 -0.0500977154104 0.00181335584555 1
17.709313 1   0.00335404585964 -0.000405899459219  -0.00110260509741  0.000287327751254 -0.000808140022301  0.000551346126347 0.00548619165984  -0.172568519398 -0.0501018758769 0.00181335584555 1
17.761396 1   0.00350351366989 -0.000437460203724  -0.00111219856767   0.00055488960586 -0.000856269985066  0.000533244199713 0.00548473318052  -0.172553155113  -0.050092273214 0.00181335584555 1
17.813479 1   0.00365862029117 -0.000457442520907   -0.0011682267797  0.000839588564093 -0.000889442536023  0.000426784706071 0.00548097956174  -0.172456362354  -0.050058687497 0.00181335584555 1
17.865562 1   0.00375137987844 -0.000444417219576  -0.00120872381073   0.00102491644399 -0.000866841399489  0.000349829529976 0.00547914420189  -0.172386227401 -0.0500347741205 0.00181335584555 1
17.917646 1   0.00385193022217 -0.000460237832131  -0.00123315425745   0.00121545314166 -0.000894929414327  0.000303450497248 0.00547724929597  -0.172344373911 -0.0500189024624 0.00181335584555 1
17.969729 1    0.0039678944537 -0.000474534909268  -0.00125622909222   0.00141015997721 -0.000922074668266   0.00025964540883 0.00547544748284  -0.172304973572 -0.0500035725037 0.00181335584555 1
18.02181 1   0.00402421297108 -0.000480826652138   -0.0012450086422     0.001513341425 -0.000935820096137  0.000281060193364 0.00547581390627  -0.172325266585 -0.0500074026031 0.00181335584555 1
18.073896 1   0.00406574005318 -0.000460668599233   -0.0012573903057   0.00159923892109 -0.000905941848423  0.000257551112968 0.00547570560924  -0.172303963731 -0.0499994961607 0.00181335584555 1
18.125979 1  0.00414619033641  -0.0004539336493 -0.00126311523991  0.00174157950593 -0.00089461842665 0.000246738378956 0.00547560808839  -0.172294712511  -0.049993915501 0.00181335584555 1
18.178062 1   0.00421132402523 -0.000488988583762  -0.00127308043364   0.00186633861837 -0.000952329782042  0.000227848812157 0.00547391733185  -0.172277931709 -0.0499864830613 0.00181335584555 1
18.230146 1   0.00418514526784 -0.000488958649381  -0.00127398109796   0.00182130309786 -0.000953418658893  0.000226109195391 0.00547384379157  -0.172276085449  -0.049986876042 0.00181335584555 1
18.282229 1   0.00417950198669 -0.000487881484161  -0.00126750846837   0.00181282103666 -0.000947909968518  0.000238422834236 0.00547432275349  -0.172287413372 -0.0499903383324 0.00181335584555 1
18.334312 1   0.00418569679217 -0.000498183997725   -0.0012497022571   0.00180110020583 -0.000969543962327  0.000272294994703 0.00547487595902  -0.172318694503 -0.0499997202389 0.00181335584555 1
18.386395 1   0.00412616157777 -0.000489486215063  -0.00121661145386    0.0016958029241 -0.000959926437278  0.000335209729789 0.00547690477445  -0.172376280683 -0.0500186637373 0.00181335584555 1
18.438479 1   0.00406514741312 -0.000494005672701  -0.00119409964761   0.00158229488216 -0.000967139790831  0.000377984376708 0.00547801989554  -0.172415220854 -0.0500324082614 0.00181335584555 1
18.490557 1   0.00397247112964 -0.000456846170552  -0.00116595317564   0.00140639379006 -0.000912920788922  0.000431444685333 0.00548066329977  -0.172463675833 -0.0500503068875 0.00181335584555 1
18.542645 1  0.00388569128315 -0.00049419269256 -0.00114014756585   0.00123873963763 -0.000975048887824  0.000480453015783 0.00548083623349  -0.172508120714 -0.0500669127112 0.00181335584555 1
18.594729 1   0.00374262483189 -0.000494845573066  -0.00109600462825  0.000985375684894 -0.000980430157533  0.000564315261578 0.00548316984921   -0.17258430269 -0.0500945582964 0.00181335584555 1
18.646812 1   0.00363222821765 -0.000525159234879  -0.00105747363747 0.000781093626535  -0.0010320501479 0.000637522172407  0.0054842499593  -0.172650931019 -0.0501184530736 0.00181335584555 1
18.698895 1   0.00353231134596 -0.000527568934187 -0.000998087086714 0.000583996794591  -0.0010379562372 0.000750419816793 0.00548743974611  -0.172754320059 -0.0501529859506 0.00181335584555 1
18.750979 1   0.00350312859448 -0.000521673063754 -0.000994922569717 0.000534715961605 -0.00102688250756 0.000756414591675 0.00548785907017  -0.172759582696  -0.050155595769 0.00181335584555 1
18.803062 1   0.00352596508185 -0.000522067407552  -0.00101639596724 0.000589409262036 -0.00102542708736 0.000715585158938 0.00548670366091  -0.172722091746 -0.0501433539187 0.00181335584555 1
18.855146 1   0.00357613698136 -0.000516268874346  -0.00104727718164 0.000685957750962  -0.0010206114684 0.000656873786282 0.00548502758722  -0.172668271522 -0.0501254635252 0.00181335584555 1
18.907228 1   0.00361042871447 -0.000539470667571  -0.00106656232327 0.000772433109528   -0.001060049124 0.000620231296928 0.00548309500862  -0.172634874053  -0.050113522112 0.00181335584555 1
18.959307 1   0.00368848553508 -0.000544000660747  -0.00107436735791 0.000917872931746 -0.00106750940746 0.000605464255187 0.00548249826282  -0.172622062059  -0.050106366572 0.00181335584555 1
19.011395 1   0.00372784288331 -0.000543948148511  -0.00109143069195 0.000996993113999 -0.00107008054136 0.000573040211094 0.00548145315041  -0.172592491996 -0.0500958301827 0.00181335584555 1
19.063478 1   0.00376585539212 -0.000526287132548   -0.0011144023849  0.00107830490741 -0.00103779463817 0.000529374838327  0.0054809015748  -0.172552495374 -0.0500821357604 0.00181335584555 1
19.115562 1   0.00382977212145 -0.000499098904412  -0.00112315022014   0.00119372505071 -0.000998057213675   0.00051279487434 0.00548120453038  -0.172537802269 -0.0500751124503 0.00181335584555 1
19.167645 1   0.00387418931156 -0.000517812962911  -0.00114263535135  0.00127257858224 -0.00103063768952 0.000475758135904 0.00547937190018  -0.172503945598  -0.050063402806 0.00181335584555 1
19.219729 1   0.00394012842409 -0.000521763319998  -0.00114915805258  0.00139338583136 -0.00103993783657 0.000463416200501 0.00547875866378  -0.172493254464 -0.0500573373387 0.00181335584555 1
19.271812 1   0.00395282829073 -0.000492161181008  -0.00115883543138   0.00142724186487 -0.000989504501789  0.000445023102689 0.00547935672269  -0.172476390398 -0.0500514422854 0.00181335584555 1
19.323895 1   0.00396744266668 -0.000491670138779   -0.0011627356897    0.0014517549481 -0.000991214539634  0.000437614276446 0.00547905639789  -0.172469664528 -0.0500489143763 0.00181335584555 1
19.375978 1  0.00400452233055 -0.00048389261738 -0.00118535537247   0.00151492790221 -0.000979862663222  0.000394602368771  0.0054780126846  -0.172430108236 -0.0500359209426 0.00181335584555 1
19.428057 1   0.00403437162327 -0.000522241505852  -0.00118823889251  0.00155908155341 -0.00104174650313 0.000389136649253 0.00547648425287  -0.172425322313 -0.0500335958477 0.00181335584555 1
19.480145 1   0.00406797541422 -0.000539701514513  -0.00120465237059  0.00162229249613 -0.00107217232315 0.000357937830085 0.00547483839328  -0.172396772252 -0.0500236574518 0.00181335584555 1
19.532228 1     0.004104281086 -0.000559497249833  -0.00120389621382  0.00168218732696 -0.00110123931424 0.000359409616811  0.0054742914716  -0.172398528825 -0.0500227460333 0.00181335584555 1
19.584312 1   0.00415310326912 -0.000565577660561  -0.00121111156489  0.00175452588138  -0.0011098125231 0.000345714648107 0.00547372049355  -0.172386222785 -0.0500176296834 0.00181335584555 1
19.636395 1   0.00417536159767 -0.000545976251872  -0.00122102222006  0.00179736044846 -0.00107864961624 0.000326879893682 0.00547385466829  -0.172368986686 -0.0500114555916 0.00181335584555 1
19.688478 1   0.00418752405367 -0.000537901624694  -0.00123602684028  0.00182132626907 -0.00106801236224 0.000298339411355 0.00547319355258  -0.172342605119  -0.050003124189 0.00181335584555 1
19.740562 1   0.00418915332433 -0.000527437848378  -0.00122641656082   0.0018284346779 -0.00105539525908 0.000316634746852 0.00547391634125  -0.172359688711 -0.0500078000238 0.00181335584555 1
19.792645 1  0.00416146556877 -0.00053452998299 -0.00123865915496  0.00178855837137 -0.00106553377388 0.000293315869742 0.00547302569728  -0.172337764885 -0.0500022599709 0.00181335584555 1
19.844728 1   0.00414690574361 -0.000526732922547  -0.00123898111277  0.00176439597277 -0.00105206211588 0.000292689811815 0.00547334087389  -0.172337016272 -0.0500026407314 0.00181335584555 1
19.896807 1   0.00413086378738 -0.000538160172584  -0.00123220885239  0.00173793291428 -0.00106899511619  0.00030556335352 0.00547337097407  -0.172348840583 -0.0500067279714 0.00181335584555 1
19.948895 1   0.00410173501188 -0.000541706603417  -0.00123332938961  0.00169279480721 -0.00107298568564 0.000303406955032 0.00547326190487  -0.172346554404 -0.0500071038366 0.00181335584555 1
20.000978 1   0.00409066534309 -0.000528840014708  -0.00121258296189  0.00168193135866 -0.00105334244218 0.000342886748124 0.00547485696097  -0.172383298668 -0.0500178222312 0.00181335584555 1
20.053062 1   0.00412473685028 -0.000529641098628   -0.0012137180593 0.00173304318356 -0.0010585296074  0.0003407528978 0.00547455340743  -0.172381623481 -0.0500162051786 0.00181335584555 1
20.105145 1   0.00410711047285 -0.000534371088267  -0.00122198867908  0.00171585354238 -0.00106880048145 0.000325008195777 0.00547376147282  -0.172366917644  -0.050011994702 0.00181335584555 1
20.157228 1   0.00410614650667 -0.000567874077653  -0.00121149763013  0.00171603200693 -0.00112458695677  0.00034497424628 0.00547297161165  -0.172385585439  -0.050017351548 0.00181335584555 1
20.209311 1   0.00414818029504 -0.000567257241594  -0.00120979124966  0.00177894020221 -0.00112489520065 0.000348253955219 0.00547301660336  -0.172389025295 -0.0500169535165 0.00181335584555 1
20.261395 1   0.00414894817174 -0.000567620604445  -0.00119110919456  0.00177711638132 -0.00112168281873 0.000383805586152 0.00547428018123  -0.172422155042 -0.0500267249775 0.00181335584555 1
20.313478 1   0.00411517852693 -0.000583042726954     -0.00117380715  0.00172355349012 -0.00114458440043 0.000416704258524 0.00547477307802  -0.172452522288 -0.0500368542877 0.00181335584555 1
20.365566 1   0.00411566512735 -0.000589020861873  -0.00117257872977  0.00172052094593 -0.00115354395871 0.000419038805967 0.00547464995513  -0.172454655892 -0.0500376936113 0.00181335584555 1
20.417645 1  0.00413799958313 -0.00061171911402 -0.00116193086136  0.00175310662739 -0.00119034984582 0.000439318920389 0.00547434613553  -0.172473809335 -0.0500425582595 0.00181335584555 1
20.469728 1   0.00409369034298 -0.000589874134848   -0.0011512745894   0.0016796599404 -0.00115527264223 0.000459558534753 0.00547580146376   -0.17249217923 -0.0500498460865 0.00181335584555 1
20.521812 1   0.00407094385769 -0.000601460567958  -0.00113022354182  0.00164008566791 -0.00117307995084 0.000499598138061 0.00547658589409   -0.17252930865 -0.0500617586403 0.00181335584555 1
20.573895 1   0.00404554504333 -0.000595024358456  -0.00111925018755  0.00159435886539 -0.00116137846471 0.000520454907085 0.00547754971614  -0.172548437871 -0.0500686914374 0.00181335584555 1
20.625978 1    0.0040429036978 -0.000572426127357  -0.00110915192422  0.00158372207755 -0.00112208836068 0.000539664847594 0.00547921828826  -0.172566236174  -0.050074407272 0.00181335584555 1
20.678061 1   0.00402255325075 -0.000580770260334  -0.00110004641106  0.00154482461406 -0.00113146565641 0.000556969822049 0.00547967128942  -0.172582094213 -0.0500802928188 0.00181335584555 1
20.730144 1   0.00400480167261 -0.000584276454198  -0.00108328671356  0.00150718773113 -0.00113449417362 0.000588841164177 0.00548065669463  -0.172611558728 -0.0500902391473 0.00181335584555 1
20.782228 1   0.00397020858349 -0.000577891876537  -0.00107131710629  0.00145291243208 -0.00112196208324 0.000611591743915 0.00548175170862  -0.172632474771 -0.0500976731243 0.00181335584555 1
20.834311 1   0.00387897356012 -0.000574518099398  -0.00106905395809  0.00130906603712 -0.00111793234403 0.000615822010594 0.00548191695306  -0.172635457922 -0.0501021998139 0.00181335584555 1
20.886395 1  0.00388095511784 -0.00056190257949 -0.00105382617005  0.00130668761235 -0.00109463724186 0.000644798676853 0.00548351308352   -0.17266249551 -0.0501103812045 0.00181335584555 1
20.938478 1   0.00389161943209 -0.000543879854111  -0.00103248875442  0.00132160052391 -0.00106777823669 0.000685413584155 0.00548530981485  -0.172700606142 -0.0501211574185 0.00181335584555 1
20.990562 1   0.00387648249953 -0.000548636288941  -0.00103826659031  0.00129250067689 -0.00108067875236 0.000674400174615 0.00548439403498  -0.172690040742 -0.0501191118787 0.00181335584555 1
21.042645 1   0.00385773420183 -0.000556236333883  -0.00102804089245  0.00125851753022 -0.00109241604784 0.000693840716823 0.00548469330987  -0.172707982221 -0.0501254350574 0.00181335584555 1
21.094728 1  0.00384816406512 -0.00054599906529  -0.0010195823199  0.00124155571448 -0.00107472569206  0.00070992855668 0.00548569574909  -0.172722911777 -0.0501303119683 0.00181335584555 1
21.146811 1    0.0038723642205 -0.000533578706558   -0.0010111332476  0.00127433061211 -0.00104988400776 0.000726023350442 0.00548707744446  -0.172738143657 -0.0501341727568 0.00181335584555 1
21.198895 1   0.00386493968975 -0.000522295048637  -0.00100671068149  0.00126294861234 -0.00103614603692 0.000734434319843 0.00548745525298   -0.17274595691 -0.0501367219582 0.00181335584555 1
21.250978 1    0.0038434354492 -0.000505289452257 -0.000973214736127  0.00122629643842 -0.00101174457381 0.000798160356595 0.00548984482326  -0.172805460459 -0.0501551216987 0.00181335584555 1
21.303061 1   0.00384778767478 -0.000501936775023 -0.000977420608575  0.00123496655603 -0.00100523748097 0.000790161497234 0.00548984131943  -0.172798030124 -0.0501526283338 0.00181335584555 1
21.355145 1   0.00385239528782 -0.000488744931141 -0.000982807248673  0.00123265703689 -0.00098364529969  0.00077990513785 0.00549013712127  -0.172788231394 -0.0501504189977 0.00181335584555 1
21.407228 1   0.00383574930712 -0.000483395608911 -0.000979732180364  0.00120111023514 -0.00097442990932  0.00078573835171 0.00549059306844  -0.172793402937 -0.0501530898333 0.00181335584555 1
21.459311 1   0.00384922700232 -0.000485058712263 -0.000968979576848    0.0012194430726 -0.000974290951584  0.000806210206989  0.0054913735236  -0.172812726883 -0.0501583877482 0.00181335584555 1
21.511395 1   0.00386489903288 -0.000485417300131 -0.000972821107906   0.00124478718054 -0.000971824073737  0.000798913042246 0.00549140270467  -0.172806051772 -0.0501557241354 0.00181335584555 1
21.563478 1   0.00385571018349 -0.000471798622945 -0.000978996229442   0.00122586149249 -0.000945232912713  0.000787149194158 0.00549206416852  -0.172794755625 -0.0501532469118 0.00181335584555 1
21.615561 1   0.00382508559354 -0.000462895564128 -0.000985580786667   0.00117356855498 -0.000927768214427  0.000774588492699  0.0054923649217  -0.172782476778 -0.0501513752742 0.00181335584555 1
21.667644 1   0.00379465023698 -0.000442164985989 -0.000982216551043   0.00112618199901 -0.000893872099783   0.00078096616651 0.00549352705355  -0.172788115446  -0.050154272063 0.00181335584555 1
21.719728 1   0.00383164502671 -0.000436256939308 -0.000972114021844   0.00118701198225 -0.000886294943123   0.00080022603544 0.00549418933202  -0.172806733324 -0.0501578279717 0.00181335584555 1
21.771811 1    0.0038119884247 -0.000419615110886 -0.000959917040928   0.00115845665578 -0.000862961042784  0.000823424282713 0.00549530766854  -0.172828399079 -0.0501647384829 0.00181335584555 1
21.823894 1   0.00380414121393 -0.000417184531446 -0.000952916962211   0.00114780669897 -0.000861705188964  0.000836741331436 0.00549556422111  -0.172840899278 -0.0501685412338 0.00181335584555 1
21.875978 1   0.00380065966947 -0.000408637461707 -0.000950074881995   0.00114309955512 -0.000855357237784  0.000842148288733 0.00549540284545  -0.172845983251 -0.0501700920779 0.00181335584555 1
21.928061 1   0.00381115093938  -0.00040726249404 -0.000936678055574  0.00115242125247 -0.00085549426125 0.000867646033595 0.00549600247936  -0.172869968951 -0.0501773245978 0.00181335584555 1
21.980144 1   0.00380434593459 -0.000413549087984 -0.000921063267093   0.00114076433127 -0.000866679870078   0.00089735602772 0.00549649832602  -0.172897894523 -0.0501858299577 0.00181335584555 1
22.032228 1   0.00376130518986 -0.000421359427728 -0.000905513740265   0.00106439660173 -0.000877444860341  0.000926904036296 0.00549720531361  -0.172925041675 -0.0501965262775 0.00181335584555 1
22.084311 1   0.00372971593462 -0.000432497252886 -0.000897073970571   0.00100586049368 -0.000895891104474   0.00094293087897 0.00549711715779  -0.172939574601 -0.0502030911922 0.00181335584555 1
22.136394 1   0.00369180190693 -0.000438987832549 -0.000879123465093  0.000940204696977 -0.000908013165423  0.000977055145801 0.00549766521569  -0.172971191282  -0.050214614054 0.00181335584555 1
22.188477 1   0.00366793730914 -0.000440349875349 -0.000866472825295  0.000895553098248 -0.000909732522495   0.00100110393184  0.0054983759372  -0.172993425589 -0.0502229172347 0.00181335584555 1
22.240561 1   0.00364294625365 -0.000443620696954 -0.000863968119264   0.00085210056418 -0.000914748390341   0.00100584574309 0.00549838958823  -0.172997493868 -0.0502256854867 0.00181335584555 1
22.292644 1    0.0036191186453 -0.000427391683062 -0.000850313230969  0.000808199815744 -0.000889039585734    0.0010318066532 0.00549989612555  -0.173021543716 -0.0502344678794 0.00181335584555 1
22.344728 1   0.00364897288075 -0.000425811608948 -0.000833712956997  0.000846265432696 -0.000885863265614   0.00106341543007 0.00550099258988  -0.173051538355 -0.0502428213704 0.00181335584555 1
22.396811 1   0.00361598370477 -0.000415325969361 -0.000817191235309  0.000788487391955 -0.000869269369794   0.00109482498013 0.00550241066101  -0.173080662057 -0.0502534648726 0.00181335584555 1
22.448894 1   0.00361206709153 -0.000411571718657 -0.000795426578745  0.00077026635473 -0.00086357074324  0.00113623088857 0.00550380229341   -0.17311943838 -0.0502663056936 0.00181335584555 1
22.500978 1   0.00360406474676 -0.000403299481342 -0.000786533775627  0.000751450856986 -0.000846020825275   0.00115314222806  0.0055051932027  -0.173135139143 -0.0502719683706 0.00181335584555 1
22.55306 1    0.0035836223697  -0.00041147503816 -0.000768988752922  0.000713239144975 -0.000858762495865   0.00118650934179 0.00550584745185  -0.173166309865 -0.0502826912883 0.00181335584555 1
22.605144 1   0.00357643326867 -0.000405231099323 -0.000746181366017  0.000695992725939 -0.000851709607832   0.00122990283117 0.00550711544956  -0.173207147865 -0.0502956005439 0.00181335584555 1
22.657227 1   0.00356563372348 -0.000410551900393 -0.000730269738642  0.000671326291749 -0.000860807186869   0.00126016804229 0.00550770394209  -0.173235466372 -0.0503052691067 0.00181335584555 1
22.709311 1   0.00354772250861 -0.000390566783944 -0.000721696433502  0.000633919366447 -0.000826078199147   0.00127646039992  0.0055094942154  -0.173250363394 -0.0503115841189 0.00181335584555 1
22.761394 1   0.00350710695002 -0.000395861088465 -0.000708936514126  0.000564405735687 -0.000840994327493   0.00130070470122 0.00550919437948  -0.173272693858 -0.0503206987942 0.00181335584555 1
22.813477 1   0.00349057713015 -0.000402477711126 -0.000697705087628  0.000533360286187 -0.000849588228951   0.00132206055278 0.00550975919329  -0.173292585439 -0.0503279021626 0.00181335584555 1
22.86556 1   0.00347853590012 -0.000398063453345 -0.000675802923824  0.000509551035573 -0.000840951299918   0.00136372806155 0.00551142905028  -0.173331809467 -0.0503404918613 0.00181335584555 1
22.917644 1   0.00343782173237 -0.000395034428826 -0.000667026115297  0.000438394813407 -0.000834841568272    0.0013803904187 0.00551224088308  -0.173346865529 -0.0503477480101 0.00181335584555 1
22.969727 1   0.00343076031882 -0.000402503063614  -0.00065065014836  0.00041833681436 -0.00084542971168  0.00141154115939 0.00551298306507  -0.173376071044 -0.0503577482172 0.00181335584555 1
23.021811 1   0.00340377794865 -0.000383246849023 -0.000636171161201  0.000358878383695 -0.000814401963822   0.00143905780362 0.00551480852445  -0.173401269471  -0.050368645353 0.00181335584555 1
23.073894 1   0.00338338133905 -0.000382260413712 -0.000611192077471  0.000317299818303 -0.000811036679718   0.00148656960397 0.00551652675903  -0.173445837321 -0.0503838614022 0.00181335584555 1
23.125977 1   0.00332325680619 -0.000396982464527 -0.000589951308892  0.000211745786539 -0.000834145875187   0.00152693211072 0.00551705956178  -0.173483074263 -0.0503991205529 0.00181335584555 1
23.178061 1   0.00329865741488 -0.000398929825459 -0.000569554175376 0.000158395551851 -0.00083546908589   0.0015657155325 0.00551837207252  -0.173519132084 -0.0504128277276 0.00181335584555 1
23.230144 1   0.00326716424852 -0.000372838528756 -0.000544195393519  9.10635481972e-05 -0.000789706933614   0.00161393304503 0.00552170791129  -0.173563926068 -0.0504298810981 0.00181335584555 1
23.282227 1   0.00321976585471 -0.000370091606878 -0.000531797920876  5.66534824123e-06 -0.000787242025982   0.00163747690642 0.00552230254776  -0.173585329183 -0.0504399875331 0.00181335584555 1
23.33431 1    0.0031693494866 -0.000361691240186 -0.000520359070532 -8.23832029898e-05 -0.000773649840384   0.00165919584985 0.00552341889577  -0.173605014855 -0.0504494750105 0.00181335584555 1
23.386394 1   0.00313285392359 -0.000374544950076 -0.000509514807787 -0.000154839810317 -0.000790639068715   0.00167978857115 0.00552387602841  -0.173623600425 -0.0504588845161 0.00181335584555 1
23.438477 1   0.00312712096933 -0.000370156039744  -0.00049665350738 -0.000173397837432  -0.00078737607711   0.00170425140575 0.00552431744425  -0.173646498581 -0.0504672197133 0.00181335584555 1
23.49056 1   0.00311835643536 -0.000373182227428 -0.000497321271804 -0.000197771061509 -0.000787806584954   0.00170296305054 0.00552474984526   -0.17364473991 -0.0504687233432 0.00181335584555 1
23.542644 1   0.00310711310246 -0.000377030012211 -0.000480004537953 -0.000226783237248 -0.000792576214905   0.00173589846945 0.00552574696575  -0.173675579435 -0.0504799472799 0.00181335584555 1
23.594727 1   0.00308185905403 -0.000366894141036 -0.000473495692544   -0.0002698942325 -0.000777641469267   0.00174826130741 0.00552647826283  -0.173686894694 -0.0504850385032 0.00181335584555 1
23.64681 1   0.00306371995598 -0.000363787195618 -0.000467305780366 -0.000304335612867 -0.000770575856703   0.00176002056223 0.00552730793026  -0.173697630903 -0.0504899946505 0.00181335584555 1
23.698893 1   0.00302925538073  -0.00037453755504 -0.000451427216934 -0.000366807979198 -0.000785527324813   0.00179020228325 0.00552798109174  -0.173725668025 -0.0505011964145 0.00181335584555 1
23.750977 1   0.00300657718955 -0.000376714253414 -0.000434264311226 -0.000409758701232 -0.000786474460106   0.00182283915786  0.0055292388668  -0.173756246252 -0.0505123921801 0.00181335584555 1
23.80306 1   0.00300186974001 -0.000386285123769 -0.000418753008536 -0.000425541318987 -0.000800202798571   0.00185234682857 0.00552985898502  -0.173784062236 -0.0505220405927 0.00181335584555 1
23.855143 1   0.00300112408032 -0.000392511109442 -0.000414171284989 -0.000433454925071 -0.000808877470577   0.00186105924097 0.00552998167481  -0.173792114083 -0.0505254972642 0.00181335584555 1
23.907227 1   0.00299943488148 -0.000405251334228 -0.000407566817048 -0.000441832851581  -0.00082644892906     0.001873621191 0.00553010363765  -0.173803881514 -0.0505299289537 0.00181335584555 1
23.95931 1   0.00297327676184 -0.000421914914142 -0.000399903489128 -0.000491116719937  -0.00085187181051   0.00188817546922 0.00552982179146  -0.173817124839 -0.0505364913081 0.00181335584555 1
24.011393 1   0.00297583937604  -0.00041551516712 -0.000390833002805 -0.000496204491418 -0.000838113382442   0.00190543109894 0.00553126169918  -0.173833277294  -0.050542552818 0.00181335584555 1
24.063477 1   0.00295373780269 -0.000403703600218 -0.000379328805984 -0.000536832211414 -0.000815636060944   0.00192730079386 0.00553316132656  -0.173853631504 -0.0505506238028 0.00181335584555 1
24.11556 1    0.0029359351179 -0.000402093587671 -0.000371028830075 -0.000575339890559  -0.00080982505293   0.00194307161977 0.0055342587113  -0.17386802297 -0.050557533649 0.00181335584555 1
24.167643 1   0.00293354829447 -0.000406914585775 -0.000367228989635 -0.000583365451833 -0.000817694315565   0.00195029704414 0.00553418167886  -0.173874739619 -0.0505603419533 0.00181335584555 1
24.219727 1    0.0029205812081 -0.000394389060892 -0.000355918884493 -0.000608258790224 -0.000797323728037   0.00197180643381 0.00553560101264  -0.173894968756 -0.0505676939348 0.00181335584555 1
24.27181 1   0.00292226759803 -0.000383640084694 -0.000338071530537 -0.000613734822897 -0.000779712375783   0.00200576575917 0.00553731936171  -0.173927207383 -0.0505783782561 0.00181335584555 1
24.323893 1   0.00290309305557 -0.000389653197265 -0.000329449605102 -0.000653015797077 -0.000790404477973   0.00202214949935  0.0055372945248  -0.173942263337 -0.0505854064767 0.00181335584555 1
24.375977 1   0.00286962981633  -0.00037646397373 -0.000324663111122 -0.000708487660461 -0.000765091308041   0.00203122799551  0.0055390482254  -0.173950322331 -0.0505900926936 0.00181335584555 1
24.42806 1    0.0028629479793 -0.000383066761547 -0.000317748000706 -0.000723633557935 -0.000771925961378   0.00204437801254 0.00553970989469  -0.173962640741  -0.050594872158 0.00181335584555 1
24.480143 1   0.00282856454532 -0.000390306187996 -0.000309052701944 -0.000784520462619 -0.000782507247591   0.00206089073126 0.00553997157414  -0.173977698022 -0.0506023901727 0.00181335584555 1
24.532227 1   0.00281338179782 -0.000391509779496 -0.000301252426178 -0.000814381623364   -0.0007815804757   0.00207571701613 0.00554085710375  -0.173991440397 -0.0506083248837 0.00181335584555 1
24.58431 1     0.002789300826 -0.000385727546336 -0.000298671361272 -0.000856132654974 -0.000769591023019   0.00208060519095 0.00554183526969  -0.173995576613 -0.0506115947753 0.00181335584555 1
24.636393 1   0.00275835449226  -0.00037807272347 -0.000291956358362 -0.000906870110009 -0.000757363948498   0.00209335677035 0.00554267557545  -0.174007277071 -0.0506171219394 0.00181335584555 1
24.688476 1   0.00273059246923 -0.000373940304472 -0.000287705685418 -0.000953838923552   -0.0007499734377   0.00210141989073  0.0055433101962  -0.174014453144 -0.0506214021849 0.00181335584555 1
24.74056 1   0.00270357124923 -0.000376315593613 -0.000286191806949 -0.000998995408178 -0.000748841002581    0.0021042755979 0.00554416207551  -0.174016642103  -0.050624082712 0.00181335584555 1
24.792643 1   0.00266204569273 -0.000364474345932 -0.000276628924947  -0.00106835120425 -0.000731247503295   0.00212243636155 0.00554517729396  -0.174033305392 -0.0506320744015 0.00181335584555 1
24.844726 1   0.00263778882354 -0.000361408546607 -0.000264633526835  -0.00111395727123 -0.000725434314515   0.00214523754346 0.00554623031401  -0.174054544536 -0.0506410858197 0.00181335584555 1
24.89681 1   0.00262636811525 -0.000357224859701 -0.000250431821058  -0.00114012521236 -0.000716398341553    0.0021722475896 0.00554775684345  -0.174080000204 -0.0506507486532 0.00181335584555 1
24.948893 1   0.00261628890998 -0.000364926154697 -0.000249817904125   -0.0011617192487 -0.000726363561771   0.00217340189424 0.00554777361689  -0.174080665553  -0.050652666829 0.00181335584555 1
25.000977 1   0.00261257419525 -0.000374647210579   -0.0002369432339   -0.0011732726188 -0.000736675540273   0.00219789498488 0.00554893860634  -0.174103959529 -0.0506607907637 0.00181335584555 1
25.05306 1   0.00259125889696 -0.000378007686577 -0.000224291104446  -0.00121895921864 -0.000742661683181   0.00222194399799 0.00554935163861  -0.174126243224  -0.050670970492 0.00181335584555 1
25.105143 1   0.00257327372412 -0.000374847643302 -0.000209745980283  -0.00125529584821 -0.000735030321099   0.00224960222729 0.00555090196944  -0.174152258809 -0.0506812264932 0.00181335584555 1
25.157226 1    0.0025600869771 -0.000379535804944 -0.000206524437607 -0.00128161912469  -0.0007393725135  0.00225571668044 0.00555142485738  -0.174157658648 -0.0506847259368 0.00181335584555 1
25.20931 1    0.0025412252172  -0.00038358286283 -0.000202329156262   -0.0013132918707 -0.000750083927894   0.00226368314448 0.00555057177195  -0.174164992818 -0.0506883937734 0.00181335584555 1
25.261393 1    0.0025326545012 -0.000388416952275 -0.000205161171369  -0.00132798805488 -0.000756023446688    0.0022582850534 0.00555046087764  -0.174159561682 -0.0506875847791 0.00181335584555 1
25.313477 1   0.00252919451992 -0.000377691448447 -0.000205343797343  -0.00133937074524 -0.000739677916544   0.00225792915635 0.00555096236906   -0.17415882305 -0.0506888388334 0.00181335584555 1
25.365559 1   0.00251348961357 -0.000378095647037 -0.000201717168365  -0.00136810145924 -0.000739343328631   0.00226481401588 0.00555135142216  -0.174165015118 -0.0506924463911 0.00181335584555 1
25.417643 1   0.00250870142409 -0.000378773208122 -0.000201201106102  -0.00137824452237 -0.000739909032533   0.00226578963338 0.00555144785105  -0.174165736152 -0.0506935104716 0.00181335584555 1
25.469726 1   0.00250719469105 -0.000382162137474 -0.000201778426446  -0.00138101680472 -0.000746803051525   0.00226468929567 0.00555088820094  -0.174164636521 -0.0506933708268 0.00181335584555 1
25.52181 1   0.00250979985209 -0.000383508220646 -0.000199186681473 -0.00137853021835 -0.00074792385002  0.00226962228091 0.00555117357935  -0.174169371378 -0.0506949407038 0.00181335584555 1
25.573893 1   0.00251314547119 -0.000397542890307 -0.000193196724115  -0.00137542792069 -0.000769677704318   0.00228102238859 0.00555076551249  -0.174180392999 -0.0506984147125 0.00181335584555 1
25.625976 1   0.00250212006785 -0.000412165286156 -0.000185404409797  -0.00139733161184 -0.000792516458368    0.0022958382577 0.00555039232101  -0.174194363489 -0.0507041743415 0.00181335584555 1
25.67806 1   0.00248738116782 -0.000407304208815 -0.000177064073624  -0.00142563619054 -0.000784911912821   0.00231169370025 0.00555116208893  -0.174209223467 -0.0507105619465 0.00181335584555 1
25.730143 1   0.00245674264014 -0.000399386177979 -0.000166501083517  -0.00147698828991 -0.000772386917687   0.00233176764724 0.00555227440366  -0.174228034274  -0.050718654737 0.00181335584555 1
25.782226 1   0.00241866031005 -0.000406650934665 -0.000155140742439  -0.00154089288215 -0.000787477531316   0.00235335192536 0.00555169437455  -0.174248194148 -0.0507278158985 0.00181335584555 1
25.834309 1   0.00241415402957  -0.00040201944767 -0.000145095295326  -0.00155632085719 -0.000782707413951   0.00237245801059 0.00555200884209  -0.174266224277  -0.050735272287 0.00181335584555 1
25.886393 1   0.00241462729817 -0.000395092684257  -0.00014150427258  -0.00156480351073 -0.000774226258497   0.00237928399122 0.00555209695837  -0.174272325196 -0.0507391776331 0.00181335584555 1
25.938476 1   0.00240418419041 -0.000404581385092  -0.00013472176372  -0.00158374675164 -0.000792387468622   0.00239218069533 0.00555118218644  -0.174284597525 -0.0507439996742 0.00181335584555 1
25.990559 1    0.0023964146533 -0.000401436806928 -0.000128069859425  -0.00160186238607 -0.000786264543304   0.00240482791845  0.0055520348449  -0.174296417562 -0.0507493343933 0.00181335584555 1
26.042643 1   0.00240225044422 -0.000400344296491   -0.0001146932155  -0.00159704703347 -0.000787680009957   0.00243028603053 0.00555217127056  -0.174321095908 -0.0507571745313 0.00181335584555 1
26.094726 1   0.00238732897385 -0.000394257532527 -0.000102321859361  -0.00162654388762 -0.000775101193914   0.00245381184588 0.00555397867393  -0.174343387359 -0.0507660715617 0.00181335584555 1
26.146809 1   0.00237678198211 -0.000395383649692  -9.6849150171e-05  -0.00164967320774 -0.000776087673354   0.00246421195116 0.00555441833036    -0.1743529409 -0.0507711304954 0.00181335584555 1
26.198893 1   0.00235694681249 -0.000402310110306 -8.41791423112e-05  -0.00168332590569 -0.000789716504906   0.00248830540605 0.00555408629492  -0.174376005344 -0.0507797234678 0.00181335584555 1
26.250976 1   0.00233623356165 -0.000412261498302 -7.54681766931e-05  -0.00172033756609 -0.000808043807087   0.00250486172778 0.00555333153469  -0.174391574514 -0.0507867027501 0.00181335584555 1
26.303059 1   0.00228644794426  -0.00042107611974 -6.63193178514e-05  -0.00180283100371 -0.000818820901945   0.00252222707165 0.00555405932031  -0.174407402309 -0.0507956212921 0.00181335584555 1
26.355142 1   0.00227005531319 -0.000420433655758 -5.76033721882e-05  -0.00183216350146 -0.000821573318866   0.00253879751012 0.00555370335316  -0.174423117156 -0.0508021651297 0.00181335584555 1
26.407221 1   0.00224883837198 -0.000425929754549 -4.21715693774e-05   -0.0018747623519 -0.000831669762762   0.00256813938992 0.00555391154434  -0.174450871141 -0.0508139888518 0.00181335584555 1
26.459309 1   0.00223009005696 -0.000417460940454 -3.05211955692e-05  -0.00190881233453 -0.000818048338609   0.00259029139781 0.00555522114797  -0.174471910104 -0.0508225218842 0.00181335584555 1
26.511392 1   0.00221518267489  -0.00041900742592 -2.16080207279e-05  -0.00193660123557 -0.000817934987343    0.0026072374319 0.00555628160764  -0.174487939939 -0.0508293026655 0.00181335584555 1
26.563476 1   0.00220114906113 -0.000424792272339 -1.35304088065e-05 -0.00196484486962 -0.00082742898428  0.00262259235244 0.00555628454518  -0.174502334943 -0.0508360439706 0.00181335584555 1
26.615559 1   0.00218670838253 -0.000422925123332 -8.93188552049e-06  -0.00199753502632 -0.000824548100209   0.00263132235012 0.00555666164831   -0.17450995017 -0.0508418691669 0.00181335584555 1
26.667642 1   0.00218359265081 -0.000422431755124 -5.06605411275e-07 -0.00200635940509 -0.00082023108795  0.00264735014361 0.00555809776953  -0.174525324814 -0.0508475902309 0.00181335584555 1
26.719726 1   0.00216628824259 -0.000420696095293   1.3576356668e-05  -0.00204372274925 -0.000814413370554   0.00267412738723 0.00555984565722  -0.174550568382   -0.05085882668 0.00181335584555 1
26.771809 1   0.00212886107938 -0.000428228822787  2.71357355317e-05  -0.00211278840463 -0.000824138094949   0.00269989117766 0.00556070347603   -0.17457447438 -0.0508710969152 0.00181335584555 1
26.823892 1  0.00211889604358 -0.00041965589705 3.45830070552e-05  -0.00213489540212 -0.000809190501578   0.00271404978618 0.00556209739112   -0.17458772509 -0.0508773880625 0.00181335584555 1
26.87597 1   0.00211752845394 -0.000407745420082  3.91968973433e-05  -0.00214339468129 -0.000788205307696    0.0027228234702 0.00556375808869  -0.174595835255 -0.0508815861351 0.00181335584555 1
26.928059 1    0.0021014242754 -0.000410683407664  4.63385842332e-05  -0.00217331537252 -0.000791602122222   0.00273639695949 0.00556431745723  -0.174608557099 -0.0508876740697 0.00181335584555 1
26.980142 1   0.00209488214845 -0.000398981422124  5.49690401511e-05  -0.00218586799715 -0.000776033842728   0.00275281429295 0.00556485352839  -0.174624434295 -0.0508933737568 0.00181335584555 1
27.032226 1   0.00209562241544 -0.000402750646743  5.74343635112e-05  -0.00219067041315 -0.000784806604458   0.00275750111354 0.00556397250916  -0.174628656769 -0.0508962321291 0.00181335584555 1
27.084309 1   0.00208969393144 -0.000403223721845  6.59666098223e-05  -0.00220649390657 -0.000786845427329   0.00277372784463 0.00556409691387  -0.174644068509 -0.0509029733966 0.00181335584555 1
27.136392 1   0.00208087751988 -0.000406305133731  7.58503756706e-05  -0.00222997259075 -0.000793781459342    0.0027925212996 0.00556390530687  -0.174661740029 -0.0509114848854 0.00181335584555 1
27.188476 1  0.00205609434836 -0.00040683369623 9.10058824787e-05  -0.00227589984255 -0.000797230419313   0.00282133662632 0.00556404965088  -0.174689199397 -0.0509232287663 0.00181335584555 1
27.240559 1   0.00203950144764 -0.000399966713396  0.000106115971057  -0.00230699789815 -0.000786373369641   0.00285007422851 0.00556543953214  -0.174716859564 -0.0509339020216 0.00181335584555 1
27.292642 1   0.00201994956463 -0.000391151969907  0.000108769056554  -0.00234034308461 -0.000771871393876   0.00285510459348 0.00556638430909    -0.1747212327 -0.0509373380274 0.00181335584555 1
27.34472 1   0.00201891370126 -0.000393132822177  0.000114683806086  -0.00234440253689 -0.000774887421365   0.00286635781415 0.00556662843472  -0.174732149819 -0.0509413014483 0.00181335584555 1
27.396808 1  0.00201610649983 -0.00038121336954 0.000117875089522   -0.0023554162676 -0.000755026052023   0.00287242271947 0.00556796854234  -0.174737547918 -0.0509450407976 0.00181335584555 1
27.448891 1   0.00199600034877 -0.000392328813066  0.000130892903342    -0.002389088525 -0.000772426637552   0.00289717808783  0.0055679946193  -0.174761509028 -0.0509540775086 0.00181335584555 1
27.500974 1   0.00200008324672 -0.000394943765651   0.00013502267651  -0.00238880110607 -0.000776266436541   0.00290503508953  0.0055681379806  -0.174768885422 -0.0509577789364 0.00181335584555 1
27.553067 1  0.00200000342274 -0.00039508593732 0.000142301835525  -0.00239042610583 -0.000777710360455    0.0029188866803 0.00556820512997  -0.174782494791 -0.0509621934964 0.00181335584555 1
27.605142 1   0.00198696429266 -0.000397185174537  0.000147464719453  -0.00241507423409 -0.000780992819824   0.00292869734184 0.00556837067671  -0.174791631969 -0.0509670834475 0.00181335584555 1
27.657225 1   0.00196589692298 -0.000408189520374   0.00015027738183  -0.00245009361907 -0.000800391983488   0.00293403062444 0.00556713652341  -0.174796389907 -0.0509706126321 0.00181335584555 1
27.709308 1   0.00195134499564 -0.000408879558138  0.000165247116779  -0.00247485527197 -0.000800757428866   0.00296250565262 0.00556820260359  -0.174824193089  -0.050980354427 0.00181335584555 1
27.761392 1   0.00192827247562 -0.000408333197566  0.000170354809258  -0.00251267287884 -0.000799735436618   0.00297220535837 0.00556860089065  -0.174833231825 -0.0509851880798 0.00181335584555 1
27.81347 1   0.00192136191136 -0.000408547885968  0.000182583049097  -0.0025253024382 -0.00080002663069  0.00299546956837 0.00556933379987  -0.174856054167 -0.0509928919443 0.00181335584555 1
27.865559 1   0.00189462550906 -0.000401074194861  0.000181194944061   -0.0025727557963 -0.000788636548324   0.00299280045249 0.00556968385962  -0.174852399255 -0.0509955794056 0.00181335584555 1
27.917642 1   0.00187421674015 -0.000397905891684  0.000189616097504  -0.00261140619917 -0.000781967530098   0.00300880351478 0.00557094738754  -0.174867325906 -0.0510035727449 0.00181335584555 1
27.969725 1   0.00184735701279 -0.000390084101622  0.000201523531656  -0.00266161738169 -0.000768530669106   0.00303143468629 0.00557258903722  -0.174888594139 -0.0510143817112 0.00181335584555 1
28.021808 1   0.00182342538386 -0.000398255710219  0.000212289675345  -0.00270576766842 -0.000783225769508   0.00305189757341 0.00557205522274   -0.17490795281 -0.0510239649616 0.00181335584555 1
28.073891 1   0.00180209698058 -0.000387092266939  0.000217298957752  -0.00274808937983 -0.000766172310703   0.00306140478927 0.00557302190294  -0.174916211128 -0.0510308958959 0.00181335584555 1
28.125975 1   0.00179323189188 -0.000392335885574   0.00022391871809  -0.00276812326175 -0.000774600886346   0.00307398967001 0.00557297064651  -0.174928055488 -0.0510370415341 0.00181335584555 1
28.178058 1   0.00178858572686 -0.000388123244197  0.000229641062843  -0.00278219070843 -0.000769686963521    0.0030848697604 0.00557308223014   -0.17493822615 -0.0510426149308 0.00181335584555 1
28.230142 1   0.00176896338889 -0.000381368156314  0.000239835418351  -0.00281478436827 -0.000757436031626   0.00310425267386 0.00557472875446  -0.174956975075  -0.051050173084 0.00181335584555 1
28.28222 1   0.0017567395053 -0.00037465611306 0.000239138076621   -0.0028381889213 -0.000744569440757   0.00310291137536 0.00557594440701  -0.174954973628 -0.0510519686232 0.00181335584555 1
28.334309 1   0.00174202549788 -0.000377015838364  0.000242540651029  -0.00286472188172 -0.000745533401845   0.00310937117961 0.00557687089386  -0.174960792879 -0.0510559763228 0.00181335584555 1
28.386392 1   0.00173681723827 -0.000378176312009  0.000251974257409 -0.00287329400048 -0.00074735127546   0.0031273196159 0.00557735649208  -0.174978590766 -0.0510616862163 0.00181335584555 1
28.438475 1   0.00172768366194 -0.000369782614449  0.000259944019257  -0.00289101094948 -0.000735918657976   0.00314247629524 0.00557789474626  -0.174993250673 -0.0510678302089 0.00181335584555 1
28.490558 1   0.00171012259149 -0.000371734791496  0.000274649518418  -0.00292288442649 -0.000740389875948   0.00317044374416 0.00557816690179  -0.175020492316 -0.0510786268015 0.00181335584555 1
28.542642 1   0.00167621491579 -0.000375721376965  0.000287994580458  -0.00298209411497 -0.000750324791294   0.00319580694307 0.00557742995739  -0.175044664808 -0.0510904339201 0.00181335584555 1
28.594725 1   0.00166476099689 -0.000376809045046  0.000304407393617   -0.0030103211531 -0.000754841079386   0.00322702315886  0.0055773847953   -0.17507477732 -0.0511037170123 0.00181335584555 1
28.646808 1   0.00164168861672 -0.000375495095323  0.000321566510657   -0.0030552771792 -0.000753334439691   0.00325965133966 0.00557833655531    -0.1751061808 -0.0511177949195 0.00181335584555 1
28.698892 1   0.00162211849348 -0.000376718040855  0.000333100144595  -0.00309405960623 -0.000756869097871   0.00328157718129 0.00557838766387  -0.175127015116 -0.0511283111821 0.00181335584555 1
28.75097 1   0.00157918438364 -0.000365817692553  0.000350828821289 -0.00317556927266 -0.00074200185464  0.00331526781851 0.00557953615173  -0.175158566833 -0.0511460403843 0.00181335584555 1
28.803058 1    0.0015400269481 -0.000370972739501  0.000373090369834  -0.00324922487256 -0.000749860368992   0.00335758966901 0.00558056660193   -0.17519906786 -0.0511654120908 0.00181335584555 1
28.855141 1   0.00151902928884 -0.000380968125592   0.00039166368733  -0.00329423436707 -0.000766605076388   0.00339290770234 0.00558054508769  -0.175232976455 -0.0511813865148 0.00181335584555 1
28.907225 1   0.00150356899056 -0.000377886248245  0.000403466914019  -0.00332971087611 -0.000763158412311   0.00341534712722 0.00558100829345  -0.175254124525 -0.0511929322577 0.00181335584555 1
28.959308 1   0.00147194430493 -0.000370230564206  0.000414100058025  -0.00338362220026 -0.000750935601633   0.00343555279908 0.00558232872337  -0.175273323907 -0.0512026913979 0.00181335584555 1
29.011392 1   0.00145854169674 -0.000356551211263  0.000416279823587  -0.00340898302673 -0.000728803120758   0.00343968601734 0.00558378365133  -0.175276728148  -0.051206404951 0.00181335584555 1
29.063474 1   0.00143509040343 -0.000346977766005  0.000425313375161  -0.00345108291418 -0.000714418196462     0.003456853417 0.00558486302473  -0.175292964364 -0.0512150567176 0.00181335584555 1
29.115558 1   0.00142289813595 -0.000347533253533  0.000433112165671  -0.00348044082631 -0.000715777046305   0.00347167554661 0.00558511461905  -0.175306622057   -0.05122392001 0.00181335584555 1
29.167641 1   0.00142176820808 -0.000344715787122  0.000439768685739  -0.00349011712516 -0.000710876293681   0.00348433525346 0.00558592461448   -0.17531856107 -0.0512305042728 0.00181335584555 1
29.21972 1   0.00139295565171 -0.000340578781157  0.000442449541697   -0.0035360931667 -0.000704014370527   0.00348941247377 0.00558656169684  -0.175322948942 -0.0512344854233 0.00181335584555 1
29.271808 1   0.00136397895405 -0.000330905916215  0.000446766282983  -0.00358468287208 -0.000688432364625   0.00349760067759 0.00558776350778  -0.175330221813 -0.0512402446042 0.00181335584555 1
29.323891 1   0.00134066429374 -0.000328752600673  0.000450939684767  -0.00362271100438 -0.000686983906752   0.00350552237914 0.00558746992675  -0.175337567292 -0.0512449109367 0.00181335584555 1
29.375974 1   0.00134318810431 -0.000327574830061   0.00045640756169  -0.00362272934302 -0.000686020527124   0.00351592674673 0.00558757035396  -0.175347740306 -0.0512492143563 0.00181335584555 1
29.428058 1   0.00132869652502 -0.000325792288394  0.000460531481939  -0.00364925039716 -0.000681545516163   0.00352375931237 0.00558860674844  -0.175354918506 -0.0512540308146 0.00181335584555 1
29.480141 1   0.00132602379616 -0.000329027536041  0.000467246850818  -0.00365669246599 -0.000684313879984   0.00353653396899 0.00558963078226  -0.175367430679  -0.051259186846 0.00181335584555 1
29.532225 1   0.00130025038138 -0.000331573493445  0.000483240512335  -0.00370162811437 -0.000687626030233   0.00356694582531 0.00559066398629  -0.175397166357 -0.0512718389203 0.00181335584555 1
29.584308 1    0.0012912267697 -0.000323946473987  0.000487541290218  -0.00371910378326 -0.000673546487025   0.00357512004042 0.00559237967709  -0.175404849697 -0.0512761886552 0.00181335584555 1
29.636391 1  0.00127467838123 -0.00032571965131 0.000502779411661  -0.00374584532781 -0.000677064263073   0.00360410529285 0.00559287782335  -0.175433790021 -0.0512863409983 0.00181335584555 1
29.688476 1  0.00124930674711 -0.00032196512473  0.00051273911916  -0.00379250948007 -0.000671733969647   0.00362303211945 0.00559358493204  -0.175451666829 -0.0512965474861 0.00181335584555 1
29.740558 1   0.00123491674708 -0.000329125399232   0.00052044929064  -0.00381986469901 -0.000682691969172    0.0036376887853 0.00559356203044  -0.175465709786 -0.0513038523048 0.00181335584555 1
29.792641 1   0.00122504873666 -0.000329328300339   0.00051848227498  -0.00384015384174 -0.000683163885256   0.00363393257087 0.00559336095946  -0.175461140932  -0.051305387403 0.00181335584555 1
29.844724 1   0.00120757919678 -0.000320545805439  0.000522980420593  -0.00387153768089 -0.000666148568987     0.003642474703 0.00559567598652  -0.175468919307 -0.0513108471738 0.00181335584555 1
29.896808 1   0.00118191240807 -0.000308128166949  0.000526603093416  -0.00391315949413 -0.000644214304334   0.00364934642157 0.00559794067924  -0.175475094289 -0.0513154830964 0.00181335584555 1
29.948891 1   0.00117880798646 -0.000312195955911  0.000529496089924  -0.00392377766962 -0.000651236516221   0.00365484406279 0.00559750594257  -0.175479996138 -0.0513196148463 0.00181335584555 1
30.000974 1   0.00117289906397 -0.000310689587777  0.000529277028924  -0.00393531767399 -0.000649774979818   0.00365442014452 0.00559725382762  -0.175479176615 -0.0513208718155 0.00181335584555 1
30.053058 1   0.00116523110319 -0.000313856202834  0.000535685517423  -0.00394957210796 -0.000652261903369   0.00366660756535 0.00559839796418  -0.175491142151 -0.0513259872803 0.00181335584555 1
30.105141 1   0.00115887805457 -0.000315499221443  0.000544286821652  -0.00396472653437 -0.000653927228503   0.00368296653239 0.00559916490779  -0.175507079019  -0.051333424802 0.00181335584555 1
30.157219 1   0.00115240185606 -0.000307302646507   0.00054940219145  -0.00398037519913 -0.000642218551748   0.00369269120721 0.00559971203385  -0.175516215244 -0.0513390471656 0.00181335584555 1
30.209307 1   0.00114000407849 -0.000310069437759  0.000554279555548  -0.00400351910002 -0.000646925470426   0.00370195950301 0.00559962256864  -0.175524965915 -0.0513443294228 0.00181335584555 1
30.261391 1   0.00113916644166 -0.000311692872388  0.000569179016307  -0.00401147079408 -0.000650256702591   0.00373030784386 0.00560007579105  -0.175553160554 -0.0513555104148 0.00181335584555 1
30.313474 1   0.00112677302195 -0.000316199145193  0.000580791025928   -0.0040374229692 -0.000658850864988   0.00375239026792 0.00559975236209  -0.175574709577 -0.0513657847587 0.00181335584555 1
30.365557 1    0.0011069355427 -0.000314807764516  0.000590066254439  -0.00407518215908 -0.000656222352015   0.00377001921919 0.00560064027251  -0.175591472827 -0.0513754365601 0.00181335584555 1
30.417641 1   0.00110657263224 -0.000318604139753  0.000601456838051  -0.00408363834858 -0.000662978337125   0.00379168897402 0.00560066477993   -0.17561274109 -0.0513851808905 0.00181335584555 1
30.469724 1   0.00107732792708 -0.000324320292809  0.000613650010435   -0.0041327116816 -0.000672771350969   0.00381486643105 0.00560055048534  -0.175635405939 -0.0513959199406 0.00181335584555 1
30.521807 1   0.00108252957591 -0.000327491301747  0.000620936048529  -0.00412528125072 -0.000677164321448   0.00382873614353 0.00560096298278   -0.17564966834 -0.0513999065408 0.00181335584555 1
30.57389 1   0.00107930587588 -0.000323982552333  0.000623465093533  -0.00413635510748 -0.000672558840666   0.00383354090542 0.00560103552183  -0.175653796982 -0.0514041572415 0.00181335584555 1
30.625975 1  0.00107981153887 -0.00032210545599 0.000627772160006  -0.00414032193614 -0.000668082070148   0.00384173362661 0.00560214861826   -0.17566162015  -0.051408569816 0.00181335584555 1
30.678057 1   0.00107074332661 -0.000320506589878  0.000627260477545  -0.00415698446746 -0.000665076545363   0.00384074997567   0.005602478603  -0.175660073768 -0.0514101061636 0.00181335584555 1
30.73014 1   0.00105583598599 -0.000326586463891  0.000626997904707  -0.00417994862274 -0.000673491952828    0.0038402381017 0.00560240588612  -0.175659221645 -0.0514110780856 0.00181335584555 1
30.782223 1   0.00104978410777 -0.000333199885982  0.000636505804446   -0.0041929082035 -0.000683101914669   0.00385832423079 0.00560272871197  -0.175677250017 -0.0514185130892 0.00181335584555 1
30.834307 1   0.00104864664711 -0.000323472939193  0.000642867065716  -0.00419524863287 -0.000669757389788   0.00387042912923 0.00560315657207  -0.175689610809  -0.051422472217 0.00181335584555 1
30.886391 1   0.00103884191962 -0.000326223164386  0.000639537321269  -0.00421237402072 -0.000674668759774   0.00386408241716 0.00560242299517  -0.175682619596 -0.0514222134474 0.00181335584555 1
30.938474 1    0.0010375626292 -0.000322420266087  0.000644826912357  -0.00421900554579 -0.000667262668734   0.00387414365669 0.00560376321999  -0.175692346186 -0.0514273683703 0.00181335584555 1
30.990557 1   0.00103498559801 -0.000320777406323   0.00064573043585 -0.00422349149439 -0.00066357666838  0.00387586057471 0.00560448479904  -0.175693974765 -0.0514283039799 0.00181335584555 1
31.04264 1   0.00103802732915 -0.000323817156389  0.000648510071414  -0.00422113359696 -0.000669349479394    0.0038811507799 0.00560390946022  -0.175699228185 -0.0514306991664 0.00181335584555 1
31.094722 1   0.00103290310397 -0.000327991196082  0.000653980800514  -0.00422980287781 -0.000675266549197   0.00389155722062  0.0056041520585  -0.175709762193 -0.0514345652687 0.00181335584555 1
31.146807 1   0.00103139558945 -0.000323623264164  0.000650494531487   -0.0042322671427 -0.000668982436261   0.00388492119912 0.00560407883742  -0.175702848673 -0.0514327551144 0.00181335584555 1
31.19889 1   0.00103870080538 -0.000318391722993  0.000654024114072  -0.00422025055258 -0.000660081652494   0.00389164504923 0.00560512795317  -0.175710042784 -0.0514338482717 0.00181335584555 1
31.250973 1   0.00103515782281 -0.000312139639514  0.000654903732482 -0.00423020795513 -0.00064947374456  0.00389331200964 0.00560615038112  -0.175711073113 -0.0514366774158 0.00181335584555 1
31.303057 1   0.00102285461085 -0.000306102701563  0.000660108916035  -0.00425316435198 -0.000639473415105   0.00390320438651 0.00560731063796  -0.175720485868 -0.0514424556468 0.00181335584555 1
31.35514 1  0.00101934308653 -0.00031524889721 0.000669023733342  -0.00426223518682 -0.000655069259132   0.00392016388127 0.00560639393703  -0.175737536922 -0.0514495417998 0.00181335584555 1
31.407223 1  0.00101383149865 -0.00032633486244 0.000671796823577  -0.00427614978686 -0.000672313968047   0.00392543164753 0.00560556927864  -0.175742179872 -0.0514540995183 0.00181335584555 1
31.459307 1   0.00100989837806 -0.000330623689885  0.000679368732635  -0.00428729693017 -0.000679249719583   0.00393983378554 0.00560552702374  -0.175756367189 -0.0514611392722 0.00181335584555 1
31.51139 1    0.0010112262668 -0.000335322956985  0.000687203589133  -0.00429171909702 -0.000685882465126   0.00395473925314 0.00560592585031  -0.175771007677  -0.051468574395 0.00181335584555 1
31.563468 1  0.00101050539603 -0.00033458795947 0.000696744290313  -0.00429804086659 -0.000685230078832   0.00397289077541 0.00560634732283  -0.175789151017 -0.0514765794001 0.00181335584555 1
31.615556 1   0.00100613118139 -0.000330388332128  0.000702287621017    -0.004304510982 -0.000679592459663   0.00398343714515 0.00560663285888  -0.175800051978  -0.051479988281 0.00181335584555 1
31.66764 1  0.000988722466612 -0.000324881258807  0.000708804958201  -0.00433622968812 -0.000672880205474   0.00399582179975 0.00560662979607  -0.175811869409 -0.0514874940279 0.00181335584555 1
31.719723 1  0.000974030392022 -0.000331767173403  0.000714446495387  -0.00436210004416 -0.000685094926384   0.00400654328795  0.0056056006431  -0.175822278578 -0.0514935033464 0.00181335584555 1
31.771807 1  0.000969331385238 -0.000330909673914  0.000721228909308  -0.00437494279356 -0.000684645525488   0.00401944192017 0.00560566065591  -0.175834840595 -0.0515005117949 0.00181335584555 1
31.82389 1  0.000948188236333 -0.000336234035413  0.000729935633405  -0.00441301796591 -0.000693672453894   0.00403598943643 0.00560533439222  -0.175850846918 -0.0515099486927 0.00181335584555 1
31.875973 1 0.000924041146514 -0.00033691682349  0.00073605758546  -0.0044563020426 -0.00069326361506  0.00404761486304 0.00560640869487  -0.175861525153 -0.0515184405244 0.00181335584555 1
31.928057 1  0.000903464517421 -0.000346461661803  0.000746516647371   -0.0044942678682 -0.000708135397222   0.00406749692165 0.00560615848207   -0.17588093025 -0.0515292707619 0.00181335584555 1
31.98014 1  0.000892712124849 -0.000350047813028  0.000760040205231  -0.00451508084221 -0.000713869288434   0.00409322098127 0.00560659555665  -0.175906955322 -0.0515400792276 0.00181335584555 1
32.032223 1  0.000885299932558 -0.000351775631886  0.000771595293288  -0.00453146042344 -0.000717177008808   0.00411520089919 0.00560684293388  -0.175929061768 -0.0515498508847 0.00181335584555 1
32.084306 1  0.000875181232639 -0.000355708305917  0.000783465537061  -0.00455214780276 -0.000724055696078   0.00413777824848 0.00560682151349  -0.175951726953 -0.0515601239268 0.00181335584555 1
32.13639 1  0.000865255787835 -0.000356842031679  0.000795963017611  -0.00457378634166 -0.000727232233713   0.00416154833843 0.00560676045997  -0.175975479405 -0.0515713983997 0.00181335584555 1
32.188473 1  0.000843059518042 -0.000353733302625  0.000802969865612  -0.00461342050706 -0.000722248888737   0.00417486010262 0.00560757989138  -0.175988081803 -0.0515800814072 0.00181335584555 1
32.240557 1  0.000830143385345 -0.000353000070522  0.000805217682499   -0.0046346436341 -0.000720317734296   0.00417912623687 0.00560820948088  -0.175992029008 -0.0515831468118 0.00181335584555 1
32.292639 0  0.000602363099136 -0.000230528344459   0.00101179181277 -0.00532459424616   0.0183652943652  0.00409498855968 0.00560820948088  -0.175992029008 -0.0515831468118 0.00181335584555 2
32.344724 0  0.000370572015544 -0.000346129870588   0.00123341420994 -0.00479940059589   0.0250386149707  0.00317193963607 0.00560820948088  -0.175992029008 -0.0515831468118 0.00181335584555 3
32.396807 1  0.000416682875322 -3.84928192559e-05   0.00112251856689 -0.00478705676465   0.0256248823336  0.00297512504091 0.00569584696272  -0.175818631638 -0.0514857490706 0.00181335584555 3
32.44889 1 0.000401287346022 0.000367478038076  0.00130987111667 -0.00474198396652    0.026436530649  0.00329967057678 0.00581686292404  -0.176160421024 -0.0514532834949 0.00181335584555 3
32.500972 1 0.000397516317344 0.000414970311067  0.00133905248303 -0.00481361646943    0.026564265514  0.00334996256484 0.00586680434143  -0.176206772375 -0.0514689795828 0.00181335584555 3
32.553056 1  0.00036813027765 0.000426708763778  0.00130779388119 -0.00487318068599   0.0265820000065  0.00329513223514 0.00587276860194  -0.176152158065 -0.0514628849436 0.00181335584555 3
32.60514 1 0.000370327130028 0.000405509574742  0.00140000219214 -0.00486262998485   0.0265385888581  0.00345694944916 0.00587119249664  -0.176305516836 -0.0515062298811 0.00181335584555 3
32.657223 1  0.00034551519875 0.000430692355678  0.00134614880008 -0.00490256556677   0.0265842344826  0.00336237871083 0.00587558243678  -0.176215521463 -0.0514817207684 0.00181335584555 3
32.709306 1  0.00031654077165 0.000352506270266  0.00138320645589 -0.00494774981341   0.0264299783341  0.00342801559163 0.00585778183419  -0.176271821099 -0.0515197177927 0.00181335584555 3
32.761389 0 4.14657592236e-06  0.00181608309924  0.00155741731007 -0.00409015388779   0.0261019584001  0.00257285303512 0.00585778183419  -0.176271821099 -0.0515197177927 0.00181335584555 4
32.813473 0 -0.000279929054305   0.00328351528252     0.001715750048 -0.00357871456372   0.0269037607249  0.00239736134016 0.00585778183419  -0.176271821099 -0.0515197177927 0.00181335584555 5
32.865556 0 -0.000527584855387   0.00476666178732   0.00184721908372 -0.00286511703932   0.0278236509444  0.00168112498566 0.00585778183419  -0.176271821099 -0.0515197177927 0.00181335584555 6
32.91764 0 -0.000749062869424   0.00626719575011   0.00195612486644 -0.0019174464619  0.0283807183401 0.00142021555548 0.00585778183419  -0.176271821099 -0.0515197177927 0.00181335584555 7
32.969717 0 -0.000933956548228   0.00779250905531   0.00204587700589 -0.00210287331763   0.0291882938808  0.00117408670484 0.00585778183419  -0.176271821099 -0.0515197177927 0.00181335584555 8
33.021806 0 -0.00108611022853  0.00931688203486  0.00211323080792 -0.00130227777898   0.0296651047783  0.00078390410643 0.00585778183419  -0.176271821099 -0.0515197177927 0.00181335584555 9
33.073889 0 -0.00119899198299   0.0108324750191  0.00215557148017 -0.00200658754729   0.0304508507356 0.000677630933343 0.00585778183419  -0.176271821099 -0.0515197177927 0.00181335584555 10
33.125973 0 -0.00127318822399   0.0123668166531  0.00216874557228 -0.00178920301746   0.0295528055606 0.000166956781764 0.00585778183419  -0.176271821099 -0.0515197177927 0.00181335584555 11
33.178056 0 -0.00130059505596   0.0139126584618  0.00215253548604  -0.0014060790224   0.0295186385333 -2.7777469042e-05 0.00585778183419  -0.176271821099 -0.0515197177927 0.00181335584555 11
33.230139 0 -0.00128559718277   0.0154714401951  0.00210778776239 1.91635490856e-05   0.0300047272575 -0.00135138418136 0.00585778183419  -0.176271821099 -0.0515197177927 0.00181335584555 11
33.282222 0 -0.0012332116579  0.0170320512974 0.00203764819283 0.000782206838037   0.0302763821159 -0.00120003398272 0.00585778183419  -0.176271821099 -0.0515197177927 0.00181335584555 11
33.334306 0 -0.00113046642686   0.0185937194742  0.00193762259178  0.00247807361353   0.0305814705815 -0.00249645383345 0.00585778183419  -0.176271821099 -0.0515197177927 0.00181335584555 11
33.386389 0 -0.000973924558243    0.0201827301417   0.00179893360796  0.00317384265496   0.0301987068151 -0.00304394464369 0.00585778183419  -0.176271821099 -0.0515197177927 0.00181335584555 11
33.438469 0 -0.000766111864889    0.0217914027487   0.00161943644427  0.00530231425278   0.0295943560929 -0.00431195734861 0.00585778183419  -0.176271821099 -0.0515197177927 0.00181335584555 11
33.490556 0 -0.00049630494943   0.0234278805057  0.00141064801114 0.00565261067626  0.0302734182468 -0.0038077542506 0.00585778183419  -0.176271821099 -0.0515197177927 0.00181335584555 11
33.542639 0 -0.000183044233694    0.0250865324878   0.00117476707194  0.00738786982744   0.0304844201513 -0.00486203750441 0.00585778183419  -0.176271821099 -0.0515197177927 0.00181335584555 11
33.594722 0 0.000196994657086   0.0267535142022 0.000902408342749   0.0096084884318   0.0308392718201 -0.00573760795872 0.00585778183419  -0.176271821099 -0.0515197177927 0.00181335584555 11
33.646806 0 0.000622150091866   0.0284341444028 0.000599406711802 0.00976704723999  0.0323111067295 -0.0065519844029 0.00585778183419  -0.176271821099 -0.0515197177927 0.00181335584555 11
33.698889 0  0.00110136706417    0.030121468304 0.000264997513553   0.0110642285913   0.0320125586959 -0.00700817218716 0.00585778183419  -0.176271821099 -0.0515197177927 0.00181335584555 11
33.750972 0   0.00162793532727    0.0318090091497 -8.91879694677e-05   0.0110655378378   0.0323345600549 -0.00684756427042 0.00585778183419  -0.176271821099 -0.0515197177927 0.00181335584555 11
33.803055 0   0.00220956312619    0.0335061179092 -0.000475583905918   0.0117136974214   0.0322804846232 -0.00799992607398 0.00585778183419  -0.176271821099 -0.0515197177927 0.00181335584555 11
33.855139 0   0.00284954247209    0.0351995906181 -0.000901676176286   0.0125015206675   0.0319151257584 -0.00812415233524 0.00585778183419  -0.176271821099 -0.0515197177927 0.00181335584555 11
33.907225 0  0.00355513806209   0.0368775096901 -0.00136226638456   0.0141262108931   0.0231085198063 -0.00944293469112 0.00585778183419  -0.176271821099 -0.0515197177927 0.00181335584555 11
33.959305 0  0.00431072417325   0.0386026528915 -0.00184848134729   0.0141447441236   0.0275492560238 -0.00889144682584 0.00585778183419  -0.176271821099 -0.0515197177927 0.00181335584555 11
34.011389 0  0.00512316377912   0.0403118946516 -0.00236486777344 0.0156403276153 0.0314571960219 -0.010736567566 0.00585778183419  -0.176271821099 -0.0515197177927 0.00181335584555 11
34.063472 0  0.00597231277989   0.0420469571828 -0.00290488951275  0.0161445870231  0.0347475622542 -0.0108021353202 0.00585778183419  -0.176271821099 -0.0515197177927 0.00181335584555 11
34.115555 0   0.0068830685984   0.0437846302603 -0.00348738953764  0.0169134412457  0.0358752519894 -0.0109670357361 0.00585778183419  -0.176271821099 -0.0515197177927 0.00181335584555 11
34.167639 0  0.00785392851571   0.0455369945929 -0.00410740340018  0.0194951085803  0.0352203940487 -0.0124242737913 0.00585778183419  -0.176271821099 -0.0515197177927 0.00181335584555 11
34.219722 0  0.00888280176464   0.0472733916887 -0.00476165836949  0.0210893599188  0.0342930760547 -0.0132497442267 0.00585778183419  -0.176271821099 -0.0515197177927 0.00181335584555 11
34.271805 0  0.00997034978733   0.0490042215603 -0.00544819230146  0.0214865907038  0.0324021559814 -0.0135987668803 0.00585778183419  -0.176271821099 -0.0515197177927 0.00181335584555 11
34.323889 0   0.0110939347901   0.0507359370715 -0.00616056945607  0.0215059585553  0.0315766996273 -0.0135788984223 0.00585778183419  -0.176271821099 -0.0515197177927 0.00181335584555 11
34.375972 0   0.0122685495572   0.0524720025142 -0.00690047951122  0.0227804119529  0.0323152034177 -0.0143237465284 0.00585778183419  -0.176271821099 -0.0515197177927 0.00181335584555 11
34.428055 0   0.0135013416007   0.0542268750572 -0.00767612067757  0.0245261118604  0.0338278081569 -0.0153888798844 0.00585778183419  -0.176271821099 -0.0515197177927 0.00181335584555 11
34.480139 0   0.0147722225637   0.0560002417875 -0.00848012789828  0.0250005871151  0.0349426831041 -0.0159680827169 0.00585778183419  -0.176271821099 -0.0515197177927 0.00181335584555 11
34.532222 0   0.0160712949771   0.0577854211759 -0.00930891215842  0.0246658791604   0.035461386669 -0.0157779399384 0.00585778183419  -0.176271821099 -0.0515197177927 0.00181335584555 11
34.584305 0  0.0174066287818  0.0595840947275 -0.0101592636701  0.0257801702524  0.0355977085327 -0.0165583668384 0.00585778183419  -0.176271821099 -0.0515197177927 0.00181335584555 11
34.636388 0  0.0187777608084  0.0613973238406 -0.0110348736326  0.0269653275011  0.0354116431288 -0.0172614590123 0.00585778183419  -0.176271821099 -0.0515197177927 0.00181335584555 11
34.688472 0  0.0201675941862  0.0632155551986 -0.0119253381969 0.0269552651463 0.0344221101274 -0.017242786708 0.00585778183419  -0.176271821099 -0.0515197177927 0.00181335584555 11
34.740555 0  0.0215718153921  0.0650304093685 -0.0128314952767   0.026743323744  0.0337420304828 -0.0172916667995 0.00585778183419  -0.176271821099 -0.0515197177927 0.00181335584555 11
34.792638 0  0.0230166640951  0.0668475699915 -0.0137678063218    0.02814495848  0.0340790235332 -0.0182440534975 0.00585778183419  -0.176271821099 -0.0515197177927 0.00181335584555 11
34.844721 0 0.0245173284413 0.0686789799488 -0.014739478915  0.0297015563194  0.0352517798431 -0.0190918517768 0.00585778183419  -0.176271821099 -0.0515197177927 0.00181335584555 11
34.896807 0  0.0260624675643  0.0705281019198 -0.0157397466017  0.0299458642205   0.035985188362 -0.0195644557806 0.00585778183419  -0.176271821099 -0.0515197177927 0.00181335584555 11
34.948888 0  0.0276332863252  0.0723867875592 -0.0167593994729  0.0300215741892  0.0363147269889 -0.0195790045291 0.00585778183419  -0.176271821099 -0.0515197177927 0.00181335584555 11
35.000971 0   0.029237358758  0.0742513506603 -0.0177975460406  0.0311537450141   0.036724223602 -0.0200584886442 0.00585778183419  -0.176271821099 -0.0515197177927 0.00181335584555 11
35.053055 0  0.0308824361957  0.0761298444869 -0.0188477946434  0.0324012390531  0.0366039761164 -0.0205414410008 0.00585778183419  -0.176271821099 -0.0515197177927 0.00181335584555 11
35.105138 0  0.0325648875427   0.078015969048 -0.0199127571443  0.0323974830471   0.036011748889 -0.0205636904337 0.00585778183419  -0.176271821099 -0.0515197177927 0.00181335584555 11
35.157222 0  0.0342617250878  0.0799085037696 -0.0209951375554  0.0324920166509  0.0356909612395 -0.0208501223533 0.00585778183419  -0.176271821099 -0.0515197177927 0.00181335584555 11
35.209305 0  0.0359843963615  0.0818117927472 -0.0221053571435  0.0334940308749  0.0358908763994 -0.0215263622206 0.00585778183419  -0.176271821099 -0.0515197177927 0.00181335584555 11
35.261388 0  0.0377451065624  0.0837206481854 -0.0232360376295  0.0343889758797  0.0365176408427 -0.0220484466553 0.00585778183419  -0.176271821099 -0.0515197177927 0.00181335584555 11
35.313471 0  0.0395384266929  0.0856410728191 -0.0243875651519   0.034587516944  0.0371456889193 -0.0221523135643 0.00585778183419  -0.176271821099 -0.0515197177927 0.00181335584555 11
35.365556 0  0.0413532637681  0.0875697503526 -0.0255542078061  0.0346808284272  0.0374706770326 -0.0224906732216 0.00585778183419  -0.176271821099 -0.0515197177927 0.00181335584555 11
35.417638 0  0.0431828814963  0.0895002966311 -0.0267392575278  0.0354305271136  0.0377209977511 -0.0229473480151 0.00585778183419  -0.176271821099 -0.0515197177927 0.00181335584555 11
35.469721 0  0.0450332212942  0.0914367421652 -0.0279369129577  0.0358092400255  0.0375873118737 -0.0231688505303 0.00585778183419  -0.176271821099 -0.0515197177927 0.00181335584555 11
35.521805 0  0.0469041798304  0.0933749915065 -0.0291433177534  0.0361205785037  0.0370356914408 -0.0232624872353 0.00585778183419  -0.176271821099 -0.0515197177927 0.00181335584555 11
35.573887 0  0.0488174984794   0.095316496068 -0.0303712605947  0.0370564288848  0.0368456234122 -0.0237324280811 0.00585778183419  -0.176271821099 -0.0515197177927 0.00181335584555 11
35.625971 0 0.0507696769211 0.0972663283327 -0.031625345625   0.037913316194  0.0370550648588 -0.0243461283476 0.00585778183419  -0.176271821099 -0.0515197177927 0.00181335584555 11
35.678054 0  0.0527536860518  0.0992208741999 -0.0328974647218  0.0386313603815  0.0373072632764 -0.0246469852172 0.00585778183419  -0.176271821099 -0.0515197177927 0.00181335584555 11
35.730138 0   0.054780517623   0.101173588026 -0.0341863488225  0.0392268792156  0.0375085892507 -0.0248650202125 0.00585778183419  -0.176271821099 -0.0515197177927 0.00181335584555 11
35.782221 0   0.056857750624   0.103133527287 -0.0354974499235  0.0402869548407   0.038054213627 -0.0254220666054 0.00585778183419  -0.176271821099 -0.0515197177927 0.00181335584555 11
35.834304 0 0.0589848333117  0.105107158474 -0.036838043693  0.0413368256766  0.0384325153593 -0.0260429751792 0.00585778183419  -0.176271821099 -0.0515197177927 0.00181335584555 11
35.886388 0  0.0611500846446   0.107090572643 -0.0381998732328 0.0419851596175 0.0383367610475 -0.026383244777 0.00585778183419  -0.176271821099 -0.0515197177927 0.00181335584555 11
35.938471 0  0.0633604061406   0.109082339469 -0.0395893060335  0.0427720109603  0.0382247153946 -0.0269246643859 0.00585778183419  -0.176271821099 -0.0515197177927 0.00181335584555 11
35.990554 0  0.0656176687394    0.11107556151 -0.0410149470145  0.0438530793697  0.0380679179821 -0.0276972861947 0.00585778183419  -0.176271821099 -0.0515197177927 0.00181335584555 11
36.042637 0  0.0679263010012   0.113072207526 -0.0424732579231   0.044948586109  0.0380697835359 -0.0283375723702 0.00585778183419  -0.176271821099 -0.0515197177927 0.00181335584555 11
36.094721 0  0.0702870139017   0.115076018091 -0.0439605444604  0.0457949709358  0.0384437307616 -0.0288255126188 0.00585778183419  -0.176271821099 -0.0515197177927 0.00181335584555 11
36.146804 0   0.072699096232   0.117091968015 -0.0454788173051  0.0466967866617  0.0387651665623 -0.0293772467627 0.00585778183419  -0.176271821099 -0.0515197177927 0.00181335584555 11
36.198888 0  0.0751675224812   0.119112184589 -0.0470311110439 0.0479911938142 0.0390488594405 -0.030173969534 0.00585778183419  -0.176271821099 -0.0515197177927 0.00181335584555 11
36.25097 0  0.0776920579803   0.121138783932 -0.0486165292137  0.0489621240152  0.0393053946446 -0.0307374995424 0.00585778183419  -0.176271821099 -0.0515197177927 0.00181335584555 11
36.303055 0  0.0802605686519   0.123171708584 -0.0502262140103  0.0497148693934   0.039290754574 -0.0310394485727 0.00585778183419  -0.176271821099 -0.0515197177927 0.00181335584555 11
36.355137 0  0.0828757276167   0.125212263385 -0.0518514883374  0.0505654392256  0.0391851395458 -0.0313402302528 0.00585778183419  -0.176271821099 -0.0515197177927 0.00181335584555 11
36.40722 0  0.0855288018592   0.127258901562 -0.0534940999679  0.0513340509166  0.0391962519769 -0.0317110195118 0.00585778183419  -0.176271821099 -0.0515197177927 0.00181335584555 11
36.459304 0   0.088215128034   0.129307345397 -0.0551474163061 0.0518982670066 0.0391263849594 -0.031989196654 0.00585778183419  -0.176271821099 -0.0515197177927 0.00181335584555 11
36.511387 0  0.0909351862953   0.131356953673 -0.0568240393222 0.0525543440319  0.039228565717 -0.032371452378 0.00585778183419  -0.176271821099 -0.0515197177927 0.00181335584555 11
36.563471 0  0.0937021052599   0.133411436575 -0.0585209569488  0.0535775471362  0.0394445402402 -0.0327299727657 0.00585778183419  -0.176271821099 -0.0515197177927 0.00181335584555 11
36.615554 0  0.0965181680148   0.135463403438 -0.0602396814182  0.0545369976429  0.0395642319931 -0.0332501257907 0.00585778183419  -0.176271821099 -0.0515197177927 0.00181335584555 11
36.667637 0  0.0993766365286   0.137515635577 -0.0619764704373   0.055219450317  0.0396111776949 -0.0334572083582 0.00585778183419  -0.176271821099 -0.0515197177927 0.00181335584555 11
36.71972 0   0.102279296536   0.139572228795 -0.0637265551645  0.0561113857448  0.0395502866062 -0.0337109920732 0.00585778183419  -0.176271821099 -0.0515197177927 0.00181335584555 11
36.771804 0   0.105224295067     0.1416365419 -0.0654984362933  0.0570052084029  0.0397786518658 -0.0342257405512 0.00585778183419  -0.176271821099 -0.0515197177927 0.00181335584555 11
36.823887 0    0.10820636044   0.143710561387 -0.0672864246626  0.0575796096758  0.0398112575522 -0.0345392179448 0.00585778183419  -0.176271821099 -0.0515197177927 0.00181335584555 11
36.87597 0  0.111220116469  0.145786344198 -0.069092301305  0.0581806890536  0.0397521963969 -0.0348402247032 0.00585778183419  -0.176271821099 -0.0515197177927 0.00181335584555 11
36.928054 0   0.114265789858   0.147867273645 -0.0709099407929  0.0587337556152  0.0398571860603 -0.0349721790336 0.00585778183419  -0.176271821099 -0.0515197177927 0.00181335584555 11
36.980137 0   0.117338597078   0.149951376327 -0.0727324234498  0.0592407530199  0.0400523144931 -0.0349702341016 0.00585778183419  -0.176271821099 -0.0515197177927 0.00181335584555 11
37.032221 0   0.120433655223   0.152041946513 -0.0745594286962   0.059702877935  0.0402608224815 -0.0352435460429 0.00585778183419  -0.176271821099 -0.0515197177927 0.00181335584555 11
37.084303 0   0.123563676777   0.154134949254 -0.0764026795547  0.0605747715661  0.0402815162132 -0.0355899739268 0.00585778183419  -0.176271821099 -0.0515197177927 0.00181335584555 11
37.136387 0   0.126747890396   0.156227486187 -0.0782751216002  0.0617454509034  0.0401878858323 -0.0363128777417 0.00585778183419  -0.176271821099 -0.0515197177927 0.00181335584555 11
37.18847 0   0.129991461184   0.158315413028 -0.0801816986522  0.0629187129539  0.0401774174325 -0.0369787433433 0.00585778183419  -0.176271821099 -0.0515197177927 0.00181335584555 11
37.240553 0   0.133298017625   0.160409550766 -0.0821216991694  0.0640005162545  0.0401965046938 -0.0375559960853 0.00585778183419  -0.176271821099 -0.0515197177927 0.00181335584555 11
37.292636 0   0.136659751422   0.162501712194 -0.0840888420902   0.065103106588   0.040065067079 -0.0379452342055 0.00585778183419  -0.176271821099 -0.0515197177927 0.00181335584555 11
37.34472 0   0.140075746886   0.164600245398 -0.0860723295999  0.0659339601751  0.0403186711099 -0.0382073741577 0.00585778183419  -0.176271821099 -0.0515197177927 0.00181335584555 11
37.396803 0   0.143528988602   0.166711632193 -0.0880653155203  0.0666884999726  0.0405946378861 -0.0384741480194 0.00585778183419  -0.176271821099 -0.0515197177927 0.00181335584555 11
37.448887 0   0.147019932747   0.168834910482 -0.0900788725186 0.0674108580445 0.0409695082691 -0.038835208718 0.00585778183419  -0.176271821099 -0.0515197177927 0.00181335584555 11
37.50097 0   0.150543722786   0.170971566205 -0.0921107094106  0.0679353046808  0.0412895004862 -0.0391862984256 0.00585778183419  -0.176271821099 -0.0515197177927 0.00181335584555 11
37.553053 0   0.154102543697   0.173117861121 -0.0941617983609  0.0687458631585  0.0413644934112 -0.0396673974512 0.00585778183419  -0.176271821099 -0.0515197177927 0.00181335584555 11
37.605137 0   0.157699800646   0.175270325034 -0.0962357446605  0.0695041977951  0.0413971229004 -0.0399335218453 0.00585778183419  -0.176271821099 -0.0515197177927 0.00181335584555 11
37.65722 0    0.16133306518   0.177427662185 -0.0983295292893 0.0700403355203 0.0414642898196 -0.040365542432 0.00585778183419  -0.176271821099 -0.0515197177927 0.00181335584555 11
37.709304 0  0.164999115441   0.17958894705 -0.100446936594 0.0709109246959 0.0415020710158 -0.040900000941 0.00585778183419  -0.176271821099 -0.0515197177927 0.00181335584555 11
37.761386 0  0.168707013684  0.181763633446 -0.102590071371 0.0714858146967 0.0416926213581 -0.041398472207 0.00585778183419  -0.176271821099 -0.0515197177927 0.00181335584555 11
37.81347 0  0.172447668983  0.183940097467 -0.104753494554 0.0722128188091 0.0418186304905 -0.041673182544 0.00585778183419  -0.176271821099 -0.0515197177927 0.00181335584555 11
37.865553 0  0.176228972147   0.18612505148 -0.106932816698 0.0728660391221 0.0420831722791 -0.042126225081 0.00585778183419  -0.176271821099 -0.0515197177927 0.00181335584555 11
37.917636 0  0.180040487819   0.18832214482 -0.109139855204  0.0735331014307   0.042337964912 -0.0425395053904 0.00585778183419  -0.176271821099 -0.0515197177927 0.00181335584555 11
37.969719 0  0.183886481717  0.190525670143 -0.111368331574 0.0742223947757 0.0424740578983 -0.043056885987 0.00585778183419  -0.176271821099 -0.0515197177927 0.00181335584555 11
38.021803 0  0.187783462988  0.192741830665 -0.113627973866  0.0752209599632  0.0426387461838 -0.0436451505515 0.00585778183419  -0.176271821099 -0.0515197177927 0.00181335584555 11
38.073887 0  0.191717866555  0.194964208098 -0.115909212108  0.075879292698 0.0427853779371 -0.043996672689 0.00585778183419  -0.176271821099 -0.0515197177927 0.00181335584555 11
38.125969 0  0.195690754006  0.197200964525 -0.118214828941  0.0767496710948  0.0429657636201 -0.0444843605694 0.00585778183419  -0.176271821099 -0.0515197177927 0.00181335584555 11
38.178053 0  0.199699667616  0.199448767499 -0.120543535422  0.0773428131358  0.0433375662871 -0.0449204498308 0.00585778183419  -0.176271821099 -0.0515197177927 0.00181335584555 11
38.230136 0    0.2037549765  0.201713100903 -0.122894968113  0.0782319978929  0.0434977071132 -0.0453556294397 0.00585778183419  -0.176271821099 -0.0515197177927 0.00181335584555 11
38.28222 0  0.207845261041  0.203985217585 -0.125268738533  0.0788031697342  0.0437035938034 -0.0457282792508 0.00585778183419  -0.176271821099 -0.0515197177927 0.00181335584555 11
38.334303 0  0.211963215841  0.206271655017 -0.127656836739  0.0793551978227  0.0440727773662 -0.0460227487137 0.00585778183419  -0.176271821099 -0.0515197177927 0.00181335584555 11
38.386387 0  0.216111021611  0.208571697508 -0.130065306011  0.0798887801108  0.0443556331323 -0.0463710790509 0.00585778183419  -0.176271821099 -0.0515197177927 0.00181335584555 11
38.438469 0  0.220281948226  0.210886274483 -0.132490325298  0.0802697420711  0.0445960100538 -0.0466871749215 0.00585778183419  -0.176271821099 -0.0515197177927 0.00181335584555 11
38.490552 0   0.22448190686  0.213213200822 -0.134930886115  0.0810297785694  0.0447573925927 -0.0471056281711 0.00585778183419  -0.176271821099 -0.0515197177927 0.00181335584555 11
38.542636 0  0.228723588775  0.215543646601 -0.137390673553 0.0819136865376  0.044744990658 -0.047401431632 0.00585778183419  -0.176271821099 -0.0515197177927 0.00181335584555 11
38.594719 0  0.233010368148   0.21788446044 -0.139869548356  0.0826346525535  0.0450995913496 -0.0477365820966 0.00585778183419  -0.176271821099 -0.0515197177927 0.00181335584555 11
38.646803 0   0.23733096144  0.220237314392 -0.142361241988   0.083323662125  0.0452774059292 -0.0479597612963 0.00585778183419  -0.176271821099 -0.0515197177927 0.00181335584555 11
38.698886 0  0.241684904155  0.222599214449 -0.144872370151  0.0839055926653  0.0453603483096 -0.0484563092827 0.00585778183419  -0.176271821099 -0.0515197177927 0.00181335584555 11
38.750969 0  0.246074558763  0.224970695263 -0.147407934509  0.0846591551698  0.0457319862619 -0.0489070808084 0.00585778183419  -0.176271821099 -0.0515197177927 0.00181335584555 11
38.803053 0  0.250498986512  0.227358592335 -0.149966051682  0.0853007966664  0.0460917254913 -0.0493340478266 0.00585778183419  -0.176271821099 -0.0515197177927 0.00181335584555 11
38.855136 0  0.254959887984  0.229761466328 -0.152549463594  0.0859334663969  0.0462138921888 -0.0499522393948 0.00585778183419  -0.176271821099 -0.0515197177927 0.00181335584555 11
38.907219 0  0.259454055332  0.232171312039 -0.155166725972 0.0867567477735 0.0463509005702 -0.050433254805 0.00585778183419  -0.176271821099 -0.0515197177927 0.00181335584555 11
38.959302 0  0.263991517812  0.234586341806 -0.157807414627  0.0875916311279   0.046389498463 -0.0508480391092 0.00585778183419  -0.176271821099 -0.0515197177927 0.00181335584555 11
39.011386 0  0.268571366654  0.237009106535 -0.160465897363 0.0882823563232 0.0465895420045 -0.051154432014 0.00585778183419  -0.176271821099 -0.0515197177927 0.00181335584555 11
39.063469 0  0.273188060576  0.239440217866 -0.163140809276  0.0890301489729  0.0467896626941 -0.0514390454863 0.00585778183419  -0.176271821099 -0.0515197177927 0.00181335584555 11
39.115552 0  0.277836116454  0.241880747199 -0.165826939928  0.0895789524648  0.0469411753427 -0.0517347565238 0.00585778183419  -0.176271821099 -0.0515197177927 0.00181335584555 11
39.167637 0  0.282513512957  0.244332342068 -0.168525969993  0.0900385995073  0.0473119827279 -0.0518675921275 0.00585778183419  -0.176271821099 -0.0515197177927 0.00181335584555 11
39.219719 0  0.287214279545   0.24680306326 -0.171231382557  0.0904527014169  0.0474816140179 -0.0520435606191 0.00585778183419  -0.176271821099 -0.0515197177927 0.00181335584555 11
39.271802 0  0.291934742501  0.249277320403 -0.173946387966  0.0907776807364  0.0475485135608 -0.0522241518288 0.00585778183419  -0.176271821099 -0.0515197177927 0.00181335584555 11
39.323886 0  0.296663002213  0.251758427404 -0.176667957232  0.0908870646343  0.0477528314951 -0.0523430166779 0.00585778183419  -0.176271821099 -0.0515197177927 0.00181335584555 11
39.375969 0  0.301401561425   0.25424411598 -0.179400255107  0.0910626561961  0.0477709258461 -0.0525127467753 0.00585778183419  -0.176271821099 -0.0515197177927 0.00181335584555 11
39.428052 0 0.306152793942 0.256734157943 -0.18213865037  0.0914930015281  0.0478181552916 -0.0526956878311 0.00585778183419  -0.176271821099 -0.0515197177927 0.00181335584555 11
39.480135 0  0.310924218917  0.259228152709 -0.184891692973  0.0917757193731  0.0480470789879 -0.0530430936018 0.00585778183419  -0.176271821099 -0.0515197177927 0.00181335584555 11
39.532219 0 0.315714807247 0.261736969178 -0.18766156163  0.0921419462738  0.0481491657785 -0.0533047936101 0.00585778183419  -0.176271821099 -0.0515197177927 0.00181335584555 11
39.584302 0  0.320528646709  0.264247953965 -0.190448149517  0.0926013823783  0.0483343843155 -0.0536428763058 0.00585778183419  -0.176271821099 -0.0515197177927 0.00181335584555 11
39.636385 0  0.325352134745  0.266768619216 -0.193250909515  0.0926530098276  0.0484998040452 -0.0539034476606 0.00585778183419  -0.176271821099 -0.0515197177927 0.00181335584555 11
39.688469 0  0.330186571626  0.269298250517 -0.196061410174  0.0929969933059  0.0486301943242 -0.0540101842374 0.00585778183419  -0.176271821099 -0.0515197177927 0.00181335584555 11
39.740552 0  0.335036291264  0.271834131688 -0.198877453444  0.0931316059144  0.0488370444804 -0.0541912402947 0.00585778183419  -0.176271821099 -0.0515197177927 0.00181335584555 11
39.792635 0  0.339881736929  0.274383206111 -0.201697737943  0.0929635547496  0.0490380370528 -0.0541637511133 0.00585778183419  -0.176271821099 -0.0515197177927 0.00181335584555 11
39.844719 0  0.344717925286  0.276937396168 -0.204517506523  0.0928417332716  0.0491329773194 -0.0541876836255 0.00585778183419  -0.176271821099 -0.0515197177927 0.00181335584555 11
39.896802 0  0.349557944212  0.279504348583 -0.207342408296  0.0930353209832  0.0493674839204 -0.0542993803078 0.00585778183419  -0.176271821099 -0.0515197177927 0.00181335584555 11
39.948886 0  0.354400195242  0.282079423223 -0.210172684884  0.0929212396007   0.049454669335 -0.0543320746828 0.00585778183419  -0.176271821099 -0.0515197177927 0.00181335584555 11
40.000968 0   0.35924113084  0.284659007383 -0.213004819039  0.0928517612735  0.0496151037004 -0.0543986522524 0.00585778183419  -0.176271821099 -0.0515197177927 0.00181335584555 11
40.053052 0 0.364082586516 0.287243521688 -0.21584210832  0.0929783308058  0.0496044369215 -0.0545619454613 0.00585778183419  -0.176271821099 -0.0515197177927 0.00181335584555 11
40.105135 0  0.368923917779  0.289827295058 -0.218682786686  0.0927884775305  0.0495911730191 -0.0544656352789 0.00585778183419  -0.176271821099 -0.0515197177927 0.00181335584555 11
40.157219 0  0.373756336106  0.292414865388 -0.221524285105  0.0927212841104  0.0497116701474 -0.0545399711034 0.00585778183419  -0.176271821099 -0.0515197177927 0.00181335584555 11
40.209301 0  0.378579495751  0.295014524274 -0.224365499564  0.0923540089645  0.0500766073806 -0.0545477011928 0.00585778183419  -0.176271821099 -0.0515197177927 0.00181335584555 11
40.261385 0  0.383388929072  0.297624544876 -0.227205503527  0.0923379676551  0.0500754459594 -0.0544665350947 0.00585778183419  -0.176271821099 -0.0515197177927 0.00181335584555 11
40.313468 0  0.388196049189  0.300236671845 -0.230042245204  0.0921491310987  0.0501966627976 -0.0544095906506 0.00585778183419  -0.176271821099 -0.0515197177927 0.00181335584555 11
40.365552 0   0.39299102133  0.302854538801 -0.232874602654   0.092002413899   0.050332373221 -0.0543942270023 0.00585778183419  -0.176271821099 -0.0515197177927 0.00181335584555 11
40.417635 0  0.397783213002  0.305482123888 -0.235705326445  0.0919563190129  0.0505197411975 -0.0542976486403 0.00585778183419  -0.176271821099 -0.0515197177927 0.00181335584555 11
40.469719 0 0.402570318205 0.308116762532 -0.23853229226  0.0918449066668  0.0506663265039 -0.0543140956878 0.00585778183419  -0.176271821099 -0.0515197177927 0.00181335584555 11
40.521802 0  0.407350342426  0.310756361184 -0.241358451935  0.0917076330449  0.0507553850001 -0.0541819020283 0.00585778183419  -0.176271821099 -0.0515197177927 0.00181335584555 11
40.573885 0  0.412127117206  0.313403446167 -0.244184193499  0.0915376918921  0.0508893396287 -0.0541936212649 0.00585778183419  -0.176271821099 -0.0515197177927 0.00181335584555 11
40.625968 0  0.416885332337  0.316056400927 -0.247003473142  0.0911736530564   0.050975067427 -0.0541165113235 0.00585778183419  -0.176271821099 -0.0515197177927 0.00181335584555 11
40.678051 0   0.42162828812  0.318714978788 -0.249824870092  0.0910082720243  0.0512013341411 -0.0542049252538 0.00585778183419  -0.176271821099 -0.0515197177927 0.00181335584555 11
40.730135 0  0.426362675931  0.321387425839 -0.252645875559  0.0908079737681  0.0512604453511 -0.0542901450803 0.00585778183419  -0.176271821099 -0.0515197177927 0.00181335584555 11
40.782218 0 0.431090626973 0.324060896394 -0.25546983404  0.0907560761856   0.051422495184 -0.0542114735147 0.00585778183419  -0.176271821099 -0.0515197177927 0.00181335584555 11
40.834301 0   0.43580964628  0.326745537332 -0.258296971239 0.0903732588459 0.0516601753781 -0.054285509419 0.00585778183419  -0.176271821099 -0.0515197177927 0.00181335584555 11
40.88638 0  0.440505414068  0.329436093865 -0.261123255684  0.0898856066585  0.0516671779493 -0.0543178924414 0.00585778183419  -0.176271821099 -0.0515197177927 0.00181335584555 11
40.938468 0  0.445177813017  0.332128711863 -0.263953157299  0.0894944623715  0.0517091199455 -0.0541689185723 0.00585778183419  -0.176271821099 -0.0515197177927 0.00181335584555 11
40.990551 0  0.449824180881  0.334822337916 -0.266766837932  0.0889096960829  0.0516221328581 -0.0540245167809 0.00585778183419  -0.176271821099 -0.0515197177927 0.00181335584555 11
41.042635 0  0.454444329295  0.337507452406 -0.269575244075   0.088463871985  0.0515403650022 -0.0537284126904 0.00585778183419  -0.176271821099 -0.0515197177927 0.00181335584555 11
41.094718 0  0.459039871416  0.340189598652 -0.272371205325  0.0880993863255  0.0514830585984 -0.0536010740668 0.00585778183419  -0.176271821099 -0.0515197177927 0.00181335584555 11
41.146801 0  0.463615779152  0.342875283325 -0.275162326405   0.087656904486   0.051631631504 -0.0535160626288 0.00585778183419  -0.176271821099 -0.0515197177927 0.00181335584555 11
41.198884 0  0.468173324634  0.345564126555 -0.277938967316  0.0873476879686  0.0515910534424 -0.0531853407202 0.00585778183419  -0.176271821099 -0.0515197177927 0.00181335584555 11
41.250968 0  0.472706585418  0.348254011325 -0.280706321307 0.0866546431104 0.0516052668522 -0.053136083759 0.00585778183419  -0.176271821099 -0.0515197177927 0.00181335584555 11
41.303051 0  0.477203512647  0.350943513638 -0.283468582353  0.0860842164183  0.0517836424235 -0.0528896752042 0.00585778183419  -0.176271821099 -0.0515197177927 0.00181335584555 11
41.355129 0  0.481671097386  0.353643702327 -0.286223828695 0.0856275830041  0.051954044761 -0.052887174793 0.00585778183419  -0.176271821099 -0.0515197177927 0.00181335584555 11
41.407218 0  0.486117988732  0.356350806792 -0.288974685749  0.0851537529482  0.0520169143964 -0.0528727998617 0.00585778183419  -0.176271821099 -0.0515197177927 0.00181335584555 11
41.459301 0 0.490537580981 0.359062352873  -0.2917274539  0.0845795741187  0.0520709641502 -0.0527598743006 0.00585778183419  -0.176271821099 -0.0515197177927 0.00181335584555 11
41.511384 0  0.494931049235  0.361776533156 -0.294473525719  0.0840974259807  0.0521955068523 -0.0527840409688 0.00585778183419  -0.176271821099 -0.0515197177927 0.00181335584555 11
41.563468 0  0.499301390304  0.364497107187 -0.297226706703  0.0836912977264  0.0522363496799 -0.0528577672815 0.00585778183419  -0.176271821099 -0.0515197177927 0.00181335584555 11
41.615551 0  0.503645073987  0.367216603112 -0.299984013035   0.083079391549  0.0521652825093 -0.0529765654296 0.00585778183419  -0.176271821099 -0.0515197177927 0.00181335584555 11
41.667634 0  0.507956978706  0.369930773264 -0.302740178502  0.0824452693215  0.0520889820034 -0.0528810585163 0.00585778183419  -0.176271821099 -0.0515197177927 0.00181335584555 11
41.719717 0  0.512236714229  0.372646553333 -0.305491579393  0.0818866521604   0.052221332766 -0.0528175214906 0.00585778183419  -0.176271821099 -0.0515197177927 0.00181335584555 11
41.771801 0  0.516485040171  0.375365497074 -0.308240104583   0.081304153995  0.0522519611598 -0.0526337519893 0.00585778183419  -0.176271821099 -0.0515197177927 0.00181335584555 11
41.823879 0  0.520705943532  0.378091690673 -0.310976634115  0.0808414628307  0.0524454040885 -0.0524641710219 0.00585778183419  -0.176271821099 -0.0515197177927 0.00181335584555 11
41.875968 0  0.524903100956  0.380825631011 -0.313711574356  0.0802416719278  0.0525402140587 -0.0524451494299 0.00585778183419  -0.176271821099 -0.0515197177927 0.00181335584555 11
41.92805 0  0.529060601299  0.383563133508 -0.316444897447  0.0794389667459  0.0526830812248 -0.0525436310539 0.00585778183419  -0.176271821099 -0.0515197177927 0.00181335584555 11
41.980134 0 0.533188403216 0.386312758531 -0.31918015614  0.0789627279143  0.0527813777489 -0.0523552455048 0.00585778183419  -0.176271821099 -0.0515197177927 0.00181335584555 11
42.032217 0  0.537290631408  0.389056747043 -0.321907506715  0.0785537095644  0.0525850909207 -0.0523778014605 0.00585778183419  -0.176271821099 -0.0515197177927 0.00181335584555 11
42.0843 0  0.541373078162  0.391796817588 -0.324634148607  0.0781598828283   0.052563625257 -0.0523329080345 0.00585778183419  -0.176271821099 -0.0515197177927 0.00181335584555 11
42.136384 0  0.545427812299  0.394533266599 -0.327361069565  0.0775334261854  0.0524563599372 -0.0523675262273 0.00585778183419  -0.176271821099 -0.0515197177927 0.00181335584555 11
42.188467 0   0.54944619392  0.397267629593 -0.330079840499  0.0769277896433  0.0525059214608 -0.0520447429422 0.00585778183419  -0.176271821099 -0.0515197177927 0.00181335584555 11
42.24055 0  0.553436360753  0.400008292335 -0.332789916606  0.0763506900008  0.0526657992638 -0.0518722305239 0.00585778183419  -0.176271821099 -0.0515197177927 0.00181335584555 11
42.292628 0   0.55739425175   0.40275819213 -0.335488370379  0.0755998040733  0.0529342850827 -0.0517238704754 0.00585778183419  -0.176271821099 -0.0515197177927 0.00181335584555 11
42.344717 0  0.561312866604  0.405517308789 -0.338181639635  0.0749125847945  0.0529970202015 -0.0516407694053 0.00585778183419  -0.176271821099 -0.0515197177927 0.00181335584555 11
42.396801 0  0.565200205909  0.408230065203 -0.340873516516 0.0740009526325 0.0639429168474 -0.051425883384 0.00585778183419  -0.176271821099 -0.0515197177927 0.00181335584555 11
42.448884 0 0.569044521014 0.411033959332 -0.34356354116  0.0742890077572  0.0569945922211 -0.0519995291284 0.00585778183419  -0.176271821099 -0.0515197177927 0.00181335584555 11
42.500967 0  0.572878468325  0.413827118449 -0.346268615899  0.0727425612353  0.0557454780654 -0.0518737951683 0.00585778183419  -0.176271821099 -0.0515197177927 0.00181335584555 11
42.55305 0 0.576701881668  0.41662517582 -0.34897130365  0.0718846193706  0.0479324579418 -0.0517967611725 0.00585778183419  -0.176271821099 -0.0515197177927 0.00181335584555 11
42.605133 0  0.580506239435  0.419403756486 -0.351676385117  0.0723301584863  0.0505623967646 -0.0518191186525 0.00585778183419  -0.176271821099 -0.0515197177927 0.00181335584555 11
42.657217 0  0.584280096858  0.422173486941 -0.354367440053  0.0747924123706  0.0508035620519 -0.0530169968817 0.00585778183419  -0.176271821099 -0.0515197177927 0.00181335584555 11
42.7093 0  0.588039986442  0.424954868155 -0.357083341828 0.0744295647595 0.0527410843491 -0.052587830023 0.00585778183419  -0.176271821099 -0.0515197177927 0.00181335584555 11
42.761385 0  0.591807734895  0.427720837597 -0.359822895798  0.0732308402183  0.0528763532916 -0.0523359451057 0.00585778183419  -0.176271821099 -0.0515197177927 0.00181335584555 11
42.813467 0  0.595566885518   0.43049934669 -0.362575592496  0.0720036673112  0.0533946305465 -0.0524974398748 0.00585778183419  -0.176271821099 -0.0515197177927 0.00181335584555 11
42.86555 0  0.599322919007  0.433277988455 -0.365347595726 0.0719448839182 0.0534053516024 -0.053013082814 0.00585778183419  -0.176271821099 -0.0515197177927 0.00181335584555 11
42.917633 0  0.603083094056  0.436064352932 -0.368141795605  0.0712972598422  0.0536591811267 -0.0534725199094 0.00585778183419  -0.176271821099 -0.0515197177927 0.00181335584555 11
42.969717 0  0.606854520499   0.43886398363 -0.370962368014  0.0709149243418  0.0535989764774 -0.0542313300937 0.00585778183419  -0.176271821099 -0.0515197177927 0.00181335584555 11
43.0218 0 0.610623067009 0.441670631148 -0.37379379937 0.0716931957611 0.0536733884957 -0.054397769575 0.00585778183419  -0.176271821099 -0.0515197177927 0.00181335584555 11
43.073884 0  0.614396942094  0.444466551393 -0.376638430229  0.0726963604293  0.0539958415947 -0.0553286462925 0.00585778183419  -0.176271821099 -0.0515197177927 0.00181335584555 11
43.125966 0  0.618187371623  0.447274633039 -0.379509659962 0.0729736617446 0.0535712903292 -0.055645602537 0.00585778183419  -0.176271821099 -0.0515197177927 0.00181335584555 11
43.17805 0 0.621999548283 0.450080414872 -0.38240983672 0.0735918314351 0.0529985880023 -0.056407936047 0.00585778183419  -0.176271821099 -0.0515197177927 0.00181335584555 11
43.230132 0  0.625833240916  0.452894050408 -0.385330476296 0.0735523353091 0.0534274395006 -0.056542974237 0.00585778183419  -0.176271821099 -0.0515197177927 0.00181335584555 11
43.282217 0  0.629688996967  0.455722748516 -0.388278206357   0.074762184369  0.0536999489318 -0.0569480393494 0.00585778183419  -0.176271821099 -0.0515197177927 0.00181335584555 11
43.3343 0  0.633559341944  0.458546801904 -0.391243476179  0.0753158836406   0.053870117483 -0.0577696095496 0.00585778183419  -0.176271821099 -0.0515197177927 0.00181335584555 11
43.386383 0  0.637458189097  0.461381098758 -0.394231995734  0.0757834325264  0.0540265305514 -0.0578482780633 0.00585778183419  -0.176271821099 -0.0515197177927 0.00181335584555 11
43.438466 0  0.641381121974   0.46421944679 -0.397244344085  0.0761243810741  0.0537591045869 -0.0581889834233 0.00585778183419  -0.176271821099 -0.0515197177927 0.00181335584555 11
43.49055 0  0.645328873534  0.467061455039 -0.400282868336  0.0768627200067  0.0541725186721 -0.0586675592265 0.00585778183419  -0.176271821099 -0.0515197177927 0.00181335584555 11
43.542633 0  0.649289722463  0.469904563362 -0.403339554571  0.0767440714178  0.0546589190234 -0.0587477412566 0.00585778183419  -0.176271821099 -0.0515197177927 0.00181335584555 11
43.594716 0  0.653281964151  0.472759747315 -0.406428897593  0.0765807758342  0.0544010478622 -0.0592155627136 0.00585778183419  -0.176271821099 -0.0515197177927 0.00181335584555 11
43.6468 0  0.657308690069  0.475625612641 -0.409555298891  0.0772384618985  0.0548395259747 -0.0599837851148 0.00585778183419  -0.176271821099 -0.0515197177927 0.00181335584555 11
43.69888 0  0.661364326854  0.478502309741 -0.412695926714  0.0775567180898   0.054418873302 -0.0600331444055 0.00585778183419  -0.176271821099 -0.0515197177927 0.00181335584555 11
43.750966 0  0.665448861232  0.481390635956 -0.415869228552  0.0777769753887  0.0549832582089 -0.0609225339862 0.00585778183419  -0.176271821099 -0.0515197177927 0.00181335584555 11
43.803049 0 0.669561567025 0.484281451653  -0.4190766769  0.0792932293395  0.0543951186385 -0.0618582427164 0.00585778183419  -0.176271821099 -0.0515197177927 0.00181335584555 11
43.855132 0  0.673699172059  0.487160491923 -0.422312416106  0.0795200708828  0.0548661668172 -0.0626924830246 0.00585778183419  -0.176271821099 -0.0515197177927 0.00181335584555 11
43.907216 0   0.67787920901  0.490046822606 -0.425580109217  0.0810680260358  0.0547704907269 -0.0635431571123 0.00585778183419  -0.176271821099 -0.0515197177927 0.00181335584555 11
43.959299 0  0.682099944574   0.49294345802 -0.428880858417  0.0813547361623   0.055199009688 -0.0638151822214 0.00585778183419  -0.176271821099 -0.0515197177927 0.00181335584555 11
44.011383 0  0.686362558717  0.495847236063 -0.432212080302  0.0824262509182  0.0555922010629 -0.0645283378135 0.00585778183419  -0.176271821099 -0.0515197177927 0.00181335584555 11
44.063466 0   0.69066643627  0.498759647229 -0.435574742576  0.0824989344734  0.0561200036788 -0.0646938228164 0.00585778183419  -0.176271821099 -0.0515197177927 0.00181335584555 11
44.11555 0  0.695001039798  0.501661450095 -0.438973742806  0.0838485545831  0.0559800294581 -0.0657383415393 0.00585778183419  -0.176271821099 -0.0515197177927 0.00181335584555 11
44.167629 0 0.699373312511 0.504579834148 -0.44240994794   0.084664810447   0.055753567473 -0.0660983237855 0.00585778183419  -0.176271821099 -0.0515197177927 0.00181335584555 11
44.219716 0  0.703793177879  0.507511168589 -0.445872630479 0.0847709135337 0.0559831873403 -0.066225818367 0.00585778183419  -0.176271821099 -0.0515197177927 0.00181335584555 11
44.271799 0  0.708259176491    0.5104535435 -0.449376115969  0.0864523943968  0.0561127733233 -0.0670678852888 0.00585778183419  -0.176271821099 -0.0515197177927 0.00181335584555 11
44.323882 0 0.712757415966  0.51339846996 -0.45290377547  0.0874948608671  0.0565145957117 -0.0680930994834 0.00585778183419  -0.176271821099 -0.0515197177927 0.00181335584555 11
44.375965 0  0.717286288705  0.516360752755 -0.456465056686  0.0873797262506  0.0571327402379 -0.0682685588247 0.00585778183419  -0.176271821099 -0.0515197177927 0.00181335584555 11
44.428049 0  0.721849883853  0.519336935432 -0.460055399825  0.0881899717194  0.0568742179675 -0.0695032173741 0.00585778183419  -0.176271821099 -0.0515197177927 0.00181335584555 11
44.480132 0   0.72645584989   0.52231511407 -0.463677856378  0.0892565810296  0.0569349629837 -0.0699707658171 0.00585778183419  -0.176271821099 -0.0515197177927 0.00181335584555 11
44.532215 0  0.731106243451  0.525299140195 -0.467330978071  0.0899828663165  0.0572344824359 -0.0710303332871 0.00585778183419  -0.176271821099 -0.0515197177927 0.00181335584555 11
44.584299 0  0.735785500771  0.528291419435 -0.471005492553  0.0902960352636  0.0574425011807 -0.0711935740663 0.00585778183419  -0.176271821099 -0.0515197177927 0.00181335584555 11
44.636383 0  0.740491128012  0.531290890395 -0.474708114295  0.0912845696837  0.0579825927096 -0.0719890465619 0.00585778183419  -0.176271821099 -0.0515197177927 0.00181335584555 11
44.688466 0  0.745235431826  0.534292863855 -0.478431151395  0.0913970821562  0.0575604872034 -0.0719939970468 0.00585778183419  -0.176271821099 -0.0515197177927 0.00181335584555 11
44.740548 0  0.750032177531  0.537312567869 -0.482195173672  0.0927304651722  0.0577950861567 -0.0728539821417 0.00585778183419  -0.176271821099 -0.0515197177927 0.00181335584555 11
44.792632 0  0.754881211238  0.540339710932 -0.485997601764  0.0933480004784  0.0573379734003 -0.0735267712241 0.00585778183419  -0.176271821099 -0.0515197177927 0.00181335584555 11
44.844715 0  0.759782535321  0.543383867946 -0.489854143195 0.0943603108953 0.0582467900263 -0.074303872709 0.00585778183419  -0.176271821099 -0.0515197177927 0.00181335584555 11
44.896799 0  0.764725260056  0.546430962075 -0.493745825908   0.095244868373  0.0590009885183 -0.0746259016677 0.00585778183419  -0.176271821099 -0.0515197177927 0.00181335584555 11
44.948882 0  0.769714893739  0.549485469476 -0.497679459821  0.0959063105602  0.0587151512049 -0.0755839306267 0.00585778183419  -0.176271821099 -0.0515197177927 0.00181335584555 11
45.000965 0  0.774747555285  0.552548039155 -0.501648802457    0.09676681278  0.0591704954687 -0.0762465735961 0.00585778183419  -0.176271821099 -0.0515197177927 0.00181335584555 11
45.053048 0  0.779822201521  0.555622115313 -0.505657766469 0.0976007906248 0.0592304032417 -0.077239950687 0.00585778183419  -0.176271821099 -0.0515197177927 0.00181335584555 11
45.105126 0  0.784951384107  0.558665441877 -0.509697464164  0.0976847538653  0.0557266229772 -0.0780279227362 0.00585778183419  -0.176271821099 -0.0515197177927 0.00181335584555 11
45.157215 0  0.790133489301  0.561759583229 -0.513780052474  0.0977481786289  0.0581810330087 -0.0777068781434 0.00585778183419  -0.176271821099 -0.0515197177927 0.00181335584555 11
45.209299 0  0.79534973387 0.564882068068  -0.5178957431   0.097669219634  0.0624694982065 -0.0783682788902 0.00585778183419  -0.176271821099 -0.0515197177927 0.00181335584555 11
45.261382 0  0.800585348755  0.568023569462 -0.522047710566 0.0997630930523 0.0626328266852 -0.078201244293 0.00585778183419  -0.176271821099 -0.0515197177927 0.00181335584555 11
45.313465 0  0.805835409221  0.571143956951 -0.526205846594   0.101119527618   0.061902475143 -0.0805231270677 0.00585778183419  -0.176271821099 -0.0515197177927 0.00181335584555 11
45.365548 0  0.811126537308  0.574270524293 -0.530411206016    0.10182861809  0.0609157918085 -0.0807502011597 0.00585778183419  -0.176271821099 -0.0515197177927 0.00181335584555 11
45.417631 0  0.816455012608  0.577405528129 -0.534648433395   0.103542949013  0.0589368617362 -0.0820529307241 0.00585778183419  -0.176271821099 -0.0515197177927 0.00181335584555 11
45.469715 0   0.82180156348  0.580539653369 -0.538903759886   0.102483548477   0.058270819967 -0.0817073726998 0.00585778183419  -0.176271821099 -0.0515197177927 0.00181335584555 11
45.521798 0  0.827149590483  0.583678041896 -0.543179833835   0.102522340153  0.0588684874634 -0.0819773132766 0.00585778183419  -0.176271821099 -0.0515197177927 0.00181335584555 11
45.573877 0  0.832518909191   0.58683435227 -0.547481262846   0.103409516571  0.0603489495788 -0.0829222512953 0.00585778183419  -0.176271821099 -0.0515197177927 0.00181335584555 11
45.625964 0  0.837910707505  0.590002047545 -0.551811193047   0.104078079118  0.0617231870835 -0.0835284320807 0.00585778183419  -0.176271821099 -0.0515197177927 0.00181335584555 11
45.678048 0  0.843309931047  0.593175278791 -0.556156699916    0.10359376632  0.0624748169789 -0.0834660721635 0.00585778183419  -0.176271821099 -0.0515197177927 0.00181335584555 11
45.730131 0  0.848706878608  0.596356505077 -0.560508107751   0.103168234861  0.0621910835228 -0.0835096242653 0.00585778183419  -0.176271821099 -0.0515197177927 0.00181335584555 11
45.782214 0    0.8541097014  0.599539004898 -0.564871967375   0.104045076359  0.0615245335873 -0.0839664311481 0.00585778183419  -0.176271821099 -0.0515197177927 0.00181335584555 11
45.834298 0  0.859527009031  0.602722251698 -0.569248105279   0.104362373313  0.0606386270177 -0.0843600311284 0.00585778183419  -0.176271821099 -0.0515197177927 0.00181335584555 11
45.886381 0  0.864945392216  0.605904429802 -0.573641736389    0.10388008599  0.0597878918775 -0.0843194102426 0.00585778183419  -0.176271821099 -0.0515197177927 0.00181335584555 11
45.938465 0  0.870356052996  0.609086247387 -0.578040976113     0.1035946698  0.0599786170467 -0.0843335071482 0.00585778183419  -0.176271821099 -0.0515197177927 0.00181335584555 11
45.990547 0  0.875763922674  0.612278937438 -0.582448877673   0.104083515173  0.0611139446151 -0.0848579613925 0.00585778183419  -0.176271821099 -0.0515197177927 0.00181335584555 11
46.042632 0  0.881175059527  0.615487623881 -0.586868831714    0.10403055458  0.0622063645997 -0.0851396753363 0.00585778183419  -0.176271821099 -0.0515197177927 0.00181335584555 11
46.094714 0  0.886582013889  0.618703685301 -0.591301211953    0.10352886325  0.0627496007041 -0.0850941419679 0.00585778183419  -0.176271821099 -0.0515197177927 0.00181335584555 11
46.146798 0  0.891979897301  0.621923462506 -0.595744257405  0.103493768778  0.062752552076 -0.085550919296 0.00585778183419  -0.176271821099 -0.0515197177927 0.00181335584555 11
46.19888 0  0.897380857627  0.625149409957 -0.600215598794   0.103906257907  0.0624213258025 -0.0862061518438 0.00585778183419  -0.176271821099 -0.0515197177927 0.00181335584555 11
46.250964 0  0.902778287117  0.628372995103 -0.604703876669   0.103686647553  0.0614148246002 -0.0862897425307 0.00585778183419  -0.176271821099 -0.0515197177927 0.00181335584555 11
46.303047 0  0.908171453347  0.631587121233 -0.609203716198   0.103252982732  0.0606784144194 -0.0863282840054 0.00585778183419  -0.176271821099 -0.0515197177927 0.00181335584555 11
46.355131 0   0.91356005744  0.634799008273 -0.613711677731   0.103424349482  0.0609647945567 -0.0866490944305 0.00585778183419  -0.176271821099 -0.0515197177927 0.00181335584555 11
46.407215 0  0.918937049624  0.638018055288 -0.618233640044   0.103312926699  0.0615799137266 -0.0870538867936 0.00585778183419  -0.176271821099 -0.0515197177927 0.00181335584555 11
46.459298 0  0.924303437279  0.641241482406 -0.622767330313   0.102977065684  0.0623299337689 -0.0870679489158 0.00585778183419  -0.176271821099 -0.0515197177927 0.00181335584555 11
46.511379 0  0.929661096939  0.644474945097 -0.627301335659   0.102621994736  0.0627758328199 -0.0869960270407 0.00585778183419  -0.176271821099 -0.0515197177927 0.00181335584555 11
46.563464 0  0.935007726403  0.647711193147 -0.631837166876 0.102631349314  0.06283983825 -0.08721245108 0.00585778183419  -0.176271821099 -0.0515197177927 0.00181335584555 11
46.615547 0  0.940347790387  0.650943620446 -0.636380117843   0.102536581124  0.0623601467943 -0.0873334731825 0.00585778183419  -0.176271821099 -0.0515197177927 0.00181335584555 11
46.667631 0  0.945671131061  0.654170189201 -0.640927543001   0.102018832499  0.0616797391205 -0.0873136845696 0.00585778183419  -0.176271821099 -0.0515197177927 0.00181335584555 11
46.719714 0  0.950987152417  0.657388631396 -0.645479848495  0.101940692617  0.061129409555 -0.087467097101 0.00585778183419  -0.176271821099 -0.0515197177927 0.00181335584555 11
46.771797 0  0.956292511699  0.660599566871 -0.650043911903   0.101747689846  0.0609327550117 -0.0877841990581 0.00585778183419  -0.176271821099 -0.0515197177927 0.00181335584555 11
46.823881 0  0.961580722042  0.663803610961 -0.654614176149   0.101580534973   0.061277686201 -0.0879077697563 0.00585778183419  -0.176271821099 -0.0515197177927 0.00181335584555 11
46.875964 0  0.966859867317  0.667011252785 -0.659199480972   0.101088634292  0.0616561832262 -0.0880160315921 0.00585778183419  -0.176271821099 -0.0515197177927 0.00181335584555 11
46.928047 0  0.972120036228  0.670215994161 -0.663788412526   0.100795005865  0.0619397292612 -0.0880472160225 0.00585778183419  -0.176271821099 -0.0515197177927 0.00181335584555 11
46.980128 0  0.977365404051  0.673419960886 -0.668375417397  0.100651150734 0.0620469943719 -0.088177950781 0.00585778183419  -0.176271821099 -0.0515197177927 0.00181335584555 11
47.032213 0 0.982590808776 0.676621987072 -0.67296515859   0.100102576847  0.0617865956581 -0.0881221781648 0.00585778183419  -0.176271821099 -0.0515197177927 0.00181335584555 11
47.084297 0  0.987793803128  0.679818597211 -0.677559230035  0.0994855535824  0.0611688123356 -0.0882487915995 0.00585778183419  -0.176271821099 -0.0515197177927 0.00181335584555 11
47.13638 0  0.992968383729  0.683010433029 -0.682158604966  0.0991561202908   0.060809461195 -0.0882526494932 0.00585778183419  -0.176271821099 -0.0515197177927 0.00181335584555 11
47.188464 0  0.998121987853  0.686195357218 -0.686761241868  0.0988066766333  0.0606371392108 -0.0885270484847 0.00585778183419  -0.176271821099 -0.0515197177927 0.00181335584555 11
47.240547 0  1.00325369896  0.68938134292 -0.69138143947  0.0983238689316  0.0610188567798 -0.0889263039394 0.00585778183419  -0.176271821099 -0.0515197177927 0.00181335584555 11
47.29263 0   1.00836642516  0.692574260748 -0.696022738871  0.0978913365105  0.0614364471037 -0.0891984979101 0.00585778183419  -0.176271821099 -0.0515197177927 0.00181335584555 11
47.344713 0   1.01346599025  0.695769657375 -0.700683500385   0.097800852055  0.0617385503248 -0.0897497622358 0.00585778183419  -0.176271821099 -0.0515197177927 0.00181335584555 11
47.396797 0   1.01855712711  0.698969550769 -0.705374279655  0.0978617447972  0.0619300584462 -0.0903980872563 0.00585778183419  -0.176271821099 -0.0515197177927 0.00181335584555 11
47.448877 0   1.02365434561  0.702177148958 -0.710087883823  0.0979315118462  0.0618716662689 -0.0906632530296 0.00585778183419  -0.176271821099 -0.0515197177927 0.00181335584555 11
47.500963 0   1.02876958608   0.70539223703 -0.714817313303  0.0983425296213  0.0616537379441 -0.0909954432852 0.00585778183419  -0.176271821099 -0.0515197177927 0.00181335584555 11
47.553047 0     1.033902727  0.708607455698 -0.719574513895  0.0986119909209   0.061412697675 -0.0915472845942 0.00585778183419  -0.176271821099 -0.0515197177927 0.00181335584555 11
47.60513 0   1.03904180634  0.711819576028 -0.724347369498  0.0987601664165  0.0614050214928 -0.0917432159437 0.00585778183419  -0.176271821099 -0.0515197177927 0.00181335584555 11
47.657213 0   1.04418271238  0.715035978882 -0.729124936795   0.098604041585  0.0614970639647 -0.0916710821551 0.00585778183419  -0.176271821099 -0.0515197177927 0.00181335584555 11
47.709297 0   1.04932283369  0.718254488165 -0.733904405611  0.0986345337045  0.0619558391953 -0.0918706799137 0.00585778183419  -0.176271821099 -0.0515197177927 0.00181335584555 11
47.76138 0   1.05446073273  0.721484040209 -0.738693798903  0.0985600550982  0.0623169529854 -0.0921003943306 0.00585778183419  -0.176271821099 -0.0515197177927 0.00181335584555 11
47.813463 0   1.05958564518  0.724723551642 -0.743493790214  0.0982551235308  0.0626182765624 -0.0922306090227 0.00585778183419  -0.176271821099 -0.0515197177927 0.00181335584555 11
47.865546 0   1.06468921685  0.727974827559 -0.748303116608  0.0976760603055   0.062673637985 -0.0923690357294 0.00585778183419  -0.176271821099 -0.0515197177927 0.00181335584555 11
47.917625 0   1.06977318204  0.731233763212 -0.753119100927  0.0973714200008  0.0625233136519 -0.0924987055094 0.00585778183419  -0.176271821099 -0.0515197177927 0.00181335584555 11
47.969713 0   1.07483833786  0.734489139223 -0.757942422608  0.0972299460702  0.0622666567939 -0.0927567440361 0.00585778183419  -0.176271821099 -0.0515197177927 0.00181335584555 11
48.021796 0  1.07989262858 0.737740568309 -0.76278554512   0.096895558217  0.0621501662564 -0.0931676369409 0.00585778183419  -0.176271821099 -0.0515197177927 0.00181335584555 11
48.073879 0   1.08493662155  0.740992616239 -0.767646833435  0.0967309258759  0.0622539566635 -0.0934981996117 0.00585778183419  -0.176271821099 -0.0515197177927 0.00181335584555 11
48.125963 0   1.08996805621  0.744247142467 -0.772523272347  0.0965664860652  0.0625350777805 -0.0937054997467 0.00585778183419  -0.176271821099 -0.0515197177927 0.00181335584555 11
48.178046 0   1.09498379991  0.747503583315 -0.777406669365  0.0960654154329  0.0627421463163 -0.0938210382877 0.00585778183419  -0.176271821099 -0.0515197177927 0.00181335584555 11
48.23013 0   1.09997909384  0.750758934249 -0.782300823446  0.0957183553318  0.0626397905603 -0.0941307382482 0.00585778183419  -0.176271821099 -0.0515197177927 0.00181335584555 11
48.282213 0   1.10495279187  0.754012116214 -0.787214188142  0.0952229741505  0.0625894305702 -0.0944663478985 0.00585778183419  -0.176271821099 -0.0515197177927 0.00181335584555 11
48.334296 0   1.10990682319  0.757261350297 -0.792142548789  0.0949282819824  0.0623488785327 -0.0947065924655 0.00585778183419  -0.176271821099 -0.0515197177927 0.00181335584555 11
48.386379 0   1.11483921007  0.760503728912 -0.797081114561  0.0945533355782  0.0621158615261 -0.0949298298875 0.00585778183419  -0.176271821099 -0.0515197177927 0.00181335584555 11
48.438463 0    1.1197402773  0.763743767309 -0.802027478665  0.0936953841334  0.0619898865061 -0.0949661405404 0.00585778183419  -0.176271821099 -0.0515197177927 0.00181335584555 11
48.490546 0   1.12461031268  0.766986857824 -0.806983747936   0.093207391322  0.0621556675219 -0.0951636204294 0.00585778183419  -0.176271821099 -0.0515197177927 0.00181335584555 11
48.542629 0   1.12945226989  0.770235001917 -0.811944861604  0.0927131513937  0.0624752828663 -0.0953645807909 0.00585778183419  -0.176271821099 -0.0515197177927 0.00181335584555 11
48.594713 0  1.13425870497 0.773494273389 -0.81691746969  0.0919689368385  0.0626925523367 -0.0955907936987 0.00585778183419  -0.176271821099 -0.0515197177927 0.00181335584555 11
48.646796 0   1.13903256057  0.776753618933 -0.821898744584  0.0914322199022  0.0627669304948 -0.0957468620095 0.00585778183419  -0.176271821099 -0.0515197177927 0.00181335584555 11
48.698879 0   1.14377739986  0.780011282832 -0.826887403224  0.0907227398527  0.0626484100752 -0.0959060214435 0.00585778183419  -0.176271821099 -0.0515197177927 0.00181335584555 11
48.750963 0   1.14848242421     0.783264596 -0.831885560818  0.0899158521498   0.062477187669 -0.0960916127529 0.00585778183419  -0.176271821099 -0.0515197177927 0.00181335584555 11
48.803046 0   1.15315084484  0.786521272575 -0.836890251019 0.0892532850191 0.0624901032348 -0.096048670046 0.00585778183419  -0.176271821099 -0.0515197177927 0.00181335584555 11
48.855124 0  1.15778699234 0.789777908216 -0.84189490436  0.0887145769073  0.0623153409986 -0.0961344857886 0.00585778183419  -0.176271821099 -0.0515197177927 0.00181335584555 11
48.907213 0   1.16238974282  0.793030086831 -0.846906711695  0.0881143883778  0.0623365249113 -0.0962624569189 0.00585778183419  -0.176271821099 -0.0515197177927 0.00181335584555 11
48.959296 0   1.16696587476  0.796280595981 -0.851925984734  0.0876782329737  0.0622457637977 -0.0964779934907 0.00585778183419  -0.176271821099 -0.0515197177927 0.00181335584555 11
49.011379 0   1.17151474138  0.799527920921 -0.856956381439  0.0870420038016  0.0624729501581 -0.0966725689938 0.00585778183419  -0.176271821099 -0.0515197177927 0.00181335584555 11
49.063462 0  1.17603616449 0.802785502084 -0.86199296783  0.0865994075012  0.0627492736693 -0.0967740712454 0.00585778183419  -0.176271821099 -0.0515197177927 0.00181335584555 11
49.115545 0   1.18054554297  0.806047972876 -0.867042610703 0.0864373496249 0.0627172863859 -0.097028982697 0.00585778183419  -0.176271821099 -0.0515197177927 0.00181335584555 11
49.167629 0   1.18504658955  0.809314366347 -0.872103729094  0.0864231971715  0.0627655873246 -0.0972818161547 0.00585778183419  -0.176271821099 -0.0515197177927 0.00181335584555 11
49.219712 0   1.18953356828  0.812584382997 -0.877176604377  0.0858688136109  0.0626082284205 -0.0973566845783 0.00585778183419  -0.176271821099 -0.0515197177927 0.00181335584555 11
49.271796 0   1.19399407902  0.815843118338 -0.882248270815  0.0854317399382  0.0623858574202 -0.0973950998001 0.00585778183419  -0.176271821099 -0.0515197177927 0.00181335584555 11
49.323877 0   1.19842622966  0.819098645906 -0.887327040018  0.0848181429776  0.0624030184351 -0.0975970323624 0.00585778183419  -0.176271821099 -0.0515197177927 0.00181335584555 11
49.375962 0   1.20282381957  0.822351869546 -0.892416355908  0.0841573125215  0.0623472873751 -0.0978169611487 0.00585778183419  -0.176271821099 -0.0515197177927 0.00181335584555 11
49.428045 0   1.20719268382  0.825597151834 -0.897513487079  0.0835395781314  0.0623401637311 -0.0979462183981 0.00585778183419  -0.176271821099 -0.0515197177927 0.00181335584555 11
49.480129 0   1.21152669547  0.828839073223 -0.902612575063  0.0829855435895  0.0622860820356 -0.0978980791918 0.00585778183419  -0.176271821099 -0.0515197177927 0.00181335584555 11
49.532212 0   1.21583331349  0.832076961242 -0.907719256013  0.0823549569023  0.0622254885535 -0.0981962740899 0.00585778183419  -0.176271821099 -0.0515197177927 0.00181335584555 11
49.584296 0   1.2201067898 0.835315316925 -0.91284113283  0.0817504018054  0.0621381955246 -0.0983804487548 0.00585778183419  -0.176271821099 -0.0515197177927 0.00181335584555 11
49.636379 0   1.22435163888  0.838548497792 -0.917971810938  0.0811583570909  0.0619682007492 -0.0986093441935 0.00585778183419  -0.176271821099 -0.0515197177927 0.00181335584555 11
49.688462 0  1.22856269871 0.841777734246  -0.9231127278  0.0806008320245  0.0618787436787 -0.0987781262681 0.00585778183419  -0.176271821099 -0.0515197177927 0.00181335584555 11
49.740545 0   1.23273497358  0.845007809349 -0.928255962534  0.0795620577341  0.0620270659528 -0.0986561955023 0.00585778183419  -0.176271821099 -0.0515197177927 0.00181335584555 11
49.792632 0   1.23686595549  0.848241957707 -0.933395333792  0.0789856192193  0.0619519107488 -0.0986909731516 0.00585778183419  -0.176271821099 -0.0515197177927 0.00181335584555 11
49.844712 0   1.24096519139   0.85146739489 -0.938543786691  0.0785027940925  0.0619888423153 -0.0990950987319 0.00585778183419  -0.176271821099 -0.0515197177927 0.00181335584555 11
49.896795 0   1.24503479371  0.854696499656 -0.943706548023  0.0778111596837  0.0620463593029 -0.0991762885626 0.00585778183419  -0.176271821099 -0.0515197177927 0.00181335584555 11
49.948879 0   1.24907156601  0.857922500826 -0.948874654291  0.0772226623398  0.0620214505886 -0.0992356758725 0.00585778183419  -0.176271821099 -0.0515197177927 0.00181335584555 11
50.000962 0   1.25306561402  0.861147669531 -0.954040026038  0.0762392980472  0.0618446847192 -0.0991898544007 0.00585778183419  -0.176271821099 -0.0515197177927 0.00181335584555 11
50.053045 0   1.25701577692  0.864369847313 -0.959205151027  0.0754327770914  0.0618798648294 -0.0992395126616 0.00585778183419  -0.176271821099 -0.0515197177927 0.00181335584555 11
50.105128 0   1.26093199372  0.867595522834 -0.964380605814  0.0749959685738  0.0617979636281 -0.0995076431732 0.00585778183419  -0.176271821099 -0.0515197177927 0.00181335584555 11
50.157212 0   1.26482835492  0.870817643035 -0.969571972995  0.0746222230513  0.0618501411077 -0.0997347180717 0.00585778183419  -0.176271821099 -0.0515197177927 0.00181335584555 11
50.209295 0    1.2687071235  0.874038467694 -0.974767921961  0.0741770082325  0.0617844812002 -0.0998094682684 0.00585778183419  -0.176271821099 -0.0515197177927 0.00181335584555 11
50.261378 0   1.27255729003  0.877257985259 -0.979974208108  0.073788313029 0.0618308692781 -0.100091738663 0.00585778183419  -0.176271821099 -0.0515197177927 0.00181335584555 11
50.313461 0  1.27638972776 0.880478567934 -0.98519333652 0.0732711866014 0.0619598579504 -0.100257992577 0.00585778183419  -0.176271821099 -0.0515197177927 0.00181335584555 11
50.365545 0   1.28019766282  0.883705688304 -0.990423369724 0.0729160004363 0.0619469016105 -0.100611238582 0.00585778183419  -0.176271821099 -0.0515197177927 0.00181335584555 11
50.417628 0   1.28398674638  0.886927428181 -0.995667651083 0.0725329383676 0.0618241197279 -0.100673096918 0.00585778183419  -0.176271821099 -0.0515197177927 0.00181335584555 11
50.469712 0  1.28775483153 0.890141912544 -1.00092076343 0.0721847589135 0.0616934134939 -0.101064314292 0.00585778183419  -0.176271821099 -0.0515197177927 0.00181335584555 11
50.521795 0  1.29149895783 0.893356786508  -1.0061889633 0.0716093720423 0.0616241841373 -0.101230734099 0.00585778183419  -0.176271821099 -0.0515197177927 0.00181335584555 11
50.573878 0  1.29521703614 0.896571710267 -1.01146736598 0.0711285448802 0.0617664669088  -0.10139741414 0.00585778183419  -0.176271821099 -0.0515197177927 0.00181335584555 11
50.625962 0  1.29890632095 0.899793222574 -1.01675722307 0.0706055593893 0.0618579519393 -0.101723206879 0.00585778183419  -0.176271821099 -0.0515197177927 0.00181335584555 11
50.678045 0  1.30256760187 0.903017972303 -1.02206272143 0.0701151019901 0.0619240831008 -0.102023617347 0.00585778183419  -0.176271821099 -0.0515197177927 0.00181335584555 11
50.730128 0  1.30620637843 0.906240667961 -1.02738340076 0.0695644611938 0.0618499909233  -0.10225671157 0.00585778183419  -0.176271821099 -0.0515197177927 0.00181335584555 11
50.782211 0  1.30981770561 0.909460579053 -1.03271719299 0.0690000208843 0.0618288249083 -0.102487110804 0.00585778183419  -0.176271821099 -0.0515197177927 0.00181335584555 11
50.834294 0  1.31339347035 0.912679120743 -1.03805471697 0.0683889114939 0.0618390597526 -0.102462836535 0.00585778183419  -0.176271821099 -0.0515197177927 0.00181335584555 11
50.886378 0  1.31694173668  0.91589911114 -1.04339358246 0.0677640795564 0.0618589445711 -0.102627821662 0.00585778183419  -0.176271821099 -0.0515197177927 0.00181335584555 11
50.938461 0  1.32045131213 0.919125948817 -1.04874197943 0.0671329143418 0.0619624262894 -0.102692234426 0.00585778183419  -0.176271821099 -0.0515197177927 0.00181335584555 11
50.990545 0  1.32393374195 0.922355004305 -1.05409129394 0.0665193432615 0.0619814464621 -0.102648952118 0.00585778183419  -0.176271821099 -0.0515197177927 0.00181335584555 11
51.042627 0  1.32737305128  0.92558264577 -1.05943696912  0.065591605428 0.0619394537208 -0.102709076478 0.00585778183419  -0.176271821099 -0.0515197177927 0.00181335584555 11
51.094711 0  1.33076623645 0.928813142298 -1.06478973276 0.0647337118929 0.0621349930835 -0.102822555176 0.00585778183419  -0.176271821099 -0.0515197177927 0.00181335584555 11
51.146794 0  1.33411817302 0.932044255064 -1.07014827093 0.0639387583562 0.0619929804254 -0.102891455824 0.00585778183419  -0.176271821099 -0.0515197177927 0.00181335584555 11
51.198878 0  1.33742306048  0.93527115138 -1.07550615905 0.0629551806873 0.0619265803859 -0.102826709085 0.00585778183419  -0.176271821099 -0.0515197177927 0.00181335584555 11
51.250961 0  1.34067883108 0.938491902956 -1.08085930476 0.0619450448793 0.0617945532888 -0.102740772807 0.00585778183419  -0.176271821099 -0.0515197177927 0.00181335584555 11
51.303044 0  1.34387737455 0.941712903098  -1.0862092774 0.0608408427558 0.0618427992947 -0.102788542376 0.00585778183419  -0.176271821099 -0.0515197177927 0.00181335584555 11
51.355127 0  1.34701773791 0.944934813636 -1.09156074525 0.0597209004895 0.0617922522762 -0.102662896406 0.00585778183419  -0.176271821099 -0.0515197177927 0.00181335584555 11
51.40721 0  1.35009816629 0.948147449867 -1.09690027691 0.0586513009739 0.0615947816917 -0.102427932126 0.00585778183419  -0.176271821099 -0.0515197177927 0.00181335584555 11
51.459294 0  1.35311892621 0.951356292401 -1.10223918302 0.0573510199767 0.0616610444548 -0.102597400903 0.00585778183419  -0.176271821099 -0.0515197177927 0.00181335584555 11
51.511377 0  1.35607197501 0.954567177424 -1.10758434372 0.0561944917756 0.0615756432409 -0.102565519381 0.00585778183419  -0.176271821099 -0.0515197177927 0.00181335584555 11
51.563461 0  1.35897017015 0.957766215104 -1.11292177175 0.0549699498203  0.061325827958 -0.102486187906 0.00585778183419  -0.176271821099 -0.0515197177927 0.00181335584555 11
51.615544 0   1.3618025908 0.960960529821 -1.11825407501 0.0537370639308 0.0613212208119 -0.102236556062 0.00585778183419  -0.176271821099 -0.0515197177927 0.00181335584555 11
51.667628 0  1.36457208512 0.964151110414 -1.12357612269 0.0526762593107 0.0612204191658 -0.102164799742 0.00585778183419  -0.176271821099 -0.0515197177927 0.00181335584555 11
51.719711 0  1.36728712326 0.967332163641 -1.12889613044  0.051527020584 0.0608826596419 -0.102054709596 0.00585778183419  -0.176271821099 -0.0515197177927 0.00181335584555 11
51.771794 0  1.36994329432 0.970500274294 -1.13420468122 0.0503734478134 0.0607793991526 -0.101855658109 0.00585778183419  -0.176271821099 -0.0515197177927 0.00181335584555 11
51.823877 0  1.37253599921  0.97366666054 -1.13950903567 0.0491725033486 0.0607910870092 -0.101856786394 0.00585778183419  -0.176271821099 -0.0515197177927 0.00181335584555 11
51.87596 0  1.37505782867 0.976833709422 -1.14481162002 0.0477765725504 0.0607582375171 -0.101788615434 0.00585778183419  -0.176271821099 -0.0515197177927 0.00181335584555 11
51.928043 0  1.37751070017  0.97999888208 -1.15010907127 0.0463030680909 0.0608433870151 -0.101607176213 0.00585778183419  -0.176271821099 -0.0515197177927 0.00181335584555 11
51.980127 0  1.37988602385 0.983161781504 -1.15539802218  0.044956613662 0.0606466416763 -0.101385638803 0.00585778183419  -0.176271821099 -0.0515197177927 0.00181335584555 11
52.03221 0   1.3821930147 0.986313377988 -1.16067270612 0.0435831040948 0.0604954521206 -0.101221552963 0.00585778183419  -0.176271821099 -0.0515197177927 0.00181335584555 11
52.084294 0  1.38441793015 0.989461306642 -1.16594357726 0.0418574619626 0.0603593379737 -0.101082185367 0.00585778183419  -0.176271821099 -0.0515197177927 0.00181335584555 11
52.136377 0  1.38656078643 0.992605662194 -1.17120638723 0.0403444180639 0.0604674303452 -0.100984576134 0.00585778183419  -0.176271821099 -0.0515197177927 0.00181335584555 11
52.18846 0  1.38862540676 0.995757262486 -1.17646242772  0.039016445451 0.0604948690652 -0.100796860115 0.00585778183419  -0.176271821099 -0.0515197177927 0.00181335584555 11
52.240543 0  1.39061999687 0.998899305128 -1.18170364586 0.0376875795418 0.0602478413532 -0.100591764979 0.00585778183419  -0.176271821099 -0.0515197177927 0.00181335584555 11
52.292627 0    1.392553504  1.00203521495 -1.18693549215 0.0365500485391 0.0600964123144 -0.100356548069 0.00585778183419  -0.176271821099 -0.0515197177927 0.00181335584555 11
52.34471 0   1.3944141884   1.0051622939 -1.19216277949 0.0348816924804  0.059977070081 -0.100264039029 0.00585778183419  -0.176271821099 -0.0515197177927 0.00181335584555 11
52.396793 0  1.39619069251  1.00828707389 -1.19738581991 0.0334081457198 0.0599381744111 -0.100251386888 0.00585778183419  -0.176271821099 -0.0515197177927 0.00181335584555 11
52.448877 0  1.39789344818  1.01140010402 -1.20260179035 0.0319626008389 0.0597078640551 -0.100047724359 0.00585778183419  -0.176271821099 -0.0515197177927 0.00181335584555 11
52.500959 0  1.39951764606  1.01450548523 -1.20781210336 0.0304519568604 0.0595921584701 -0.099948897126 0.00585778183419  -0.176271821099 -0.0515197177927 0.00181335584555 11
52.553043 0  1.40106986222  1.01760862306 -1.21301948785  0.0290420585428  0.0596232160518 -0.0999776852688 0.00585778183419  -0.176271821099 -0.0515197177927 0.00181335584555 11
52.605127 0  1.40253938313  1.02071316956 -1.21821704831  0.0274178432012  0.0597050195763 -0.0996907258168 0.00585778183419  -0.176271821099 -0.0515197177927 0.00181335584555 11
52.65721 0  1.40393209716  1.02383096019 -1.22341258845  0.0259770864076  0.0598699017176 -0.0997807393041 0.00585778183419  -0.176271821099 -0.0515197177927 0.00181335584555 11
52.709293 0  1.40525002536  1.02695170588 -1.22860251852  0.0245587685882  0.0598956654983 -0.0994869756041 0.00585778183419  -0.176271821099 -0.0515197177927 0.00181335584555 11
52.761376 0 1.40648950286 1.03007081367 -1.2337754782  0.0229701552078  0.0599142509776 -0.0991620929803 0.00585778183419  -0.176271821099 -0.0515197177927 0.00181335584555 11
52.81346 0  1.40764981518  1.03319225157 -1.23893230446  0.0216177314531   0.059923562445 -0.0989286548887 0.00585778183419  -0.176271821099 -0.0515197177927 0.00181335584555 11
52.865543 0  1.40873599935  1.03630894798 -1.24407667097  0.0200636160174  0.0598768887037 -0.0986928084781 0.00585778183419  -0.176271821099 -0.0515197177927 0.00181335584555 11
52.917626 0 1.40973886559 1.03942277916 -1.2492130654  0.0185301829924  0.0596963413511 -0.0984821775344 0.00585778183419  -0.176271821099 -0.0515197177927 0.00181335584555 11
52.969709 0  1.41066990419  1.04252771744 -1.25433796786  0.0172143229301  0.0595978089008 -0.0983616607481 0.00585778183419  -0.176271821099 -0.0515197177927 0.00181335584555 11
53.021793 0  1.41152667711  1.04562633563 -1.25946192463  0.0156597611508  0.0594936959157 -0.0983332444937 0.00585778183419  -0.176271821099 -0.0515197177927 0.00181335584555 11
53.073876 0 1.41230345982 1.04872294641 -1.2645842917   0.014121835822   0.059331619328 -0.0983741663272 0.00585778183419  -0.176271821099 -0.0515197177927 0.00181335584555 11
53.125959 0  1.41300308941  1.05181345672 -1.26970159905  0.0127376554052  0.0592357010795 -0.0980662009819 0.00585778183419  -0.176271821099 -0.0515197177927 0.00181335584555 11
53.178042 0  1.41363420701  1.05489326119 -1.27480182418  0.0113951630119  0.0590649680942 -0.0977929213538 0.00585778183419  -0.176271821099 -0.0515197177927 0.00181335584555 11
53.230126 0  1.41418819029  1.05796981756 -1.27988693634 0.00988451035266  0.0590065349146 -0.0974832568464 0.00585778183419  -0.176271821099 -0.0515197177927 0.00181335584555 11
53.28221 0  1.41466683408  1.06103568458 -1.28496163576 0.00848688989685  0.0587021208281 -0.0974165158555 0.00585778183419  -0.176271821099 -0.0515197177927 0.00181335584555 11
53.334293 0  1.41507155839  1.06409465229 -1.29003561283 0.00702882740881  0.0587563715358 -0.0973636984133 0.00585778183419  -0.176271821099 -0.0515197177927 0.00181335584555 11
53.386376 0 1.41539843772 1.06714900213 -1.2950960978 0.00558316685365  0.0585374516897 -0.0969452497341 0.00585778183419  -0.176271821099 -0.0515197177927 0.00181335584555 11
53.438459 0  1.41565092973  1.07019184345 -1.30013961259 0.00415632021316  0.0583076342235 -0.0967125078321 0.00585778183419  -0.176271821099 -0.0515197177927 0.00181335584555 11
53.490542 0  1.41582706669  1.07323029239 -1.30516935433 0.00259962772376  0.0583789178829  -0.096514688114 0.00585778183419  -0.176271821099 -0.0515197177927 0.00181335584555 11
53.542626 0  1.41592716722  1.07626238069 -1.31019091777 0.00108225417662  0.0580579108169 -0.0963813274925 0.00585778183419  -0.176271821099 -0.0515197177927 0.00181335584555 11
53.594709 0  1.41594154367  1.07928113144 -1.31520839552 -0.000446070200942    0.0579578369133   -0.0962117091906 0.00585778183419  -0.176271821099 -0.0515197177927 0.00181335584555 11
53.646792 0  1.41587616969  1.08229777282 -1.32021131966 -0.00208144020465   0.0578337124925   -0.095893937862 0.00585778183419  -0.176271821099 -0.0515197177927 0.00181335584555 11
53.698876 0   1.415722813 1.08529903096  -1.325198754 -0.0037169226164  0.0574780887704 -0.0956148292536 0.00585778183419  -0.176271821099 -0.0515197177927 0.00181335584555 11
53.750959 0 1.41548820308 1.08829054011 -1.3301705159 -0.00529160712423   0.0573653861491  -0.0953551742298 0.00585778183419  -0.176271821099 -0.0515197177927 0.00181335584555 11
53.803042 0  1.41516770937   1.0912725479 -1.33512943758 -0.0068643483434  0.0571377564314 -0.0951207300535 0.00585778183419  -0.176271821099 -0.0515197177927 0.00181335584555 11
53.855126 0  1.41477280822  1.09424725482 -1.34007549484 -0.00831206547618   0.0570151648106  -0.0947526272129 0.00585778183419  -0.176271821099 -0.0515197177927 0.00181335584555 11
53.907209 0  1.41430377156  1.09720546679 -1.34500580195 -0.00964259737633   0.0566056710804  -0.0946123635327 0.00585778183419  -0.176271821099 -0.0515197177927 0.00181335584555 11
53.959292 0  1.41376751324  1.10015361852 -1.34992887055 -0.0109621825853  0.0566966147301 -0.0945088296618 0.00585778183419  -0.176271821099 -0.0515197177927 0.00181335584555 11
54.011376 0  1.41315627752  1.10310444079 -1.35484713752 -0.0124955132927  0.0566387305331 -0.0944072946062 0.00585778183419  -0.176271821099 -0.0515197177927 0.00181335584555 11
54.063459 0  1.41246360338  1.10605251097 -1.35975900688 -0.0141073597473  0.0565346145393 -0.0941612246043 0.00585778183419  -0.176271821099 -0.0515197177927 0.00181335584555 11
54.115542 0  1.41168309546  1.10899197885 -1.36465792905 -0.0157741346415  0.0563121773822 -0.0939301967284 0.00585778183419  -0.176271821099 -0.0515197177927 0.00181335584555 11
54.167625 0  1.41082076323  1.11191549244 -1.36954599509 -0.0172460016016   0.056048751334 -0.0937234380826 0.00585778183419  -0.176271821099 -0.0515197177927 0.00181335584555 11
54.219708 0  1.40988706259   1.1148270647 -1.37442374566 -0.0186868345545  0.0558637180416 -0.0934792865982 0.00585778183419  -0.176271821099 -0.0515197177927 0.00181335584555 11
54.271792 0 1.40887946127 1.11773074804 -1.3792873349 -0.0201240428367  0.0557307700663 -0.0932748605241 0.00585778183419  -0.176271821099 -0.0515197177927 0.00181335584555 11
54.323875 0 1.40779182456 1.12062681138 -1.3841456905 -0.0215892288151  0.0555526250793 -0.0932919910943 0.00585778183419  -0.176271821099 -0.0515197177927 0.00181335584555 11
54.375958 0   1.4066228725  1.12351263708 -1.38899987328  -0.023224433511  0.0552357044091 -0.0931026528292 0.00585778183419  -0.176271821099 -0.0515197177927 0.00181335584555 11
54.428042 0  1.40537592353  1.12638225666 -1.39384871512 -0.0247219247885  0.0549688885529 -0.0929842784796 0.00585778183419  -0.176271821099 -0.0515197177927 0.00181335584555 11
54.480125 0  1.40405125211  1.12923981003 -1.39868864372 -0.0261765965205  0.0547831924188 -0.0928250111577 0.00585778183419  -0.176271821099 -0.0515197177927 0.00181335584555 11
54.532208 0  1.40264774234  1.13208816678 -1.40351885726 -0.0277568576211  0.0546128942915 -0.0925747382031 0.00585778183419  -0.176271821099 -0.0515197177927 0.00181335584555 11
54.584292 0  1.40116376446  1.13492900879 -1.40833584423 -0.0291568921166  0.0545265650585 -0.0924518313997 0.00585778183419  -0.176271821099 -0.0515197177927 0.00181335584555 11
54.636375 0  1.39960666721  1.13776621573 -1.41314566488 -0.0306931469909  0.0544535374699 -0.0922670737567 0.00585778183419  -0.176271821099 -0.0515197177927 0.00181335584555 11
54.688458 0  1.39796478934  1.14059900505 -1.41794723815 -0.0324199512138  0.0543014219886 -0.0921025895446 0.00585778183419  -0.176271821099 -0.0515197177927 0.00181335584555 11
54.740542 0  1.39622779097  1.14342148095 -1.42273510457 -0.0341594728309  0.0540939838673 -0.0918622656581 0.00585778183419  -0.176271821099 -0.0515197177927 0.00181335584555 11
54.792625 0  1.39439744153  1.14623477758 -1.42751047786 -0.036030450414 0.0539307148583 -0.091514908654 0.00585778183419  -0.176271821099 -0.0515197177927 0.00181335584555 11
54.844708 0  1.39247811442  1.14903880246 -1.43227337845 -0.0376262098524   0.053716560205 -0.0913551899362 0.00585778183419  -0.176271821099 -0.0515197177927 0.00181335584555 11
54.896791 0  1.39048440294  1.15183538401 -1.43703100482 -0.0389816005806  0.0536826840163 -0.0912710248697 0.00585778183419  -0.176271821099 -0.0515197177927 0.00181335584555 11
54.948875 0   1.3884105593  1.15462799904 -1.44178177012 -0.0405824746366  0.0535393709315 -0.0911557373654 0.00585778183419  -0.176271821099 -0.0515197177927 0.00181335584555 11
55.000958 0  1.38625603202   1.1574137216 -1.44652508533 -0.0421417369308  0.0535472113011 -0.0910661334711 0.00585778183419  -0.176271821099 -0.0515197177927 0.00181335584555 11
55.053041 0  1.38402495639  1.16020015368 -1.45127124834 -0.0434147340941  0.0534210808125 -0.0911177981203 0.00585778183419  -0.176271821099 -0.0515197177927 0.00181335584555 11
55.105125 0  1.38173527862  1.16297804012 -1.45601876726 -0.0445491496799  0.0532017915613 -0.0912512594462 0.00585778183419  -0.176271821099 -0.0515197177927 0.00181335584555 11
55.157207 0  1.37939076268  1.16574654917 -1.46077681239 -0.0454463072305  0.0530890273935 -0.0914274552949 0.00585778183419  -0.176271821099 -0.0515197177927 0.00181335584555 11
55.209291 0 1.37699430811 1.16850563222 -1.4655358674 -0.0466732099666  0.0528236817799 -0.0914116161955 0.00585778183419  -0.176271821099 -0.0515197177927 0.00181335584555 11
55.261375 0  1.37453016053  1.17125282029 -1.47029673708 -0.0479125223801  0.0526824708024 -0.0913333747784 0.00585778183419  -0.176271821099 -0.0515197177927 0.00181335584555 11
55.313458 0  1.37200644939   1.1739978103 -1.47505261675 -0.0490809885572  0.0527103515738 -0.0913079894412 0.00585778183419  -0.176271821099 -0.0515197177927 0.00181335584555 11
55.365536 0  1.36941137788   1.1767388622 -1.47980149025 -0.0504708983804  0.0525363214268 -0.0911864271567 0.00585778183419  -0.176271821099 -0.0515197177927 0.00181335584555 11
55.417624 0  1.36674934776   1.1794739919 -1.48455167576 -0.0517434952655  0.0524932293841 -0.0912242667498 0.00585778183419  -0.176271821099 -0.0515197177927 0.00181335584555 11
55.469708 0  1.36402542041  1.18220144818 -1.48930387861  -0.052848426597  0.0522590934493 -0.0912505051198 0.00585778183419  -0.176271821099 -0.0515197177927 0.00181335584555 11
55.521791 0   1.3612465836  1.18492515214 -1.49405481258 -0.053802191821  0.052285458612 -0.091254451871 0.00585778183419  -0.176271821099 -0.0515197177927 0.00181335584555 11
55.573874 0  1.35841859366   1.1876472267 -1.49881002569 -0.0548863441936  0.0522357070793 -0.0913347517409 0.00585778183419  -0.176271821099 -0.0515197177927 0.00181335584555 11
55.625957 0  1.35552755784  1.19035887567 -1.50356712907 -0.0560601840768  0.0519713186299 -0.0913180891048 0.00585778183419  -0.176271821099 -0.0515197177927 0.00181335584555 11
55.678041 0  1.35258133666  1.19306380112 -1.50832368371 -0.0570673790002  0.0517895033387 -0.0914379692757 0.00585778183419  -0.176271821099 -0.0515197177927 0.00181335584555 11
55.730124 0  1.34957728493  1.19576751291 -1.51308682299 -0.0583215166905  0.0519917857139 -0.0914844130045 0.00585778183419  -0.176271821099 -0.0515197177927 0.00181335584555 11
55.782207 0  1.34650725497  1.19847318299 -1.51785476087 -0.0595581403267  0.0519825442081 -0.0915803725039 0.00585778183419  -0.176271821099 -0.0515197177927 0.00181335584555 11
55.834286 0 1.34337689894 1.20117255645 -1.5226227071 -0.0606280484766  0.0516719164103 -0.0914240178719 0.00585778183419  -0.176271821099 -0.0515197177927 0.00181335584555 11
55.886374 0  1.34019054387  1.20386166637 -1.52738436952 -0.0617258576215  0.0516224985537 -0.0914929417933 0.00585778183419  -0.176271821099 -0.0515197177927 0.00181335584555 11
55.938457 0  1.33693850775  1.20654592707 -1.53214784798 -0.0631216095994  0.0514011407097 -0.0914015955768 0.00585778183419  -0.176271821099 -0.0515197177927 0.00181335584555 11
55.99054 0  1.33362986651  1.20921894973 -1.53690874378 -0.0640299951314  0.0513487052288  -0.091403096896 0.00585778183419  -0.176271821099 -0.0515197177927 0.00181335584555 11
56.042624 0  1.33026733259  1.21189300602 -1.54167050848  -0.065155051305  0.0513305456592 -0.0913658503086 0.00585778183419  -0.176271821099 -0.0515197177927 0.00181335584555 11
56.094707 0  1.32684810821  1.21457181666 -1.54643025812 -0.0660848862552  0.0515068499406 -0.0915021745103 0.00585778183419  -0.176271821099 -0.0515197177927 0.00181335584555 11
56.14679 0  1.32337014851  1.21725057731 -1.55119823981 -0.0673749630045  0.0513027507979 -0.0914469077962 0.00585778183419  -0.176271821099 -0.0515197177927 0.00181335584555 11
56.198874 0 1.31983122917 1.21991917556 -1.5559627663 -0.0686069716472  0.0511489112666 -0.0915026910386 0.00585778183419  -0.176271821099 -0.0515197177927 0.00181335584555 11
56.250957 0 1.31623306073 1.22257874708 -1.5607279702 -0.0695687633482  0.0509145723099 -0.0914699949921 0.00585778183419  -0.176271821099 -0.0515197177927 0.00181335584555 11
56.303035 0   1.3125742781  1.22522384049 -1.56548899542 -0.0708818130041  0.0506889821119 -0.0912839255222 0.00585778183419  -0.176271821099 -0.0515197177927 0.00181335584555 11
56.355124 0  1.30884639816  1.22785755955 -1.57023623604 -0.0722415842205  0.0503901961967 -0.0911015687582 0.00585778183419  -0.176271821099 -0.0515197177927 0.00181335584555 11
56.407207 0  1.30505065579  1.23047727117 -1.57498095357 -0.0734231911013  0.0502307181722 -0.0909716068354 0.00585778183419  -0.176271821099 -0.0515197177927 0.00181335584555 11
56.45929 0  1.30118596932  1.23309189842 -1.57972061237 -0.0748903736349  0.0500724832382 -0.0910066824604 0.00585778183419  -0.176271821099 -0.0515197177927 0.00181335584555 11
56.511373 0  1.29725523515  1.23569053401 -1.58445703183 -0.0762646352033  0.0497485019575 -0.0908094038812 0.00585778183419  -0.176271821099 -0.0515197177927 0.00181335584555 11
56.563457 0  1.29324124082  1.23827653387 -1.58918346454 -0.0778384179441  0.0495270720081 -0.0907129733703 0.00585778183419  -0.176271821099 -0.0515197177927 0.00181335584555 11
56.61554 0  1.28915211766  1.24084576828 -1.59391288671 -0.0792959307398  0.0492359614836 -0.0907692277062 0.00585778183419  -0.176271821099 -0.0515197177927 0.00181335584555 11
56.667623 0  1.28498277051  1.24340256025 -1.59863795129 -0.0808280938992  0.0489731291505 -0.0906410364594 0.00585778183419  -0.176271821099 -0.0515197177927 0.00181335584555 11
56.719706 0  1.28073315236     1.24594744 -1.60335442338 -0.0823975642929  0.0487694933337 -0.0904173026091 0.00585778183419  -0.176271821099 -0.0515197177927 0.00181335584555 11
56.771785 0  1.27640468294  1.24848018685 -1.60806243965 -0.0838412017561  0.0485208152924 -0.0903947339592 0.00585778183419  -0.176271821099 -0.0515197177927 0.00181335584555 11
56.823874 0  1.27199695652  1.25100258127 -1.61276670034 -0.0853785823561  0.0483162484794 -0.0903337565206 0.00585778183419  -0.176271821099 -0.0515197177927 0.00181335584555 11
56.875956 0  1.26751073329  1.25351486649 -1.61746647194 -0.0868547654386  0.0481316135734 -0.0901766472649 0.00585778183419  -0.176271821099 -0.0515197177927 0.00181335584555 11
56.92804 0   1.2629449395  1.25601565373 -1.62215910403 -0.0883986761068  0.0478805730669 -0.0900666907209 0.00585778183419  -0.176271821099 -0.0515197177927 0.00181335584555 11
56.980123 0  1.25829849363  1.25850282805 -1.62684810095 -0.0899358478817  0.0475982001605 -0.0899802254619 0.00585778183419  -0.176271821099 -0.0515197177927 0.00181335584555 11
57.032207 0  1.25357953882  1.26097718797 -1.63153551481  -0.091293635282  0.0473502731629 -0.0898889986193 0.00585778183419  -0.176271821099 -0.0515197177927 0.00181335584555 11
57.08429 0    1.248785639  1.26343689832 -1.63621645631   -0.09285105719  0.0471279476466 -0.0898649094207 0.00585778183419  -0.176271821099 -0.0515197177927 0.00181335584555 11
57.136373 0  1.24390444303  1.26588333695 -1.64089209456 -0.0945821811585  0.0468317859639 -0.0896280978896 0.00585778183419  -0.176271821099 -0.0515197177927 0.00181335584555 11
57.188456 0  1.23893517643  1.26831469793 -1.64555964609 -0.0962782452279  0.0464760239629 -0.0896060790058 0.00585778183419  -0.176271821099 -0.0515197177927 0.00181335584555 11
57.240535 0  1.23387779128  1.27072127095 -1.65021933989 -0.0980765123683  0.0459613960649 -0.0894070795769 0.00585778183419  -0.176271821099 -0.0515197177927 0.00181335584555 11
57.292623 0  1.22872387371   1.2731053256 -1.65487460517 -0.0998265082338  0.0455937771336  -0.089390293067 0.00585778183419  -0.176271821099 -0.0515197177927 0.00181335584555 11
57.344706 0   1.2234767077  1.27547352087 -1.65952981951  -0.101620539278  0.0453486350921 -0.0894303555199 0.00585778183419  -0.176271821099 -0.0515197177927 0.00181335584555 11
57.39679 0  1.21813763471   1.2778256988 -1.66417915038  -0.103435852203  0.0449247897726 -0.0890477830794 0.00585778183419  -0.176271821099 -0.0515197177927 0.00181335584555 11
57.448873 0  1.21271652094  1.28016196829 -1.66881217721  -0.104676799126   0.044786187435 -0.0889931051007 0.00585778183419  -0.176271821099 -0.0515197177927 0.00181335584555 11
57.500956 0 1.20721689442 1.28248995649 -1.6734435297  -0.106482717653  0.0446281528454 -0.0889127462121 0.00585778183419  -0.176271821099 -0.0515197177927 0.00181335584555 11
57.553039 0  1.20162543849  1.28480636589 -1.67807267363  -0.108091059413    0.04436433899 -0.0887751514106 0.00585778183419  -0.176271821099 -0.0515197177927 0.00181335584555 11
57.605122 0  1.19595422277  1.28711151921 -1.68269809394  -0.109684719802  0.0442169266632 -0.0888355668856 0.00585778183419  -0.176271821099 -0.0515197177927 0.00181335584555 11
57.657206 0  1.19019746168  1.28940713811 -1.68731782678  -0.111370595939  0.0439028730135 -0.0886125292876 0.00585778183419  -0.176271821099 -0.0515197177927 0.00181335584555 11
57.709288 0  1.18434437189  1.29168879556 -1.69193336034   -0.11336974606  0.0436303396105 -0.0886190853742 0.00585778183419  -0.176271821099 -0.0515197177927 0.00181335584555 11
57.761372 0  1.17839190336  1.29394955532 -1.69654587356  -0.115139764919   0.043274509979 -0.0884371417903 0.00585778183419  -0.176271821099 -0.0515197177927 0.00181335584555 11
57.813456 0  1.17234982161  1.29619452696 -1.70114657686   -0.11694383034  0.0429213153585 -0.0882471301291 0.00585778183419  -0.176271821099 -0.0515197177927 0.00181335584555 11
57.865539 0 1.16621837935 1.29842009516 -1.7057459431  -0.118479013174  0.0425413391032 -0.0882814692375 0.00585778183419  -0.176271821099 -0.0515197177927 0.00181335584555 11
57.917622 0  1.16000935004  1.30062582035 -1.71033724902  -0.119917948712  0.0421907423193 -0.0880085108604 0.00585778183419  -0.176271821099 -0.0515197177927 0.00181335584555 11
57.969705 0  1.15372541274  1.30281787277 -1.71491789985  -0.121506908587    0.04202240518 -0.0879769260318 0.00585778183419  -0.176271821099 -0.0515197177927 0.00181335584555 11
58.021789 0 1.14736005595  1.3049981884 -1.7194941484  -0.122894106968  0.0417623724197 -0.0877746041269 0.00585778183419  -0.176271821099 -0.0515197177927 0.00181335584555 11
58.073872 0  1.14092667362  1.30716355739 -1.72406592808  -0.124153878745  0.0413752151335 -0.0877710448173 0.00585778183419  -0.176271821099 -0.0515197177927 0.00181335584555 11
58.125956 0  1.13442649752   1.3093139811 -1.72863689726  -0.125449418076  0.0411650279524 -0.0877926582772 0.00585778183419  -0.176271821099 -0.0515197177927 0.00181335584555 11
58.178038 0  1.12785003122  1.31144838205 -1.73320824471  -0.127181107162   0.040853139303 -0.0876773182597 0.00585778183419  -0.176271821099 -0.0515197177927 0.00181335584555 11
58.230122 0  1.12118207347  1.31357131334 -1.73777536968  -0.128774078549  0.0407424752584 -0.0876892657952 0.00585778183419  -0.176271821099 -0.0515197177927 0.00181335584555 11
58.282205 0  1.11443019453  1.31568727211 -1.74234414556  -0.13043730204 0.0405080134029 -0.087712222941 0.00585778183419  -0.176271821099 -0.0515197177927 0.00181335584555 11
58.334289 0  1.10759106152  1.31779081819 -1.74691244095   -0.13205310228  0.0403040356849 -0.0877382202824 0.00585778183419  -0.176271821099 -0.0515197177927 0.00181335584555 11
58.386372 0  1.10066905859  1.31988274387 -1.75147945937  -0.133736270779   0.039982383353 -0.0875586665481 0.00585778183419  -0.176271821099 -0.0515197177927 0.00181335584555 11
58.438455 0  1.09366372744  1.32195614461 -1.75603636635  -0.135309454894  0.0395567428145 -0.0874013961592 0.00585778183419  -0.176271821099 -0.0515197177927 0.00181335584555 11
58.490538 0  1.08656693777  1.32400474921 -1.76058031501  -0.137107689949   0.039181064603 -0.0870907233512 0.00585778183419  -0.176271821099 -0.0515197177927 0.00181335584555 11
58.542621 0  1.07938291852  1.32604428024 -1.76511403042  -0.138764943203  0.0390752031439 -0.0869897852358 0.00585778183419  -0.176271821099 -0.0515197177927 0.00181335584555 11
58.594705 0  1.07210634339  1.32806908106 -1.76964099007  -0.140535735583  0.0386857108169 -0.0868761232789 0.00585778183419  -0.176271821099 -0.0515197177927 0.00181335584555 11
58.646783 0  1.06474513114  1.33008037022 -1.77416408564  -0.142177268682  0.0384860507838 -0.0869122680713 0.00585778183419  -0.176271821099 -0.0515197177927 0.00181335584555 11
58.698871 0  1.05730484747   1.3320824795 -1.77868411387  -0.143567563817   0.038385207146 -0.0866759985293 0.00585778183419  -0.176271821099 -0.0515197177927 0.00181335584555 11
58.750955 0  1.04978555544  1.33407915098 -1.78319840016  -0.145198770176  0.0382930359459 -0.0866637453795 0.00585778183419  -0.176271821099 -0.0515197177927 0.00181335584555 11
58.803038 0  1.04217798064   1.3360623138 -1.78771426524  -0.146955359596  0.0379069024546 -0.0866564601461 0.00585778183419  -0.176271821099 -0.0515197177927 0.00181335584555 11
58.855122 0  1.03448966439   1.3380313295 -1.79223099698 -0.148285801564 0.0377641516847 -0.086771350832 0.00585778183419  -0.176271821099 -0.0515197177927 0.00181335584555 11
58.907205 0  1.0267296853 1.33999856693 -1.7967554126  -0.149770256468   0.037765580424 -0.0868461639523 0.00585778183419  -0.176271821099 -0.0515197177927 0.00181335584555 11
58.959288 0  1.01888710547  1.34196464368 -1.80127613507  -0.151392488122  0.0377345884997 -0.0869117926614 0.00585778183419  -0.176271821099 -0.0515197177927 0.00181335584555 11
59.011371 0  1.01095631112  1.34392368326 -1.80579901446  -0.153072249272   0.037467168733 -0.0868137037761 0.00585778183419  -0.176271821099 -0.0515197177927 0.00181335584555 11
59.063455 0  1.00294125566  1.34587685573 -1.81031572491  -0.154669047769  0.0373616566853 -0.0866507241662 0.00585778183419  -0.176271821099 -0.0515197177927 0.00181335584555 11
59.115539 0 0.994837361892  1.34781796019 -1.81482418178 -0.156498784363 0.0371988737954 -0.086468462389 0.00585778183419  -0.176271821099 -0.0515197177927 0.00181335584555 11
59.167621 0 0.986641340552  1.34975450204 -1.81931946472  -0.158240999136  0.0371563019071 -0.0861901912431 0.00585778183419  -0.176271821099 -0.0515197177927 0.00181335584555 11
59.219705 0 0.978350377201   1.3516864629 -1.82380485228  -0.160039451205    0.03693392415 -0.0860082465185 0.00585778183419  -0.176271821099 -0.0515197177927 0.00181335584555 11
59.271788 0 0.969973996802  1.35360217761 -1.82828016506  -0.161695513452  0.0367012112037 -0.0858362730002 0.00585778183419  -0.176271821099 -0.0515197177927 0.00181335584555 11
59.323871 0 0.961508639638  1.35551147837 -1.83275045427  -0.163419192616  0.0365830016194 -0.0858195456816 0.00585778183419  -0.176271821099 -0.0515197177927 0.00181335584555 11
59.375954 0  0.95294644307  1.35741029346 -1.83721589125  -0.165434985478   0.036364331234 -0.0856401529086 0.00585778183419  -0.176271821099 -0.0515197177927 0.00181335584555 11
59.428038 0 0.944282241107   1.3592961641  -1.8416637409   -0.16713930177  0.0360860931362 -0.0852647980488 0.00585778183419  -0.176271821099 -0.0515197177927 0.00181335584555 11
59.480121 0 0.935531511488  1.36116619776 -1.84610100761  -0.168887876137  0.0358566387827 -0.0851340323733 0.00585778183419  -0.176271821099 -0.0515197177927 0.00181335584555 11
59.532204 0 0.926692249923  1.36303122264 -1.85053704457  -0.170545925579  0.0357694232506 -0.0850950330987 0.00585778183419  -0.176271821099 -0.0515197177927 0.00181335584555 11
59.584288 0 0.917768103581  1.36488932422 -1.85496784833  -0.172238512642  0.0355329491669 -0.0850057829014 0.00585778183419  -0.176271821099 -0.0515197177927 0.00181335584555 11
59.636371 0 0.908747895162  1.36673550982 -1.85939151892  -0.174109186065   0.035387893601 -0.0848796047733 0.00585778183419  -0.176271821099 -0.0515197177927 0.00181335584555 11
59.688454 0 0.899630972589  1.36857280808 -1.86380727963  -0.176018583546  0.0351920941171 -0.0846833426377 0.00585778183419  -0.176271821099 -0.0515197177927 0.00181335584555 11
59.740538 0 0.890415025301  1.37040587633 -1.86820970836  -0.177761426821  0.0351614963665 -0.0844242743615 0.00585778183419  -0.176271821099 -0.0515197177927 0.00181335584555 11
59.792621 0 0.881115526629  1.37223429912 -1.87261043307  -0.179257934946  0.0351115530614 -0.0845600036846 0.00585778183419  -0.176271821099 -0.0515197177927 0.00181335584555 11
59.844704 0 0.871746360038  1.37405653726 -1.87701588422  -0.180584991605  0.0349665306513 -0.0846200463577 0.00585778183419  -0.176271821099 -0.0515197177927 0.00181335584555 11
59.896787 0 0.862305611979  1.37587552302 -1.88143171673  -0.181904309346  0.0348603419085 -0.0849140679918 0.00585778183419  -0.176271821099 -0.0515197177927 0.00181335584555 11
59.948871 0 0.852790566634  1.37767854069 -1.88585841293  -0.183382562596  0.0344346613376 -0.0850677932249 0.00585778183419  -0.176271821099 -0.0515197177927 0.00181335584555 11
60.000954 0 0.843208722007  1.37946573672 -1.89028949121  -0.184523111672   0.034186768408 -0.0850873592683 0.00585778183419  -0.176271821099 -0.0515197177927 0.00181335584555 11
60.053037 0  0.83356042252  1.38124318679 -1.89472486534  -0.186030060761  0.0340329328319 -0.0851813735034 0.00585778183419  -0.176271821099 -0.0515197177927 0.00181335584555 11
60.105121 0 0.823839611096  1.38300830203 -1.89915912733  -0.187269114136  0.0337915794934 -0.0850966875974 0.00585778183419  -0.176271821099 -0.0515197177927 0.00181335584555 11
60.157204 0 0.814046240078  1.38475992951 -1.90358952661  -0.188715922894  0.0334505543368 -0.0850699980351 0.00585778183419  -0.176271821099 -0.0515197177927 0.00181335584555 11
60.209288 0 0.804179987207  1.38649447208 -1.90802241969  -0.190231010533  0.0331121118569 -0.0850758098389 0.00585778183419  -0.176271821099 -0.0515197177927 0.00181335584555 11
60.261371 0  0.79423279888  1.38821403312 -1.91245332787  -0.191700367763  0.0329326809985 -0.0850294852267 0.00585778183419  -0.176271821099 -0.0515197177927 0.00181335584555 11
60.313454 0 0.784214018647  1.38992231945  -1.9168856251  -0.193099656736  0.0326256027992 -0.0851497934358 0.00585778183419  -0.176271821099 -0.0515197177927 0.00181335584555 11
60.365538 0 0.774117452268  1.39161601569 -1.92132019211  -0.194505407795  0.0324308121256 -0.0851417078836 0.00585778183419  -0.176271821099 -0.0515197177927 0.00181335584555 11
60.417621 0 0.763951165038  1.39329621176 -1.92575373972  -0.196005161095  0.0322066250783 -0.0851826235163 0.00585778183419  -0.176271821099 -0.0515197177927 0.00181335584555 11
60.469704 0 0.753697278623   1.3949643924 -1.93018951829  -0.197649651382  0.0318719496895 -0.0851971358952 0.00585778183419  -0.176271821099 -0.0515197177927 0.00181335584555 11
60.521785 0   0.7433647373  1.39661873116 -1.93462659532  -0.19919890755 0.0317034145087 -0.085207083059 0.00585778183419  -0.176271821099 -0.0515197177927 0.00181335584555 11
60.573871 0 0.732948687611  1.39825749439   -1.939059976  -0.200793325625  0.0312863230155 -0.0850618932145 0.00585778183419  -0.176271821099 -0.0515197177927 0.00181335584555 11
60.625954 0 0.722452939482  1.39987581723 -1.94348952163  -0.202234773313  0.0308825993831 -0.0850244104783 0.00585778183419  -0.176271821099 -0.0515197177927 0.00181335584555 11
60.678037 0 0.711875771566  1.40147470854 -1.94791812386  -0.203944948863  0.0304605547596 -0.0849838316131 0.00585778183419  -0.176271821099 -0.0515197177927 0.00181335584555 11
60.73012 0 0.701214735802   1.4030479043 -1.95234598401  -0.205414071223  0.0299678593647 -0.0850829404727 0.00585778183419  -0.176271821099 -0.0515197177927 0.00181335584555 11
60.782204 0 0.690472121137  1.40459811676 -1.95677289154   -0.20721794899  0.0296191342029 -0.0848917333776 0.00585778183419  -0.176271821099 -0.0515197177927 0.00181335584555 11
60.834287 0 0.679637016764   1.4061317152 -1.96118804553  -0.208807332695  0.0292271590446 -0.0847570233632 0.00585778183419  -0.176271821099 -0.0515197177927 0.00181335584555 11
60.88637 0 0.668723168585  1.40764358842 -1.96559973733  -0.210241338226  0.0287989193273 -0.0847753658611 0.00585778183419  -0.176271821099 -0.0515197177927 0.00181335584555 11
60.938454 0 0.657730166608  1.40913767541 -1.97000536366   -0.21180514121  0.0286075961264 -0.0844254090172 0.00585778183419  -0.176271821099 -0.0515197177927 0.00181335584555 11
60.990536 0 0.646657554829  1.41061914473 -1.97439805865  -0.213475921025  0.0283781024118 -0.0842598246856 0.00585778183419  -0.176271821099 -0.0515197177927 0.00181335584555 11
61.042621 0 0.635495453455  1.41208688954 -1.97878350963  -0.215112837867   0.028034526752 -0.0841893988323 0.00585778183419  -0.176271821099 -0.0515197177927 0.00181335584555 11
61.094704 0 0.624248173166  1.41353735977 -1.98316799986  -0.216860130553  0.0276764134302 -0.0841499224231 0.00585778183419  -0.176271821099 -0.0515197177927 0.00181335584555 11
61.146787 0 0.612918001341  1.41496893517 -1.98754627908  -0.218210524762  0.0272889343792 -0.0840348519787 0.00585778183419  -0.176271821099 -0.0515197177927 0.00181335584555 11
61.19887 0 0.601517312208   1.4163760933 -1.99192379138  -0.219658751529  0.0268381121324 -0.0840179405526 0.00585778183419  -0.176271821099 -0.0515197177927 0.00181335584555 11
61.250954 0 0.590031694773  1.41776297415 -1.99629308359  -0.221391177091  0.0264413072795 -0.0837755746509 0.00585778183419  -0.176271821099 -0.0515197177927 0.00181335584555 11
61.303036 0 0.578464347932   1.4191302311 -2.00065728774  -0.222754914384  0.0260088429379 -0.0837395038389 0.00585778183419  -0.176271821099 -0.0515197177927 0.00181335584555 11
61.35512 0 0.566816480967  1.42047502208 -2.00501987769  -0.224460928131  0.0256608691207 -0.0837265914675 0.00585778183419  -0.176271821099 -0.0515197177927 0.00181335584555 11
61.407203 0 0.555079731221  1.42180390505  -2.0093801575  -0.226238681382  0.0253844576135 -0.0836989365352 0.00585778183419  -0.176271821099 -0.0515197177927 0.00181335584555 11
61.459288 0 0.543248220426  1.42311519144 -2.01373696841  -0.227999885909  0.0250227093425 -0.0836485848088 0.00585778183419  -0.176271821099 -0.0515197177927 0.00181335584555 11
61.511371 0 0.531329824092  1.42440860346 -2.01809633542  -0.229695554728  0.0245844608411 -0.0837056180259 0.00585778183419  -0.176271821099 -0.0515197177927 0.00181335584555 11
61.563453 0 0.519325750994  1.42568082471 -2.02244620795  -0.231184845798  0.0242110673186 -0.0833573994079 0.00585778183419  -0.176271821099 -0.0515197177927 0.00181335584555 11
61.615536 0 0.507245996814   1.4269287965  -2.0267870337  -0.232750475338  0.0237012542947 -0.0832709159221 0.00585778183419  -0.176271821099 -0.0515197177927 0.00181335584555 11
61.66762 0 0.495078740349  1.42815549401 -2.03112377352  -0.234380078135  0.0234394398936 -0.0832484224773 0.00585778183419  -0.176271821099 -0.0515197177927 0.00181335584555 11
61.719703 0 0.482831688834  1.42937109879 -2.03544948419  -0.236014981642  0.0231839142494 -0.0829870436576 0.00585778183419  -0.176271821099 -0.0515197177927 0.00181335584555 11
61.771786 0 0.470499411388  1.43056386339 -2.03976514555  -0.237540209189  0.0226864445698 -0.0828173677817 0.00585778183419  -0.176271821099 -0.0515197177927 0.00181335584555 11
61.82387 0 0.458080633487  1.43173528281  -2.0440765008  -0.239263147862  0.0223289948305 -0.0827488026405 0.00585778183419  -0.176271821099 -0.0515197177927 0.00181335584555 11
61.875953 0 0.445574456066  1.43288193459 -2.04838209081  -0.240974732739  0.0217463425423 -0.0826731215878 0.00585778183419  -0.176271821099 -0.0515197177927 0.00181335584555 11
61.928036 0  0.43297929603  1.43399692534 -2.05267805466  -0.242565120653  0.0210619966989 -0.0823184938307 0.00585778183419  -0.176271821099 -0.0515197177927 0.00181335584555 11
61.980119 0 0.420302121031  1.43507938306 -2.05696586779  -0.24416978338 0.0205292782555 -0.082287270807 0.00585778183419  -0.176271821099 -0.0515197177927 0.00181335584555 11
62.032203 0 0.407548022145  1.43613740422 -2.06125066683  -0.245599188968  0.0200361869745 -0.0822589004817 0.00585778183419  -0.176271821099 -0.0515197177927 0.00181335584555 11
62.084286 0 0.394716672099  1.43717387615 -2.06552847333  -0.247234740819  0.0196702345635 -0.0819952952791 0.00585778183419  -0.176271821099 -0.0515197177927 0.00181335584555 11
62.136369 0 0.381795502368  1.43818779532 -2.06979211352 -0.248953807356 0.0191907980625 -0.081767998328 0.00585778183419  -0.176271821099 -0.0515197177927 0.00181335584555 11
62.188452 0 0.368782737279  1.43916903349 -2.07404413437  -0.250696414247   0.018584965815 -0.0815187993431 0.00585778183419  -0.176271821099 -0.0515197177927 0.00181335584555 11
62.240537 0  0.35567714128  1.44013074574 -2.07828666522  -0.252526979982  0.0182323369002 -0.0813413271432 0.00585778183419  -0.176271821099 -0.0515197177927 0.00181335584555 11
62.29262 0 0.342478334049  1.44106953603 -2.08252097626  -0.254299129324  0.0177869266968 -0.0811905303031 0.00585778183419  -0.176271821099 -0.0515197177927 0.00181335584555 11
62.344703 0 0.329190919344  1.44198829122 -2.08674835843   -0.25596250323  0.0174624326661 -0.0810857069074 0.00585778183419  -0.176271821099 -0.0515197177927 0.00181335584555 11
62.396786 0  0.31582160718  1.44288218105 -2.09096800208  -0.257484223244  0.0168708772053 -0.0809100578151 0.00585778183419  -0.176271821099 -0.0515197177927 0.00181335584555 11
62.448869 0 0.302369455038  1.44374809769 -2.09517482629  -0.258993989813  0.0163379864502 -0.0807510775642 0.00585778183419  -0.176271821099 -0.0515197177927 0.00181335584555 11
62.500952 0 0.288832480881  1.44458674117 -2.09938232656 -0.260757177718 0.0158496116906 -0.080824614284 0.00585778183419  -0.176271821099 -0.0515197177927 0.00181335584555 11
62.553036 0 0.275206408653   1.4453982041 -2.10359254159 -0.262445632643 0.0153350855215  -0.08083270958 0.00585778183419  -0.176271821099 -0.0515197177927 0.00181335584555 11
62.605119 0 0.261495656736  1.44618655426 -2.10780132462  -0.264054629873  0.0150053524451 -0.0807699477872 0.00585778183419  -0.176271821099 -0.0515197177927 0.00181335584555 11
62.657202 0 0.247696641783  1.44695887877  -2.1120048165  -0.265688015688  0.0145313187582 -0.0805704562822 0.00585778183419  -0.176271821099 -0.0515197177927 0.00181335584555 11
62.709285 0  0.23382538018  1.44770811186 -2.11619886593  -0.266974725201  0.0142145633119 -0.0804727143703 0.00585778183419  -0.176271821099 -0.0515197177927 0.00181335584555 11
62.761369 0 0.219886263963  1.44843950563 -2.12039095204  -0.268362294848  0.0138814076806 -0.0804711035662 0.00585778183419  -0.176271821099 -0.0515197177927 0.00181335584555 11
62.813452 0 0.205865366176   1.4491556045 -2.12458407119  -0.269926930194  0.0135477714062 -0.0805144898191 0.00585778183419  -0.176271821099 -0.0515197177927 0.00181335584555 11
62.865535 0 0.191765288174  1.44984722871 -2.12877613219  -0.271542731112  0.0130318446613 -0.0804514610876 0.00585778183419  -0.176271821099 -0.0515197177927 0.00181335584555 11
62.917619 0  0.17758765804  1.45050823022 -2.13296424426  -0.272942284797  0.0124039337526 -0.0803363725831 0.00585778183419  -0.176271821099 -0.0515197177927 0.00181335584555 11
62.969702 0  0.16333695521  1.45113810637 -2.13714759249  -0.274305003961     0.0119005868 -0.0803221697793 0.00585778183419  -0.176271821099 -0.0515197177927 0.00181335584555 11
63.021786 0 0.149017686907  1.45174181533 -2.14133851856  -0.275473403252  0.0113022727582 -0.0806177803369 0.00585778183419  -0.176271821099 -0.0515197177927 0.00181335584555 11
63.073868 0   0.1346313545  1.45232257839 -2.14553896534  -0.276983235011  0.0109971902823 -0.0806504799425 0.00585778183419  -0.176271821099 -0.0515197177927 0.00181335584555 11
63.125952 0 0.120165141299  1.45288396784 -2.14974250808  -0.278536841686  0.0105712307353 -0.0807527261079 0.00585778183419  -0.176271821099 -0.0515197177927 0.00181335584555 11
63.178035 0 0.105618278348  1.45342625099 -2.15394338663  -0.279954149653   0.010254176662 -0.0807083874418 0.00585778183419  -0.176271821099 -0.0515197177927 0.00181335584555 11
63.230118 0 0.091000978088  1.45394843337 -2.15814778917  -0.281354357128 0.00967059780837 -0.0807442020583 0.00585778183419  -0.176271821099 -0.0515197177927 0.00181335584555 11
63.282202 0 0.0763123522557   1.45443928361  -2.16234567713   -0.28270234268 0.00919871419858  -0.080465603035 0.00585778183419  -0.176271821099 -0.0515197177927 0.00181335584555 11
63.334285 0 0.0615474089911   1.45490388293  -2.16652929949   -0.28406647298 0.00865129674925 -0.0803088948084 0.00585778183419  -0.176271821099 -0.0515197177927 0.00181335584555 11
63.386368 0 0.0467189383363   1.45534530087  -2.17070945646  -0.285375881085 0.00830390539356 -0.0802378913046 0.00585778183419  -0.176271821099 -0.0515197177927 0.00181335584555 11
63.438451 0 0.0318217206058   1.45575645587  -2.17488661608  -0.286732970287 0.00765451244144 -0.0801249337926 0.00585778183419  -0.176271821099 -0.0515197177927 0.00181335584555 11
63.490535 0 0.0168500797911   1.45613933078  -2.17905905527  -0.288094643575 0.00704611654838  -0.080105914822 0.00585778183419  -0.176271821099 -0.0515197177927 0.00181335584555 11
63.542618 0 0.00181083477067    1.45649047395   -2.18323073147  -0.289506719226 0.00652657837698 -0.0801608310279 0.00585778183419  -0.176271821099 -0.0515197177927 0.00181335584555 11
63.594702 0 -0.0133119826277    1.45681623602   -2.18740609276   -0.29114440898 0.00593775202919 -0.0801249532609 0.00585778183419  -0.176271821099 -0.0515197177927 0.00181335584555 11
63.646785 0 -0.0285047153806    1.45711287912   -2.19157999812  -0.292373741025 0.00553180408842 -0.0801650440265 0.00585778183419  -0.176271821099 -0.0515197177927 0.00181335584555 11
63.698868 0 -0.043766482746   1.45739107403  -2.19575507707  -0.293627675892 0.00511467431289 -0.0801860236288 0.00585778183419  -0.176271821099 -0.0515197177927 0.00181335584555 11
63.750951 0 -0.0590937209997    1.45764479746   -2.19993086224  -0.294955032461 0.00463247588951 -0.0801964417576 0.00585778183419  -0.176271821099 -0.0515197177927 0.00181335584555 11
63.803035 0 -0.0744889020678    1.45787019559   -2.20410803612  -0.296164048898 0.00412987189998 -0.0802401167731 0.00585778183419  -0.176271821099 -0.0515197177927 0.00181335584555 11
63.855118 0 -0.0899426277513    1.45807083946   -2.20828607774  -0.297319799354  0.0035042640286 -0.0801546090601 0.00585778183419  -0.176271821099 -0.0515197177927 0.00181335584555 11
63.907201 0 -0.105459545425   1.45823344242  -2.21246340811  -0.298559329865 0.00269328463137 -0.0801467239875 0.00585778183419  -0.176271821099 -0.0515197177927 0.00181335584555 11
63.959284 0 -0.121048282803   1.45835886064  -2.21664423464  -0.300029385768   0.002137183843 -0.0802697964316 0.00585778183419  -0.176271821099 -0.0515197177927 0.00181335584555 11
64.011368 0 -0.136712821455    1.4584563417  -2.22082882282  -0.301474413925  0.0016382341172 -0.0804633025182 0.00585778183419  -0.176271821099 -0.0515197177927 0.00181335584555 11
64.063451 0 -0.152449841597   1.45852473699  -2.22502246654   -0.30289576446  0.0010707997133 -0.0804087013559 0.00585778183419  -0.176271821099 -0.0515197177927 0.00181335584555 11
64.115534 0 -0.168267371782   1.45856649876  -2.22920991137   -0.304337348001 0.000516890539273  -0.0803907283301 0.00585778183419  -0.176271821099 -0.0515197177927 0.00181335584555 11
64.167618 0 -0.184155220156   1.45857946926  -2.23339975286    -0.305726308702 -2.88593342189e-05   -0.0804555494633 0.00585778183419  -0.176271821099 -0.0515197177927 0.00181335584555 11
64.219701 0 -0.200110052803   1.45855895316  -2.23758735556    -0.306974519409 -0.000744480989108   -0.0804706490324 0.00585778183419  -0.176271821099 -0.0515197177927 0.00181335584555 11
64.271784 0 -0.216136979579   1.45850196211  -2.24178525061   -0.308343519914 -0.00136850884868  -0.0805189166888 0.00585778183419  -0.176271821099 -0.0515197177927 0.00181335584555 11
64.323867 0 -0.232233681307   1.45841598915  -2.24597709186   -0.309801338529 -0.00204404290057  -0.0804401347738 0.00585778183419  -0.176271821099 -0.0515197177927 0.00181335584555 11
64.37595 0 -0.24840641631  1.45829364105 -2.25015854504   -0.311225814345 -0.00271172458225  -0.0801339626057 0.00585778183419  -0.176271821099 -0.0515197177927 0.00181335584555 11
64.428035 0 -0.264652257194   1.45813997582  -2.25433246339   -0.312649506557 -0.00309148313198  -0.0800460172642 0.00585778183419  -0.176271821099 -0.0515197177927 0.00181335584555 11
64.480118 0 -0.280969523067     1.457966465  -2.25850649152  -0.314084632812 -0.0036923645266   -0.08009720524 0.00585778183419  -0.176271821099 -0.0515197177927 0.00181335584555 11
64.532201 0 -0.297366551771   1.45775934292  -2.26267834103   -0.315514057988 -0.00428702445307  -0.0800638055681 0.00585778183419  -0.176271821099 -0.0515197177927 0.00181335584555 11
64.584284 0 -0.313829575907   1.45752063659  -2.26684550427   -0.316712290743 -0.00487518468187   -0.079949997939 0.00585778183419  -0.176271821099 -0.0515197177927 0.00181335584555 11
64.636367 0 -0.330360374485   1.45725230187  -2.27100771566   -0.318198992776 -0.00539945690791  -0.0798318424813 0.00585778183419  -0.176271821099 -0.0515197177927 0.00181335584555 11
64.688451 0 -0.346969829147   1.45695201233   -2.2751649447   -0.319575031462 -0.00604356341508  -0.0798313448599 0.00585778183419  -0.176271821099 -0.0515197177927 0.00181335584555 11
64.740534 0 -0.363650282302   1.45662530195  -2.27931866714   -0.321071547593 -0.00657564185657  -0.0796741518431 0.00585778183419  -0.176271821099 -0.0515197177927 0.00181335584555 11
64.792617 0 -0.380415001475   1.45627009218  -2.28347327641   -0.322634350598 -0.00708423986186   -0.079790237545 0.00585778183419  -0.176271821099 -0.0515197177927 0.00181335584555 11
64.8447 0 -0.397252836598   1.45588412492  -2.28762813522   -0.324030853865 -0.00781258945143  -0.0798272201502 0.00585778183419  -0.176271821099 -0.0515197177927 0.00181335584555 11
64.896784 0 -0.414165988516   1.45545694737  -2.29178218759   -0.325447103721 -0.00850800690905  -0.0797355270105 0.00585778183419  -0.176271821099 -0.0515197177927 0.00181335584555 11
64.948867 0 -0.431156401285   1.45499944942  -2.29593166672   -0.326973366371 -0.00904195160405  -0.0796937712889 0.00585778183419  -0.176271821099 -0.0515197177927 0.00181335584555 11
65.00095 0 -0.448226411512   1.45451249232  -2.30007481935  -0.328410103844 -0.0097386344098 -0.0794415297268 0.00585778183419  -0.176271821099 -0.0515197177927 0.00181335584555 11
65.053033 0 -0.465366692561   1.45398660488  -2.30420973701  -0.329837031657 -0.0104318217045 -0.0793279279193 0.00585778183419  -0.176271821099 -0.0515197177927 0.00181335584555 11
65.105117 0 -0.482591777993   1.45342164888  -2.30833797031  -0.331509791739 -0.0112854435339 -0.0792277422867 0.00585778183419  -0.176271821099 -0.0515197177927 0.00181335584555 11
65.1572 0 -0.499889099242   1.45281111978  -2.31247066324  -0.332820576031 -0.0121293647337 -0.0793105095293 0.00585778183419  -0.176271821099 -0.0515197177927 0.00181335584555 11
65.209284 0 -0.51725992246  1.45216153259 -2.31660186842  -0.334247393613  -0.012804763496 -0.0793210179548 0.00585778183419  -0.176271821099 -0.0515197177927 0.00181335584555 11
65.261367 0 -0.534697421673   1.45147685506  -2.32073871177  -0.335336475399 -0.0135694026727 -0.0794141583799 0.00585778183419  -0.176271821099 -0.0515197177927 0.00181335584555 11
65.31345 0 -0.552192546886   1.45075098988  -2.32487642018  -0.336476503934 -0.0142225320706 -0.0794790319697 0.00585778183419  -0.176271821099 -0.0515197177927 0.00181335584555 11
65.365533 0 -0.569751789441   1.44999413992   -2.3290201543  -0.337760537918  -0.014792260447 -0.0795354204818 0.00585778183419  -0.176271821099 -0.0515197177927 0.00181335584555 11
65.417616 0 -0.587377386505    1.4492002072  -2.33316130007   -0.33903932798  -0.015685561006 -0.0794863922804 0.00585778183419  -0.176271821099 -0.0515197177927 0.00181335584555 11
65.4697 0 -0.605070987224   1.44836489164  -2.33729761174  -0.340325828204 -0.0163372231268 -0.0794125031504 0.00585778183419  -0.176271821099 -0.0515197177927 0.00181335584555 11
65.521783 0 -0.622828006857   1.44748952212  -2.34143287072  -0.341488314311 -0.0172276936926 -0.0793920380413 0.00585778183419  -0.176271821099 -0.0515197177927 0.00181335584555 11
65.573866 0 -0.640641582564   1.44657137002  -2.34557394604  -0.342521378951 -0.0179442236856 -0.0795740183217 0.00585778183419  -0.176271821099 -0.0515197177927 0.00181335584555 11
65.625945 0 -0.658509644745   1.44561918014  -2.34972024868  -0.343595950266 -0.0185922160823 -0.0795964130951 0.00585778183419  -0.176271821099 -0.0515197177927 0.00181335584555 11
65.678033 0 -0.676440052133   1.44463393204  -2.35387293355  -0.344902275166 -0.0191976280722 -0.0798262735368 0.00585778183419  -0.176271821099 -0.0515197177927 0.00181335584555 11
65.730116 0 -0.694441494579   1.44361726403  -2.35803192866  -0.346261262562 -0.0198704948621  -0.079801239178 0.00585778183419  -0.176271821099 -0.0515197177927 0.00181335584555 11
65.782201 0 -0.712515087136   1.44256548268  -2.36218843413  -0.347747308946 -0.0204994214491  -0.079814387999 0.00585778183419  -0.176271821099 -0.0515197177927 0.00181335584555 11
65.834283 0 -0.730667618279   1.44147592656  -2.36634200619  -0.349457859294 -0.0213101158097 -0.0796303216074 0.00585778183419  -0.176271821099 -0.0515197177927 0.00181335584555 11
65.886366 0 -0.748908653119   1.44034418168  -2.37049216467  -0.350958161888 -0.0220312348266    -0.0796576587 0.00585778183419  -0.176271821099 -0.0515197177927 0.00181335584555 11
65.938449 0 -0.767222201026   1.43917664374  -2.37463647537   -0.35244837997 -0.0227563009956 -0.0795302928085 0.00585778183419  -0.176271821099 -0.0515197177927 0.00181335584555 11
65.990533 0 -0.785611868188   1.43796810179  -2.37878484697  -0.353673052924 -0.0235984865327 -0.0797798099246 0.00585778183419  -0.176271821099 -0.0515197177927 0.00181335584555 11
66.042616 0 -0.804062624587   1.43671846815  -2.38294241161  -0.355031450482  -0.024366612032 -0.0798053443769 0.00585778183419  -0.176271821099 -0.0515197177927 0.00181335584555 11
66.094694 0 -0.822586004311    1.4354307092  -2.38709344086  -0.356456104957 -0.0250474443908 -0.0797022777569 0.00585778183419  -0.176271821099 -0.0515197177927 0.00181335584555 11
66.146783 0 -0.841192105056    1.4341073147  -2.39124392481  -0.357946149442 -0.0257745218318 -0.0796402698353 0.00585778183419  -0.176271821099 -0.0515197177927 0.00181335584555 11
66.198866 0 -0.85987002132  1.43274847101 -2.39539438797  -0.359348399201 -0.0264085375142 -0.0796964666775 0.00585778183419  -0.176271821099 -0.0515197177927 0.00181335584555 11
66.250949 0 -0.878622767885   1.43135488967  -2.39954405452  -0.360771671732 -0.0271698609224  -0.079638655466 0.00585778183419  -0.176271821099 -0.0515197177927 0.00181335584555 11
66.303037 0 -0.89744384406  1.42992472265 -2.40369216552  -0.361932915449 -0.0279354738244 -0.0796315823168 0.00585778183419  -0.176271821099 -0.0515197177927 0.00181335584555 11
66.355126 0 -0.916336269066   1.42844988363  -2.40783891998  -0.363459957635 -0.0286090085023 -0.0795738737069 0.00585778183419  -0.176271821099 -0.0515197177927 0.00181335584555 11
66.407216 0 -0.935309271407   1.42693633883  -2.41198163675     -0.364935073 -0.0295772628884 -0.0794177475548 0.00585778183419  -0.176271821099 -0.0515197177927 0.00181335584555 11
66.459306 0 -0.954354242229   1.42537127978  -2.41611494624  -0.366308517949 -0.0304820639124 -0.0793329790301 0.00585778183419  -0.176271821099 -0.0515197177927 0.00181335584555 11
66.511396 0 -0.973471463018   1.42375754544  -2.42024928884  -0.367640365149 -0.0315317890677 -0.0794087728419 0.00585778183419  -0.176271821099 -0.0515197177927 0.00181335584555 11
66.56348 0 -0.992654791144   1.42208969871  -2.42438401237  -0.369008684667 -0.0324256932476 -0.0793535907015 0.00585778183419  -0.176271821099 -0.0515197177927 0.00181335584555 11
66.615575 0 -1.01191408288  1.42038061027 -2.42851762037  -0.370303979255 -0.0332160689258 -0.0793152429588 0.00585778183419  -0.176271821099 -0.0515197177927 0.00181335584555 11
66.667664 0 -1.03123626433  1.41862948322 -2.43264429198   -0.37156276003 -0.0340284340593 -0.0791955258875 0.00585778183419  -0.176271821099 -0.0515197177927 0.00181335584555 11
66.719754 0 -1.05062897422  1.41691940755  -2.4367758244   -0.37153983138 -0.0469385083703 -0.0795406549792 0.00585778183419  -0.176271821099 -0.0515197177927 0.00181335584555 11
66.771844 0 -1.07004678828  1.41501156751 -2.44091838414  -0.372798241779 -0.0453843802528 -0.0789703377949 0.00585778183419  -0.176271821099 -0.0515197177927 0.00181335584555 11
66.823934 0 -1.08956647458  1.41312153118 -2.44504915038  -0.374396828804 -0.0476115550567 -0.0787349293731 0.00585778183419  -0.176271821099 -0.0515197177927 0.00181335584555 11
66.876024 0 -1.10910551331  1.41116392344 -2.44921063493  -0.377700239555 -0.0377173197141  -0.079186799653 0.00585778183419  -0.176271821099 -0.0515197177927 0.00181335584555 11
66.928113 0 -1.12872463546   1.4091821373 -2.45336683237   -0.37467490933 -0.0421481805113 -0.0811371074802 0.00585778183419  -0.176271821099 -0.0515197177927 0.00181335584555 11
66.980203 0 -1.14838540963  1.40715279338 -2.45752740999  -0.377460817183 -0.0411736934736 -0.0800381642508 0.00585778183419  -0.176271821099 -0.0515197177927 0.00181335584555 11
67.032288 0 -1.16805842347   1.4050806597  -2.4617277112  -0.377512123805 -0.0431741762301 -0.0805611753216 0.00585778183419  -0.176271821099 -0.0515197177927 0.00181335584555 11
67.084383 0 -1.18777313044  1.40295993128 -2.46593640007  -0.378358129091 -0.0428531882523 -0.0806561305004 0.00585778183419  -0.176271821099 -0.0515197177927 0.00181335584555 11
67.136472 0 -1.20752028103  1.40078684791 -2.47016096135  -0.378138307736 -0.0431571622337 -0.0808735387156 0.00585778183419  -0.176271821099 -0.0515197177927 0.00181335584555 11
67.188562 0 -1.22730218465  1.39856597645 -2.47439364856  -0.378609262058 -0.0434969552549 -0.0813698754597 0.00585778183419  -0.176271821099 -0.0515197177927 0.00181335584555 11
67.240652 0 -1.24708581107  1.39629146408 -2.47865050121  -0.380142605405 -0.0457904280154 -0.0815823002249 0.00585778183419  -0.176271821099 -0.0515197177927 0.00181335584555 11
67.292741 0 -1.26686742726  1.39397967646 -2.48293470694  -0.380455090805 -0.0466450365087 -0.0825027705734 0.00585778183419  -0.176271821099 -0.0515197177927 0.00181335584555 11
67.34483 0 -0.39326064381  -2.1198412499 -2.49055804805  -0.302788333345  -0.348501927503 -0.0833162506514 0.00585880007849   -0.17626443571 -0.0515218940338 0.00181337895899 11
67.39692 0 -0.409074985123  -2.13798454324  -2.49487481835  -0.303545096734  -0.349584515494 -0.0832279080567 0.00585880007849   -0.17626443571 -0.0515218940338 0.00181337895899 11
67.44901 0 -0.42488020754 -2.15623084396 -2.49922284066  -0.302937931482  -0.351633234156 -0.0846875680581 0.00585880007849   -0.17626443571 -0.0515218940338 0.00181337895899 11
67.501099 0 -0.440680519574  -2.17456250566  -2.50359392845  -0.303201777585  -0.353199844766 -0.0844173944659 0.00585880007849   -0.17626443571 -0.0515218940338 0.00181337895899 11
67.553188 0 -0.456458945497  -2.19300392837  -2.50800187113  -0.302531170956  -0.355655492002 -0.0852028011755 0.00585880007849   -0.17626443571 -0.0515218940338 0.00181337895899 11
67.605278 0 -0.472232720674  -2.21155033306  -2.51244139906  -0.302836248103  -0.357255209789 -0.0855990912533 0.00585880007849   -0.17626443571 -0.0515218940338 0.00181337895899 11
67.657366 0 -0.487983793996  -2.23019119164  -2.51690757192  -0.302828757707  -0.358970902287 -0.0856526893449 0.00585880007849   -0.17626443571 -0.0515218940338 0.00181337895899 11
67.709456 0 -0.50371733223 -2.24893334445 -2.52139231662  -0.301640214258  -0.360528476235 -0.0865935662949 0.00585880007849   -0.17626443571 -0.0515218940338 0.00181337895899 11
67.761546 0 -0.519448347134  -2.26777357753   -2.5258984814  -0.301730524568  -0.361438789866 -0.0867677334864 0.00585880007849   -0.17626443571 -0.0515218940338 0.00181337895899 11
67.813635 0 -0.535171330193  -2.28672026933  -2.53042868165  -0.301797502899  -0.364820528063 -0.0869012585075 0.00585880007849   -0.17626443571 -0.0515218940338 0.00181337895899 11
67.865724 0 -0.55088134793 -2.30576540992 -2.53498962473  -0.300959734268  -0.366545308213 -0.0877003818293 0.00585880007849   -0.17626443571 -0.0515218940338 0.00181337895899 11
67.917813 0 -0.566565585296   -2.3249030643  -2.53958017832  -0.300330783384  -0.368982894482 -0.0881830726769 0.00585880007849   -0.17626443571 -0.0515218940338 0.00181337895899 11
67.969898 0 -0.582234941809  -2.34413500572  -2.54418665782  -0.300276958744  -0.370526167565 -0.0890016316226 0.00585880007849   -0.17626443571 -0.0515218940338 0.00181337895899 11
68.021992 0 -0.59790040833 -2.36348108503 -2.54881884469  -0.300485400839  -0.373052833869 -0.0886120677479 0.00585880007849   -0.17626443571 -0.0515218940338 0.00181337895899 11
68.074081 0 -0.613559715691  -2.38293803226  -2.55345886021  -0.300577476225  -0.374031526306 -0.0895868059781 0.00585880007849   -0.17626443571 -0.0515218940338 0.00181337895899 11
68.126171 0 -0.629202610791  -2.40249380081  -2.55812802677  -0.299438701935  -0.377395331998 -0.0902824902961 0.00585880007849   -0.17626443571 -0.0515218940338 0.00181337895899 11
68.17826 0 -0.644807885195  -2.42216105004   -2.5628249506  -0.299455660493  -0.377423555487 -0.0906833294959 0.00585880007849   -0.17626443571 -0.0515218940338 0.00181337895899 11
68.23035 0  -0.6603938425 -2.44192532206  -2.5675452988  -0.29859961516 -0.380482007257 -0.091341114399 0.00585880007849   -0.17626443571 -0.0515218940338 0.00181337895899 11
68.282438 0 -0.675955145542  -2.46180546305  -2.57228928289  -0.298986068744   -0.38123796664 -0.0913078339368 0.00585880007849   -0.17626443571 -0.0515218940338 0.00181337895899 11
68.334527 0 -0.691489041118  -2.48180228318  -2.57706594267  -0.297862988698  -0.384124512393 -0.0923433148814 0.00585880007849   -0.17626443571 -0.0515218940338 0.00181337895899 11
68.386616 0 -0.706996685849  -2.50190512913  -2.58186610047  -0.29868339131  -0.38583838368 -0.091752736653 0.00585880007849   -0.17626443571 -0.0515218940338 0.00181337895899 11
68.438705 0 -0.722466696718  -2.52213357917  -2.58670333969  -0.297903533483   -0.38879747108 -0.0929187542156 0.00585880007849   -0.17626443571 -0.0515218940338 0.00181337895899 11
68.490794 0 -0.73792417972 -2.54245102509 -2.59156497808 -0.298287195428  -0.39094216235 -0.092568911082 0.00585880007849   -0.17626443571 -0.0515218940338 0.00181337895899 11
68.542883 0 -0.753357860268   -2.5628830565  -2.59645800208  -0.296718486631  -0.393701307836 -0.0933880083367 0.00585880007849   -0.17626443571 -0.0515218940338 0.00181337895899 11
68.594973 0 -0.76876986293 -2.58342923938  -2.6013794224 -0.295731388757  -0.39575785725 -0.094257311384 0.00585880007849   -0.17626443571 -0.0515218940338 0.00181337895899 11
68.647061 0 -0.78415836125 -2.60410235419 -2.60632512068  -0.295028586116  -0.397465142021 -0.0951825696431 0.00585880007849   -0.17626443571 -0.0515218940338 0.00181337895899 11
68.69915 0 -0.799516930862  -2.62489044353  -2.61130377357 -0.294351483351 -0.401003446292 -0.096160813233 0.00585880007849   -0.17626443571 -0.0515218940338 0.00181337895899 11
68.751239 0 -0.814834827002  -2.64576750216  -2.61632764721  -0.293799890621  -0.403445470406 -0.0967437597193 0.00585880007849   -0.17626443571 -0.0515218940338 0.00181337895899 11
68.803328 0  4.93492336676 -1.20412684136 -2.58937048658  0.182124423383 -0.286147319154 -0.095433060271 0.00585623670302  -0.176299827116  -0.051529845706 0.00182642550432 11
68.855417 0  4.94445430772 -1.21895568445 -2.59434420297    0.18444992477  -0.287580361535 -0.0963028391524 0.00585623670302  -0.176299827116  -0.051529845706 0.00182642550432 11
68.907501 0  4.95407632412 -1.23389886661 -2.59934663293   0.186612630841  -0.288693836635 -0.0968498385567 0.00585623670302  -0.176299827116  -0.051529845706 0.00182642550432 11
68.959595 0 4.96380095339 -1.2489440811 -2.6043779668   0.189015680184  -0.290003172182 -0.0975472019298 0.00585623670302  -0.176299827116  -0.051529845706 0.00182642550432 11
69.011683 0  4.97362309431 -1.26409404435  -2.6094441604   0.190908813919  -0.290439595496 -0.0983089118599 0.00585623670302  -0.176299827116  -0.051529845706 0.00182642550432 11
69.063772 0  4.98353511177 -1.27932334477 -2.61453806636   0.191476460107  -0.292395088688 -0.0979529881761 0.00585623670302  -0.176299827116  -0.051529845706 0.00182642550432 11
69.115861 0  4.99356244267 -1.29466052141 -2.61966313866   0.192368659239  -0.295127308214 -0.0980586208819 0.00585623670302  -0.176299827116  -0.051529845706 0.00182642550432 11
69.16795 0  5.00369295757 -1.31008683868 -2.62482128491   0.194581026978  -0.298527083171 -0.0992891219051 0.00585623670302  -0.176299827116  -0.051529845706 0.00182642550432 11
69.22004 0  5.01393553821 -1.32562464107 -2.63001528366  0.196785545949 -0.299210443227 -0.100123216731 0.00585623670302  -0.176299827116  -0.051529845706 0.00182642550432 11
69.272128 0  5.02428016623 -1.34123976504 -2.63526125686  0.201491243986 -0.298830280412 -0.102781652506 0.00585623670302  -0.176299827116  -0.051529845706 0.00182642550432 11
69.324217 0  5.03493101689 -1.35678352854 -2.64079250554  0.207840902075 -0.296463673357 -0.110402204869 0.00585623670302  -0.176299827116  -0.051529845706 0.00182642550432 11
69.376307 0   5.0455164768 -1.37258744375 -2.64612259774   0.20606941544 -0.306511811522 -0.101269630151 0.00585623670302  -0.176299827116  -0.051529845706 0.00182642550432 11
69.428394 0 5.05626503941  -1.388432206 -2.6515311391  0.203646770079  -0.31183112032 -0.102765389725 0.00585623670302  -0.176299827116  -0.051529845706 0.00182642550432 11
69.480482 0  5.06715409969 -1.40442222553 -2.65694319882  0.206479615341 -0.309353768227 -0.105430035771 0.00585623670302  -0.176299827116  -0.051529845706 0.00182642550432 11
69.532571 0   5.0781788979 -1.42050020536 -2.66242706723   0.21304936747 -0.309173839942 -0.104206962502 0.00585623670302  -0.176299827116  -0.051529845706 0.00182642550432 11
69.584661 0  5.08930786674 -1.43681474858   -2.668043718  0.216588747128 -0.317125707261 -0.111691868995 0.00585623670302  -0.176299827116  -0.051529845706 0.00182642550432 11
69.636749 0  5.10053851272 -1.45337823532 -2.67341134398   0.214429299197  -0.317694394114 -0.0757745831504 0.00585623670302  -0.176299827116  -0.051529845706 0.00182642550432 11
69.688837 0  5.11194290341 -1.46983161475 -2.67557207249     0.224050730768    -0.317426433672 -0.000100280117587 0.00585623670302  -0.176299827116  -0.051529845706 0.00182642550432 11
69.740925 0  5.12403213404 -1.48630901922 -2.67359588916  0.242282183149 -0.317256097124  0.067578086489 0.00585623670302  -0.176299827116  -0.051529845706 0.00182642550432 11
69.793015 0  5.13725245316 -1.50275626445 -2.66901330146  0.266911054521 -0.315763404429  0.112246251181 0.00585623670302  -0.176299827116  -0.051529845706 0.00182642550432 11
69.845097 0  5.15196171627 -1.51905059609 -2.66218229051  0.298234319607 -0.309602337424  0.153946280431 0.00585623670302  -0.176299827116  -0.051529845706 0.00182642550432 11
69.897191 0   5.1684365149 -1.53493308248 -2.65269933661  0.333053121002 -0.301468380014  0.210469841669 0.00585623670302  -0.176299827116  -0.051529845706 0.00182642550432 11
69.94928 0 -1.10612219021 -9.89320782743  3.66334295003 -0.226759442459 -0.541339433438  0.578359156346 0.00652111204325  -0.185156172223 -0.0533736060139 0.0521969146253 11
70.001368 0 -1.12742901015 -9.94698997666  3.72379404681  -0.19445751629 -0.508856157662  0.607606152518 0.00652111204325  -0.185156172223 -0.0533736060139 0.0521969146253 11
70.053457 0 -1.13748377064  -9.9730664821  3.75553379331 -0.193434678119 -0.491123820364  0.607219485579 0.00652111204325  -0.185156172223 -0.0533736060139 0.0521969146253 11
70.105545 0 -1.84838651491 -12.9882978537  5.08985472447 -0.284575912021 -0.461214680741  0.667047846447 0.00661198991388  -0.186933495539 -0.0539538452146 0.0492854522204 11
70.157634 0 -0.988991778773   -13.297482396   5.34203404295 -0.324515167017 -0.455994315732  0.667573832494 0.00669177763783  -0.187296212813 -0.0536943815101 0.0478996739755 11
70.209723 0 -1.00574917642 -13.3202833668  5.37572907232 -0.33748211102   -0.443735342 0.664834665433 0.00669177763783  -0.187296212813 -0.0536943815101 0.0478996739755 11
70.261811 0 -1.02376297252 -13.3431253841  5.41041823676 -0.354487942563 -0.431369251403  0.665645906137 0.00669177763783  -0.187296212813 -0.0536943815101 0.0478996739755 11
70.313894 0 -1.04272890957  -13.365107699  5.44512035392 -0.372806626766 -0.411229621086  0.668304741458 0.00669177763783  -0.187296212813 -0.0536943815101 0.0478996739755 11
70.365988 0 -1.06253666918 -13.3859429414   5.4800713597 -0.386817529112 -0.388426262047  0.668087753005 0.00669177763783  -0.187296212813 -0.0536943815101 0.0478996739755 11
70.418076 0 -1.08295228361 -13.4056328957   5.5146689213 -0.396671964334 -0.367161540275  0.657759502168 0.00669177763783  -0.187296212813 -0.0536943815101 0.0478996739755 11
70.470164 0 -1.10379797621 -13.4242713285  5.54870794962 -0.403731239055 -0.351059855817  0.653298570846 0.00669177763783  -0.187296212813 -0.0536943815101 0.0478996739755 11
70.522252 0  -1.1250072987 -13.4424248771  5.58275915996 -0.409952386149 -0.345513853337  0.650978525621 0.00669177763783  -0.187296212813 -0.0536943815101 0.0478996739755 11
70.57434 0 -1.14655867511 -13.4601442241  5.61676041774 -0.416501910644  -0.33555859472   0.65911177606 0.00669177763783  -0.187296212813 -0.0536943815101 0.0478996739755 11
70.626429 0 -1.16836518793 -13.4774928772  5.65139049615 -0.420214334005 -0.331502827614  0.667975831775 0.00669177763783  -0.187296212813 -0.0536943815101 0.0478996739755 11
70.678517 0 -1.19031630628 -13.4948595485  5.68603142307 -0.423531271467 -0.337125286994  0.664338193953 0.00669177763783  -0.187296212813 -0.0536943815101 0.0478996739755 11
70.730605 0 -1.21261589617 -13.5126017462  5.72066195536 -0.432846135634 -0.343773438199  0.665217608228 0.00669177763783  -0.187296212813 -0.0536943815101 0.0478996739755 11
70.782689 0 -1.23544861983 -13.5305821767  5.75540157126  -0.44462344691 -0.346483041958  0.671161478384 0.00669177763783  -0.187296212813 -0.0536943815101 0.0478996739755 11
70.834782 0 -1.25900569256 -13.5487772077   5.7904302838 -0.459982276247 -0.352110932889  0.672893510983 0.00669177763783  -0.187296212813 -0.0536943815101 0.0478996739755 11
70.88687 0 -1.28345328568 -13.5674442365   5.8255107086 -0.479064509158 -0.365435185572   0.66747811511 0.00669177763783  -0.187296212813 -0.0536943815101 0.0478996739755 11
70.938959 0 -1.30896897858 -13.5869008613  5.85996330983 -0.500385879565 -0.380661451308  0.657333937699 0.00669177763783  -0.187296212813 -0.0536943815101 0.0478996739755 11
70.991046 0 -1.33551704419 -13.6072512259  5.89410005169 -0.519066944644 -0.399208676195   0.65364435943 0.00669177763783  -0.187296212813 -0.0536943815101 0.0478996739755 11
71.043135 0 -1.36300145749 -13.6286592844  5.92806549246 -0.535942879466 -0.421882941647  0.649229226438 0.00669177763783  -0.187296212813 -0.0536943815101 0.0478996739755 11
71.095223 0 -1.3913934821 -13.651259888 5.96170765684 -0.554288869432 -0.446347631109  0.644166605997 0.00669177763783  -0.187296212813 -0.0536943815101 0.0478996739755 11
71.147311 0 -1.42063267154 -13.6751346196  5.99524236522 -0.567824374364 -0.470833903485  0.640791137736 0.00669177763783  -0.187296212813 -0.0536943815101 0.0478996739755 11
71.199399 0 -1.45049475774 -13.7002494163  6.02846184159 -0.578380002539 -0.494272669018  0.633859406761 0.00669177763783  -0.187296212813 -0.0536943815101 0.0478996739755 11
71.25149 0 -1.48083890409 -13.7265206964  6.06128225624 -0.585624582659 -0.515075465309  0.628160078101 0.00669177763783  -0.187296212813 -0.0536943815101 0.0478996739755 11
71.303576 0 -1.51151949915 -13.7537975671  6.09400563983 -0.591348125092  -0.53365165515  0.625611058075 0.00669177763783  -0.187296212813 -0.0536943815101 0.0478996739755 11
71.355663 0 -1.54240532311 -13.7819323504  6.12656709125 -0.593264145365 -0.547805510921  0.624519326921 0.00669177763783  -0.187296212813 -0.0536943815101 0.0478996739755 11
71.407752 0 -1.57325470706 -13.8107586393  6.15896606918 -0.591918934192 -0.561909258787  0.622855301925 0.00669177763783  -0.187296212813 -0.0536943815101 0.0478996739755 11
71.45984 0 -1.60396869233  -13.840317134  6.19138610915 -0.588231039341 -0.574667703137  0.617382991745 0.00669177763783  -0.187296212813 -0.0536943815101 0.0478996739755 11
71.511928 0 -1.63457406391 -13.8705823615  6.22343488158 -0.587311911008 -0.586504215226  0.612842128816 0.00669177763783  -0.187296212813 -0.0536943815101 0.0478996739755 11
71.564016 0 -1.66513731857  -13.901300825  6.25501789033 -0.586828061218 -0.592748915028  0.598885340543 0.00669177763783  -0.187296212813 -0.0536943815101 0.0478996739755 11
71.616104 0 -1.69570312348 -13.9324586416   6.2857931255  -0.58747507657 -0.603046757958    0.5826006092 0.00669177763783  -0.187296212813 -0.0536943815101 0.0478996739755 11
71.668192 0 -1.72635871868 -13.9640468184  6.31582495644 -0.589357101271 -0.610935118879  0.569528858366 0.00669177763783  -0.187296212813 -0.0536943815101 0.0478996739755 11
71.720276 0 -1.75715210129 -13.9961062383   6.3452035835 -0.592584488918 -0.621917282206  0.556507555026 0.00669177763783  -0.187296212813 -0.0536943815101 0.0478996739755 11
71.772368 0 -1.78813019448 -14.0288802509  6.37379164352 -0.595645250194 -0.636261305601  0.544186387717 0.00669177763783  -0.187296212813 -0.0536943815101 0.0478996739755 11
71.824456 0 -1.81918007936 -14.0622542526  6.40197071269 -0.595402351071 -0.645881414604  0.533832723557 0.00669177763783  -0.187296212813 -0.0536943815101 0.0478996739755 11
71.876543 0 -1.85004198223 -14.0961250028  6.42942618597 -0.589637208029 -0.654167119031  0.520012649657 0.00669177763783  -0.187296212813 -0.0536943815101 0.0478996739755 11
71.928632 0 -1.88051937017 -14.1303034708  6.45617110053 -0.579638032856 -0.658581478092  0.512673185754 0.00669177763783  -0.187296212813 -0.0536943815101 0.0478996739755 11
71.98072 0 -1.91043650553 -14.1646681298  6.48282948521 -0.568501860053 -0.660008765071  0.508291267409 0.00669177763783  -0.187296212813 -0.0536943815101 0.0478996739755 11
72.032807 0 -1.93973949909 -14.1990994822  6.50934275449 -0.556830882712 -0.660765722883  0.508703724938 0.00669177763783  -0.187296212813 -0.0536943815101 0.0478996739755 11
72.084895 0 -1.96840888628 -14.2335323733  6.53548173561 -0.545248675414  -0.66096772513   0.49619935913 0.00669177763783  -0.187296212813 -0.0536943815101 0.0478996739755 11
72.136983 0 -1.99650743465 -14.2679538864  6.56115119461 -0.534342259853 -0.659107226599   0.48757283179 0.00669177763783  -0.187296212813 -0.0536943815101 0.0478996739755 11
72.189066 0 -2.02411459295 -14.3023290834  6.58625763512 -0.525774290456 -0.659725739983   0.47955869083 0.00669177763783  -0.187296212813 -0.0536943815101 0.0478996739755 11
72.241159 0 -2.05129651685 -14.3366811502  6.61090421546 -0.517819992577 -0.659064818874  0.468073093393 0.00669177763783  -0.187296212813 -0.0536943815101 0.0478996739755 11
72.293247 0   -2.078163973 -14.3709569959  6.63522515014 -0.514164774299 -0.657479383101  0.462413136813 0.00669177763783  -0.187296212813 -0.0536943815101 0.0478996739755 11
72.345335 0 -2.10491286601 -14.4052903261  6.65901593933 -0.514254480105 -0.660723582962  0.455290073993 0.00669177763783  -0.187296212813 -0.0536943815101 0.0478996739755 11
72.397423 0 -2.13174464675 -14.4396919957  6.68243838705 -0.516290314124  -0.66188038502  0.442866264261 0.00669177763783  -0.187296212813 -0.0536943815101 0.0478996739755 11
72.44951 0 -2.15873214277 -14.4741178653  6.70548632008  -0.51974456261 -0.660757517498  0.442535445084 0.00669177763783  -0.187296212813 -0.0536943815101 0.0478996739755 11
72.501597 0 -2.18587713768 -14.5083601891  6.72840686011 -0.522213118427 -0.654329404479   0.43844214669 0.00669177763783  -0.187296212813 -0.0536943815101 0.0478996739755 11
72.553685 0 -2.21317574206 -14.5423634322  6.75109123905 -0.525251051952  -0.65245630734  0.429226583642 0.00669177763783  -0.187296212813 -0.0536943815101 0.0478996739755 11
72.605773 0  -2.2406557321 -14.5762763335   6.7733371191 -0.529158121619 -0.649338437093  0.424194387191 0.00669177763783  -0.187296212813 -0.0536943815101 0.0478996739755 11
72.657856 0 -2.26833050642 -14.6100374102  6.79521042302 -0.533983679132 -0.648687219375  0.417754148946 0.00669177763783  -0.187296212813 -0.0536943815101 0.0478996739755 11
72.709948 0 -2.29624006199 -14.6437868625  6.81685465557 -0.537532084061 -0.647195612313  0.413666021398 0.00669177763783  -0.187296212813 -0.0536943815101 0.0478996739755 11
72.762036 0 -2.32430010591 -14.6774181302  6.83835454206 -0.540193691631   -0.6460788534  0.409038071472 0.00669177763783  -0.187296212813 -0.0536943815101 0.0478996739755 11
72.814123 0 -2.35248580051 -14.7109952324  6.85946947191  -0.54233863297 -0.644222405545  0.404492930424 0.00669177763783  -0.187296212813 -0.0536943815101 0.0478996739755 11
72.866211 0 -2.38075472033 -14.7444714195  6.88037838236 -0.542999439651 -0.643478248826  0.398807674955 0.00669177763783  -0.187296212813 -0.0536943815101 0.0478996739755 11
72.918298 0 -2.40913884907 -14.7778824463  6.90127636532 -0.546223962342 -0.639115366661  0.401884023041 0.00669177763783  -0.187296212813 -0.0536943815101 0.0478996739755 11
72.970386 0 -2.43759631851 -14.8108771235  6.92209620315 -0.547111235858 -0.629824727548  0.402967703686 0.00669177763783  -0.187296212813 -0.0536943815101 0.0478996739755 11
73.022474 0 -2.46622263902 -14.8434922757  6.94298455446 -0.552661348969 -0.623106381374  0.397898990877 0.00669177763783  -0.187296212813 -0.0536943815101 0.0478996739755 11
73.074562 0 -2.49525378606 -14.8758224967  6.96383083029  -0.56255589536 -0.615726060483   0.40150088074 0.00669177763783  -0.187296212813 -0.0536943815101 0.0478996739755 11
73.126648 0 -2.52485337405 -14.9076694091  6.98461043475 -0.573986720855 -0.606530632521  0.399238473621 0.00669177763783  -0.187296212813 -0.0536943815101 0.0478996739755 11
73.178737 0 -2.55510555719 -14.9391325062  7.00553139679 -0.587940625687 -0.601361150171  0.401637273683 0.00669177763783  -0.187296212813 -0.0536943815101 0.0478996739755 11
73.230824 0 -2.58617062887 -14.9704960267  7.02640408132  -0.60570070715 -0.603075502793  0.399940303264 0.00669177763783  -0.187296212813 -0.0536943815101 0.0478996739755 11
73.282912 0  -2.6182182781 -15.0019067121  7.04708032795 -0.625262927417 -0.605216742902   0.39271764144 0.00669177763783  -0.187296212813 -0.0536943815101 0.0478996739755 11
73.335 0 -2.65130879181 -15.0335826568  7.06736109371 -0.646242862346 -0.612786111785  0.383207572627 0.00669177763783  -0.187296212813 -0.0536943815101 0.0478996739755 11
73.387087 0 -2.68555247041 -15.0657616562  7.08705678473  -0.66883390987 -0.622148429679  0.372945058834 0.00669177763783  -0.187296212813 -0.0536943815101 0.0478996739755 11
73.439174 0 -2.72092992677 -15.0983414914  7.10629245031 -0.690350510689 -0.628143385576  0.366354996237 0.00669177763783  -0.187296212813 -0.0536943815101 0.0478996739755 11
73.491262 0 -2.75738330011 -15.1312817827  7.12515752573 -0.709333510722 -0.634786705462  0.355026944143 0.00669177763783  -0.187296212813 -0.0536943815101 0.0478996739755 11
73.543349 0 -2.79473280074 -15.1644435905  7.14346678542 -0.724572720001  -0.63741200728  0.346160597958 0.00669177763783  -0.187296212813 -0.0536943815101 0.0478996739755 11
73.595433 0 -2.83273990395 -15.1977214883  7.16123488732 -0.734815461598 -0.639160725609  0.338709354682 0.00669177763783  -0.187296212813 -0.0536943815101 0.0478996739755 11
73.647524 0 -2.87117351297 -15.2309389155  7.17882720467 -0.739803367309 -0.637147446407  0.334709298983 0.00669177763783  -0.187296212813 -0.0536943815101 0.0478996739755 11
73.699611 0 -2.90977622612 -15.2640814789  7.19618865556 -0.741882009831 -0.636616447931  0.333094718742 0.00669177763783  -0.187296212813 -0.0536943815101 0.0478996739755 11
73.751698 0 -2.94840398034 -15.2970994085  7.21346296024 -0.741613116468 -0.633319651176  0.330106728097 0.00669177763783  -0.187296212813 -0.0536943815101 0.0478996739755 11
73.803786 0 -2.98694128074 -15.3300213992  7.23077807854 -0.73790721133 -0.63259183635 0.333573605046 0.00669177763783  -0.187296212813 -0.0536943815101 0.0478996739755 11
73.855873 0 -3.02528009355 -15.3628146113   7.2481478324 -0.733788278169 -0.626971626981  0.335363310387 0.00669177763783  -0.187296212813 -0.0536943815101 0.0478996739755 11
73.90796 0 -3.06346676003 -15.3953641339  7.26572762335 -0.731715699408 -0.623234456519  0.338626472066 0.00669177763783  -0.187296212813 -0.0536943815101 0.0478996739755 11
73.960048 0 -3.10158769991 -15.4276880288  7.28336355174 -0.732025906219 -0.618723264605  0.337130851931 0.00669177763783  -0.187296212813 -0.0536943815101 0.0478996739755 11
74.012136 0 -3.13976188376 -15.4597997602  7.30080251786 -0.733995433981 -0.613055868951  0.331398186432 0.00669177763783  -0.187296212813 -0.0536943815101 0.0478996739755 11
74.064218 0 -3.17809134164 -15.4916795955  7.31775162291  -0.73803072993 -0.609272967098  0.321743056357 0.00669177763783  -0.187296212813 -0.0536943815101 0.0478996739755 11
74.11631 0 -3.21665152223 -15.5233596853    7.334227691 -0.742208888122 -0.605321836832  0.310604164236 0.00669177763783  -0.187296212813 -0.0536943815101 0.0478996739755 11
74.168398 0 -3.25538492226 -15.5547985701  7.35026031458 -0.744858658613 -0.601542505812  0.305729010669 0.00669177763783  -0.187296212813 -0.0536943815101 0.0478996739755 11
74.220485 0 -3.29420485812 -15.5859952922  7.36599547524  -0.74514658962 -0.597095812446  0.297757077394 0.00669177763783  -0.187296212813 -0.0536943815101 0.0478996739755 11
74.272572 0 -3.33297624664 -15.6170028381  7.38136050123 -0.743337112606 -0.594072403598  0.293759217002 0.00669177763783  -0.187296212813 -0.0536943815101 0.0478996739755 11
74.324659 0 -3.37164041181 -15.6478706595  7.39664771027 -0.741401516383 -0.591975454788  0.295105430706 0.00669177763783  -0.187296212813 -0.0536943815101 0.0478996739755 11
74.376747 0  -3.4102419891 -15.6786359457  7.41207634978 -0.740910507737 -0.588580057723  0.297808648128 0.00669177763783  -0.187296212813 -0.0536943815101 0.0478996739755 11
74.428833 0 -3.44881786232 -15.7091260682  7.42754623028 -0.740498208991 -0.582321565898  0.293964683366 0.00669177763783  -0.187296212813 -0.0536943815101 0.0478996739755 11
74.480921 0 -3.48745766574 -15.7392882095   7.4427362778 -0.743375055817 -0.575731395341  0.291832763301 0.00669177763783  -0.187296212813 -0.0536943815101 0.0478996739755 11
74.533002 0 -3.52625989018 -15.7691192957   7.4579655677 -0.747339251427 -0.568287294185  0.290506788399 0.00669177763783  -0.187296212813 -0.0536943815101 0.0478996739755 11
74.585095 0 -3.56540488523 -15.7985958858  7.47327375288 -0.756083812982 -0.560909834336   0.29693553606 0.00669177763783  -0.187296212813 -0.0536943815101 0.0478996739755 11
74.637182 0 -3.60506260001 -15.8276872741   7.4885653822 -0.766922163643 -0.554131782458  0.293179463168 0.00669177763783  -0.187296212813 -0.0536943815101 0.0478996739755 11
74.689269 0  -3.6453659158 -15.8563457579  7.50402098025 -0.780292757524 -0.547594947524  0.298645282551 0.00669177763783  -0.187296212813 -0.0536943815101 0.0478996739755 11
74.741356 0 -3.68636850995 -15.8847206699  7.51956117171 -0.794327820308 -0.542006460366  0.297746338579 0.00669177763783  -0.187296212813 -0.0536943815101 0.0478996739755 11
74.793444 0 -3.72809548877  -15.912817565  7.53484926549 -0.807955705627 -0.536271855855  0.290013734726 0.00669177763783  -0.187296212813 -0.0536943815101 0.0478996739755 11
74.845531 0 -3.77054787442 -15.9407488747  7.54992693808 -0.821814913862 -0.536955726326  0.286219412361 0.00669177763783  -0.187296212813 -0.0536943815101 0.0478996739755 11
74.897618 0 -3.81365219903 -15.9687920998  7.56475458643 -0.833562044548 -0.540367856001  0.284829934022 0.00669177763783  -0.187296212813 -0.0536943815101 0.0478996739755 11
74.949705 0  -3.8573111951 -15.9970167874  7.57951817696 -0.843038905184 -0.545748754864  0.277969261928 0.00669177763783  -0.187296212813 -0.0536943815101 0.0478996739755 11
75.001787 0 -3.90149063772  -16.025554947  7.59397653976 -0.852691883022 -0.550196788207  0.276688928295 0.00669177763783  -0.187296212813 -0.0536943815101 0.0478996739755 11
75.053879 0 -3.94618309266 -16.0543791122   7.6084636431 -0.863276546987 -0.556635186193  0.282587490405 0.00669177763783  -0.187296212813 -0.0536943815101 0.0478996739755 11
75.105966 0 -3.99143467926 -16.0834926485  7.62341988424 -0.874208143124 -0.561269991601  0.288435607399 0.00669177763783  -0.187296212813 -0.0536943815101 0.0478996739755 11
75.158054 0 -4.03731992215 -16.1129035452  7.63858088064 -0.887585210294 -0.567366085682   0.29554706371 0.00669177763783  -0.187296212813 -0.0536943815101 0.0478996739755 11
75.21014 0 -4.08402473968 -16.1426957649  7.65397511811 -0.905834434864 -0.574494185147  0.293698363721 0.00669177763783  -0.187296212813 -0.0536943815101 0.0478996739755 11
75.262228 0 -4.13173293264 -16.1727766779  7.66948902763 -0.926777835142 -0.580122833568  0.298911137241 0.00669177763783  -0.187296212813 -0.0536943815101 0.0478996739755 11
75.314315 0 -4.18061813764 -16.2031484006  7.68505054378 -0.950410888574 -0.585884608437  0.301693991525 0.00669177763783  -0.187296212813 -0.0536943815101 0.0478996739755 11
75.366402 0 -4.23085211627 -16.2337547294  7.70084077268 -0.978179356423 -0.588940744467  0.300294945442 0.00669177763783  -0.187296212813 -0.0536943815101 0.0478996739755 11
75.418489 0 -4.28248214035  -16.264428064  7.71635193178  -1.00516353241 -0.590141905011  0.297836710315 0.00669177763783  -0.187296212813 -0.0536943815101 0.0478996739755 11
75.470575 0 -4.33554456462 -16.2953868044  7.73187445527 -1.03144212394 -0.59802758328 0.296873702588 0.00669177763783  -0.187296212813 -0.0536943815101 0.0478996739755 11
75.522663 0  -4.3899774668 -16.3265338141  7.74736541469  -1.05824444271 -0.598613032025  0.296571090194 0.00669177763783  -0.187296212813 -0.0536943815101 0.0478996739755 11
75.574749 0 -4.44575257851 -16.3576001067  7.76277451364  -1.08373057116 -0.595844735057  0.298059250685 0.00669177763783  -0.187296212813 -0.0536943815101 0.0478996739755 11
75.626836 0 -4.50285279406 -16.3884895787  7.77844193989  -1.10872093046 -0.592632823524  0.298385373313 0.00669177763783  -0.187296212813 -0.0536943815101 0.0478996739755 11
75.678923 0 -4.56122830935 -16.4193848049   7.7940273645  -1.13310305824 -0.594815692884  0.300890986578 0.00669177763783  -0.187296212813 -0.0536943815101 0.0478996739755 11
75.73101 0 -4.62094797383 -16.4504136288  7.80977228614  -1.16036780717 -0.598627562653  0.303874632866 0.00669177763783  -0.187296212813 -0.0536943815101 0.0478996739755 11
75.783097 0 -4.68215354793 -16.4816943107  7.82569706172  -1.18870522075 -0.603802145818  0.302751080355 0.00669177763783  -0.187296212813 -0.0536943815101 0.0478996739755 11
75.835183 0 -4.74483393774 -16.5131893831  7.84136167204  -1.21848934534 -0.605828875611  0.300440884242 0.00669177763783  -0.187296212813 -0.0536943815101 0.0478996739755 11
75.887271 0 -4.80904080186 -16.5447921977  7.85692431905  -1.24698820228 -0.609794155929   0.29707141233 0.00669177763783  -0.187296212813 -0.0536943815101 0.0478996739755 11
75.939357 0 -4.87473921612 -16.5766878504  7.87234081051 -1.27529335577 -0.61279763215 0.292535240446 0.00669177763783  -0.187296212813 -0.0536943815101 0.0478996739755 11
75.991444 0 -4.94187037991 -16.6087036828  7.88748560154 -1.30156572531 -0.61463301968 0.289254049134 0.00669177763783  -0.187296212813 -0.0536943815101 0.0478996739755 11
76.043531 0 -5.01027304022 -16.6408382185  7.90229413667  -1.32479515605 -0.620878019588  0.281819449026 0.00669177763783  -0.187296212813 -0.0536943815101 0.0478996739755 11
76.095618 0 -5.07983325305 -16.6733983555  7.91704404007  -1.34535213399 -0.630063192796  0.283835570998 0.00669177763783  -0.187296212813 -0.0536943815101 0.0478996739755 11
76.147705 0 -5.15030986893 -16.7065468649  7.93174029898  -1.35973921932 -0.641070801359   0.27722988163 0.00669177763783  -0.187296212813 -0.0536943815101 0.0478996739755 11
76.199792 0 -5.22145235072 -16.7401249319  7.94569729402  -1.37163660924 -0.646175120837  0.258479102369 0.00669177763783  -0.187296212813 -0.0536943815101 0.0478996739755 11
76.251878 0 -5.29315962979 -16.7737777218  7.95889371109  -1.38236803688 -0.646166056714  0.254440884366 0.00669177763783  -0.187296212813 -0.0536943815101 0.0478996739755 11
76.303965 0 -5.36542797327 -16.8075860117  7.97231006772  -1.39347528686 -0.651939581713  0.262077972947 0.00669177763783  -0.187296212813 -0.0536943815101 0.0478996739755 11
76.356052 0 -5.43830485575 -16.8417681931  7.98663450968  -1.40629955767 -0.658596606534  0.285203999122 0.00669177763783  -0.187296212813 -0.0536943815101 0.0478996739755 11
76.408139 0 -5.51193795552  -16.876187503  8.00174099026  -1.42278165043 -0.660087289613   0.29442135799 0.00669177763783  -0.187296212813 -0.0536943815101 0.0478996739755 11
76.460226 0 -5.58660341431 -16.9106344758  8.01690616546  -1.44470159729 -0.661681431465  0.283450690959 0.00669177763783  -0.187296212813 -0.0536943815101 0.0478996739755 11
76.512312 0 -5.66251348181 -16.9451548957  8.03131415318 -1.47068931617 -0.66370715368  0.27064659699 0.00669177763783  -0.187296212813 -0.0536943815101 0.0478996739755 11
76.564398 0  -5.7398436683 -16.9799319629  8.04516461347  -1.49963746971 -0.670510743915   0.26559414883 0.00669177763783  -0.187296212813 -0.0536943815101 0.0478996739755 11
76.616486 0  -5.8188027625 -17.0150123824  8.05899568366  -1.53191716748 -0.676721099678  0.261734241457 0.00669177763783  -0.187296212813 -0.0536943815101 0.0478996739755 11
76.668572 0 -5.89953017198 -17.0503823117  8.07272394806  -1.56765192476 -0.682489621053  0.262807227593 0.00669177763783  -0.187296212813 -0.0536943815101 0.0478996739755 11
76.720659 0 -5.98212034337  -17.085994614  8.08608252545   -1.603428266 -0.68771963292 0.252547780984 0.00669177763783  -0.187296212813 -0.0536943815101 0.0478996739755 11
76.772745 0 -6.06663477341 -17.1220992523  8.09922948266  -1.64102219953 -0.700012447634  0.249106589179 0.00669177763783  -0.187296212813 -0.0536943815101 0.0478996739755 11
76.824832 0 -6.15314186484 -17.1589179609  8.11215473538  -1.68031834118 -0.713387740844  0.250246047435 0.00669177763783  -0.187296212813 -0.0536943815101 0.0478996739755 11
76.876918 0 -6.24159212909 -17.1962064978  8.12518944475   -1.7160827298 -0.717533847988  0.249785513382 0.00669177763783  -0.187296212813 -0.0536943815101 0.0478996739755 11
76.929005 0 -6.33184494869 -17.2336326763  8.13806777285  -1.74948274956 -0.720478095926  0.244973880433 0.00669177763783  -0.187296212813 -0.0536943815101 0.0478996739755 11
76.981092 0 -6.42384537521 -17.2713696557   8.1507849071  -1.78186914255 -0.729543655306  0.244911235943 0.00669177763783  -0.187296212813 -0.0536943815101 0.0478996739755 11
77.033179 0 -6.51745396096 -17.3096630248  8.16351542198  -1.81192926579 -0.739680810107  0.245489166002 0.00669177763783  -0.187296212813 -0.0536943815101 0.0478996739755 11
77.085265 0 -6.61254261804 -17.3484967907  8.17635803264  -1.83928446234 -0.749805855777  0.244280626214 0.00669177763783  -0.187296212813 -0.0536943815101 0.0478996739755 11
77.137352 0 -6.70902122481 -17.3878396593  8.18898889571  -1.86611843153 -0.759255347703  0.243988530747 0.00669177763783  -0.187296212813 -0.0536943815101 0.0478996739755 11
77.189439 0 -6.80689007201 -17.4276129741  8.20152647432  -1.89167618949 -0.767360790766   0.23940205032 0.00669177763783  -0.187296212813 -0.0536943815101 0.0478996739755 11
77.241525 0  -6.9061346193 -17.4678292314  8.21392063392  -1.91927690322 -0.775342095329   0.23510116682 0.00669177763783  -0.187296212813 -0.0536943815101 0.0478996739755 11
77.293612 0 -7.00685073987 -17.5083844391  8.22610390346 -1.94861521671  -0.7818443576 0.232966980126 0.00669177763783  -0.187296212813 -0.0536943815101 0.0478996739755 11
77.345698 0 -7.10914213043 -17.5492881368  8.23804261624  -1.98012640516 -0.789218679174  0.228652088018 0.00669177763783  -0.187296212813 -0.0536943815101 0.0478996739755 11
77.397785 0  -7.2131701009 -17.5905453079  8.24997148853  -2.0138170609 -0.79702010713 0.227135509283 0.00669177763783  -0.187296212813 -0.0536943815101 0.0478996739755 11
77.449871 0 -7.31900105691 -17.6322312648  8.26190315698  -2.04987694527 -0.804891448254   0.23264643619 0.00669177763783  -0.187296212813 -0.0536943815101 0.0478996739755 11
77.501957 0 -7.42671599184  -17.674265327  8.27385754037  -2.08576459968 -0.810500857527  0.226382830327 0.00669177763783  -0.187296212813 -0.0536943815101 0.0478996739755 11
77.554044 0 -7.53630741218 -17.7165216125  8.28556998245  -2.12218715063 -0.811645609027  0.220614360519 0.00669177763783  -0.187296212813 -0.0536943815101 0.0478996739755 11
77.60613 0 -7.64775242972 -17.7587108819  8.29693905335  -2.15800020849 -0.808784420807  0.220109126332 0.00669177763783  -0.187296212813 -0.0536943815101 0.0478996739755 11
77.658217 0 -7.76109220354 -17.8007745768  8.30840230864 -2.19369619843 -0.80625803137 0.220937729477 0.00669177763783  -0.187296212813 -0.0536943815101 0.0478996739755 11
77.710303 0 -7.87630131772 -17.8426808974  8.32002639722  -2.22969092434 -0.801109356007  0.223867351098 0.00669177763783  -0.187296212813 -0.0536943815101 0.0478996739755 11
77.762389 0 -7.99334374057 -17.8842888652  8.33177071715  -2.26483174314 -0.797713347733  0.229240759104 0.00669177763783  -0.187296212813 -0.0536943815101 0.0478996739755 11
77.814476 0 -8.11225101148 -17.9256824086  8.34363645663   -2.3004644983 -0.792634483993  0.225776944356 0.00669177763783  -0.187296212813 -0.0536943815101 0.0478996739755 11
77.866561 0   -8.232976535 -17.9668705617  8.35525340269  -2.33521473047 -0.790287738779   0.21908757486 0.00669177763783  -0.187296212813 -0.0536943815101 0.0478996739755 11
77.918649 0 -8.35554364454 -18.0079738799  8.36660192878 -2.37068279923 -0.78927251798 0.215848667857 0.00669177763783  -0.187296212813 -0.0536943815101 0.0478996739755 11
77.970735 0  -8.4799497232 -18.0490595592  8.37773333964  -2.40680147971 -0.789151093396  0.214285227275 0.00669177763783  -0.187296212813 -0.0536943815101 0.0478996739755 11
78.022822 0 -8.60630737977 -18.0902441738  8.38893165748    -2.444245755 -0.793475359196  0.213951766425 0.00669177763783  -0.187296212813 -0.0536943815101 0.0478996739755 11
78.074908 0 -8.73466262984 -18.1316546588  8.40016712713 -2.48355349393 -0.79595451868 0.215255151333 0.00669177763783  -0.187296212813 -0.0536943815101 0.0478996739755 11
78.126995 0 -8.86500817826 -18.1731827951  8.41123967145  -2.52236754452 -0.798210218325  0.214164660135 0.00669177763783  -0.187296212813 -0.0536943815101 0.0478996739755 11
78.179081 0 -8.99732842341  -18.214847346  8.42210957869 -2.55874137455 -0.79933770824 0.198944181416 0.00669177763783  -0.187296212813 -0.0536943815101 0.0478996739755 11
78.231168 0 -9.13153925916 -18.2565881258  8.43230195908  -2.59505024389 -0.801857360001  0.190766284778 0.00669177763783  -0.187296212813 -0.0536943815101 0.0478996739755 11
78.283254 0 -9.26756376745 -18.2985510701  8.44189149472  -2.62796214789 -0.808730650616  0.178576206776 0.00669177763783  -0.187296212813 -0.0536943815101 0.0478996739755 11
78.335337 0 -9.40528076566 -18.3408473025  8.45114637196  -2.65971605189 -0.813166059281  0.176304909229 0.00669177763783  -0.187296212813 -0.0536943815101 0.0478996739755 11
78.387426 0 -9.54457584791 -18.3832970904  8.46043694568   -2.6886996005 -0.814876086663  0.179731416514 0.00669177763783  -0.187296212813 -0.0536943815101 0.0478996739755 11
78.439513 0 -9.68529617132 -18.4257730426  8.46973379911  -2.71365922305 -0.816414276738  0.178766939303 0.00669177763783  -0.187296212813 -0.0536943815101 0.0478996739755 11
78.491599 0 -9.82728116893 -18.4683417347  8.47904082946  -2.73764134351 -0.819878311564  0.177207034796 0.00669177763783  -0.187296212813 -0.0536943815101 0.0478996739755 11
78.543685 0 -9.97051193175 -18.5111929928  8.48820494799   -2.7627523337 -0.826171987385  0.176312111557 0.00669177763783  -0.187296212813 -0.0536943815101 0.0478996739755 11
78.595772 0 -10.1150574054 -18.5543556322  8.49725881176  -2.78778854665 -0.832731883353  0.170367939843 0.00669177763783  -0.187296212813 -0.0536943815101 0.0478996739755 11
78.647858 0 -10.2609674686 -18.5979765589  8.50604297771  -2.81495974779 -0.841030023738  0.163870601025 0.00669177763783  -0.187296212813 -0.0536943815101 0.0478996739755 11
78.699944 0 -10.4083058466 -18.6419289465  8.51420745664  -2.84321793558 -0.846521935391  0.153032673219 0.00669177763783  -0.187296212813 -0.0536943815101 0.0478996739755 11
78.75203 0 -10.5571312455 -18.6861806048  8.52187198779  -2.87201441138 -0.852193348047  0.141398439525 0.00669177763783  -0.187296212813 -0.0536943815101 0.0478996739755 11
78.804114 0 -10.7074861021 -18.7307085557  8.52919116278  -2.90167640146 -0.856807132861  0.139168976745 0.00669177763783  -0.187296212813 -0.0536943815101 0.0478996739755 11
78.856203 0 -10.8594010301 -18.7754600664  8.53626112099  -2.93056043584 -0.861618710815  0.134948042577 0.00669177763783  -0.187296212813 -0.0536943815101 0.0478996739755 11
78.908289 0 -11.0128381071 -18.8204070038  8.54319123156  -2.96026434515 -0.863220380157  0.129536898213 0.00669177763783  -0.187296212813 -0.0536943815101 0.0478996739755 11
78.960375 0 -11.1677793511 -18.8655066237   8.5497301872 -2.98911317122  -0.8676818323 0.121572385791 0.00669177763783  -0.187296212813 -0.0536943815101 0.0478996739755 11
79.012461 0 -11.3242186234 -18.9107657283  8.55594699149  -3.01770393178 -0.871283087533  0.118078015973 0.00669177763783  -0.187296212813 -0.0536943815101 0.0478996739755 11
79.064548 0 -11.4821153083 -18.9562808341   8.5620263599  -3.04617154966 -0.876137390708  0.115770825209 0.00669177763783  -0.187296212813 -0.0536943815101 0.0478996739755 11
79.116634 0 -11.6415212716 -19.0020705697   8.5680666841   -3.0750034463 -0.881523876835  0.115953269642 0.00669177763783  -0.187296212813 -0.0536943815101 0.0478996739755 11
79.16872 0 -11.8024658915 -19.0481958047  8.57407067269 -3.10542677138 -0.89017855039 0.116678814659 0.00669177763783  -0.187296212813 -0.0536943815101 0.0478996739755 11
79.220807 0 -11.9650571106 -19.0947912238  8.58004805105  -3.13766078568 -0.898330924981  0.110991540959 0.00669177763783  -0.187296212813 -0.0536943815101 0.0478996739755 11
79.272887 0 -12.1292735548 -19.1417166383  8.58562595397  -3.16824579588 -0.904445716051  0.103621651328 0.00669177763783  -0.187296212813 -0.0536943815101 0.0478996739755 11
79.324979 0  -12.295106559 -19.1889971821  8.59066765384  -3.19726157633 -0.911997824731 0.0902314375787 0.00669177763783  -0.187296212813 -0.0536943815101 0.0478996739755 11
79.377065 0 -12.4623324441  -19.236673982  8.59528885955   -3.2228738418 -0.921287115981 0.0847887384302 0.00669177763783  -0.187296212813 -0.0536943815101 0.0478996739755 11
79.429151 0 -12.6307518367 -19.2848714128  8.59953318165  -3.24380389907 -0.930202037126 0.0810518231405 0.00669177763783  -0.187296212813 -0.0536943815101 0.0478996739755 11
79.481237 0  -12.800168591 -19.3335123417  8.60380350863  -3.26073127316  -0.93767613329 0.0828164964085 0.00669177763783  -0.187296212813 -0.0536943815101 0.0478996739755 11
79.533323 0 -12.9704569223 -19.3824604107  8.60822188651  -3.27676521368 -0.941596902523 0.0854222658614 0.00669177763783  -0.187296212813 -0.0536943815101 0.0478996739755 11
79.585409 0  -13.141517336 -19.4316638922  8.61267639144  -3.29227481845 -0.946469990958 0.0840839955306 0.00669177763783  -0.187296212813 -0.0536943815101 0.0478996739755 11
79.637495 0  -13.313434218 -19.4812398856  8.61705452264  -3.30845301155 -0.956251518437 0.0808174241473 0.00669177763783  -0.187296212813 -0.0536943815101 0.0478996739755 11
79.689581 0 -13.4862691072 -19.5313001012  8.62114955991  -3.32700103458 -0.965197306358 0.0764828435385 0.00669177763783  -0.187296212813 -0.0536943815101 0.0478996739755 11
79.741664 0  -13.659940104 -19.5817853908   8.6247846714  -3.34173944928 -0.972959926579 0.0638855812404 0.00669177763783  -0.187296212813 -0.0536943815101 0.0478996739755 11
79.793753 0 -13.8343808028 -19.6326008698   8.6279692246  -3.35553400008 -0.979028281147 0.0600921590189 0.00669177763783  -0.187296212813 -0.0536943815101 0.0478996739755 11
79.845839 0  -14.009483929 -19.6837285279  8.63097983679  -3.36768818562  -0.98479821698 0.0577646623112 0.00669177763783  -0.187296212813 -0.0536943815101 0.0478996739755 11
79.897925 0  -14.185198627 -19.7352296691    8.634006866  -3.37880535713  -0.99399006139 0.0575036345854 0.00669177763783  -0.187296212813 -0.0536943815101 0.0478996739755 11
79.950011 0 -14.3615272782 -19.7871187973  8.63716600589  -3.39231913107 -0.999219829426  0.065953330668 0.00669177763783  -0.187296212813 -0.0536943815101 0.0478996739755 11
80.002098 0 -14.5385916627 -19.8393204165  8.64074218774   -3.4069760735  -1.00406171529 0.0679132655531 0.00669177763783  -0.187296212813 -0.0536943815101 0.0478996739755 11
80.054184 0 -14.7164102796 -19.8917965092   8.6442910339   -3.4210972206  -1.00981583494 0.0645912579152 0.00669177763783  -0.187296212813 -0.0536943815101 0.0478996739755 11
80.10627 0 -14.8949466508 -19.9445390517  8.64745073863  -3.43416869276  -1.01359057746 0.0564499995842 0.00669177763783  -0.187296212813 -0.0536943815101 0.0478996739755 11
80.158355 0 -15.0741389012 -19.9975547855  8.65018930131  -3.44724521449  -1.02141463663 0.0490026614483 0.00669177763783  -0.187296212813 -0.0536943815101 0.0478996739755 11
80.210436 0  -15.254068302 -20.0510925795     8.65280129  -3.46337145609   -1.0351982528 0.0529666598352 0.00669177763783  -0.187296212813 -0.0536943815101 0.0478996739755 11
80.262528 0 -15.434982118  -20.10541218 8.65557169993  -3.48370079118  -1.05039167283 0.0512193793698 0.00669177763783  -0.187296212813 -0.0536943815101 0.0478996739755 11
80.314614 0 -15.6170948142  -20.160452736  8.65824683273  -3.50961857358  -1.06370260853 0.0497914660322 0.00669177763783  -0.187296212813 -0.0536943815101 0.0478996739755 11
80.366699 0 -15.8006895433 -20.2161226333  8.66061294717  -3.54131972977  -1.07287592975 0.0425415235404 0.00669177763783  -0.187296212813 -0.0536943815101 0.0478996739755 11
80.418786 0 -15.9860279478  -20.272180505  8.66264008032    -3.575998868  -1.07900991444 0.0367245933498 0.00669177763783  -0.187296212813 -0.0536943815101 0.0478996739755 11
80.470871 0 -16.1732636795 -20.3283177218  8.66458427424  -3.61461657311  -1.07691112774 0.0413736993975 0.00669177763783  -0.187296212813 -0.0536943815101 0.0478996739755 11
80.522957 0  -16.362585047 -20.3844022392   8.6668671634  -3.65540358434   -1.0765454667 0.0438802678345 0.00669177763783  -0.187296212813 -0.0536943815101 0.0478996739755 11
80.575043 0 -16.5541041077 -20.4404642359  8.66920376621  -3.69983898742  -1.07526644952 0.0467098986974 0.00669177763783  -0.187296212813 -0.0536943815101 0.0478996739755 11
80.627129 0 -16.7480494744 -20.4965821549  8.67168981849  -3.74749403397  -1.07935286499 0.0482527199189 0.00669177763783  -0.187296212813 -0.0536943815101 0.0478996739755 11
80.67921 0 -16.9445166498 -20.5530174143  8.67406963394  -3.79683302422  -1.08708856009 0.0412338869419 0.00669177763783  -0.187296212813 -0.0536943815101 0.0478996739755 11
80.731301 0 -17.1436523754 -20.6098416371  8.67605417023  -3.84875678828  -1.09431677161 0.0351308473991 0.00669177763783  -0.187296212813 -0.0536943815101 0.0478996739755 11
80.783387 0 -17.3454727362 -20.6669510312  8.67762915724  -3.90125026412  -1.09800994791 0.0277561647932 0.00669177763783  -0.187296212813 -0.0536943815101 0.0478996739755 11
80.835473 0 -17.5501297553 -20.7242712808  8.67907683701  -3.95604173584  -1.10467452704 0.0253785013075 0.00669177763783  -0.187296212813 -0.0536943815101 0.0478996739755 11
80.887559 0 -17.7576079276 -20.7819586054  8.68031513098  -4.01100514951  -1.11079747133 0.0240732667538 0.00669177763783  -0.187296212813 -0.0536943815101 0.0478996739755 11
80.939644 0 -17.9679575937 -20.8399991847  8.68147752909  -4.06556105085  -1.11891866232 0.0192479728929 0.00669177763783  -0.187296212813 -0.0536943815101 0.0478996739755 11
80.991731 0 -18.1811217808  -20.898586155  8.68239023072 -4.11889179364 -1.12876278893 0.014060957916 0.00669177763783  -0.187296212813 -0.0536943815101 0.0478996739755 11
81.043816 0 -18.3969689761 -20.9576104607  8.68297003312  -4.17036515077  -1.13617938918 0.0111530894722 0.00669177763783  -0.187296212813 -0.0536943815101 0.0478996739755 11
81.095902 0 -18.6154760516 -21.0168870693  8.68358539558  -4.21949128002  -1.13925385214 0.0113229043075 0.00669177763783  -0.187296212813 -0.0536943815101 0.0478996739755 11
81.147988 0  -18.836451937 -21.0763193371  8.68412321409   -4.26586987777   -1.14418465216 0.00831311534773 0.00669177763783  -0.187296212813 -0.0536943815101 0.0478996739755 11
81.200074 0  -19.059770755 -21.1361129278  8.68431353922     -4.30862536428      -1.1492882408 -0.000692031683429 0.00669177763783  -0.187296212813 -0.0536943815101 0.0478996739755 11
81.25216 0  -19.285269864 -21.1960314249   8.6843516758   -4.34950915402   -1.15036092535 0.00528443019363 0.00669177763783  -0.187296212813 -0.0536943815101 0.0478996739755 11
81.304245 0 -19.5127707688 -21.2559671187  8.68489182985   -4.3858467312  -1.15230164934 0.0173808498435 0.00669177763783  -0.187296212813 -0.0536943815101 0.0478996739755 11
81.356331 0 -19.7421866513 -21.3160623106  8.68606556215 -4.42166419263 -1.15397971024 0.024693055137 0.00669177763783  -0.187296212813 -0.0536943815101 0.0478996739755 11
81.408417 0 -19.9734446499 -21.3762754557  8.68724123111  -4.45771404645  -1.15677196983 0.0221700290327 0.00669177763783  -0.187296212813 -0.0536943815101 0.0478996739755 11
81.460503 0 -20.2065029111 -21.4364814884  8.68836278512  -4.49181243984  -1.15569957882 0.0222825752372 0.00669177763783  -0.187296212813 -0.0536943815101 0.0478996739755 11
81.512588 0 -20.4413247663 -21.4967214683  8.68967486018 -4.52568098667  -1.1580536549  0.02897234594 0.00669177763783  -0.187296212813 -0.0536943815101 0.0478996739755 11
81.564674 0 -20.6780060758 -21.5571362239  8.69143885047  -4.5626583915 -1.16253352622 0.037104566388 0.00669177763783  -0.187296212813 -0.0536943815101 0.0478996739755 11
81.61676 0  -20.916603521 -21.6178256321  8.69340121401  -4.59880262571  -1.16756967418 0.0349823852167 0.00669177763783  -0.187296212813 -0.0536943815101 0.0478996739755 11
81.668845 0 -21.1571540916 -21.6788503041  8.69500482009  -4.63859954993  -1.17520921191 0.0274315375227 0.00669177763783  -0.187296212813 -0.0536943815101 0.0478996739755 11
81.720931 0 -21.3998373954 -21.7402818826  8.69621429501  -4.68069461043  -1.18391822056 0.0203178175472 0.00669177763783  -0.187296212813 -0.0536943815101 0.0478996739755 11
81.773017 0 -21.6447811641 -21.8021358936  8.69705333667 -4.72477351846 -1.19140448509 0.012948805837 0.00669177763783  -0.187296212813 -0.0536943815101 0.0478996739755 11
81.825103 0 -21.8920422019 -21.8644693204  8.69750821651   -4.76970247452   -1.20337523661 0.00345681103311 0.00669177763783  -0.187296212813 -0.0536943815101 0.0478996739755 11
81.877188 0 -22.1416300441 -21.9273729992   8.6973291855    -4.81414671318    -1.21275623368 -0.00782272206147 0.00669177763783  -0.187296212813 -0.0536943815101 0.0478996739755 11
81.929274 0 -22.3934743299 -21.9908229579  8.69670556928   -4.85519819067   -1.22240347009 -0.0184674540057 0.00669177763783  -0.187296212813 -0.0536943815101 0.0478996739755 11
81.98136 0 -22.6473716351 -22.0547788912  8.69556086506   -4.89319414095   -1.23378142687 -0.0258190665225 0.00669177763783  -0.187296212813 -0.0536943815101 0.0478996739755 11
82.033446 0 -22.9031054449 -22.1192848747  8.69401438382   -4.92592797851   -1.24352986004 -0.0301172408184 0.00669177763783  -0.187296212813 -0.0536943815101 0.0478996739755 11
82.085531 0 -23.1604645803  -22.184345641  8.69253972107   -4.95447335868   -1.25336185478 -0.0296791429663 0.00669177763783  -0.187296212813 -0.0536943815101 0.0478996739755 11
82.137617 0 -23.4192180871 -22.2498766378  8.69085351861   -4.98098481079   -1.26152021554 -0.0315945962366 0.00669177763783  -0.187296212813 -0.0536943815101 0.0478996739755 11
82.189703 0 -23.6792348103 -22.3158774819  8.68917001568   -5.00282569537   -1.27207177084 -0.0330852025787 0.00669177763783  -0.187296212813 -0.0536943815101 0.0478996739755 11
82.241788 0 -23.9403052234 -22.3823743149  8.68751425457   -5.02178284158   -1.28226242646 -0.0328340233804 0.00669177763783  -0.187296212813 -0.0536943815101 0.0478996739755 11
82.293874 0 -24.2023214767 -22.4493717077  8.68556059815   -5.03896192393   -1.28966263516 -0.0382165561806 0.00669177763783  -0.187296212813 -0.0536943815101 0.0478996739755 11
82.345959 0 -24.4652663952 -22.5166512687  8.68348508867   -5.05702016397   -1.29490868889 -0.0421969452288 0.00669177763783  -0.187296212813 -0.0536943815101 0.0478996739755 11
82.398044 0 -24.7290953353 -22.5841290384  8.68134612454   -5.0736656149  -1.29709406648 -0.040202985328 0.00669177763783  -0.187296212813 -0.0536943815101 0.0478996739755 11
82.450131 0 -24.9937905354 -22.6517127807  8.67902866344   -5.09001369192   -1.29951543013 -0.0457555815957 0.00669177763783  -0.187296212813 -0.0536943815101 0.0478996739755 11
82.502217 0 -25.2594530827 -22.7195394764  8.67653418009   -5.11121951446   -1.30357410748 -0.0511724298467 0.00669177763783  -0.187296212813 -0.0536943815101 0.0478996739755 11
82.554301 0 -25.5262906611 -22.7874736689  8.67392943021   -5.13596388507   -1.30466278716 -0.0476407362611 0.00669177763783  -0.187296212813 -0.0536943815101 0.0478996739755 11
82.606384 0 -25.7944872415 -22.8554736652  8.67138098761   -5.16382700522   -1.30528405879 -0.0516644097761 0.00669177763783  -0.187296212813 -0.0536943815101 0.0478996739755 11
82.658473 0 -26.0643154683 -22.9234455118  8.66867931628   -5.19682072358   -1.30356959915 -0.0536052733741 0.00669177763783  -0.187296212813 -0.0536943815101 0.0478996739755 11
82.710558 0 -26.3358874669 -22.9912269587  8.66568828949   -5.23157539105    -1.2985219688 -0.0606311483303 0.00669177763783  -0.187296212813 -0.0536943815101 0.0478996739755 11
82.762644 0  -26.609284721 -23.0587454775  8.66239055388   -5.26608738902   -1.29356516718 -0.0647769381811 0.00669177763783  -0.187296212813 -0.0536943815101 0.0478996739755 11
82.814729 0 -26.8845365288 -23.1259590612  8.65910634618   -5.30244222752   -1.28764263604 -0.0628037351258 0.00669177763783  -0.187296212813 -0.0536943815101 0.0478996739755 11
82.866815 0 -27.1616959392   -23.19300269  8.65604004499   -5.34025634771    -1.2862630141 -0.0553254289256 0.00669177763783  -0.187296212813 -0.0536943815101 0.0478996739755 11
82.918901 0 -27.4408346384 -23.2598868756  8.65323653366     -5.378887296   -1.28364917823 -0.0534970336196 0.00669177763783  -0.187296212813 -0.0536943815101 0.0478996739755 11
82.970986 0 -27.7220165741 -23.3268100327  8.65027614514   -5.41894656635   -1.28849452082 -0.0585541264068 0.00669177763783  -0.187296212813 -0.0536943815101 0.0478996739755 11
83.023072 0 -28.0053695295 -23.3940116981  8.64711635592  -5.46120675807  -1.29308748211 -0.066641134164 0.00669177763783  -0.187296212813 -0.0536943815101 0.0478996739755 11
83.075154 0 -28.2908958859 -23.4614585013  8.64340495101   -5.50429955702   -1.29633651514 -0.0731144273979 0.00669177763783  -0.187296212813 -0.0536943815101 0.0478996739755 11
83.127243 0 -28.5787350827 -23.5290850884  8.63955596307   -5.54681748898   -1.30018285721 -0.0776859002648 0.00669177763783  -0.187296212813 -0.0536943815101 0.0478996739755 11
83.179328 0 -28.8687756347 -23.5969041225   8.6355133997   -5.58995595979   -1.30378355503 -0.0791924767173 0.00669177763783  -0.187296212813 -0.0536943815101 0.0478996739755 11
83.231414 0 -29.1609735313 -23.6649648241  8.63091286946   -5.62937744584   -1.30963978414 -0.0969730942797 0.00669177763783  -0.187296212813 -0.0536943815101 0.0478996739755 11
83.2835 0 -29.4551151973 -23.7333591104  8.62547401364  -5.66363763411  -1.31474772277 -0.111594528279 0.00669177763783  -0.187296212813 -0.0536943815101 0.0478996739755 11
83.335585 0 -29.7508887058 -23.8019512437  8.61938080431 -5.69258224604 -1.31741742008 -0.11838492583 0.00669177763783  -0.187296212813 -0.0536943815101 0.0478996739755 11
83.38767 0 -30.0481128589  -23.870617135  8.61326473196  -5.71938089397  -1.31831377208 -0.119460970267 0.00669177763783  -0.187296212813 -0.0536943815101 0.0478996739755 11
83.439756 0 -30.3467475304 -23.9393991056  8.60713835256  -5.74814803019  -1.32229772144 -0.113811770661 0.00669177763783  -0.187296212813 -0.0536943815101 0.0478996739755 11
83.491842 0 -30.6468784093 -24.0083583512  8.60104609386  -5.77677086865  -1.32674859104 -0.119661158692 0.00669177763783  -0.187296212813 -0.0536943815101 0.0478996739755 11
83.543923 0 -30.9485680969 -24.0774857713  8.59485709561  -5.80798006041  -1.32764271734 -0.120820434754 0.00669177763783  -0.187296212813 -0.0536943815101 0.0478996739755 11
83.596012 0 -31.2519313221 -24.1467001323  8.58829845097  -5.84031731524  -1.33124729293 -0.130306893415 0.00669177763783  -0.187296212813 -0.0536943815101 0.0478996739755 11
83.648098 0 -31.5569525911 -24.2161764417  8.58128983524  -5.87221623469  -1.33777082934 -0.138092223293 0.00669177763783  -0.187296212813 -0.0536943815101 0.0478996739755 11
83.700183 0  -31.863662968 -24.2860225308  8.57404823097  -5.90610427975  -1.34444596223 -0.140823625217 0.00669177763783  -0.187296212813 -0.0536943815101 0.0478996739755 11
83.752268 0  -32.172196262 -24.3561974506  8.56655027802  -5.94141338914   -1.3507739657 -0.145694595524 0.00669177763783  -0.187296212813 -0.0536943815101 0.0478996739755 11
83.804354 0 -32.4825697249 -24.4267563717  8.55889025404  -5.97684032252  -1.35935366266 -0.146210525235 0.00669177763783  -0.187296212813 -0.0536943815101 0.0478996739755 11
83.85644 0 -32.7948263322 -24.4977499929  8.55142485156  -6.01410149685  -1.36818188288 -0.142367823911 0.00669177763783  -0.187296212813 -0.0536943815101 0.0478996739755 11
83.908525 0 -33.1090221072 -24.5691669702  8.54380702958 -6.05098574426 -1.37570411656 -0.14833298661 0.00669177763783  -0.187296212813 -0.0536943815101 0.0478996739755 11
83.96061 0 -33.4251553843 -24.6409138937  8.53587839737  -6.08775292862  -1.38146458421 -0.159531889665 0.00669177763783  -0.187296212813 -0.0536943815101 0.0478996739755 11
84.01269 0 -33.7432037579 -24.7129960858  8.52739566899  -6.12682811329  -1.38708812046 -0.161766267496 0.00669177763783  -0.187296212813 -0.0536943815101 0.0478996739755 11
84.064781 0 -34.0633423837 -24.7854130378  8.51886360157  -6.16454608415  -1.39436469348 -0.166151947903 0.00669177763783  -0.187296212813 -0.0536943815101 0.0478996739755 11
84.116866 0 -34.3854658286 -24.8582628549  8.51013690763  -6.20478626719  -1.40162075924 -0.171263891777 0.00669177763783  -0.187296212813 -0.0536943815101 0.0478996739755 11
84.168952 0 -34.7096824724 -24.9314942592  8.50096770823  -6.24462429713  -1.41064662199 -0.181873875977 0.00669177763783  -0.187296212813 -0.0536943815101 0.0478996739755 11
84.221038 0 -35.0359761992 -25.0051474561   8.4912385331  -6.28446236219  -1.41790401716 -0.189040409662 0.00669177763783  -0.187296212813 -0.0536943815101 0.0478996739755 11
84.273123 0 -35.3643494332 -25.0790579586  8.48127737862   -6.3249645164  -1.42144959953 -0.193120283098 0.00669177763783  -0.187296212813 -0.0536943815101 0.0478996739755 11
84.325208 0 -35.6948224203 -25.1532566772   8.4711285996  -6.36511023837  -1.42771053781 -0.199041394349 0.00669177763783  -0.187296212813 -0.0536943815101 0.0478996739755 11
84.377293 0 -36.0273456246 -25.2277392366  8.46048798517  -6.40339272145  -1.43273170522 -0.207533337381 0.00669177763783  -0.187296212813 -0.0536943815101 0.0478996739755 11
84.429378 0 -36.361810609 -25.302512888 8.44940880855  -6.43931643442    -1.439165803 -0.215310561444 0.00669177763783  -0.187296212813 -0.0536943815101 0.0478996739755 11
84.481458 0 -36.6980574526 -25.3776508209  8.43798156923  -6.47331838776   -1.4476839957 -0.223526568496 0.00669177763783  -0.187296212813 -0.0536943815101 0.0478996739755 11
84.533549 0 -37.0361409496 -25.4532816492  8.42636168432  -6.50704857011  -1.45695592639 -0.225796580067 0.00669177763783  -0.187296212813 -0.0536943815101 0.0478996739755 11
84.585635 0 -37.3758778142 -25.5294230033  8.41445625534  -6.53889911379  -1.46802455572 -0.229911725995 0.00669177763783  -0.187296212813 -0.0536943815101 0.0478996739755 11
84.63772 0 -37.7172852087 -25.6061926318  8.40242900235    -6.570981815  -1.47967255954 -0.232555899534 0.00669177763783  -0.187296212813 -0.0536943815101 0.0478996739755 11
84.689805 0 -38.0603586767 -25.6835315319  8.39037597252  -6.60278392746  -1.49091473278 -0.230779947978 0.00669177763783  -0.187296212813 -0.0536943815101 0.0478996739755 11
84.74189 0   -38.40510984 -25.7613298081  8.37835929114 -6.63563657932 -1.49659863836 -0.23006425393 0.00669177763783  -0.187296212813 -0.0536943815101 0.0478996739755 11
84.793976 0 -38.7516347007 -25.8392861733  8.36639770462  -6.67107294051  -1.49767143189 -0.224522885817 0.00669177763783  -0.187296212813 -0.0536943815101 0.0478996739755 11
84.846061 0  -39.100127908 -25.9172926435  8.35501218669  -6.71128491371  -1.49977177117 -0.216249380827 0.00669177763783  -0.187296212813 -0.0536943815101 0.0478996739755 11
84.898146 0 -39.4508618612 -25.9954230392  8.34402641226  -6.75796277978  -1.50123568618 -0.206118224371 0.00669177763783  -0.187296212813 -0.0536943815101 0.0478996739755 11
84.950231 0 -39.8042163763 -26.0736232976  8.33326864021  -6.81043805943  -1.50199023997 -0.207803914924 0.00669177763783  -0.187296212813 -0.0536943815101 0.0478996739755 11
85.002317 0 -40.160476698 -26.151922322 8.32236985461 -6.86949706168 -1.50438880811 -0.21018874891 0.00669177763783  -0.187296212813 -0.0536943815101 0.0478996739755 11
85.054402 0 -40.5198487599 -26.2303030313  8.31129783691  -6.93050827568  -1.50633247718 -0.216403691655 0.00669177763783  -0.187296212813 -0.0536943815101 0.0478996739755 11
85.106487 0 -40.8824261914 -26.3088379256  8.30002295928  -6.99308168277   -1.5118725344 -0.215302902498 0.00669177763783  -0.187296212813 -0.0536943815101 0.0478996739755 11
85.158573 0 -41.2483479198 -26.3877054261  8.28875301911  -7.05801380999  -1.51762473982 -0.215437729043 0.00669177763783  -0.187296212813 -0.0536943815101 0.0478996739755 11
85.210658 0 -41.6176625286 -26.4669537215  8.27768367912  -7.12298984722  -1.52552654086 -0.213035814855 0.00669177763783  -0.187296212813 -0.0536943815101 0.0478996739755 11
85.262743 0 -41.9903566191 -26.5467513994  8.26660362463 -7.18848123223 -1.53857780083  -0.2088564539 0.00669177763783  -0.187296212813 -0.0536943815101 0.0478996739755 11
85.314828 0  -42.366418229 -26.6272961976  8.25559984076  -7.25214739019  -1.55399562786 -0.213047516781 0.00669177763783  -0.187296212813 -0.0536943815101 0.0478996739755 11
85.366913 0 -42.7458392144 -26.7087083549  8.24455431646  -7.31739797405  -1.57189392979 -0.212900339593 0.00669177763783  -0.187296212813 -0.0536943815101 0.0478996739755 11
85.418998 0 -43.1286664587 -26.7910735581  8.23343561922  -7.38241831001  -1.59218853391 -0.215540829693 0.00669177763783  -0.187296212813 -0.0536943815101 0.0478996739755 11
85.471084 0 -43.5148509073 -26.8744949859  8.22208669089  -7.44679752357  -1.61205091134 -0.217645523474 0.00669177763783  -0.187296212813 -0.0536943815101 0.0478996739755 11
85.523169 0 -43.9044059514 -26.9589638225  8.21067407008  -7.51025906398  -1.63029389695 -0.221187678034 0.00669177763783  -0.187296212813 -0.0536943815101 0.0478996739755 11
85.575254 0 -44.2972743966 -27.0443909009  8.19914014347  -7.57381667597  -1.64792500784 -0.221488673773 0.00669177763783  -0.187296212813 -0.0536943815101 0.0478996739755 11
85.627339 0 -44.6933644906 -27.1307130663  8.18753414003   -7.6357108976  -1.66540723971 -0.222125737836 0.00669177763783  -0.187296212813 -0.0536943815101 0.0478996739755 11
85.679425 0 -45.0926188184 -27.2178818274  8.17597373828  -7.69521135747  -1.68165533578 -0.219736935843 0.00669177763783  -0.187296212813 -0.0536943815101 0.0478996739755 11
85.73151 0 -45.4949381502 -27.3059380042  8.16442727751  -7.75251754336  -1.69696400772 -0.225413241985 0.00669177763783  -0.187296212813 -0.0536943815101 0.0478996739755 11
85.783595 0 -45.9002803437 -27.3946422866  8.15294485534  -7.81234752162  -1.70942794012 -0.214855109061 0.00669177763783  -0.187296212813 -0.0536943815101 0.0478996739755 11
85.83568 0  -46.308726511 -27.4839570623   8.1418603937  -7.87242111227  -1.71991668966 -0.210235951235 0.00669177763783  -0.187296212813 -0.0536943815101 0.0478996739755 11
85.887765 0 -46.7203332131 -27.5738183339  8.13079485057  -7.93251307058  -1.73004990021 -0.216716269659 0.00669177763783  -0.187296212813 -0.0536943815101 0.0478996739755 11
85.93985 0 -47.1350661568 -27.6641787689   8.1192726705  -7.99168486338   -1.7399796523 -0.226523115321 0.00669177763783  -0.187296212813 -0.0536943815101 0.0478996739755 11
85.991935 0 -47.5528068281 -27.7551484601  8.10723346172  -8.04942529195   -1.7532467342 -0.230931627102 0.00669177763783  -0.187296212813 -0.0536943815101 0.0478996739755 11
86.044021 0 -47.9735856115 -27.8467692512  8.09531844133  -8.10744450169  -1.76576260187 -0.227615059602 0.00669177763783  -0.187296212813 -0.0536943815101 0.0478996739755 11
86.096106 0  -48.397422521 -27.9390163936  8.08383269658 -8.16829862127 -1.77757170658 -0.21331914307 0.00669177763783  -0.187296212813 -0.0536943815101 0.0478996739755 11
86.148192 0 -48.8244511361 -28.0319348361  8.07281775842  -8.23009449613   -1.7909722831 -0.208183949405 0.00669177763783  -0.187296212813 -0.0536943815101 0.0478996739755 11
86.200276 0 -49.2547992981 -28.1255700641  8.06211356447  -8.29513975137  -1.80427451744 -0.206722043329 0.00669177763783  -0.187296212813 -0.0536943815101 0.0478996739755 11
86.252362 0 -49.6886641938 -28.2199523771  8.05135253385  -8.36466263618  -1.81933580276 -0.208320702589 0.00669177763783  -0.187296212813 -0.0536943815101 0.0478996739755 11
86.304447 0 -50.1261580722 -28.3150636165  8.04019271351  -8.43499385265  -1.83394717911 -0.221163679723 0.00669177763783  -0.187296212813 -0.0536943815101 0.0478996739755 11
86.356532 0 -50.5673606141 -28.4109712317   8.0281858232  -8.50646513813  -1.84942982917 -0.239301356951 0.00669177763783  -0.187296212813 -0.0536943815101 0.0478996739755 11
86.408617 0 -51.0122418839 -28.5076678797   8.0150139876  -8.57568930702  -1.86397175146 -0.269567608997 0.00669177763783  -0.187296212813 -0.0536943815101 0.0478996739755 11
86.460701 0 -51.4606913305 -28.6050729014  8.00011561691 -8.64392432659  -1.8766388171 -0.30231475241 0.00669177763783  -0.187296212813 -0.0536943815101 0.0478996739755 11
86.512787 0 -51.9126201889 -28.7032014844  7.98329640712  -8.70924110701  -1.89112903084 -0.344161667732 0.00669177763783  -0.187296212813 -0.0536943815101 0.0478996739755 11
86.564872 0 -52.3679049888 -28.8020967308  7.96425232454  -8.77166220525   -1.9056277175 -0.389564825204 0.00669177763783  -0.187296212813 -0.0536943815101 0.0478996739755 11
86.616957 0 -52.8263510077  -28.901829015  7.94286992771  -8.83137306234  -1.92335492763 -0.430015850798 0.00669177763783  -0.187296212813 -0.0536943815101 0.0478996739755 11
86.669042 0 -53.2877859503 -29.0024098702  7.91944130849  -8.88549218416  -1.93738480291 -0.469966016164 0.00669177763783  -0.187296212813 -0.0536943815101 0.0478996739755 11
86.721127 0 -53.7519258175 -29.1036252441  7.89404615412  -8.93590967502  -1.94842951084 -0.504781767779 0.00669177763783  -0.187296212813 -0.0536943815101 0.0478996739755 11
86.773212 0 -54.2185754787 -29.2053734794  7.86711977655  -8.98199387113  -1.95724915273 -0.528733968086 0.00669177763783  -0.187296212813 -0.0536943815101 0.0478996739755 11
86.825297 0  -54.687541562 -29.3076027015  7.83914568414  -9.02616675054  -1.96573855808 -0.542011715184 0.00669177763783  -0.187296212813 -0.0536943815101 0.0478996739755 11
86.877381 0 -55.1587626244 -29.4100651641  7.81037415703 -9.06870048856   -1.967761453 -0.56186247344 0.00669177763783  -0.187296212813 -0.0536943815101 0.0478996739755 11
86.929467 0 -55.6323107404 -29.5124921668  7.78085449735  -9.11474045968  -1.96595500033 -0.572416737506 0.00669177763783  -0.187296212813 -0.0536943815101 0.0478996739755 11
86.981552 0 -56.1083426588 -29.6148242315  7.75066902601 -9.16489320906 -1.96394099255 -0.58386415229 0.00669177763783  -0.187296212813 -0.0536943815101 0.0478996739755 11
87.033637 0 -56.5870682727 -29.7170044756  7.72002843107  -9.21773209775   -1.9595892752 -0.594033063448 0.00669177763783  -0.187296212813 -0.0536943815101 0.0478996739755 11
87.085722 0 -57.0686914063 -29.8189107093   7.6889838934  -9.27697572243  -1.95313069425 -0.597698986816 0.00669177763783  -0.187296212813 -0.0536943815101 0.0478996739755 11
87.137807 0 -57.5534647248 -29.9204994277  7.65753686244   -9.3383233815  -1.94885768469 -0.608914121851 0.00669177763783  -0.187296212813 -0.0536943815101 0.0478996739755 11
87.189892 0 -58.0415338277 -30.0218296994  7.62557013541 -9.40329817919 -1.94274991539 -0.61802794962 0.00669177763783  -0.187296212813 -0.0536943815101 0.0478996739755 11
87.241978 0 -58.5330474621 -30.1228838072  7.59307252006  -9.46956048627  -1.93807013544 -0.633171877264 0.00669177763783  -0.187296212813 -0.0536943815101 0.0478996739755 11
87.294063 0 -59.0280354945 -30.2236806836  7.55977245227  -9.53826702704   -1.9325033605 -0.643446968341 0.00669177763783  -0.187296212813 -0.0536943815101 0.0478996739755 11
87.346142 0 -59.5265350129 -30.3242037882  7.52584314611  -9.60649128491  -1.92751920569 -0.657538573321 0.00669177763783  -0.187296212813 -0.0536943815101 0.0478996739755 11
87.398232 0 -60.0287408477 -30.4245212978   7.4912740469  -9.67492435768  -1.92270397008 -0.669495916893 0.00669177763783  -0.187296212813 -0.0536943815101 0.0478996739755 11
87.450318 0 -60.5344828055 -30.5245584609  7.45634668612  -9.74326398537  -1.91793254121 -0.671451438585 0.00669177763783  -0.187296212813 -0.0536943815101 0.0478996739755 11
87.502402 0 -61.0436626992 -30.6243528462   7.4211792854  -9.80826609998  -1.91467929507 -0.679304092684 0.00669177763783  -0.187296212813 -0.0536943815101 0.0478996739755 11
87.554488 0 -61.5562286047 -30.7239825758  7.38569866949   -9.8729688719  -1.91024222765 -0.682321295146 0.00669177763783  -0.187296212813 -0.0536943815101 0.0478996739755 11
87.606572 0 -62.0721032255 -30.8234140757  7.35005621625   -9.9364651676  -1.90700715748 -0.686366595045 0.00669177763783  -0.187296212813 -0.0536943815101 0.0478996739755 11
87.658658 0 -62.5913073192 -30.9226836424  7.31444835191  -9.99980143596  -1.90390768731 -0.681297625885 0.00669177763783  -0.187296212813 -0.0536943815101 0.0478996739755 11
87.710742 0 -63.1138009899 -31.0218859385  7.27886411491  -10.0636473744   -1.9054805491 -0.684104753808 0.00669177763783  -0.187296212813 -0.0536943815101 0.0478996739755 11
87.762827 0 -63.639633702 -31.121162465 7.24316504575  -10.1277530722  -1.90676508925 -0.688629004953 0.00669177763783  -0.187296212813 -0.0536943815101 0.0478996739755 11
87.814917 0 -64.1688368296 -31.2205910043  7.20706889547  -10.1905421876  -1.91041554449 -0.699735605293 0.00669177763783  -0.187296212813 -0.0536943815101 0.0478996739755 11
87.866997 0 -64.7011725519 -31.3202274387  7.17034626246  -10.2513094992  -1.91566773271 -0.712154547625 0.00669177763783  -0.187296212813 -0.0536943815101 0.0478996739755 11
87.919082 0 -65.2366602903 -31.4202661892  7.13295723732  -10.3103690452  -1.92541664085 -0.719718293994 0.00669177763783  -0.187296212813 -0.0536943815101 0.0478996739755 11
87.971167 0 -65.7751521943 -31.5208135097  7.09524319656  -10.3655460587   -1.9377912296 -0.730760591209 0.00669177763783  -0.187296212813 -0.0536943815101 0.0478996739755 11
88.023252 0 -66.3163983829 -31.6221827202  7.05702041445  -10.4165075347  -1.95553436951 -0.737688183678 0.00669177763783  -0.187296212813 -0.0536943815101 0.0478996739755 11
88.075337 0 -66.8601185661  -31.724497335  7.01827577868  -10.4613735191  -1.97376560177 -0.746848320954 0.00669177763783  -0.187296212813 -0.0536943815101 0.0478996739755 11
88.127422 0 -67.4059762247 -31.8278558917  6.97927827933  -10.4982988868  -1.99536318551 -0.750401031276 0.00669177763783  -0.187296212813 -0.0536943815101 0.0478996739755 11
88.179507 0 -67.953569206 -31.932430139 6.94008170992  -10.5273842165  -2.02045883311 -0.754120703104 0.00669177763783  -0.187296212813 -0.0536943815101 0.0478996739755 11
88.231592 0 -68.5025482864  -32.038299086  6.90079702457  -10.5517081993   -2.0459091135 -0.754810322938 0.00669177763783  -0.187296212813 -0.0536943815101 0.0478996739755 11
88.283672 0 -69.0526143832 -32.1454206419  6.86138873097  -10.5719705833  -2.06811032391 -0.755131807835 0.00669177763783  -0.187296212813 -0.0536943815101 0.0478996739755 11
88.335761 0 -69.6038116095 -32.2537348424  6.82216464697  -10.5913585079  -2.09103474108 -0.750009030187 0.00669177763783  -0.187296212813 -0.0536943815101 0.0478996739755 11
88.387846 0 -70.1559732554 -32.3632407091  6.78319234532  -10.6114384753  -2.11474391421 -0.746065196463 0.00669177763783  -0.187296212813 -0.0536943815101 0.0478996739755 11
88.439931 0 -70.7092040201 -32.4739273147   6.7442999634  -10.6319602727  -2.13721426683 -0.748950894031 0.00669177763783  -0.187296212813 -0.0536943815101 0.0478996739755 11
88.492016 0 -71.2636137508 -32.5856505557   6.7053856419  -10.6567486758  -2.15381916079 -0.749182772576 0.00669177763783  -0.187296212813 -0.0536943815101 0.0478996739755 11
88.544101 0  -71.81933366 -32.698141469 6.66623699356  -10.6840307608  -2.16707013871 -0.751432088734 0.00669177763783  -0.187296212813 -0.0536943815101 0.0478996739755 11
88.596186 0 -72.3766300072 -32.8113362616  6.62703343719  -10.7170396124  -2.17959902537 -0.754796090822 0.00669177763783  -0.187296212813 -0.0536943815101 0.0478996739755 11
88.64827 0 -72.9358477967 -32.9251976457  6.58749988845    -10.75758409  -2.19213093053 -0.763617553846 0.00669177763783  -0.187296212813 -0.0536943815101 0.0478996739755 11
88.700355 0  -73.497409239 -33.0395611521  6.54769549692  -10.8057610508  -2.19995439303 -0.766450361994 0.00669177763783  -0.187296212813 -0.0536943815101 0.0478996739755 11
88.75244 0  -74.061603064 -33.1543121285  6.50766364804  -10.8595902988  -2.20748302374 -0.767067753499 0.00669177763783  -0.187296212813 -0.0536943815101 0.0478996739755 11
88.804525 0 -74.6286606693 -33.2693440468  6.46755130809  -10.9150672819   -2.2111774755 -0.775955527973 0.00669177763783  -0.187296212813 -0.0536943815101 0.0478996739755 11
88.85661 0 -75.1986613106 -33.3846928929  6.42698177103   -10.972388118  -2.21851786984 -0.783087007271 0.00669177763783  -0.187296212813 -0.0536943815101 0.0478996739755 11
88.908694 0  -75.771676433 -33.5003732892  6.38598302051   -11.031214215  -2.22524463412 -0.792478604983 0.00669177763783  -0.187296212813 -0.0536943815101 0.0478996739755 11
88.960779 0 -76.3477743502 -33.6163214232  6.34444272702  -11.0914005165  -2.22678033211 -0.798828322654 0.00669177763783  -0.187296212813 -0.0536943815101 0.0478996739755 11
89.012864 0 -76.9270482784 -33.7323030736  6.30279427953   -11.152395791  -2.22758963667 -0.801597680531 0.00669177763783  -0.187296212813 -0.0536943815101 0.0478996739755 11
89.064949 0 -77.5095181329 -33.8484411073  6.26103383888  -11.2136994896  -2.23065819201 -0.803055866508 0.00669177763783  -0.187296212813 -0.0536943815101 0.0478996739755 11
89.117034 0 -78.0952065404 -33.9645640043  6.21899470174  -11.2756962072  -2.22910831907 -0.810953170996 0.00669177763783  -0.187296212813 -0.0536943815101 0.0478996739755 11
89.169118 0 -78.6841309203 -34.0805591425  6.17649740968  -11.3386047366  -2.22426285578 -0.818227371588 0.00669177763783  -0.187296212813 -0.0536943815101 0.0478996739755 11
89.221204 0 -79.2764450616 -34.1962982574   6.1338641258 -11.4047551794 -2.22042440447  -0.8195816018 0.00669177763783  -0.187296212813 -0.0536943815101 0.0478996739755 11
89.273289 0 -79.8722460705 -34.3117839547   6.0911235035 -11.4727811401 -2.21368787382 -0.82311977341 0.00669177763783  -0.187296212813 -0.0536943815101 0.0478996739755 11
89.325373 0 -80.4716128133 -34.4268996287  6.04810743976  -11.5431789595  -2.20712917179 -0.828528738859 0.00669177763783  -0.187296212813 -0.0536943815101 0.0478996739755 11
89.377458 0 -81.0747290417 -34.5417268001  6.00470996149  -11.6154655232  -2.20130694709 -0.840326652546 0.00669177763783  -0.187296212813 -0.0536943815101 0.0478996739755 11
89.429543 0 -81.6816997578 -34.6563035719  5.96074010643  -11.6920060661  -2.19904333523 -0.845232925995 0.00669177763783  -0.187296212813 -0.0536943815101 0.0478996739755 11
89.481628 0 -82.2927404008 -34.7709207912  5.91653337782  -11.7712640792    -2.202482275 -0.852651494822 0.00669177763783  -0.187296212813 -0.0536943815101 0.0478996739755 11
89.533712 0 -82.9079607652 -34.8857432579   5.8719946728  -11.8525398332  -2.20780471952 -0.859618090291 0.00669177763783  -0.187296212813 -0.0536943815101 0.0478996739755 11
89.585797 0 -83.5275128261 -35.0010188081  5.82699025333  -11.9365097089  -2.21917954705 -0.872210472935 0.00669177763783  -0.187296212813 -0.0536943815101 0.0478996739755 11
89.637882 0  -84.151387612 -35.1169698443  5.78110401393  -12.0212440255  -2.23478938999 -0.886881514394 0.00669177763783  -0.187296212813 -0.0536943815101 0.0478996739755 11
89.689967 0  -84.779757622 -35.2339457007  5.73446182607  -12.1070410174  -2.25679308891 -0.906833210313 0.00669177763783  -0.187296212813 -0.0536943815101 0.0478996739755 11
89.742051 0 -85.4126294281 -35.3520939057  5.68685558727  -12.1955251589  -2.28117253769 -0.918987218787 0.00669177763783  -0.187296212813 -0.0536943815101 0.0478996739755 11
89.794136 0 -86.0501796585  -35.471617064  5.63866708451  -12.2860293119  -2.31041625164 -0.931041600677 0.00669177763783  -0.187296212813 -0.0536943815101 0.0478996739755 11
89.846221 0 -86.6924334679 -35.5926939984  5.58976965641  -12.3765685639  -2.34056466977 -0.944009628821 0.00669177763783  -0.187296212813 -0.0536943815101 0.0478996739755 11
89.898306 0 -87.3394463688 -35.7153598501  5.54013429835  -12.4667926067   -2.3702508763 -0.966001396545 0.00669177763783  -0.187296212813 -0.0536943815101 0.0478996739755 11
89.95039 0 -87.9911706278 -35.8395073541  5.48946432319  -12.5587670537  -2.39612274504 -0.979991744844 0.00669177763783  -0.187296212813 -0.0536943815101 0.0478996739755 11
90.002475 0 -88.6475855068 -35.9649372564  5.43791037319   -12.647005074  -2.41967275603 -0.998156015083 0.00669177763783  -0.187296212813 -0.0536943815101 0.0478996739755 11
90.05456 0 -89.3085820011 -36.0914745083  5.38546083121 -12.7344669489   -2.437636015 -1.01355544333 0.00669177763783  -0.187296212813 -0.0536943815101 0.0478996739755 11
90.106645 0 -89.9740935468 -36.2187910421  5.33234624375 -12.8198116747 -2.45217283063 -1.02801659627 0.00669177763783  -0.187296212813 -0.0536943815101 0.0478996739755 11
90.158729 0 -90.6439288977 -36.3468640088  5.27842458758 -12.9017040171  -2.4662434277 -1.04321611873 0.00669177763783  -0.187296212813 -0.0536943815101 0.0478996739755 11
90.210809 0 -91.3178837399  -36.475569003  5.22366107084 -12.9801721378 -2.47634961096 -1.05637417696 0.00669177763783  -0.187296212813 -0.0536943815101 0.0478996739755 11
90.262899 0 -91.9960082717 -36.6047863609  5.16824726922 -13.0558262608 -2.48460812076 -1.07139578328 0.00669177763783  -0.187296212813 -0.0536943815101 0.0478996739755 11
90.314983 0 -92.6778840098  -36.734320637  5.11219228737  -13.126678798 -2.48833112016 -1.08134564074 0.00669177763783  -0.187296212813 -0.0536943815101 0.0478996739755 11
90.367068 0 -93.3632988294 -36.8637581483  5.05558192872 -13.1918071964 -2.48218112585 -1.09204937956 0.00669177763783  -0.187296212813 -0.0536943815101 0.0478996739755 11
90.419153 0 -94.0519480961 -36.9928685508  4.99847648475 -13.2520428244 -2.47543779057 -1.09723236894 0.00669177763783  -0.187296212813 -0.0536943815101 0.0478996739755 11
90.471238 0 -94.7436716199 -37.1215367235  4.94120357488  -13.309661796 -2.46731421126 -1.10229484347 0.00669177763783  -0.187296212813 -0.0536943815101 0.0478996739755 11
90.523322 0 -95.4383130739 -37.2498664867  4.88366891571 -13.3637367576 -2.46034705544 -1.10921977731 0.00669177763783  -0.187296212813 -0.0536943815101 0.0478996739755 11
90.575407 0 -96.1357492536 -37.3777389077  4.82574095038 -13.4172458477 -2.45030356182 -1.11296517892 0.00669177763783  -0.187296212813 -0.0536943815101 0.0478996739755 11
90.627491 0 -96.8359192489 -37.5052121283  4.76745537121 -13.4686487513 -2.44549373436 -1.12446018409 0.00669177763783  -0.187296212813 -0.0536943815101 0.0478996739755 11
90.679575 0 -97.5387893663 -37.6323996911  4.70869436952 -13.5210601844 -2.43846114961 -1.13148938572 0.00669177763783  -0.187296212813 -0.0536943815101 0.0478996739755 11
90.731661 0 -98.2444800637 -37.7591742154  4.64966567515 -13.5757741101 -2.42904050335 -1.13805543875 0.00669177763783  -0.187296212813 -0.0536943815101 0.0478996739755 11
90.783745 0 -98.9530052783 -37.8854464309  4.59013305874 -13.6321229485 -2.41975824823 -1.14650232129 0.00669177763783  -0.187296212813 -0.0536943815101 0.0478996739755 11
90.83583 0   -99.66453978 -38.0112523767  4.53028846412 -13.6906408935  -2.4102244118 -1.14880383546 0.00669177763783  -0.187296212813 -0.0536943815101 0.0478996739755 11
90.887915 0 -100.379221496 -38.1366274458  4.47042003111 -13.7514323657 -2.40336258178 -1.15373933432 0.00669177763783  -0.187296212813 -0.0536943815101 0.0478996739755 11
90.939999 0 -101.097104985 -38.2615738184  4.41021867256 -13.8154704384 -2.39507002042 -1.15779941282 0.00669177763783  -0.187296212813 -0.0536943815101 0.0478996739755 11
90.992084 0 -101.818397881 -38.3862491148  4.34982570167 -13.8815857548 -2.39279235693 -1.16071183755 0.00669177763783  -0.187296212813 -0.0536943815101 0.0478996739755 11
91.044169 0   -102.5432026 -38.5109062894  4.28925562006 -13.9501206603 -2.39387510136 -1.16475680485 0.00669177763783  -0.187296212813 -0.0536943815101 0.0478996739755 11
91.096253 0 -103.271614015 -38.6357465804  4.22819743983 -14.0205183896 -2.39911978681 -1.17747843669 0.00669177763783  -0.187296212813 -0.0536943815101 0.0478996739755 11
91.148336 0 -104.003752146 -38.7608782144    4.166584282 -14.0937682429 -2.40654279493 -1.19155236899 0.00669177763783  -0.187296212813 -0.0536943815101 0.0478996739755 11
91.200422 0 -104.739782586 -38.8865512447  4.10418423876 -14.1691372593 -2.42007961874 -1.20368699053 0.00669177763783  -0.187296212813 -0.0536943815101 0.0478996739755 11
91.252507 0 -105.479758605 -39.0128683365  4.04116788097  -14.245561553 -2.43183152832 -1.21536677438 0.00669177763783  -0.187296212813 -0.0536943815101 0.0478996739755 11
91.304592 0 -106.223756027 -39.1398440569  3.97775134459  -14.323409207 -2.44515464834  -1.2201169449 0.00669177763783  -0.187296212813 -0.0536943815101 0.0478996739755 11
91.356676 0 -106.971842949 -39.2675555973   3.9140626605   -14.40322935 -2.45971498688 -1.22728778341 0.00669177763783  -0.187296212813 -0.0536943815101 0.0478996739755 11
91.408761 0 -107.724136152 -39.3961512406  3.84981319865 -14.4851890367 -2.47820511305 -1.23888376437 0.00669177763783  -0.187296212813 -0.0536943815101 0.0478996739755 11
91.460845 0 -108.480760169  -39.525747074  3.78509535625 -14.5684088942 -2.49835167966  -1.2487344023 0.00669177763783  -0.187296212813 -0.0536943815101 0.0478996739755 11
91.51293 0 -109.241763346   -39.65635466  3.71985423792 -14.6529411335 -2.51526689339 -1.25641818643 0.00669177763783  -0.187296212813 -0.0536943815101 0.0478996739755 11
91.565015 0  -110.00715817 -39.7877403005  3.65404189988 -14.7381177142  -2.5300664389 -1.26752710476 0.00669177763783  -0.187296212813 -0.0536943815101 0.0478996739755 11
91.617094 0 -110.776904912 -39.9198993367  3.58778470551 -14.8229375044 -2.54509410258 -1.27678812944 0.00669177763783  -0.187296212813 -0.0536943815101 0.0478996739755 11
91.669184 0 -111.551200513 -40.0528393307  3.52097874852 -14.9053919019 -2.55855446058 -1.28878651241 0.00669177763783  -0.187296212813 -0.0536943815101 0.0478996739755 11
91.721268 0 -112.329671065 -40.1863638065  3.45359487553  -14.987196807 -2.56843588774 -1.29719623033 0.00669177763783  -0.187296212813 -0.0536943815101 0.0478996739755 11
91.773353 0 -113.112326914 -40.3203440401  3.38586470761 -15.0657951138 -2.57538535924 -1.30203958754 0.00669177763783  -0.187296212813 -0.0536943815101 0.0478996739755 11
91.825437 0 -113.898981945 -40.4547574821   3.3178748978 -15.1407543342 -2.58512762739 -1.30889404624 0.00669177763783  -0.187296212813 -0.0536943815101 0.0478996739755 11
91.877522 0  -114.68949139 -40.5897805116  3.24962819436 -15.2119174343 -2.59822453491 -1.31284868398 0.00669177763783  -0.187296212813 -0.0536943815101 0.0478996739755 11
91.929606 0 -115.483553208 -40.7254580225  3.18118405954 -15.2781321356 -2.61207711124 -1.31496570045 0.00669177763783  -0.187296212813 -0.0536943815101 0.0478996739755 11
91.981691 0 -116.28096279 -40.861882074 3.11258054449 -15.3404916371 -2.62830350006 -1.32010117345 0.00669177763783  -0.187296212813 -0.0536943815101 0.0478996739755 11
92.033775 0 -117.081491283 -40.9992262127  3.04361886656 -15.4004643862 -2.64570519623 -1.32544815902 0.00669177763783  -0.187296212813 -0.0536943815101 0.0478996739755 11
92.08586 0 -117.885130097 -41.1375357824  2.97434510265 -15.4578049813 -2.66354566021 -1.33703116573 0.00669177763783  -0.187296212813 -0.0536943815101 0.0478996739755 11
92.137945 0 -118.691708126 -41.2767339668  2.90451894904 -15.5133292721  -2.6794784354 -1.34413878235 0.00669177763783  -0.187296212813 -0.0536943815101 0.0478996739755 11
92.19003 0  -119.50112711 -41.4167270776  2.83432018432 -15.5673317292 -2.69507956203 -1.35000859406 0.00669177763783  -0.187296212813 -0.0536943815101 0.0478996739755 11
92.242114 0 -120.313290505 -41.5574337408  2.76396053088 -15.6194598797  -2.7074657711  -1.3503345576 0.00669177763783  -0.187296212813 -0.0536943815101 0.0478996739755 11
92.294199 0 -121.128190901 -41.6987464299  2.69351167096 -15.6705586256 -2.71846310131 -1.35722681809 0.00669177763783  -0.187296212813 -0.0536943815101 0.0478996739755 11
92.346283 0 -121.945733929 -41.8406558782  2.62287881891 -15.7226095097  -2.7297340994 -1.35318374094 0.00669177763783  -0.187296212813 -0.0536943815101 0.0478996739755 11
92.398367 0 -122.766003425 -41.9830577302  2.55238709903  -15.775067663 -2.73906660356 -1.35480604261 0.00669177763783  -0.187296212813 -0.0536943815101 0.0478996739755 11
92.450452 0 -123.589039345 -42.1258838806  2.48174076025 -15.8284655906 -2.74585798065 -1.35686467927 0.00669177763783  -0.187296212813 -0.0536943815101 0.0478996739755 11
92.502536 0 -124.414909145 -42.2690604054  2.41095717179 -15.8843760702 -2.75252985684 -1.36213998342 0.00669177763783  -0.187296212813 -0.0536943815101 0.0478996739755 11
92.554621 0 -125.243741084 -42.4126886395  2.33982934691 -15.9420377744 -2.76218871788 -1.36892666118 0.00669177763783  -0.187296212813 -0.0536943815101 0.0478996739755 11
92.606706 0 -126.075584321 -42.5567840949  2.26816435211 -16.0004216127 -2.77097631623 -1.38230435532 0.00669177763783  -0.187296212813 -0.0536943815101 0.0478996739755 11
92.65879 0 -126.910498633 -42.7013042926  2.19589491194  -16.060866271  -2.7774594964 -1.38834656051 0.00669177763783  -0.187296212813 -0.0536943815101 0.0478996739755 11
92.710874 0 -127.748595601 -42.8461635958  2.12359333485 -16.1211601288 -2.78341212856 -1.39125163015 0.00669177763783  -0.187296212813 -0.0536943815101 0.0478996739755 11
92.762959 0 -128.589907528 -42.9913408033  2.05113052658 -16.1843892016 -2.79038485336 -1.38748038788 0.00669177763783  -0.187296212813 -0.0536943815101 0.0478996739755 11
92.815044 0 -129.434507725 -43.1368850394  1.97868056099 -16.2474032516 -2.79698471128 -1.39312186682 0.00669177763783  -0.187296212813 -0.0536943815101 0.0478996739755 11
92.867128 0  -130.28240302 -43.2827231104  1.90598919761 -16.3111158433 -2.80320203495 -1.39911934195 0.00669177763783  -0.187296212813 -0.0536943815101 0.0478996739755 11
92.919212 0 -131.133638907   -43.42889109  1.83288575315 -16.3754683575 -2.80883429814 -1.40778673577 0.00669177763783  -0.187296212813 -0.0536943815101 0.0478996739755 11
92.971297 0 -131.988240606 -43.5753315739  1.75929147708 -16.4404283848  -2.8139416644 -1.41716768318 0.00669177763783  -0.187296212813 -0.0536943815101 0.0478996739755 11
93.023381 0 -132.846271908 -43.7220463461  1.68547475135 -16.5074804293 -2.81863440859  -1.4198013887 0.00669177763783  -0.187296212813 -0.0536943815101 0.0478996739755 11
93.075466 0 -133.707836908 -43.8691081384  1.61155023612 -16.5756341805 -2.82620779153 -1.42039949443 0.00669177763783  -0.187296212813 -0.0536943815101 0.0478996739755 11
93.12755 0 -134.572911882  -44.016487843  1.53730439964 -16.6432225248 -2.83355122321 -1.42926300305 0.00669177763783  -0.187296212813 -0.0536943815101 0.0478996739755 11
93.179635 0  -135.44158886 -44.1641792551  1.46274944711 -16.7121083455 -2.83805357328 -1.43562453573 0.00669177763783  -0.187296212813 -0.0536943815101 0.0478996739755 11
93.231719 0 -136.313884278  -44.312126532  1.38790019697 -16.7832461767 -2.84272174812 -1.43752384566 0.00669177763783  -0.187296212813 -0.0536943815101 0.0478996739755 11
93.283804 0 -137.189919125 -44.4603176535  1.31298497169 -16.8550190327 -2.84785005676 -1.43902593675 0.00669177763783  -0.187296212813 -0.0536943815101 0.0478996739755 11
93.335888 0 -138.069678082 -44.6087429502   1.2377450123 -16.9274528465 -2.85234925808 -1.44870887347 0.00669177763783  -0.187296212813 -0.0536943815101 0.0478996739755 11
93.387972 0 -138.953215592 -44.7573701864  1.16206629935 -16.9998333578 -2.85700536774 -1.45805254728 0.00669177763783  -0.187296212813 -0.0536943815101 0.0478996739755 11
93.440057 0 -139.840577779 -44.9063211378   1.0860180716 -17.0735636273  -2.8642814143 -1.46346449997 0.00669177763783  -0.187296212813 -0.0536943815101 0.0478996739755 11
93.492141 0   -140.7316492 -45.0556675696  1.00934730099 -17.1437162321 -2.87367862909 -1.47712452246 0.00669177763783  -0.187296212813 -0.0536943815101 0.0478996739755 11
93.544221 0 -141.626320709 -45.2055577734 0.932116057547 -17.2135938268 -2.88447695129 -1.49003863926 0.00669177763783  -0.187296212813 -0.0536943815101 0.0478996739755 11
93.59631 0 -142.524740425 -45.3560470436 0.854238014918 -17.2816580176 -2.89362633815 -1.49885497441 0.00669177763783  -0.187296212813 -0.0536943815101 0.0478996739755 11
93.648394 0 -143.426627597  -45.506961133 0.776109332726 -17.3497956335 -2.90198912936 -1.49939404251 0.00669177763783  -0.187296212813 -0.0536943815101 0.0478996739755 11
93.700479 0 -144.332064969   -45.65842235 0.698039266662 -17.4173155083 -2.91360166712 -1.49929550838 0.00669177763783  -0.187296212813 -0.0536943815101 0.0478996739755 11
93.752564 0 -145.240976044 -45.8104287307 0.619798295444  -17.482902164 -2.92449501139 -1.50719071879 0.00669177763783  -0.187296212813 -0.0536943815101 0.0478996739755 11
93.804648 0 -146.153234687 -45.9629395033 0.541068752356 -17.5474553008 -2.93206165128 -1.51427501202 0.00669177763783  -0.187296212813 -0.0536943815101 0.0478996739755 11
93.856733 0 -147.068816507 -46.1158654162 0.461914683164 -17.6100581583 -2.94045111512 -1.52220856097 0.00669177763783  -0.187296212813 -0.0536943815101 0.0478996739755 11
93.908817 0 -147.987724927 -46.2693076374 0.382731465052 -17.6752189832 -2.95039937711 -1.52035043783 0.00669177763783  -0.187296212813 -0.0536943815101 0.0478996739755 11
93.960901 0 -148.910004678 -46.4232581637 0.303538045767 -17.7405407066 -2.96116226608 -1.52014124927 0.00669177763783  -0.187296212813 -0.0536943815101 0.0478996739755 11
94.01298 0 -149.835624698 -46.5776596332 0.224228243238 -17.8063616092 -2.96936064878 -1.52433753886 0.00669177763783  -0.187296212813 -0.0536943815101 0.0478996739755 11
94.06507 0 -150.764938644 -46.7324683951  0.14462891381 -17.8751269636 -2.97418461906 -1.52956764383 0.00669177763783  -0.187296212813 -0.0536943815101 0.0478996739755 11
94.117154 0  -151.697841382  -46.8874856415 0.0650284250871 -17.9477681708 -2.97857337683 -1.53159570839 0.00669177763783  -0.187296212813 -0.0536943815101 0.0478996739755 11
94.169239 0   -152.634644817   -47.0426645819 -0.0148006571388  -18.025927148 -2.98090332343 -1.53361461381 0.00669177763783  -0.187296212813 -0.0536943815101 0.0478996739755 11
94.221323 0   -153.575630012   -47.1980158866 -0.0947922755152 -18.1080976887 -2.98652090759 -1.53737430477 0.00669177763783  -0.187296212813 -0.0536943815101 0.0478996739755 11
94.273408 0  -154.521064956  -47.3537914854 -0.174741166031 -18.1960419546  -2.9950087258 -1.53251127301 0.00669177763783  -0.187296212813 -0.0536943815101 0.0478996739755 11
94.325492 0  -155.471281592  -47.5102226025 -0.254199992852  -18.294048158 -3.01389348172 -1.51980363204 0.00669177763783  -0.187296212813 -0.0536943815101 0.0478996739755 11
94.377576 0  -156.426881869  -47.6678575608 -0.333600653666  -18.402291206 -3.04080951283 -1.53080302198 0.00669177763783  -0.187296212813 -0.0536943815101 0.0478996739755 11
94.429661 0  -157.388393082  -47.8271330643 -0.413713793526 -18.5217992209  -3.0786185583 -1.54246066052 0.00669177763783  -0.187296212813 -0.0536943815101 0.0478996739755 11
94.48174 0    -158.3565244  -47.9887342504 -0.493982097355 -18.6588632517 -3.13072015465 -1.54376906909 0.00669177763783  -0.187296212813 -0.0536943815101 0.0478996739755 11
94.533829 0  -159.332361034  -48.1534355949 -0.574511846321 -18.8117472696 -3.19448391291 -1.55082593998 0.00669177763783  -0.187296212813 -0.0536943815101 0.0478996739755 11
94.585914 0  -160.316248251  -48.3215539815 -0.656249327053 -18.9695590627 -3.26210927528 -1.59279943678 0.00669177763783  -0.187296212813 -0.0536943815101 0.0478996739755 11
94.637998 0   -161.30853037  -48.4933213174 -0.740446701541 -19.1346431264 -3.33412486038 -1.64059837401 0.00669177763783  -0.187296212813 -0.0536943815101 0.0478996739755 11
94.690082 0  -162.309524768  -48.6687454474 -0.827205173596 -19.3022065944 -3.40222450558 -1.69191316385 0.00669177763783  -0.187296212813 -0.0536943815101 0.0478996739755 11
94.742166 0  -163.319223586  -48.8474877914 -0.916502392239 -19.4715158702 -3.46147686759 -1.73041477567 0.00669177763783  -0.187296212813 -0.0536943815101 0.0478996739755 11
94.79425 0 -164.337723296 -49.0290348869 -1.00728679715 -19.6370831068  -3.5064048018 -1.75522027813 0.00669177763783  -0.187296212813 -0.0536943815101 0.0478996739755 11
94.846335 0 -165.364565353 -49.2125439062 -1.09941520935 -19.7889550687 -3.53628181413 -1.78606717351 0.00669177763783  -0.187296212813 -0.0536943815101 0.0478996739755 11
94.89842 0 -166.398838793 -49.3972098302 -1.19349172097 -19.9255040596 -3.55360486405  -1.8216506279 0.00669177763783  -0.187296212813 -0.0536943815101 0.0478996739755 11
94.950504 0 -167.439936314 -49.5824934034 -1.28881237393 -20.0500865759 -3.56002836561 -1.83501826514 0.00669177763783  -0.187296212813 -0.0536943815101 0.0478996739755 11
95.002588 0  -168.48718045 -49.7678803765 -1.38439420833  -20.160154208 -3.55749268248 -1.83528353806 0.00669177763783  -0.187296212813 -0.0536943815101 0.0478996739755 11
95.054673 0  -169.53970556 -49.9530979645 -1.47997743985 -20.2537629188 -3.55275906287 -1.83185507724 0.00669177763783  -0.187296212813 -0.0536943815101 0.0478996739755 11
95.106757 0 -170.596763381 -50.1379663805 -1.57512542802 -20.3354353699 -3.54524296399 -1.82119008026 0.00669177763783  -0.187296212813 -0.0536943815101 0.0478996739755 11
95.158841 0 -171.657900972 -50.3223818617 -1.66959497355 -20.4102563749 -3.53608346849 -1.80899384638 0.00669177763783  -0.187296212813 -0.0536943815101 0.0478996739755 11
95.210926 0 -172.722870137 -50.5062702012 -1.76350300828 -20.4830410661 -3.52441645607 -1.79777538514 0.00669177763783  -0.187296212813 -0.0536943815101 0.0478996739755 11
95.26301 0 -173.791533239  -50.689627932 -1.85728201947 -20.5522889245 -3.51732116151 -1.80855621537 0.00669177763783  -0.187296212813 -0.0536943815101 0.0478996739755 11
95.315094 0 -174.863785093 -50.8726268617 -1.95215200569 -20.6210813963   -3.507682833 -1.83912178728 0.00669177763783  -0.187296212813 -0.0536943815101 0.0478996739755 11
95.367179 0 -175.939606521 -51.0551417012 -2.04906524541 -20.6895555275 -3.50067788636 -1.88287054818 0.00669177763783  -0.187296212813 -0.0536943815101 0.0478996739755 11
95.419263 0 -177.018940004 -51.2372348464 -2.14850102075 -20.7573374872 -3.49176263012 -1.93348906939 0.00669177763783  -0.187296212813 -0.0536943815101 0.0478996739755 11
95.471347 0 -178.101874891  -51.418904687  -2.2502294197 -20.8272024469 -3.48495206161  -1.9722610757 0.00669177763783  -0.187296212813 -0.0536943815101 0.0478996739755 11
95.523432 0 -179.188528928  -51.600196817 -2.35371874805 -20.8988066439 -3.47719399232 -2.00320646267 0.00669177763783  -0.187296212813 -0.0536943815101 0.0478996739755 11
95.575516 0 -180.278878491 -51.7810605484 -2.45899015241 -20.9702438251 -3.46928142782 -2.03827044523 0.00669177763783  -0.187296212813 -0.0536943815101 0.0478996739755 11
95.6276 0  -181.37299516 -51.9616593768 -2.56613409646 -21.0428561883 -3.46516628225 -2.07999667845 0.00669177763783  -0.187296212813 -0.0536943815101 0.0478996739755 11
95.679684 0 -182.470916789 -52.1421390132 -2.67546341221 -21.1183504336  -3.4643739936 -2.11563430709 0.00669177763783  -0.187296212813 -0.0536943815101 0.0478996739755 11
95.731768 0  -183.57285216 -52.3225859271 -2.78654949031 -21.1962266596 -3.46393390031 -2.14919675812 0.00669177763783  -0.187296212813 -0.0536943815101 0.0478996739755 11
95.783853 0  -184.67903223 -52.5031542542 -2.89897798299 -21.2798674966 -3.46957919371 -2.17082769024 0.00669177763783  -0.187296212813 -0.0536943815101 0.0478996739755 11
95.835937 0 -185.789581575 -52.6843292577 -3.01284043817 -21.3660774464 -3.48956307912 -2.20128614076 0.00669177763783  -0.187296212813 -0.0536943815101 0.0478996739755 11
95.888022 0 -186.904812589 -52.8668559666 -3.12843018978 -21.4582025507 -3.52249123139 -2.23863165722 0.00669177763783  -0.187296212813 -0.0536943815101 0.0478996739755 11
95.940108 0 -188.024969057 -53.0516571998 -3.24589798575 -21.5526940505 -3.57739259169   -2.273879276 0.00669177763783  -0.187296212813 -0.0536943815101 0.0478996739755 11
95.99219 0 -189.149983672   -53.23993091 -3.36523357571 -21.6496376585 -3.65749862512 -2.30641450753 0.00669177763783  -0.187296212813 -0.0536943815101 0.0478996739755 11
96.044274 0 -190.280228225 -53.4328740813 -3.48612115226 -21.7505203539 -3.75645873649   -2.338127937 0.00669177763783  -0.187296212813 -0.0536943815101 0.0478996739755 11
96.096358 0 -191.415658233 -53.6315422032 -3.60857336911  -21.850049628 -3.87576256273 -2.36451130614 0.00669177763783  -0.187296212813 -0.0536943815101 0.0478996739755 11
96.148443 0 -192.556279586 -53.8368025179 -3.73258121941 -21.9490854436 -4.00943416509 -2.39684097939 0.00669177763783  -0.187296212813 -0.0536943815101 0.0478996739755 11
96.200527 0 -193.702129736 -54.0495807002 -3.85810698629 -22.0500841559  -4.1606934329 -2.42425391207 0.00669177763783  -0.187296212813 -0.0536943815101 0.0478996739755 11
96.252611 0 -194.853232111 -54.2706147699 -3.98497434219 -22.1520930553 -4.32627146371  -2.4454610484 0.00669177763783  -0.187296212813 -0.0536943815101 0.0478996739755 11
96.304695 0 -196.009688076 -54.5005315648 -4.11307789787 -22.2554896979 -4.50353281143  -2.4721354053 0.00669177763783  -0.187296212813 -0.0536943815101 0.0478996739755 11
96.356779 0 -197.171580978 -54.7397377139 -4.24246531868 -22.3597882084 -4.68126162108 -2.49775223417 0.00669177763783  -0.187296212813 -0.0536943815101 0.0478996739755 11
96.408859 0 -198.338799541 -54.9883487912 -4.37319943375 -22.4641315585 -4.86642579986 -2.52326046305 0.00669177763783  -0.187296212813 -0.0536943815101 0.0478996739755 11
96.460949 0 -199.511671786 -55.2466260251 -4.50528470894 -22.5685480228 -5.05161016621 -2.54692121382 0.00669177763783  -0.187296212813 -0.0536943815101 0.0478996739755 11
96.513033 0 -200.689844637 -55.5144413199 -4.63850090322  -22.671995256 -5.22982075983 -2.56987549939 0.00669177763783  -0.187296212813 -0.0536943815101 0.0478996739755 11
96.565116 0 -201.873392953 -55.7911410185 -4.77271009881 -22.7768138648 -5.39075283903 -2.58288155847 0.00669177763783  -0.187296212813 -0.0536943815101 0.0478996739755 11
96.617201 0 -203.062418697 -56.0753973389 -4.90767258419 -22.8802855889  -5.5187144507 -2.60082548045 0.00669177763783  -0.187296212813 -0.0536943815101 0.0478996739755 11
96.669285 0 -204.256791119 -56.3652592998  -5.0437714014 -22.9836684524 -5.60561166204 -2.62470604143 0.00669177763783  -0.187296212813 -0.0536943815101 0.0478996739755 11
96.721369 0 -205.456490881 -56.6585749486 -5.18102452165 -23.0826707308 -5.65357335313 -2.64948590215 0.00669177763783  -0.187296212813 -0.0536943815101 0.0478996739755 11
96.773453 0 -206.661417638 -56.9536809163 -5.31947776908 -23.1871465527 -5.67586365469 -2.66476450405 0.00669177763783  -0.187296212813 -0.0536943815101 0.0478996739755 11
96.825538 0 -207.871904001 -57.2494151718 -5.45823648321 -23.2955317562 -5.67830819149 -2.65702446943 0.00669177763783  -0.187296212813 -0.0536943815101 0.0478996739755 11
96.877617 0 -209.088239635 -57.5448926129 -5.59590968253 -23.4177451389 -5.66660948133 -2.63456869988 0.00669177763783  -0.187296212813 -0.0536943815101 0.0478996739755 11
96.929706 0 -210.311691446 -57.8396208142 -5.73291131802 -23.5614816316  -5.6498473235 -2.62755711538 0.00669177763783  -0.187296212813 -0.0536943815101 0.0478996739755 11
96.98179 0 -211.543055028 -58.1332745826 -5.87018816469 -23.7265008794 -5.62633128342 -2.64592129217 0.00669177763783  -0.187296212813 -0.0536943815101 0.0478996739755 11
97.033875 0 -212.783538075 -58.4255178956 -6.00898314388 -23.9095792756 -5.59510825874 -2.68702613235 0.00669177763783  -0.187296212813 -0.0536943815101 0.0478996739755 11
97.08596 0 -214.033943319 -58.7161256844 -6.15043722775 -24.1067434517 -5.56494885967 -2.74656178503 0.00669177763783  -0.187296212813 -0.0536943815101 0.0478996739755 11
97.138043 0 -215.294974211 -59.0050170782  -6.2949687026 -24.3201449421  -5.5286234395 -2.79956951832 0.00669177763783  -0.187296212813 -0.0536943815101 0.0478996739755 11
97.190127 0 -216.567257531 -59.2919665867 -6.44233157181 -24.5348325753 -5.49123385033 -2.86048176739 0.00669177763783  -0.187296212813 -0.0536943815101 0.0478996739755 11
97.242211 0 -217.850853622 -59.5770612627 -6.59288001921 -24.7526091427 -5.45505357656 -2.92358012052 0.00669177763783  -0.187296212813 -0.0536943815101 0.0478996739755 11
97.294295 0 -219.145640561 -59.8603608303 -6.74672524479  -24.966527651 -5.42322118258  -2.9815393192 0.00669177763783  -0.187296212813 -0.0536943815101 0.0478996739755 11
97.346375 0 -220.451368104 -60.1419229782 -6.90320992141 -25.1760493364 -5.38935475913  -3.0252256823 0.00669177763783  -0.187296212813 -0.0536943815101 0.0478996739755 11
97.398464 0 -221.768123489 -60.4218473505 -7.06159656465 -25.3800860428 -5.35816449812  -3.0543253409 0.00669177763783  -0.187296212813 -0.0536943815101 0.0478996739755 11
97.450548 0 -223.095088407 -60.7001837473 -7.22133722575 -25.5721363514 -5.32961157152 -3.07923983401 0.00669177763783  -0.187296212813 -0.0536943815101 0.0478996739755 11
97.502635 0 -224.431864995 -60.9770642246 -7.38212484432 -25.7539731937 -5.30190856545 -3.09559918194 0.00669177763783  -0.187296212813 -0.0536943815101 0.0478996739755 11
97.554716 0 -225.777710216   -61.25263776 -7.54369979415 -25.9289288662 -5.27980161616 -3.10642035049 0.00669177763783  -0.187296212813 -0.0536943815101 0.0478996739755 11
97.6068 0  -227.13242351 -61.5268994569 -7.70607859589 -26.0898561987  -5.2528482011 -3.13025870179 0.00669177763783  -0.187296212813 -0.0536943815101 0.0478996739755 11
97.658884 0 -228.495334581  -61.799987619 -7.86963620859 -26.2446613712  -5.2341335678 -3.15069389763 0.00669177763783  -0.187296212813 -0.0536943815101 0.0478996739755 11
97.710969 0 -229.866309016 -62.0721087336 -8.03427028599 -26.3994696757 -5.21555553557 -3.16784266662 0.00669177763783  -0.187296212813 -0.0536943815101 0.0478996739755 11
97.763053 0 -231.245277207 -62.3432614929 -8.19972693779  -26.551425927 -5.19614395425 -3.18647535174 0.00669177763783  -0.187296212813 -0.0536943815101 0.0478996739755 11
97.815137 0 -232.632096336 -62.6132947423 -8.36617020044 -26.6994097803 -5.17518761763 -3.20584799281 0.00669177763783  -0.187296212813 -0.0536943815101 0.0478996739755 11
97.867221 0 -234.026446284 -62.8824867715 -8.53370209812 -26.8430182776 -5.16365570902 -3.22574312725 0.00669177763783  -0.187296212813 -0.0536943815101 0.0478996739755 11
97.919305 0 -235.428104835 -63.1510415357  -8.7022611805 -26.9792564679 -5.15047518697 -3.24883060538 0.00669177763783  -0.187296212813 -0.0536943815101 0.0478996739755 11
97.971389 0 -236.836710628 -63.4189878453 -8.87217635051 -27.1101401484 -5.13973159304 -3.27445444266 0.00669177763783  -0.187296212813 -0.0536943815101 0.0478996739755 11
98.023474 0 -238.252130299 -63.6863646409 -9.04317659563 -27.2396515978 -5.12767671648 -3.29169395249 0.00669177763783  -0.187296212813 -0.0536943815101 0.0478996739755 11
98.075557 0 -239.674081722 -63.9531573097 -9.21520819045 -27.3631035011 -5.11782004209 -3.31417111579 0.00669177763783  -0.187296212813 -0.0536943815101 0.0478996739755 11
98.127642 0 -241.102499677 -64.2194559504 -9.38827035426 -27.4868367199 -5.10841635367 -3.32969607372 0.00669177763783  -0.187296212813 -0.0536943815101 0.0478996739755 11
98.179726 0 -242.537393728 -64.4852788318 -9.56202691455 -27.6119488292 -5.10110297681 -3.34418262489 0.00669177763783  -0.187296212813 -0.0536943815101 0.0478996739755 11
98.23181 0 -243.978658832 -64.7507113983 -9.73685135382 -27.7316574934 -5.09197745937 -3.36707270796 0.00669177763783  -0.187296212813 -0.0536943815101 0.0478996739755 11
98.283894 0 -245.426194903 -65.0157413155 -9.91270558815 -27.8527394226 -5.08652491816 -3.38716893532 0.00669177763783  -0.187296212813 -0.0536943815101 0.0478996739755 11
98.335978 0 -246.880011164 -65.2805394723  -10.089551153 -27.9726379238 -5.08214436362 -3.40422399172 0.00669177763783  -0.187296212813 -0.0536943815101 0.0478996739755 11
98.388062 0 -248.339925596 -65.5450150677 -10.2675997151  -28.087346171 -5.07502606261 -3.43113204971 0.00669177763783  -0.187296212813 -0.0536943815101 0.0478996739755 11
98.440146 0 -249.805825959 -65.8091673896 -10.4469838613 -28.2026700592 -5.06922520827  -3.4567943267 0.00669177763783  -0.187296212813 -0.0536943815101 0.0478996739755 11
98.492231 0 -251.277838424 -66.0731271543 -10.6275539002  -28.321289766 -5.06452193639 -3.47396731947 0.00669177763783  -0.187296212813 -0.0536943815101 0.0478996739755 11
98.544315 0 -252.756064166 -66.3367646162 -10.8088491887 -28.4419795891 -5.05895824659  -3.4864727974 0.00669177763783  -0.187296212813 -0.0536943815101 0.0478996739755 11
98.596399 0 -254.240702741 -66.6000137304 -10.9907134707 -28.5681748721  -5.0503218275 -3.49570086296 0.00669177763783  -0.187296212813 -0.0536943815101 0.0478996739755 11
98.648483 0 -255.732011586 -66.8627759589 -11.1729946481 -28.6989977703 -5.04159680487 -3.50164342046 0.00669177763783  -0.187296212813 -0.0536943815101 0.0478996739755 11
98.700568 0 -257.230392734  -67.125186499 -11.3555298749  -28.836092011 -5.03631372384 -3.51266351973 0.00669177763783  -0.187296212813 -0.0536943815101 0.0478996739755 11
98.752652 0 -258.736147666 -67.3873721023 -11.5387414718   -28.98649106 -5.03242901192 -3.52327373759 0.00669177763783  -0.187296212813 -0.0536943815101 0.0478996739755 11
98.804731 0 -260.249904075 -67.6493446533 -11.7226433369 -29.1479913257 -5.02908966547 -3.54489878308 0.00669177763783  -0.187296212813 -0.0536943815101 0.0478996739755 11
98.85682 0 -261.772452192 -67.9113655303 -11.9085416817 -29.3138734616 -5.03133221761 -3.59271875904 0.00669177763783  -0.187296212813 -0.0536943815101 0.0478996739755 11
98.908904 0 -263.303754273 -68.1734923871 -12.0970164133 -29.4893057961 -5.03434178441 -3.64474482429 0.00669177763783  -0.187296212813 -0.0536943815101 0.0478996739755 11
98.960988 0 -264.844382587 -68.4359041723 -12.2881288924 -29.6713371106 -5.04149964757 -3.69486641341 0.00669177763783  -0.187296212813 -0.0536943815101 0.0478996739755 11
99.013072 0 -266.394620117 -68.6986622983 -12.4819613813 -29.8565164539 -5.04712281544 -3.74842707597 0.00669177763783  -0.187296212813 -0.0536943815101 0.0478996739755 11
99.065156 0 -267.954571208 -68.9616061715 -12.6784921309 -30.0447331861 -5.04767832402 -3.79442478876 0.00669177763783  -0.187296212813 -0.0536943815101 0.0478996739755 11
99.11724 0 -269.524358288 -69.2244761242 -12.8770673648 -30.2340882788 -5.04530422623 -3.82872522057 0.00669177763783  -0.187296212813 -0.0536943815101 0.0478996739755 11
99.169324 0 -271.103945144  -69.487180608 -13.0771716302 -30.4203708741 -5.04191718004 -3.85550639699 0.00669177763783  -0.187296212813 -0.0536943815101 0.0478996739755 11
99.221408 0 -272.693189141 -69.7497341932 -13.2786860572 -30.6050527575 -5.03834000468 -3.88330673192 0.00669177763783  -0.187296212813 -0.0536943815101 0.0478996739755 11
99.273487 0 -274.291832448  -70.012006474 -13.4816850829 -30.7870372706 -5.03365854717 -3.91247791929 0.00669177763783  -0.187296212813 -0.0536943815101 0.0478996739755 11
99.325576 0 -275.900286551 -70.2738591112 -13.6859890474 -30.9720539772 -5.01969124706 -3.92915000121 0.00669177763783  -0.187296212813 -0.0536943815101 0.0478996739755 11
99.37766 0 -277.518203568  -70.535080199 -13.8910923225 -31.1552242627 -5.01298849321 -3.94867852749 0.00669177763783  -0.187296212813 -0.0536943815101 0.0478996739755 11
99.429744 0 -279.145656793  -70.796118309 -14.0973753575 -31.3355408386 -5.01095703385 -3.97565170216 0.00669177763783  -0.187296212813 -0.0536943815101 0.0478996739755 11
99.481829 0 -280.782455153 -71.0570154238 -14.3053501756 -31.5152872112 -5.00944605699 -4.00950152674 0.00669177763783  -0.187296212813 -0.0536943815101 0.0478996739755 11
99.533913 0 -282.428928103 -71.3178702468 -14.5146080275 -31.7103093909 -5.00843206495 -4.02273027978 0.00669177763783  -0.187296212813 -0.0536943815101 0.0478996739755 11
99.585997 0 -284.085622096 -71.5785806569 -14.7247138878 -31.9078319864 -5.00638212281 -4.04599819524 0.00669177763783  -0.187296212813 -0.0536943815101 0.0478996739755 11
99.63808 0 -285.752519726 -71.8395782312 -14.9365880986 -32.1005099216 -5.01764056939 -4.09485589365 0.00669177763783  -0.187296212813 -0.0536943815101 0.0478996739755 11
99.690165 0 -287.429513036 -72.1013341523 -15.1514606551 -32.2961991364 -5.03376547983  -4.1528908885 0.00669177763783  -0.187296212813 -0.0536943815101 0.0478996739755 11
99.742243 0 -289.116798597 -72.3641428321 -15.3688475288 -32.5019647547 -5.06181975543 -4.19500664745 0.00669177763783  -0.187296212813 -0.0536943815101 0.0478996739755 11
99.794333 0 -290.815260753 -72.6284220745 -15.5882663662 -32.7084786082 -5.08638170236 -4.23166436311 0.00669177763783  -0.187296212813 -0.0536943815101 0.0478996739755 11
99.846417 0 -292.523889125 -72.8938918282 -15.8099641692 -32.9029288516 -5.10910115848 -4.27941514269 0.00669177763783  -0.187296212813 -0.0536943815101 0.0478996739755 11
99.898501 0  -294.24252507 -73.1607600793 -16.0338088507 -33.0918937936 -5.14011457342 -4.31256872264 0.00669177763783  -0.187296212813 -0.0536943815101 0.0478996739755 11
99.950585 0 -295.970780098 -73.4294369405 -16.2590146796 -33.2702906136 -5.17569282054 -4.33639384696 0.00669177763783  -0.187296212813 -0.0536943815101 0.0478996739755 11
100.002669 0  -297.70787253 -73.6996553413 -16.4859285858 -33.4301435116 -5.20051711912 -4.37687722805 0.00669177763783  -0.187296212813 -0.0536943815101 0.0478996739755 11
100.054753 0 -299.453069736 -73.9715403424 -16.7145962556  -33.580546792 -5.24015208285  -4.4047761151 0.00669177763783  -0.187296212813 -0.0536943815101 0.0478996739755 11
100.106837 0 -301.205389977  -74.245529492 -16.9451778697 -33.7054894305 -5.27853128607 -4.44557030279 0.00669177763783  -0.187296212813 -0.0536943815101 0.0478996739755 11
100.158921 0 -302.963902257 -74.5213735323 -17.1766825707 -33.8167250462 -5.31062017924 -4.44391967582 0.00669177763783  -0.187296212813 -0.0536943815101 0.0478996739755 11
100.211 0 -304.727237973 -74.7986404094 -17.4080702328 -33.8980529272 -5.33362581751 -4.44140663179 0.00669177763783  -0.187296212813 -0.0536943815101 0.0478996739755 11
100.263089 0 -306.494644075  -75.076793707 -17.6389187717 -33.9596438832 -5.34576031004 -4.41905231735 0.00669177763783  -0.187296212813 -0.0536943815101 0.0478996739755 11
100.315173 0 -308.264634437 -75.3553157286 -17.8684313839 -34.0044813033 -5.34609618632 -4.39107449136 0.00669177763783  -0.187296212813 -0.0536943815101 0.0478996739755 11
100.367257 0 -310.036775038 -75.6334042177 -18.0959760664  -34.041830456 -5.32816812724 -4.34950568753 0.00669177763783  -0.187296212813 -0.0536943815101 0.0478996739755 11
100.419341 0 -311.810712268 -75.9100914229 -18.3219754533 -34.0755710884 -5.29231458788  -4.3336198072 0.00669177763783  -0.187296212813 -0.0536943815101 0.0478996739755 11
100.471425 0 -313.586339717 -76.1841015711 -18.5475041991 -34.1087348383 -5.22816825069 -4.33002265109 0.00669177763783  -0.187296212813 -0.0536943815101 0.0478996739755 11
100.523509 0 -315.363729223 -76.4543214571 -18.7734088863 -34.1439070328 -5.14859376743 -4.34366793462 0.00669177763783  -0.187296212813 -0.0536943815101 0.0478996739755 11
100.575594 0 -317.143251577 -76.7202688655 -18.9998145877 -34.1876598657 -5.06564717351 -4.35213450234 0.00669177763783  -0.187296212813 -0.0536943815101 0.0478996739755 11
100.627677 0 -318.925063842 -76.9821031801 -19.2266413519  -34.233635346 -4.99054053721 -4.35620408142 0.00669177763783  -0.187296212813 -0.0536943815101 0.0478996739755 11
100.679761 0 -320.709250404 -77.2403331363 -19.4533748163 -34.2778011068 -4.92935863624 -4.35029368413 0.00669177763783  -0.187296212813 -0.0536943815101 0.0478996739755 11
100.731845 0 -322.495644981  -77.496009053 -19.6797983525 -34.3187089938 -4.88958776503 -4.34380791832 0.00669177763783  -0.187296212813 -0.0536943815101 0.0478996739755 11
100.783929 0 -324.284061393 -77.7498937672 -19.9059127628 -34.3551093087   -4.861606244 -4.34261065677 0.00669177763783  -0.187296212813 -0.0536943815101 0.0478996739755 11
100.836013 0 -326.074325732 -78.0028965548 -20.1319479738 -34.3898954217 -4.85558193475 -4.33597806083 0.00669177763783  -0.187296212813 -0.0536943815101 0.0478996739755 11
100.888098 0 -327.866405738 -78.2560398373 -20.3577692191 -34.4258568925 -4.86604048445 -4.33274337331 0.00669177763783  -0.187296212813 -0.0536943815101 0.0478996739755 11
100.940181 0 -329.660405698 -78.5098874007 -20.5832277145 -34.4654238149 -4.88131544569  -4.3252856841 0.00669177763783  -0.187296212813 -0.0536943815101 0.0478996739755 11
100.992266 0 -331.456676715 -78.7645508182 -20.8088035389 -34.5087342044 -4.89623560685  -4.3427594469 0.00669177763783  -0.187296212813 -0.0536943815101 0.0478996739755 11
101.044349 0 -333.255211528 -79.0198622539  -21.035778908 -34.5564619959 -4.90654230963 -4.37593096863 0.00669177763783  -0.187296212813 -0.0536943815101 0.0478996739755 11
101.096434 0 -335.056431779 -79.2756640687 -21.2649869427 -34.6095067966  -4.9178035614 -4.42502088062 0.00669177763783  -0.187296212813 -0.0536943815101 0.0478996739755 11
101.148518 0 -336.860591295  -79.532153649 -21.4967151491 -34.6696939112 -4.93192492472 -4.47317345625 0.00669177763783  -0.187296212813 -0.0536943815101 0.0478996739755 11
101.200602 0 -338.668026643 -79.7895668395 -21.7308611811 -34.7357491009 -4.95383736869 -4.51849792961 0.00669177763783  -0.187296212813 -0.0536943815101 0.0478996739755 11
101.252686 0 -340.479041884 -80.0481169753 -21.9672365617 -34.8077720289 -4.97631360891 -4.55848899583 0.00669177763783  -0.187296212813 -0.0536943815101 0.0478996739755 11
101.30477 0  -342.29390851 -80.3078555632 -22.2057653027 -34.8848124567 -4.99963710864  -4.5958544858 0.00669177763783  -0.187296212813 -0.0536943815101 0.0478996739755 11
101.356854 0  -344.11296502  -80.568918251 -22.4460556611 -34.9668350838 -5.02562566818 -4.63241760635 0.00669177763783  -0.187296212813 -0.0536943815101 0.0478996739755 11
101.408937 0  -345.93633125 -80.8317483629  -22.688674784 -35.0505719382 -5.06468464406 -4.68377031346 0.00669177763783  -0.187296212813 -0.0536943815101 0.0478996739755 11
101.461021 0 -347.764279007 -81.0968533544 -22.9334487631 -35.1433628649 -5.11383829738 -4.71239939827 0.00669177763783  -0.187296212813 -0.0536943815101 0.0478996739755 11
101.513105 0  -349.59728568 -81.3643787489 -23.1793447511 -35.2446131712 -5.15856155744 -4.72955598216 0.00669177763783  -0.187296212813 -0.0536943815101 0.0478996739755 11
101.565189 0 -351.435669274 -81.6339727843 -23.4263262642 -35.3497430643 -5.19492257104 -4.75397634439 0.00669177763783  -0.187296212813 -0.0536943815101 0.0478996739755 11
101.617273 0 -353.279746045  -81.905417946 -23.6746903173 -35.4616875532 -5.22991354386 -4.78519015937 0.00669177763783  -0.187296212813 -0.0536943815101 0.0478996739755 11
101.669355 0 -355.129637967 -82.1788405686 -23.9248490901 -35.5771879577 -5.26945854881 -4.82265530911 0.00669177763783  -0.187296212813 -0.0536943815101 0.0478996739755 11
101.721441 0 -356.985819848  -82.454310127 -24.1771610519 -35.6967205122 -5.31011709401 -4.86709810267 0.00669177763783  -0.187296212813 -0.0536943815101 0.0478996739755 11
101.773526 0 -358.848248078 -82.7319996509 -24.4318386438 -35.8183963462 -5.35461773101 -4.91170856311 0.00669177763783  -0.187296212813 -0.0536943815101 0.0478996739755 11
101.825609 0 -360.717037781 -83.0120793251 -24.6887734269 -35.9437174594 -5.40078797482 -4.95246183925 0.00669177763783  -0.187296212813 -0.0536943815101 0.0478996739755 11
101.877693 0 -362.592486913 -83.2945855911 -24.9471855965 -36.0723138037 -5.44597601468 -4.97083037511 0.00669177763783  -0.187296212813 -0.0536943815101 0.0478996739755 11
101.929777 0 -364.474668803 -83.5795654602 -25.2062841004 -36.2029338678 -5.49686379853 -4.97376848697 0.00669177763783  -0.187296212813 -0.0536943815101 0.0478996739755 11
101.981861 0 -366.363749743 -83.8673513979 -25.4651748635 -36.3379875826 -5.55404269963  -4.9607520918 0.00669177763783  -0.187296212813 -0.0536943815101 0.0478996739755 11
102.033945 0 -368.259845846 -84.1581311972  -25.723047513 -36.4706263607  -5.6110068978 -4.94126143032 0.00669177763783  -0.187296212813 -0.0536943815101 0.0478996739755 11
102.086029 0  -370.16274315  -84.451873799 -25.9798590428 -36.5995054828 -5.66922007608  -4.9219326233 0.00669177763783  -0.187296212813 -0.0536943815101 0.0478996739755 11
102.138107 0 -372.072040239 -84.7485890369 -26.2357043092 -36.7250752194 -5.72416263206 -4.90579188278 0.00669177763783  -0.187296212813 -0.0536943815101 0.0478996739755 11
102.190197 0 -373.988263239 -85.0482129159 -26.4908863332 -36.8510415375 -5.77920432877 -4.88783069477 0.00669177763783  -0.187296212813 -0.0536943815101 0.0478996739755 11
102.242281 0 -375.910901576 -85.3506709459 -26.7450558753 -36.9779344329 -5.83256481628 -4.87339957532 0.00669177763783  -0.187296212813 -0.0536943815101 0.0478996739755 11
102.294365 0 -377.840281318 -85.6556473349 -26.9982090762 -37.1100397392 -5.87726538132 -4.84692143003 0.00669177763783  -0.187296212813 -0.0536943815101 0.0478996739755 11
102.346449 0 -379.776834135 -85.9628940341 -27.2495472512 -37.2554447798 -5.91865030231 -4.80265641339 0.00669177763783  -0.187296212813 -0.0536943815101 0.0478996739755 11
102.398532 0 -381.721132236 -86.2719468202  -27.498997567 -37.4082828674  -5.9452065023 -4.77930277263 0.00669177763783  -0.187296212813 -0.0536943815101 0.0478996739755 11
102.450617 0 -383.673804205 -86.5819788444 -27.7476981525 -37.5730744504 -5.95788271468 -4.77605307721 0.00669177763783  -0.187296212813 -0.0536943815101 0.0478996739755 11
102.5027 0 -385.635027143 -86.8923377671 -27.9970678987 -37.7404750242 -5.95819260683  -4.8037374694 0.00669177763783  -0.187296212813 -0.0536943815101 0.0478996739755 11
102.554785 0 -387.605267686 -87.2022940274 -28.2481497531 -37.9176546984 -5.94046041852 -4.83609730564 0.00669177763783  -0.187296212813 -0.0536943815101 0.0478996739755 11
102.606873 0 -389.585033252 -87.5109588329  -28.501231639  -38.098943494 -5.90935576394 -4.88226370868 0.00669177763783  -0.187296212813 -0.0536943815101 0.0478996739755 11
102.658952 0 -391.574119663 -87.8176051521 -28.7564939223 -38.2865803843 -5.86181053523 -4.92204451068 0.00669177763783  -0.187296212813 -0.0536943815101 0.0478996739755 11
102.711037 0 -393.573069859 -88.1213990093  -29.014028273 -38.4696767285 -5.79960800609 -4.96484970316 0.00669177763783  -0.187296212813 -0.0536943815101 0.0478996739755 11
102.76312 0  -395.58137701 -88.4214688453 -29.2736483681 -38.6483979839 -5.71990376708 -5.00232277984 0.00669177763783  -0.187296212813 -0.0536943815101 0.0478996739755 11
102.815204 0 -397.598768307 -88.7170990757 -29.5349245608 -38.8173731121 -5.63048288166 -5.02909479208 0.00669177763783  -0.187296212813 -0.0536943815101 0.0478996739755 11
102.867288 0 -399.624755156 -89.0079580849 -29.7973151001 -38.9785509549 -5.53737850755 -5.04742606471 0.00669177763783  -0.187296212813 -0.0536943815101 0.0478996739755 11
102.919372 0 -401.658780139 -89.2941274554 -30.0609259326 -39.1282706091 -5.45057646155 -5.07229033666 0.00669177763783  -0.187296212813 -0.0536943815101 0.0478996739755 11
102.971456 0 -403.700494899 -89.5759950338 -30.3257947724 -39.2721647004 -5.37445173879 -5.09485843732 0.00669177763783  -0.187296212813 -0.0536943815101 0.0478996739755 11
103.02354 0 -405.749602297 -89.8543135251 -30.5912793381 -39.4101680527 -5.31510376567 -5.09953763712 0.00669177763783  -0.187296212813 -0.0536943815101 0.0478996739755 11
103.075619 0 -407.805438251 -90.1301032728 -30.8570259752 -39.5390233753 -5.27860728686 -5.10560181583 0.00669177763783  -0.187296212813 -0.0536943815101 0.0478996739755 11
103.127708 0 -409.868126497 -90.4043669322 -31.1232945802 -39.6585664883 -5.25515053825 -5.11919934454 0.00669177763783  -0.187296212813 -0.0536943815101 0.0478996739755 11
103.179792 0 -411.936680133 -90.6777296836 -31.3902057776 -39.7722471136 -5.24357120084 -5.13095532253 0.00669177763783  -0.187296212813 -0.0536943815101 0.0478996739755 11
103.231876 0 -414.011127655 -90.9507226986 -31.6576704462 -39.8850557664 -5.23924925778 -5.13806101892 0.00669177763783  -0.187296212813 -0.0536943815101 0.0478996739755 11
103.28396 0 -416.091426384 -91.2236455346 -31.9254440591 -39.9962890271  -5.2408259922 -5.14374826725 0.00669177763783  -0.187296212813 -0.0536943815101 0.0478996739755 11
103.336044 0 -418.177423287 -91.4967367383 -32.1937685506 -40.1053090514 -5.24571921217  -5.1586990458 0.00669177763783  -0.187296212813 -0.0536943815101 0.0478996739755 11
103.388128 0 -420.269069436 -91.7700988947 -32.4628328434 -40.2131278201  -5.2525544828 -5.17261851142 0.00669177763783  -0.187296212813 -0.0536943815101 0.0478996739755 11
103.440211 0 -422.366333801 -92.0439053338 -32.7323639643 -40.3226864083 -5.26200656581 -5.17664561565 0.00669177763783  -0.187296212813 -0.0536943815101 0.0478996739755 11
103.492295 0 -424.469366804 -92.3182579201 -33.0020222018 -40.4326191168 -5.27355735141 -5.17642645513 0.00669177763783  -0.187296212813 -0.0536943815101 0.0478996739755 11
103.544379 0 -426.578211599 -92.5932977985 -33.2715487764 -40.5477795902 -5.28943816898 -5.16987509118 0.00669177763783  -0.187296212813 -0.0536943815101 0.0478996739755 11
103.596463 0 -428.693196589 -92.8694370427 -33.5407164067 -40.6672931776 -5.31362917569 -5.16775028819 0.00669177763783  -0.187296212813 -0.0536943815101 0.0478996739755 11
103.648547 0 -430.814594984 -93.1468336422 -33.8098649778 -40.7945177165 -5.33794524897 -5.17068033496 0.00669177763783  -0.187296212813 -0.0536943815101 0.0478996739755 11
103.700631 0 -432.942793992 -93.4255110045 -34.0796435823 -40.9287132077 -5.36512994497 -5.19052947557 0.00669177763783  -0.187296212813 -0.0536943815101 0.0478996739755 11
103.752715 0 -435.078169403 -93.7056957204 -34.3507636913 -41.0699102162 -5.39575532987 -5.22127728245 0.00669177763783  -0.187296212813 -0.0536943815101 0.0478996739755 11
103.804799 0 -437.221028975 -93.9875763287 -34.6236518146 -41.2166435109 -5.42903297547 -5.25550370755 0.00669177763783  -0.187296212813 -0.0536943815101 0.0478996739755 11
103.856882 0 -439.371806351 -94.2711870409  -34.897990024 -41.3730435489  -5.4600570058 -5.28013360451 0.00669177763783  -0.187296212813 -0.0536943815101 0.0478996739755 11
103.908967 0  -441.53076918 -94.5562846788 -35.1736912039 -41.5280610272   -5.485360383 -5.30650493818 0.00669177763783  -0.187296212813 -0.0536943815101 0.0478996739755 11
103.96105 0 -443.697642668 -94.8423695236 -35.4507391706 -41.6799989829 -5.50070169653 -5.33325865448 0.00669177763783  -0.187296212813 -0.0536943815101 0.0478996739755 11
104.013134 0 -445.872395044 -95.1289793382 -35.7293646669 -41.8303469958 -5.50644357423     -5.3637723 0.00669177763783  -0.187296212813 -0.0536943815101 0.0478996739755 11
104.065218 0 -448.054944565 -95.4158670342 -36.0096314128 -41.9778852571 -5.51070976045 -5.40011259659 0.00669177763783  -0.187296212813 -0.0536943815101 0.0478996739755 11
104.117303 0 -450.245133423 -95.7030027337 -36.2917156859 -42.1226736093 -5.51490324023 -5.43024629607 0.00669177763783  -0.187296212813 -0.0536943815101 0.0478996739755 11
104.169386 0 -452.442675383 -95.9902772094  -36.575304267 -42.2614824084 -5.51760118815 -5.46210158298 0.00669177763783  -0.187296212813 -0.0536943815101 0.0478996739755 11
104.22147 0 -454.647144877 -96.2776113772  -36.860674428 -42.3890758504 -5.51660515213 -5.49057495781 0.00669177763783  -0.187296212813 -0.0536943815101 0.0478996739755 11
104.273553 0 -456.858079651 -96.5648847748 -37.1469987942 -42.5101506577 -5.51589988897 -5.49996887063 0.00669177763783  -0.187296212813 -0.0536943815101 0.0478996739755 11
104.325638 0 -459.075219548 -96.8522130753 -37.4332603421 -42.6236503312 -5.51690827461 -5.49003962932 0.00669177763783  -0.187296212813 -0.0536943815101 0.0478996739755 11
104.377721 0 -461.297915928 -97.1397840791 -37.7188204288 -42.7268415749 -5.52855713847 -5.47512922533 0.00669177763783  -0.187296212813 -0.0536943815101 0.0478996739755 11
104.429805 0 -463.525905224 -97.4281813012 -38.0035095273 -42.8270393482 -5.54743276878 -5.45413199659 0.00669177763783  -0.187296212813 -0.0536943815101 0.0478996739755 11
104.481889 0 -465.758964587 -97.7175852229 -38.2874225899 -42.9207410906 -5.56730210059 -5.45031980162 0.00669177763783  -0.187296212813 -0.0536943815101 0.0478996739755 11
104.533968 0 -467.996645108 -98.0081125251 -38.5713840733 -43.0121751792 -5.59128597857  -5.4582443626 0.00669177763783  -0.187296212813 -0.0536943815101 0.0478996739755 11
104.586056 0 -470.239405627 -98.2999651393 -38.8559644003 -43.1027474289 -5.61484528563 -5.46643312922 0.00669177763783  -0.187296212813 -0.0536943815101 0.0478996739755 11
104.63814 0 -472.486776284 -98.5930322513 -39.1407779758 -43.1955165393 -5.63927601903 -5.46929587253 0.00669177763783  -0.187296212813 -0.0536943815101 0.0478996739755 11
104.690225 0  -474.73896304 -98.8873536136  -39.425746406 -43.2859792136 -5.66293177508 -5.47176474563 0.00669177763783  -0.187296212813 -0.0536943815101 0.0478996739755 11
104.742308 0 -476.995827913  -99.182885511 -39.7105816798 -43.3775537961 -5.68647888836 -5.46875438994 0.00669177763783  -0.187296212813 -0.0536943815101 0.0478996739755 11
104.794392 0 -479.257483727 -99.4796844754  -39.995486868 -43.4691553842 -5.71108077349 -5.47186272016 0.00669177763783  -0.187296212813 -0.0536943815101 0.0478996739755 11
104.846476 0 -481.523975925 -99.7778987329 -40.2805846104 -43.5639537665 -5.73987373113 -5.47348459782 0.00669177763783  -0.187296212813 -0.0536943815101 0.0478996739755 11
104.898559 0 -483.79542529 -100.07779888 -40.565928654 -43.6616504065 -5.77887182385   -5.483140408 0.00669177763783  -0.187296212813 -0.0536943815101 0.0478996739755 11
104.950644 0 -486.072318501 -100.380274579 -40.8517633358 -43.7688032858 -5.83736812747  -5.4930740115 0.00669177763783  -0.187296212813 -0.0536943815101 0.0478996739755 11
105.002724 0 -488.354641822 -100.686108058 -41.1382991387 -43.8781261485 -5.90960459521 -5.51119389975 0.00669177763783  -0.187296212813 -0.0536943815101 0.0478996739755 11
105.054811 0 -490.643111256 -100.996118303 -41.4256506434 -43.9928367866 -5.99492239376 -5.52461699774 0.00669177763783  -0.187296212813 -0.0536943815101 0.0478996739755 11
105.106895 0 -492.937526745 -101.310831872  -41.713733025 -44.1124202138 -6.08914104304 -5.53847648715 0.00669177763783  -0.187296212813 -0.0536943815101 0.0478996739755 11
105.158979 0 -495.238204428 -101.630390367 -42.0027218783 -44.2334606499 -6.18175515321 -5.55869693003 0.00669177763783  -0.187296212813 -0.0536943815101 0.0478996739755 11
105.211062 0 -497.545186078  -101.95479185 -42.2929122313 -44.3554016816 -6.27313732964 -5.58400732009 0.00669177763783  -0.187296212813 -0.0536943815101 0.0478996739755 11
105.263147 0 -499.858717298 -102.283560842 -42.5843575335 -44.4806962908 -6.34911765818 -5.60602323081 0.00669177763783  -0.187296212813 -0.0536943815101 0.0478996739755 11
105.31523 0 -502.178699221 -102.615978334 -42.8769174548 -44.6069705182 -6.41092023438 -5.62854352954 0.00669177763783  -0.187296212813 -0.0536943815101 0.0478996739755 11
105.367314 0 -504.505278548  -102.95107682 -43.1706480401 -44.7319940388 -6.45197192465  -5.6517871925 0.00669177763783  -0.187296212813 -0.0536943815101 0.0478996739755 11
105.419398 0 -506.838353809 -103.287863831 -43.4656661674 -44.8561270873 -6.47749758485 -5.67694166939 0.00669177763783  -0.187296212813 -0.0536943815101 0.0478996739755 11
105.47148 0 -509.177783838 -103.625547855 -43.7619228598 -44.9796706075 -6.48809808415 -5.69892504604 0.00669177763783  -0.187296212813 -0.0536943815101 0.0478996739755 11
105.523566 0 -511.523845342 -103.963645939 -44.0593508352 -45.1052697016 -6.49397832511 -5.71974988098 0.00669177763783  -0.187296212813 -0.0536943815101 0.0478996739755 11
105.575649 0 -513.876303901 -104.301912055 -44.3578048836 -45.2300115346 -6.49544415298 -5.74055413686 0.00669177763783  -0.187296212813 -0.0536943815101 0.0478996739755 11
105.627733 0 -516.235308763 -104.640150665 -44.6573712029 -45.3543248266 -6.49339290163 -5.76309368514 0.00669177763783  -0.187296212813 -0.0536943815101 0.0478996739755 11
105.679818 0 -518.600834931 -104.978226063 -44.9580516229 -45.4784048752 -6.48964126565 -5.78339797566 0.00669177763783  -0.187296212813 -0.0536943815101 0.0478996739755 11
105.731901 0 -520.972683252 -105.316063892 -45.2597339135 -45.6019314078  -6.4844287354 -5.79968053304 0.00669177763783  -0.187296212813 -0.0536943815101 0.0478996739755 11
105.783985 0 -523.350988883 -105.653656258 -45.5622120354 -45.7241283554  -6.4801543985 -5.81387880013 0.00669177763783  -0.187296212813 -0.0536943815101 0.0478996739755 11
105.836069 0 -525.735650717 -105.991119907 -45.8654329947 -45.8461549348 -6.48019783838 -5.82869559141 0.00669177763783  -0.187296212813 -0.0536943815101 0.0478996739755 11
105.888153 0 -528.126677534 -106.328512226 -46.1692900161 -45.9678923471 -6.47632887534 -5.83882132998 0.00669177763783  -0.187296212813 -0.0536943815101 0.0478996739755 11
105.940231 0 -530.523854435  -106.66584643 -46.4737421394 -46.0920562816 -6.47704993956 -5.85362208435 0.00669177763783  -0.187296212813 -0.0536943815101 0.0478996739755 11
105.99232 0 -532.928002575 -107.003276726 -46.7790076937  -46.216049229 -6.47924695171 -5.87085418998 0.00669177763783  -0.187296212813 -0.0536943815101 0.0478996739755 11
106.044404 0 -535.338313749 -107.340939181 -47.0854081702 -46.3393764158 -6.48678280752 -5.89256698427 0.00669177763783  -0.187296212813 -0.0536943815101 0.0478996739755 11
106.096487 0 -537.755092377 -107.678891619 -47.3927238458 -46.4660711313 -6.49314756214 -5.90589990746 0.00669177763783  -0.187296212813 -0.0536943815101 0.0478996739755 11
106.148571 0 -540.178787201 -108.017356169 -47.7001246182 -46.6040816396 -6.50448526239 -5.89673052703 0.00669177763783  -0.187296212813 -0.0536943815101 0.0478996739755 11
106.200655 0 -542.609953902 -108.356673778  -48.006830448 -46.7527141015 -6.52562895996 -5.88410208673 0.00669177763783  -0.187296212813 -0.0536943815101 0.0478996739755 11
106.252739 0 -545.049147126 -108.697212535 -48.3134201561  -46.911565928 -6.54968854924 -5.89681506428 0.00669177763783  -0.187296212813 -0.0536943815101 0.0478996739755 11
106.304823 0 -547.496627954 -109.039109851 -48.6216920899 -47.0732241374 -6.57959943269 -5.94239164504 0.00669177763783  -0.187296212813 -0.0536943815101 0.0478996739755 11
106.356906 0 -549.952754157 -109.382524342 -48.9325129976 -47.2447163904 -6.60726782724 -5.99305010461 0.00669177763783  -0.187296212813 -0.0536943815101 0.0478996739755 11
106.40899 0  -552.41815616 -109.727375531 -49.2459291806 -47.4282939688 -6.63475471592 -6.03809298772 0.00669177763783  -0.187296212813 -0.0536943815101 0.0478996739755 11
106.461075 0 -554.893510269 -110.073649053 -49.5613336694 -47.6218224007 -6.66123494124 -6.07518905246 0.00669177763783  -0.187296212813 -0.0536943815101 0.0478996739755 11
106.513158 0 -557.378930198 -110.421279285 -49.8787656441 -47.8193476112 -6.68603260329 -6.11555104122 0.00669177763783  -0.187296212813 -0.0536943815101 0.0478996739755 11
106.565242 0 -559.874563652 -110.769933402 -50.1984672281 -48.0103418703 -6.70269860192 -6.16270713443 0.00669177763783  -0.187296212813 -0.0536943815101 0.0478996739755 11
106.617325 0 -562.379929757 -111.119232677 -50.5208724136 -48.1961190387 -6.71121474806 -6.21668451897 0.00669177763783  -0.187296212813 -0.0536943815101 0.0478996739755 11
106.669409 0 -564.894757832 -111.468884579 -50.8461654144 -48.3703791051 -6.71524345996 -6.27554964252 0.00669177763783  -0.187296212813 -0.0536943815101 0.0478996739755 11
106.721493 0 -567.418508967 -111.818769252 -51.1743112194 -48.5372066644 -6.72016910291 -6.32679400281 0.00669177763783  -0.187296212813 -0.0536943815101 0.0478996739755 11
106.773577 0 -569.950529016 -112.168903214 -51.5052477009 -48.6904539253 -6.72520291481 -6.37706717742 0.00669177763783  -0.187296212813 -0.0536943815101 0.0478996739755 11
106.825661 0 -572.490230171 -112.519283909 -51.8385344906  -48.831259249 -6.72902299431 -6.41491268519 0.00669177763783  -0.187296212813 -0.0536943815101 0.0478996739755 11
106.877744 0 -575.036823107 -112.869774803 -52.1730250832 -48.9566845336 -6.73352335942 -6.42600665229 0.00669177763783  -0.187296212813 -0.0536943815101 0.0478996739755 11
106.929828 0 -577.589585689 -113.220648031 -52.5075962303 -49.0653220496 -6.74140358988 -6.42213439638 0.00669177763783  -0.187296212813 -0.0536943815101 0.0478996739755 11
106.981912 0 -580.147547979 -113.571968533 -52.8418548933 -49.1571971713 -6.74996485285 -6.41305302104 0.00669177763783  -0.187296212813 -0.0536943815101 0.0478996739755 11
107.033996 0 -582.709957798 -113.923796101 -53.1757548904 -49.2371883533 -6.76223884602  -6.4073469085 0.00669177763783  -0.187296212813 -0.0536943815101 0.0478996739755 11
107.08608 0 -585.276391738 -114.276454961 -53.5092443487  -49.311803974 -6.77956592342 -6.40113410458 0.00669177763783  -0.187296212813 -0.0536943815101 0.0478996739755 11
107.138164 0  -587.84653608 -114.629996563  -53.842736074 -49.3806765858 -6.79492038047 -6.40447236608 0.00669177763783  -0.187296212813 -0.0536943815101 0.0478996739755 11
107.190247 0 -590.420284711 -114.984340653 -54.1761942598 -49.4525288674   -6.812569235 -6.39962217248 0.00669177763783  -0.187296212813 -0.0536943815101 0.0478996739755 11
107.242331 0 -592.997901191 -115.339770216 -54.5093524641 -49.5274056761 -6.83479892754 -6.39347333497 0.00669177763783  -0.187296212813 -0.0536943815101 0.0478996739755 11
107.294415 0 -595.579480894 -115.696224501 -54.8426585953 -49.6050316422 -6.85348410919 -6.40531030806 0.00669177763783  -0.187296212813 -0.0536943815101 0.0478996739755 11
107.346498 0 -598.165214183 -116.053770348 -55.1764261958 -49.6879012984 -6.87576313814 -6.41407677431 0.00669177763783  -0.187296212813 -0.0536943815101 0.0478996739755 11
107.398578 0 -600.755235349 -116.412481089  -55.510745104 -49.7763089333 -6.89956260672  -6.4228016102 0.00669177763783  -0.187296212813 -0.0536943815101 0.0478996739755 11
107.450666 0 -603.350405312  -116.77244159 -55.8452885813 -49.8712623368 -6.92083978424 -6.42115430861 0.00669177763783  -0.187296212813 -0.0536943815101 0.0478996739755 11
107.50275 0 -605.950347642 -117.133443624 -56.1797814831 -49.9667378181 -6.94163957751 -6.42170998111 0.00669177763783  -0.187296212813 -0.0536943815101 0.0478996739755 11
107.554833 0 -608.555262816 -117.495525345 -56.5144003489 -50.0620371666 -6.96069855128 -6.43202382782 0.00669177763783  -0.187296212813 -0.0536943815101 0.0478996739755 11
107.606917 0 -611.165235823 -117.858524749 -56.8495986368 -50.1603309847 -6.97925818234 -6.43738962179 0.00669177763783  -0.187296212813 -0.0536943815101 0.0478996739755 11
107.659001 0 -613.780399564 -118.222450936 -57.1848997164 -50.2604689189 -6.99764545159 -6.44114131489 0.00669177763783  -0.187296212813 -0.0536943815101 0.0478996739755 11
107.711085 0 -616.400770208 -118.587402553 -57.5206375041 -50.3621303562 -7.01710463034 -6.44665195161 0.00669177763783  -0.187296212813 -0.0536943815101 0.0478996739755 11
107.763168 0 -619.026489603 -118.953317441 -57.8562932523 -50.4660909026 -7.03572685111 -6.44363656204 0.00669177763783  -0.187296212813 -0.0536943815101 0.0478996739755 11
107.815252 0 -621.657734661 -119.320325338 -58.1916769483 -50.5726837795 -7.05818559989   -6.436422364 0.00669177763783  -0.187296212813 -0.0536943815101 0.0478996739755 11
107.867333 0 -624.294372507  -119.68860408 -58.5269318783 -50.6788135074 -7.08465876919 -6.44063326369 0.00669177763783  -0.187296212813 -0.0536943815101 0.0478996739755 11
107.919419 0 -626.936790532 -120.058516169 -58.8626185142 -50.7853562732 -7.11983002153 -6.44901523707 0.00669177763783  -0.187296212813 -0.0536943815101 0.0478996739755 11
107.971503 0 -629.584683349 -120.430607269 -59.1988324023 -50.8934306011 -7.17064471989 -6.46017704289 0.00669177763783  -0.187296212813 -0.0536943815101 0.0478996739755 11
108.023587 0 -632.238383561 -120.805657152 -59.5352512218 -51.0084651784 -7.23291816559 -6.45998932134 0.00669177763783  -0.187296212813 -0.0536943815101 0.0478996739755 11
108.075671 0 -634.898070516 -121.184205685 -59.8719207971 -51.1219004367 -7.30294863436 -6.47113424796 0.00669177763783  -0.187296212813 -0.0536943815101 0.0478996739755 11
108.127754 0 -637.563776745 -121.566389399 -60.2090795902 -51.2416353997 -7.37218858918 -6.47631787075 0.00669177763783  -0.187296212813 -0.0536943815101 0.0478996739755 11
108.179838 0 -640.235960835 -121.952136235 -60.5466110645 -51.3705198047 -7.44257837412  -6.4827622664 0.00669177763783  -0.187296212813 -0.0536943815101 0.0478996739755 11
108.231922 0 -642.915149345 -122.341487292 -60.8843136009 -51.5115919134 -7.50806771908 -6.48336907635 0.00669177763783  -0.187296212813 -0.0536943815101 0.0478996739755 11
108.284006 0 -645.602063489 -122.734157011 -61.2221040484 -51.6678208106 -7.56991115684 -6.48876119165 0.00669177763783  -0.187296212813 -0.0536943815101 0.0478996739755 11
108.336084 0 -648.297292378 -123.129717755 -61.5602748177 -51.8430481009 -7.61924672102 -6.50300819667 0.00669177763783  -0.187296212813 -0.0536943815101 0.0478996739755 11
108.388173 0 -651.002834228 -123.527611373 -61.8996435706 -52.0418503369 -7.65678842989 -6.53195133701 0.00669177763783  -0.187296212813 -0.0536943815101 0.0478996739755 11
108.440257 0 -653.718867601 -123.927181346 -62.2411254957 -52.2550431375 -7.68385451962 -6.58528484673 0.00669177763783  -0.187296212813 -0.0536943815101 0.0478996739755 11
108.49234 0 -656.446166283 -124.327976946 -62.5860383041 -52.4747574701 -7.70576075337 -6.66170026608 0.00669177763783  -0.187296212813 -0.0536943815101 0.0478996739755 11
108.544424 0 -659.185121313 -124.729767856 -62.9351677798 -52.6989693289   -7.720878484 -6.74807446675 0.00669177763783  -0.187296212813 -0.0536943815101 0.0478996739755 11
108.596508 0 -661.935921252 -125.132145091 -63.2888763493 -52.9294098148  -7.7267619027 -6.83437391289 0.00669177763783  -0.187296212813 -0.0536943815101 0.0478996739755 11
108.648592 0 -664.698680314 -125.534649041 -63.6470383992 -53.1581955028 -7.72785342223 -6.91733983475 0.00669177763783  -0.187296212813 -0.0536943815101 0.0478996739755 11
108.700675 0 -667.473012354 -125.937075986 -64.0093758867 -53.3759409492 -7.72420736515 -6.99332684974 0.00669177763783  -0.187296212813 -0.0536943815101 0.0478996739755 11
108.75276 0 -670.258445428   -126.3393019 -64.3755326014 -53.5779154724 -7.71913638195 -7.06515771782 0.00669177763783  -0.187296212813 -0.0536943815101 0.0478996739755 11
108.804837 0 -673.053595294 -126.741213448 -64.7448162669 -53.7656015994 -7.71535210931 -7.11566283317 0.00669177763783  -0.187296212813 -0.0536943815101 0.0478996739755 11
108.856927 0  -675.85867993   -127.1431526 -65.1163839008 -53.9328610248 -7.71662359635 -7.14905061776 0.00669177763783  -0.187296212813 -0.0536943815101 0.0478996739755 11
108.90901 0 -678.671622258 -127.545068297 -65.4893191897 -54.0819162602 -7.71689904872 -7.16874808673 0.00669177763783  -0.187296212813 -0.0536943815101 0.0478996739755 11
108.961094 0 -681.491839319  -127.94705083 -65.8630836537 -54.2111446687 -7.71806299479 -7.18021326989 0.00669177763783  -0.187296212813 -0.0536943815101 0.0478996739755 11
109.013178 0 -684.318347375  -128.34922091 -66.2372272212 -54.3213691471  -7.7231410992 -7.18860969526 0.00669177763783  -0.187296212813 -0.0536943815101 0.0478996739755 11
109.065261 0 -687.150173999  -128.75158742 -66.6116180199 -54.4191532458 -7.72605852165 -7.19033932906 0.00669177763783  -0.187296212813 -0.0536943815101 0.0478996739755 11
109.117345 0 -689.986834458 -129.153940499   -66.98651509 -54.5075154882 -7.72350141926 -7.20297752222 0.00669177763783  -0.187296212813 -0.0536943815101 0.0478996739755 11
109.169429 0 -692.827976939 -129.555985379 -67.3620727708 -54.5911337538 -7.71266793819 -7.21753412615 0.00669177763783  -0.187296212813 -0.0536943815101 0.0478996739755 11
109.221513 0 -695.673469322 -129.957442563 -67.7381730282 -54.6747107446 -7.70271864196 -7.22537643433 0.00669177763783  -0.187296212813 -0.0536943815101 0.0478996739755 11
109.273596 0 -698.523318903  -130.35837888 -68.1146769434 -54.7598091679 -7.69455807399 -7.23414272627 0.00669177763783  -0.187296212813 -0.0536943815101 0.0478996739755 11
109.32568 0  -701.37769055 -130.759033705 -68.4917216724 -54.8472354467 -7.69135538267 -7.24119396608 0.00669177763783  -0.187296212813 -0.0536943815101 0.0478996739755 11
109.377764 0 -704.236654117 -131.159677907   -68.86914654 -54.9359148124  -7.6936124862 -7.25189450678 0.00669177763783  -0.187296212813 -0.0536943815101 0.0478996739755 11
109.429847 0 -707.100275323 -131.560592473 -69.2470563314 -55.0285502059 -7.70268849689 -7.26123234199 0.00669177763783  -0.187296212813 -0.0536943815101 0.0478996739755 11
109.481931 0 -709.968895109 -131.962020316  -69.625584221   -55.12561189 -7.71331073245 -7.27371347899 0.00669177763783  -0.187296212813 -0.0536943815101 0.0478996739755 11
109.534015 0 -712.842694687 -132.363983671  -70.004636098 -55.2291850904 -7.72224198725 -7.27631271565 0.00669177763783  -0.187296212813 -0.0536943815101 0.0478996739755 11
109.586099 0 -715.722089125 -132.766337934 -70.3836097902 -55.3378043331 -7.72888273073 -7.27901487634 0.00669177763783  -0.187296212813 -0.0536943815101 0.0478996739755 11
109.638182 0 -718.607268426 -133.168799681 -70.7627243279 -55.4537735425 -7.72470809719 -7.28260581554 0.00669177763783  -0.187296212813 -0.0536943815101 0.0478996739755 11
109.690266 0 -721.498680867 -133.570754199  -71.142372259  -55.577910714 -7.70831604638 -7.29497435182 0.00669177763783  -0.187296212813 -0.0536943815101 0.0478996739755 11
109.74235 0 -724.396827091 -133.971579477 -71.5229218578    -55.7117554 -7.68176182853 -7.31858840925 0.00669177763783  -0.187296212813 -0.0536943815101 0.0478996739755 11
109.794434 0 -727.302141652 -134.370749592 -71.9048128653 -55.8519743015 -7.64464376068  -7.3459915246 0.00669177763783  -0.187296212813 -0.0536943815101 0.0478996739755 11
109.846517 0 -730.214823776  -134.76787934 -72.2881568117 -55.9945972576 -7.60662822053 -7.37609966539 0.00669177763783  -0.187296212813 -0.0536943815101 0.0478996739755 11
109.898601 0 -733.135008343 -135.162962885 -72.6729963356 -56.1403816616 -7.56558577173 -7.39798649042 0.00669177763783  -0.187296212813 -0.0536943815101 0.0478996739755 11
109.950684 0 -736.062733142 -135.555992799 -73.0590309764 -56.2849141428  -7.5291671829 -7.42663452494 0.00669177763783  -0.187296212813 -0.0536943815101 0.0478996739755 11
110.002768 0 -738.998001167 -135.947360153 -73.4465830885  -56.428675688 -7.50086024938  -7.4539511649 0.00669177763783  -0.187296212813 -0.0536943815101 0.0478996739755 11
110.054852 0 -741.940799794 -136.337419376 -73.8353715078 -56.5729124485   -7.480939945 -7.47434835894 0.00669177763783  -0.187296212813 -0.0536943815101 0.0478996739755 11
110.106935 0 -744.891094478 -136.726797395 -74.2250167497 -56.7189493026 -7.47392525891 -7.48557383596 0.00669177763783  -0.187296212813 -0.0536943815101 0.0478996739755 11
110.159019 0 -747.848959566 -137.116039569 -74.6153296688  -56.861139618 -7.47608546001 -7.50160639345 0.00669177763783  -0.187296212813 -0.0536943815101 0.0478996739755 11
110.211103 0 -750.814145779 -137.505653558 -75.0065756173 -56.9993239668 -7.48581427471 -7.52317490666 0.00669177763783  -0.187296212813 -0.0536943815101 0.0478996739755 11
110.263186 0 -753.786415197 -137.895839594 -75.3990376664 -57.1357710591 -7.49813733327 -7.54740543056 0.00669177763783  -0.187296212813 -0.0536943815101 0.0478996739755 11
110.31527 0 -756.765776958  -138.28677598 -75.7927851736 -57.2710150764   -7.514740478 -7.57037685672 0.00669177763783  -0.187296212813 -0.0536943815101 0.0478996739755 11
110.367354 0 -759.752174673 -138.678654654 -76.1875477235 -57.4061959352 -7.53600325342 -7.58735568735 0.00669177763783  -0.187296212813 -0.0536943815101 0.0478996739755 11
110.419438 0 -762.745638431 -139.071747674 -76.5830748496 -57.5404293177 -7.56085769418 -7.60356621352 0.00669177763783  -0.187296212813 -0.0536943815101 0.0478996739755 11
110.471521 0 -765.746020912 -139.466156481 -76.9795172336 -57.6761151212 -7.58612175835 -7.61740940333 0.00669177763783  -0.187296212813 -0.0536943815101 0.0478996739755 11
110.523605 0 -768.753497782  -139.86191945 -77.3768102152 -57.8101070923 -7.61250863917 -7.63784567382 0.00669177763783  -0.187296212813 -0.0536943815101 0.0478996739755 11
110.575689 0 -771.768100955 -140.259115555 -77.7749346324 -57.9500779451 -7.64068181653 -7.64954170741 0.00669177763783  -0.187296212813 -0.0536943815101 0.0478996739755 11
110.627772 0 -774.790170178 -140.657775153 -78.1732199492 -58.1025681386 -7.66984761046  -7.6384225221 0.00669177763783  -0.187296212813 -0.0536943815101 0.0478996739755 11
110.679856 0 -777.820724936 -141.057975644 -78.5708677493 -58.2705671927 -7.69848360947 -7.63604722334 0.00669177763783  -0.187296212813 -0.0536943815101 0.0478996739755 11
110.731934 0 -780.860119474 -141.459654605 -78.9689395443 -58.4572559051 -7.72819348891 -7.65424780353 0.00669177763783  -0.187296212813 -0.0536943815101 0.0478996739755 11
110.784023 0 -783.910458482 -141.862918199 -79.3684828875   -58.66603321 -7.75430402079 -7.69003763155 0.00669177763783  -0.187296212813 -0.0536943815101 0.0478996739755 11
110.836107 0 -786.971670105 -142.267356418 -79.7707507036  -58.884872564 -7.77571407733 -7.75989041124 0.00669177763783  -0.187296212813 -0.0536943815101 0.0478996739755 11
110.888191 0 -790.044469849 -142.672782733 -80.1771745976 -59.1085280522  -7.7928087897 -7.85101652716 0.00669177763783  -0.187296212813 -0.0536943815101 0.0478996739755 11
110.940274 0 -793.129096907 -143.079168585 -80.5884854042 -59.3450949635 -7.81190134256 -7.94224495217 0.00669177763783  -0.187296212813 -0.0536943815101 0.0478996739755 11
110.992358 0 -796.226407388 -143.486495449 -81.0043584815 -59.5925734507 -7.82927127009 -8.02515340807 0.00669177763783  -0.187296212813 -0.0536943815101 0.0478996739755 11
111.044441 0 -799.336754718 -143.894596746 -81.4243657596 -59.8445481689 -7.84227468271 -8.10550959517 0.00669177763783  -0.187296212813 -0.0536943815101 0.0478996739755 11
111.096525 0 -802.460227508 -144.303257153 -81.8486273616 -60.0943983573 -7.85114879731 -8.18615769203 0.00669177763783  -0.187296212813 -0.0536943815101 0.0478996739755 11
111.148609 0  -805.59657417 -144.712323596 -82.2771210593 -60.3394907262 -7.85912053216 -8.26777510926 0.00669177763783  -0.187296212813 -0.0536943815101 0.0478996739755 11
111.200693 0 -808.745541805 -145.121890637 -82.7098150218 -60.5783303016 -7.86884505319 -8.34926667128 0.00669177763783  -0.187296212813 -0.0536943815101 0.0478996739755 11
111.252776 0 -811.906506886 -145.531993608 -83.1470927059 -60.7997919898 -7.88006254456 -8.44543398111 0.00669177763783  -0.187296212813 -0.0536943815101 0.0478996739755 11
111.30486 0 -815.078557585 -145.942827986 -83.5897738624 -61.0024415742 -7.89560129575  -8.5544821843 0.00669177763783  -0.187296212813 -0.0536943815101 0.0478996739755 11
111.356944 0 -818.260927306 -146.354375058 -84.0379243469 -61.1984087692 -7.90736508245  -8.6503785454 0.00669177763783  -0.187296212813 -0.0536943815101 0.0478996739755 11
111.409027 0 -821.453216686  -146.76647818 -84.4905693845 -61.3839107698 -7.91795388645 -8.72975354598 0.00669177763783  -0.187296212813 -0.0536943815101 0.0478996739755 11
111.461111 0 -824.654722297 -147.179311871 -84.9471182159 -61.5496791259 -7.93509468334 -8.80130280807 0.00669177763783  -0.187296212813 -0.0536943815101 0.0478996739755 11
111.513195 0 -827.864259754 -147.593135798 -85.4073855765 -61.6920345444 -7.95703067406  -8.8712997873 0.00669177763783  -0.187296212813 -0.0536943815101 0.0478996739755 11
111.565278 0 -831.080790837 -148.008052566 -85.8709343793 -61.8203722428 -7.97733431395 -8.92900806669 0.00669177763783  -0.187296212813 -0.0536943815101 0.0478996739755 11
111.617362 0 -834.303601376 -148.424051483 -86.3373411692 -61.9316571948 -7.99693665569 -8.97939621671 0.00669177763783  -0.187296212813 -0.0536943815101 0.0478996739755 11
111.669445 0 -837.531691516 -148.841175024 -86.8064540561 -62.0257019145 -8.02313877794 -9.03372796128 0.00669177763783  -0.187296212813 -0.0536943815101 0.0478996739755 11
111.721529 0 -840.764565539 -149.259834622 -87.2781103502 -62.1128729746 -8.05315730782 -9.07661153096 0.00669177763783  -0.187296212813 -0.0536943815101 0.0478996739755 11
111.773613 0 -844.001708722 -149.680094976 -87.7517430174 -62.1920086957 -8.08600003223 -9.10825060773 0.00669177763783  -0.187296212813 -0.0536943815101 0.0478996739755 11
111.825696 0 -847.242669864 -150.102030625 -88.2271679859 -62.2616644061 -8.11631320806  -9.1484681181 0.00669177763783  -0.187296212813 -0.0536943815101 0.0478996739755 11
111.87778 0 -850.487259687 -150.525560567 -88.7046767757 -62.3290470268 -8.14756148856 -9.18702403504 0.00669177763783  -0.187296212813 -0.0536943815101 0.0478996739755 11
111.929864 0 -853.735353399 -150.950638907 -89.1839631432 -62.3963943918 -8.17726156242 -9.21800975197 0.00669177763783  -0.187296212813 -0.0536943815101 0.0478996739755 11
111.981947 0 -856.986896922 -151.377443585 -89.6648117855 -62.4641803788 -8.21307398356  -9.2430882263 0.00669177763783  -0.187296212813 -0.0536943815101 0.0478996739755 11
112.034031 0 -860.242129762 -151.806219266 -90.1467393717 -62.5352183938   -8.253567559 -9.26202880381 0.00669177763783  -0.187296212813 -0.0536943815101 0.0478996739755 11
112.086115 0 -863.501077253 -152.237187577 -90.6296414283 -62.6040466628 -8.29460639274 -9.28647709296 0.00669177763783  -0.187296212813 -0.0536943815101 0.0478996739755 11
112.138199 0 -866.763476004 -152.670190674 -91.1142500564 -62.6704060657 -8.33278350227 -9.31792682867 0.00669177763783  -0.187296212813 -0.0536943815101 0.0478996739755 11
112.190282 0 -870.029301095 -153.105135888 -91.5998935364 -62.7386026118 -8.36848564657   -9.326201023 0.00669177763783  -0.187296212813 -0.0536943815101 0.0478996739755 11
112.242366 0 -873.298735703 -153.541819007 -92.0854829532 -62.8058704922 -8.39901615961 -9.32083271344 0.00669177763783  -0.187296212813 -0.0536943815101 0.0478996739755 11
112.294449 0  -876.57155293 -153.980026245 -92.5706157637 -62.8723321152 -8.42940619216 -9.30896399323 0.00669177763783  -0.187296212813 -0.0536943815101 0.0478996739755 11
112.346533 0 -879.847960832 -154.419847205 -93.0553823564 -62.9428231394 -8.45995952345 -9.30065977293 0.00669177763783  -0.187296212813 -0.0536943815101 0.0478996739755 11
112.398617 0 -883.128227915 -154.861258064 -93.5394033652 -63.0189105763 -8.49488256101 -9.28477986773 0.00669177763783  -0.187296212813 -0.0536943815101 0.0478996739755 11
112.4507 0 -886.412646872  -155.30496529 -94.0222890845 -63.1049782674 -8.54617729962 -9.25751793647 0.00669177763783  -0.187296212813 -0.0536943815101 0.0478996739755 11
112.502784 0 -889.701828236 -155.751615478 -94.5036334243 -63.2014402424 -8.60707069353 -9.22090657818 0.00669177763783  -0.187296212813 -0.0536943815101 0.0478996739755 11
112.554868 0 -892.996305944 -156.201630264 -94.9828133793 -63.3056553985 -8.67343149913 -9.17833924078 0.00669177763783  -0.187296212813 -0.0536943815101 0.0478996739755 11
112.606952 0 -896.296457823 -156.654842766 -95.4594804657 -63.4194201679 -8.72549172682  -9.1257700356 0.00669177763783  -0.187296212813 -0.0536943815101 0.0478996739755 11
112.659039 0 -899.602782802 -157.110213474 -95.9332120084 -63.5356673118 -8.75748393597 -9.05795978547 0.00669177763783  -0.187296212813 -0.0536943815101 0.0478996739755 11
112.711119 0 -902.914841484 -157.567072948  -96.402715422 -63.6565378996 -8.78447850109  -8.9681687228 0.00669177763783  -0.187296212813 -0.0536943815101 0.0478996739755 11
112.763203 0 -906.233532112 -158.025102765 -96.8670998187 -63.7796549562  -8.8027673982 -8.86408594955 0.00669177763783  -0.187296212813 -0.0536943815101 0.0478996739755 11
112.815286 0 -909.558622081 -158.484143015 -97.3259109037 -63.9047632631 -8.82490335026 -8.75440654778 0.00669177763783  -0.187296212813 -0.0536943815101 0.0478996739755 11
112.86737 0 -912.890514892 -158.944634825 -97.7787493766 -64.0399248467 -8.86131964572 -8.63209654264 0.00669177763783  -0.187296212813 -0.0536943815101 0.0478996739755 11
112.919453 0  -916.22962534 -159.407548532 -98.2253613791 -64.1845083365  -8.9151419827 -8.51471087097 0.00669177763783  -0.187296212813 -0.0536943815101 0.0478996739755 11
112.971537 0 -919.576560372 -159.873258655 -98.6656707141  -64.334390356 -8.96416083388 -8.39868921668 0.00669177763783  -0.187296212813 -0.0536943815101 0.0478996739755 11
113.02362 0 -922.931168484 -160.341147213 -99.1002415834 -64.4837788366 -9.00102695216 -8.28991555585 0.00669177763783  -0.187296212813 -0.0536943815101 0.0478996739755 11
113.075704 0 -926.293690666 -160.810791425 -99.5294408814 -64.6344437714 -9.03189392267 -8.19202436815 0.00669177763783  -0.187296212813 -0.0536943815101 0.0478996739755 11
113.127783 0  -929.66380938 -161.281921328  -99.953602663 -64.7895277621 -9.06005209558 -8.09716628226 0.00669177763783  -0.187296212813 -0.0536943815101 0.0478996739755 11
113.179871 0 -933.042764299 -161.754487293 -100.372845833  -64.951028858 -9.07961711483 -8.00259936264 0.00669177763783  -0.187296212813 -0.0536943815101 0.0478996739755 11
113.231955 0 -936.430150212  -162.22746482 -100.787204001 -65.1220794768 -9.07536655861 -7.91456096354 0.00669177763783  -0.187296212813 -0.0536943815101 0.0478996739755 11
113.284039 0 -939.826386836 -162.699304518 -101.198138751 -65.2944477428 -9.03598559775 -7.86681534185 0.00669177763783  -0.187296212813 -0.0536943815101 0.0478996739755 11
113.336122 0 -943.231839752 -163.168336853 -101.607379863 -65.4759724096 -8.97133862514 -7.85496819334 0.00669177763783  -0.187296212813 -0.0536943815101 0.0478996739755 11
113.388206 0 -946.647027263 -163.633674106 -102.016900064 -65.6651237083  -8.8964438769 -7.87910577182 0.00669177763783  -0.187296212813 -0.0536943815101 0.0478996739755 11
113.44029 0 -950.072164618 -164.095060757 -102.428494765 -65.8592758647 -8.81778726266 -7.92929963786 0.00669177763783  -0.187296212813 -0.0536943815101 0.0478996739755 11
113.492373 0 -953.507501035 -164.551655451 -102.842934786 -66.0597683144 -8.71139227013 -7.98437200839 0.00669177763783  -0.187296212813 -0.0536943815101 0.0478996739755 11
113.544457 0 -956.953557764 -165.002016219 -103.260381016 -66.2676143412  -8.5784658583 -8.04690380811 0.00669177763783  -0.187296212813 -0.0536943815101 0.0478996739755 11
113.596535 0 -960.409933058 -165.445346455 -103.681577292 -66.4686381495 -8.44771682445 -8.13446560825 0.00669177763783  -0.187296212813 -0.0536943815101 0.0478996739755 11
113.648624 0 -963.877082486 -165.882469016 -104.108395022 -66.6525196555 -8.33702085294 -8.25795516893 0.00669177763783  -0.187296212813 -0.0536943815101 0.0478996739755 11
113.700708 0 -967.353470254 -166.314203352 -104.541580868 -66.8384714548 -8.24493938655 -8.37542314534 0.00669177763783  -0.187296212813 -0.0536943815101 0.0478996739755 11
113.752791 0 -970.839315495 -166.741980711  -104.98090605 -67.0169075854 -8.18615292348 -8.49660588484 0.00669177763783  -0.187296212813 -0.0536943815101 0.0478996739755 11
113.804875 0 -974.334231426 -167.167385778 -105.426713703 -67.1839560268 -8.15282824342 -8.62295928989 0.00669177763783  -0.187296212813 -0.0536943815101 0.0478996739755 11
113.856959 0  -977.83754258 -167.591626901 -105.879326967 -67.3385238422 -8.13944157209 -8.75829748689 0.00669177763783  -0.187296212813 -0.0536943815101 0.0478996739755 11
113.909042 0 -981.348583289 -168.015506034 -106.339107208 -67.4832632823 -8.13863180315 -8.90049584693 0.00669177763783  -0.187296212813 -0.0536943815101 0.0478996739755 11
113.961126 0 -984.866921434 -168.439655933 -106.806502025 -67.6177047335 -8.14871521655 -9.04885738097 0.00669177763783  -0.187296212813 -0.0536943815101 0.0478996739755 11
114.01321 0 -988.391922866 -168.864424447 -107.282069262 -67.7407184821 -8.16226467345 -9.21295529244 0.00669177763783  -0.187296212813 -0.0536943815101 0.0478996739755 11
114.065288 0 -991.922776479 -169.289930131 -107.766453819 -67.8566977493 -8.17837520769 -9.39167582138 0.00669177763783  -0.187296212813 -0.0536943815101 0.0478996739755 11
114.117376 0 -995.460357999 -169.716467448 -108.260042496 -67.9739220482 -8.19930142934 -9.55897988676 0.00669177763783  -0.187296212813 -0.0536943815101 0.0478996739755 11
114.16946 0 -999.003794073 -170.144043723 -108.761991793 -68.0930325261 -8.21966171892 -9.71235056523 0.00669177763783  -0.187296212813 -0.0536943815101 0.0478996739755 11
114.221544 0 -1002.55352682 -170.572700887 -109.271376533 -68.2148427101 -8.24003022922 -9.84602528279 0.00669177763783  -0.187296212813 -0.0536943815101 0.0478996739755 11
114.273627 0 -1006.10949731 -171.002384514 -109.787567427 -68.3341493682  -8.2588695913 -9.97571125648 0.00669177763783  -0.187296212813 -0.0536943815101 0.0478996739755 11
114.32571 0 -1009.67170239 -171.433026288 -110.310183971 -68.4556514097 -8.27734633752 -10.0909904417 0.00669177763783  -0.187296212813 -0.0536943815101 0.0478996739755 11
114.377794 0 -1013.24041277 -171.864746662 -110.838268565 -68.5819216429 -8.30057454604 -10.1819070528 0.00669177763783  -0.187296212813 -0.0536943815101 0.0478996739755 11
114.429878 0 -1016.81570744 -172.297592023 -111.370651412 -68.7079942297  -8.3210188774 -10.2587686998 0.00669177763783  -0.187296212813 -0.0536943815101 0.0478996739755 11
114.481962 0 -1020.39763237 -172.731444863 -111.906575081  -68.836611143 -8.33960136878 -10.3176387381 0.00669177763783  -0.187296212813 -0.0536943815101 0.0478996739755 11
114.534045 0 -1023.98630734 -173.166354049 -112.445047783 -68.9695990124 -8.36254780324 -10.3577009429 0.00669177763783  -0.187296212813 -0.0536943815101 0.0478996739755 11
114.586129 0 -1027.58197916 -173.602506184 -112.985230947  -69.101880366 -8.38700052965 -10.3852807282 0.00669177763783  -0.187296212813 -0.0536943815101 0.0478996739755 11
114.638213 0 -1031.18464178 -174.040028805  -113.52639416 -69.2392545163 -8.41442563108 -10.3921448854 0.00669177763783  -0.187296212813 -0.0536943815101 0.0478996739755 11
114.690296 0 -1034.79441361 -174.478922167 -114.067502988 -69.3771404902 -8.44054300657 -10.3840222447 0.00669177763783  -0.187296212813 -0.0536943815101 0.0478996739755 11
114.74238 0 -1038.41142122 -174.919270623 -114.607800726 -69.5150282907 -8.46948000286 -10.3592381588 0.00669177763783  -0.187296212813 -0.0536943815101 0.0478996739755 11
114.794463 0 -1042.03558841 -175.361183386 -115.146220951 -69.6542629096 -8.50085533247 -10.3135862561 0.00669177763783  -0.187296212813 -0.0536943815101 0.0478996739755 11
114.846546 0 -1045.66704069 -175.804793647 -115.681913327 -69.7928407599 -8.53517159943 -10.2563878877 0.00669177763783  -0.187296212813 -0.0536943815101 0.0478996739755 11
114.898631 0 -1049.30588777 -176.250240564 -116.214139504 -69.9330343989 -8.57117732159 -10.1804579354 0.00669177763783  -0.187296212813 -0.0536943815101 0.0478996739755 11
114.950713 0  -1052.9517387 -176.697646267 -116.742134231 -70.0728915056 -8.61124548751 -10.0885213668 0.00669177763783  -0.187296212813 -0.0536943815101 0.0478996739755 11
115.002797 0 -1056.60512442 -177.147195653 -117.264592884 -70.2154894896 -8.65201416267 -9.96922938353 0.00669177763783  -0.187296212813 -0.0536943815101 0.0478996739755 11
115.054881 0 -1060.26597577 -177.599004054 -117.780586534 -70.3582093413 -8.69555124464 -9.84548061283 0.00669177763783  -0.187296212813 -0.0536943815101 0.0478996739755 11
115.106964 0   -1063.934167 -178.053129252 -118.290117437 -70.5002183739 -8.74110891449 -9.72417358864 0.00669177763783  -0.187296212813 -0.0536943815101 0.0478996739755 11
115.159048 0 -1067.60978757 -178.509737094 -118.793541484 -70.6419118765 -8.78983766402 -9.60789214369 0.00669177763783  -0.187296212813 -0.0536943815101 0.0478996739755 11
115.211132 0  -1071.2927659 -178.968832058 -119.291307097 -70.7838784814 -8.84100275401 -9.50654783325 0.00669177763783  -0.187296212813 -0.0536943815101 0.0478996739755 11
115.263215 0 -1074.98314026 -179.430796522 -119.784080575 -70.9277362078 -8.89920929995  -9.4179135237 0.00669177763783  -0.187296212813 -0.0536943815101 0.0478996739755 11
115.315299 0 -1078.68128866 -179.896223327 -120.272263252 -71.0825462124 -8.97507028916 -9.32708936618 0.00669177763783  -0.187296212813 -0.0536943815101 0.0478996739755 11
115.367383 0 -1082.38789826 -180.366054871  -120.75565817 -71.2485193982 -9.06743778788 -9.24471484018 0.00669177763783  -0.187296212813 -0.0536943815101 0.0478996739755 11
115.419466 0 -1086.10313892 -180.841088103 -121.235942659 -71.4176260257    -9.17363731 -9.20240665766 0.00669177763783  -0.187296212813 -0.0536943815101 0.0478996739755 11
115.47155 0 -1089.82722523 -181.321667219 -121.714965726    -71.5865267 -9.28027636082 -9.19140219178 0.00669177763783  -0.187296212813 -0.0536943815101 0.0478996739755 11
115.523629 0 -1093.55980233 -181.807682329 -122.193737315 -71.7568921267 -9.38252310986 -9.19633384179 0.00669177763783  -0.187296212813 -0.0536943815101 0.0478996739755 11
115.575717 0 -1097.30180912 -182.298736648 -122.673155651 -71.9243609244  -9.4691936842 -9.20806778583 0.00669177763783  -0.187296212813 -0.0536943815101 0.0478996739755 11
115.627801 0 -1101.05228002  -182.79376843  -123.15311842 -72.0893751224 -9.53715215388 -9.22593583316 0.00669177763783  -0.187296212813 -0.0536943815101 0.0478996739755 11
115.679884 0 -1104.81106918  -183.29177949 -123.634214994 -72.2486202632 -9.58560774184 -9.25099955803 0.00669177763783  -0.187296212813 -0.0536943815101 0.0478996739755 11
115.731968 0 -1108.57831084 -183.791980652 -124.116466523 -72.4156824772  -9.6213363204 -9.26149678411 0.00669177763783  -0.187296212813 -0.0536943815101 0.0478996739755 11
115.784051 0 -1112.35464265 -184.293657674 -124.598864528 -72.5987799166 -9.64250676385 -9.26624644652 0.00669177763783  -0.187296212813 -0.0536943815101 0.0478996739755 11
115.836134 0 -1116.14097074 -184.796205164 -125.082281663 -72.8030507041 -9.65439473419 -9.30074197358 0.00669177763783  -0.187296212813 -0.0536943815101 0.0478996739755 11
115.888218 0 -1119.93881599 -185.299164046  -125.56840187 -73.0362509426  -9.6582232173 -9.37412042363 0.00669177763783  -0.187296212813 -0.0536943815101 0.0478996739755 11
115.940302 0 -1123.74944738 -185.802113216  -126.05956089 -73.2909336361 -9.65386811504 -9.49498617611 0.00669177763783  -0.187296212813 -0.0536943815101 0.0478996739755 11
115.99238 0 -1127.57308728 -186.304817277  -126.55799234 -73.5540642025 -9.65067048504 -9.64899517423 0.00669177763783  -0.187296212813 -0.0536943815101 0.0478996739755 11
116.044469 0 -1131.41182441 -186.807360331 -127.064574987 -73.8409476283 -9.64303987511 -9.80153512933 0.00669177763783  -0.187296212813 -0.0536943815101 0.0478996739755 11
116.096553 0 -1135.26532247 -187.309510962 -127.579192124 -74.1301950334 -9.63841453492 -9.96074236864 0.00669177763783  -0.187296212813 -0.0536943815101 0.0478996739755 11
116.148636 0 -1139.13364396 -187.811287538 -128.102132341 -74.4161863231 -9.63114902481 -10.1172341934 0.00669177763783  -0.187296212813 -0.0536943815101 0.0478996739755 11
116.200741 0  -1143.0188885 -188.313078733 -128.632679827 -74.7145234951 -9.62799047668 -10.2448897516 0.00669177763783  -0.187296212813 -0.0536943815101 0.0478996739755 11
116.252803 0 -1146.91597976 -188.814220176 -129.169081532 -74.9888206342 -9.62237466989 -10.3626917751 0.00669177763783  -0.187296212813 -0.0536943815101 0.0478996739755 11
116.304887 0  -1150.8284839 -189.315364227 -129.711490652 -75.2493286171 -9.61879175283 -10.4559685478 0.00669177763783  -0.187296212813 -0.0536943815101 0.0478996739755 11
116.35697 0 -1154.75408552  -189.81624214 -130.257733298   -75.49008723 -9.61478733931 -10.5145749001 0.00669177763783  -0.187296212813 -0.0536943815101 0.0478996739755 11
116.409053 0 -1158.69142793 -190.317015488 -130.806274299 -75.7006858016 -9.61410588896  -10.546974648 0.00669177763783  -0.187296212813 -0.0536943815101 0.0478996739755 11
116.461132 0 -1162.63864697 -190.817701842 -131.356016608 -75.8807414789  -9.6141891303 -10.5644360688 0.00669177763783  -0.187296212813 -0.0536943815101 0.0478996739755 11
116.513221 0 -1166.59545658 -191.318517071 -131.906354668 -76.0412914834 -9.61570066745 -10.5664997686 0.00669177763783  -0.187296212813 -0.0536943815101 0.0478996739755 11
116.565304 0 -1170.55966264 -191.819484733 -132.456933069 -76.1842028483 -9.62354002941 -10.5735437821 0.00669177763783  -0.187296212813 -0.0536943815101 0.0478996739755 11
116.617389 0 -1174.53115388 -192.321076424 -133.007876986  -76.316263575 -9.63800804868 -10.5813694773 0.00669177763783  -0.187296212813 -0.0536943815101 0.0478996739755 11
116.669471 0 -1178.50908044 -192.823443296 -133.559147121 -76.4409050647 -9.65619764987 -10.5860082192 0.00669177763783  -0.187296212813 -0.0536943815101 0.0478996739755 11
116.721555 0 -1182.49362112 -193.326914427  -134.11060483 -76.5629950221  -9.6792712869 -10.5917275423 0.00669177763783  -0.187296212813 -0.0536943815101 0.0478996739755 11
116.773638 0 -1186.48443506 -193.831647873 -134.662381702 -76.6852182169 -9.70439555948 -10.5977641444 0.00669177763783  -0.187296212813 -0.0536943815101 0.0478996739755 11
116.825722 0 -1190.48163745 -194.337704842 -135.214578238 -76.8074869997 -9.72930712549 -10.6030007686 0.00669177763783  -0.187296212813 -0.0536943815101 0.0478996739755 11
116.877806 0 -1194.48546325 -194.845070251 -135.766559592 -76.9390671501 -9.75358448593 -10.5935404877 0.00669177763783  -0.187296212813 -0.0536943815101 0.0478996739755 11
116.929889 0 -1198.49627453 -195.353765338 -136.318414859 -77.0788554277 -9.78044329965 -10.5989264832 0.00669177763783  -0.187296212813 -0.0536943815101 0.0478996739755 11
116.981973 0 -1202.51477769 -195.863824695 -136.870641164 -77.2289428945 -9.80594330577 -10.6121060689 0.00669177763783  -0.187296212813 -0.0536943815101 0.0478996739755 11
117.034056 0 -1206.54109072 -196.375174748 -137.424049703 -77.3851744355 -9.82974607473 -10.6383653887 0.00669177763783  -0.187296212813 -0.0536943815101 0.0478996739755 11
117.08614 0 -1210.57587309 -196.887692666 -137.979042113 -77.5509570434 -9.85214033742 -10.6737877674 0.00669177763783  -0.187296212813 -0.0536943815101 0.0478996739755 11
117.138223 0 -1214.61970102 -197.401309621 -138.535635081 -77.7336848253 -9.87126717347 -10.7007814891 0.00669177763783  -0.187296212813 -0.0536943815101 0.0478996739755 11
117.190307 0  -1218.6734254 -197.915920786 -139.093708605 -77.9297803942 -9.89086768674 -10.7285768125 0.00669177763783  -0.187296212813 -0.0536943815101 0.0478996739755 11
117.24239 0 -1222.73766935 -198.431673625 -139.653391324 -78.1398537984 -9.91540261926 -10.7673982528 0.00669177763783  -0.187296212813 -0.0536943815101 0.0478996739755 11
117.294474 0 -1226.81301184 -198.948987279 -140.215659335 -78.3527067678 -9.94946285561  -10.826614367 0.00669177763783  -0.187296212813 -0.0536943815101 0.0478996739755 11
117.346557 0 -1230.89955936 -199.468270598 -140.781353299 -78.5713166348 -9.99339076826 -10.8999644371 0.00669177763783  -0.187296212813 -0.0536943815101 0.0478996739755 11
117.398641 0 -1234.99756569 -199.990122075 -141.351218973 -78.7927434495 -10.0467070324 -10.9794522749 0.00669177763783  -0.187296212813 -0.0536943815101 0.0478996739755 11
117.450724 0 -1239.10730134 -200.514917959 -141.924830365 -79.0237933409 -10.1077693148 -11.0430022323 0.00669177763783  -0.187296212813 -0.0536943815101 0.0478996739755 11
117.502808 0 -1243.22939789 -201.043035914 -142.501211073 -79.2628261166 -10.1711236102 -11.0881370752 0.00669177763783  -0.187296212813 -0.0536943815101 0.0478996739755 11
117.554891 0 -1247.36364306 -201.574503234 -143.079923539 -79.4891177875  -10.235272573 -11.1381917639 0.00669177763783  -0.187296212813 -0.0536943815101 0.0478996739755 11
117.606975 0 -1251.50950729 -202.109309877  -143.66136061 -79.7064458584  -10.298886043 -11.1907032299 0.00669177763783  -0.187296212813 -0.0536943815101 0.0478996739755 11
117.659058 0 -1255.66611952 -202.647357254 -144.245738559 -79.9068791983 -10.3614711414 -11.2490573802 0.00669177763783  -0.187296212813 -0.0536943815101 0.0478996739755 11
117.711142 0 -1259.83287667 -203.188349268 -144.832882334 -80.0937044768 -10.4109302949 -11.2919503375 0.00669177763783  -0.187296212813 -0.0536943815101 0.0478996739755 11
117.763226 0  -1264.0091835 -203.731759058 -145.421577773 -80.2726992528 -10.4541593138 -11.3095037545 0.00669177763783  -0.187296212813 -0.0536943815101 0.0478996739755 11
117.815309 0 -1268.19438936 -204.277224434 -146.010717755 -80.4359953699 -10.4903986575  -11.315556904 0.00669177763783  -0.187296212813 -0.0536943815101 0.0478996739755 11
117.867393 0 -1272.38774106 -204.824501008 -146.600152275 -80.5833917455 -10.5230393834 -11.3209085541 0.00669177763783  -0.187296212813 -0.0536943815101 0.0478996739755 11
117.919476 0 -1276.58835148  -205.37339965 -147.189986672 -80.7199055292 -10.5551600073 -11.3281259906 0.00669177763783  -0.187296212813 -0.0536943815101 0.0478996739755 11
117.97156 0 -1280.79591929 -205.924101286 -147.780246364 -80.8469228065 -10.5887855283 -11.3387982691 0.00669177763783  -0.187296212813 -0.0536943815101 0.0478996739755 11
118.023644 0 -1285.00984752 -206.476288832  -148.37145729 -80.9653050531 -10.6131058889 -11.3654172082 0.00669177763783  -0.187296212813 -0.0536943815101 0.0478996739755 11
118.075727 0 -1289.22974843 -207.029565257 -148.964481119 -81.0785181164 -10.6316435498 -11.4112162401 0.00669177763783  -0.187296212813 -0.0536943815101 0.0478996739755 11
118.12781 0  -1293.4554678 -207.583779357 -149.560332725 -81.1899024375 -10.6479914936 -11.4729832689 0.00669177763783  -0.187296212813 -0.0536943815101 0.0478996739755 11
118.179894 0 -1297.68717159 -208.138836145 -150.159543948 -81.3067400798 -10.6656076776 -11.5369705007 0.00669177763783  -0.187296212813 -0.0536943815101 0.0478996739755 11
118.231977 0 -1301.92497741 -208.694843847 -150.762476816 -81.4266613207 -10.6828692293 -11.6170623663 0.00669177763783  -0.187296212813 -0.0536943815101 0.0478996739755 11
118.284061 0 -1306.16929356  -209.25149557 -151.369584759 -81.5543919453 -10.6904419185  -11.692734961 0.00669177763783  -0.187296212813 -0.0536943815101 0.0478996739755 11
118.336145 0 -1310.42042533  -209.80831977 -151.980554154 -81.6879269474 -10.6898656486 -11.7667225419 0.00669177763783  -0.187296212813 -0.0536943815101 0.0478996739755 11
118.388227 0 -1314.67853604 -210.365068887 -152.595312657 -81.8260106067 -10.6891346017 -11.8439805992 0.00669177763783  -0.187296212813 -0.0536943815101 0.0478996739755 11
118.440312 0 -1318.94417705 -210.921863467 -153.214302224 -81.9703277883 -10.6901620739 -11.9238413603 0.00669177763783  -0.187296212813 -0.0536943815101 0.0478996739755 11
118.492395 0 -1323.21725962 -211.478606018 -153.837460016 -82.1191861325 -10.6891755918  -12.003671904 0.00669177763783  -0.187296212813 -0.0536943815101 0.0478996739755 11
118.544478 0 -1327.49830545 -212.035258835 -154.464370395 -82.2765530657 -10.6857958689 -12.0661755773 0.00669177763783  -0.187296212813 -0.0536943815101 0.0478996739755 11
118.596562 0 -1331.78778604 -212.591731927 -155.094223085 -82.4374719593 -10.6831411674 -12.1192716992 0.00669177763783  -0.187296212813 -0.0536943815101 0.0478996739755 11
118.648646 0 -1336.08576846 -213.148076787 -155.726572557 -82.6027359327 -10.6817333957 -12.1637561984 0.00669177763783  -0.187296212813 -0.0536943815101 0.0478996739755 11
118.700729 0 -1340.39235516 -213.704449188 -156.361045913 -82.7733518954 -10.6834136647 -12.1969422158 0.00669177763783  -0.187296212813 -0.0536943815101 0.0478996739755 11
118.752813 0  -1344.7080721 -214.260909675 -156.996815183 -82.9492479423 -10.6846370302 -12.2158016405 0.00669177763783  -0.187296212813 -0.0536943815101 0.0478996739755 11
118.804897 0  -1349.0330243 -214.817425959 -157.633379091 -83.1282462219 -10.6846039218 -12.2229357211 0.00669177763783  -0.187296212813 -0.0536943815101 0.0478996739755 11
118.856975 0 -1353.36694774  -215.37376407 -158.269703664 -83.3116155269 -10.6822500153 -12.2125390021 0.00669177763783  -0.187296212813 -0.0536943815101 0.0478996739755 11
118.909064 0  -1357.7115236  -215.93002371 -158.905003293 -83.5009858274 -10.6754918704 -12.1807539344 0.00669177763783  -0.187296212813 -0.0536943815101 0.0478996739755 11
118.961147 0 -1362.06553239 -216.485821722  -159.53816161 -83.6959046676 -10.6674901573 -12.1290156863 0.00669177763783  -0.187296212813 -0.0536943815101 0.0478996739755 11
119.013231 0 -1366.42976417 -217.041242274 -160.168526632 -83.8892459589 -10.6600349762   -12.07589488 0.00669177763783  -0.187296212813 -0.0536943815101 0.0478996739755 11
119.065314 0 -1370.80391129 -217.596222871 -160.796342055 -84.0795769404  -10.651140497 -12.0310612789 0.00669177763783  -0.187296212813 -0.0536943815101 0.0478996739755 11
119.117398 0 -1375.18807433 -218.150725233 -161.421905177   -84.26793333 -10.6426994631 -11.9947511758 0.00669177763783  -0.187296212813 -0.0536943815101 0.0478996739755 11
119.169481 0 -1379.58190462 -218.704778951 -162.045676483 -84.4547255268 -10.6327146212 -11.9614832862 0.00669177763783  -0.187296212813 -0.0536943815101 0.0478996739755 11
119.221564 0 -1383.98540012 -219.258344455  -162.66795236 -84.6420324923 -10.6244732749 -11.9324147629 0.00669177763783  -0.187296212813 -0.0536943815101 0.0478996739755 11
119.273648 0  -1388.3988134 -219.811497099 -163.288891019 -84.8331351217 -10.6160876956  -11.909227003 0.00669177763783  -0.187296212813 -0.0536943815101 0.0478996739755 11
119.325732 0 -1392.82281212 -220.364096095 -163.907915473  -85.049742795 -10.6036368485 -11.8624606232 0.00669177763783  -0.187296212813 -0.0536943815101 0.0478996739755 11
119.377816 0 -1397.25840511 -220.916060467 -164.525531278 -85.2745526774 -10.5918070092 -11.8668284118 0.00669177763783  -0.187296212813 -0.0536943815101 0.0478996739755 11
119.429899 0 -1401.70564995 -221.467374374 -165.144903186 -85.5020739631 -10.5787021042 -11.9231397109 0.00669177763783  -0.187296212813 -0.0536943815101 0.0478996739755 11
119.481982 0 -1406.16474851 -222.018032336 -165.768073797 -85.7307427936  -10.567249886  -12.005925556 0.00669177763783  -0.187296212813 -0.0536943815101 0.0478996739755 11
119.534066 0 -1410.63572571 -222.568148243 -166.396114337 -85.9478341793 -10.5563808024 -12.1165482708 0.00669177763783  -0.187296212813 -0.0536943815101 0.0478996739755 11
119.586149 0 -1415.11771441 -223.117784619 -167.030073697 -86.1609514684  -10.549753855 -12.2252886346 0.00669177763783  -0.187296212813 -0.0536943815101 0.0478996739755 11
119.638233 0 -1419.61085609 -223.667182006 -167.669214417 -86.3725454559  -10.547938214 -12.3129491518 0.00669177763783  -0.187296212813 -0.0536943815101 0.0478996739755 11
119.690316 0 -1424.11482479 -224.216633078 -168.312251803  -86.580119325 -10.5531305732 -12.3747145799 0.00669177763783  -0.187296212813 -0.0536943815101 0.0478996739755 11
119.7424 0 -1428.62947161 -224.766674957 -168.957993871 -86.7812921369 -10.5691028158 -12.4155185128 0.00669177763783  -0.187296212813 -0.0536943815101 0.0478996739755 11
119.794483 0 -1433.15449225 -225.317617843  -169.60525749 -86.9782955898 -10.5874070106 -12.4432381349 0.00669177763783  -0.187296212813 -0.0536943815101 0.0478996739755 11
119.84657 0   -1437.689909  -225.86959729 -170.254405539 -87.1672374171 -10.6049460898 -12.4886620957 0.00669177763783  -0.187296212813 -0.0536943815101 0.0478996739755 11
119.89865 0 -1442.23424958 -226.422342912 -170.906852172 -87.3445664169 -10.6223752737 -12.5742023993 0.00669177763783  -0.187296212813 -0.0536943815101 0.0478996739755 11
119.950734 0   -1446.787865 -226.975997925 -171.564796994  -87.511095867 -10.6382428927 -12.6928483663 0.00669177763783  -0.187296212813 -0.0536943815101 0.0478996739755 11
120.002817 0  -1451.3499625 -227.530430561 -172.229126104 -87.6765923421 -10.6532543527 -12.8134286018 0.00669177763783  -0.187296212813 -0.0536943815101 0.0478996739755 11
120.054901 0 -1455.92101726 -228.085614403 -172.899000965 -87.8494167912 -10.6674844284 -12.9087128095 0.00669177763783  -0.187296212813 -0.0536943815101 0.0478996739755 11
120.106984 0 -1460.50095432 -228.641551778 -173.573443357 -88.0209153013 -10.6821138715 -12.9877685412 0.00669177763783  -0.187296212813 -0.0536943815101 0.0478996739755 11
120.159068 0 -1465.08977756 -229.198338308 -174.251792574 -88.1872345545 -10.6985071312 -13.0577485759 0.00669177763783  -0.187296212813 -0.0536943815101 0.0478996739755 11
120.211151 0 -1469.68710372 -229.756013929 -174.933422975 -88.3503868684 -10.7178141056 -13.1163948846 0.00669177763783  -0.187296212813 -0.0536943815101 0.0478996739755 11
120.263235 0 -1474.29293468 -230.314808635 -175.617897733 -88.5106249656 -10.7409770327 -13.1665830851 0.00669177763783  -0.187296212813 -0.0536943815101 0.0478996739755 11
120.315314 0   -1478.906584  -230.87475848 -176.304899801  -88.668329753 -10.7634850306 -13.2157257305 0.00669177763783  -0.187296212813 -0.0536943815101 0.0478996739755 11
120.367403 0 -1483.52928832 -231.436033644 -176.994540472 -88.8241982444 -10.7865981056 -13.2626262996 0.00669177763783  -0.187296212813 -0.0536943815101 0.0478996739755 11
120.419486 0 -1488.15962777 -231.998543882 -177.686377488 -88.9826080282 -10.8154456589 -13.3055341749 0.00669177763783  -0.187296212813 -0.0536943815101 0.0478996739755 11
120.47157 0 -1492.79834786 -232.562626041 -178.380441422 -89.1411198426  -10.845657139 -13.3494569736 0.00669177763783  -0.187296212813 -0.0536943815101 0.0478996739755 11
120.523652 0 -1497.44516202 -233.128324892 -179.076986532 -89.3040681507 -10.8797578242  -13.393235976 0.00669177763783  -0.187296212813 -0.0536943815101 0.0478996739755 11
120.575736 0 -1502.10083549 -233.695908719 -179.775535599 -89.4717934488 -10.9160211561 -13.4319113468 0.00669177763783  -0.187296212813 -0.0536943815101 0.0478996739755 11
120.627819 0 -1506.76515286 -234.265421202 -180.476200137 -89.6382820185 -10.9527184874 -13.4757664534 0.00669177763783  -0.187296212813 -0.0536943815101 0.0478996739755 11
120.679903 0  -1511.4383434 -234.836764724 -181.179109174 -89.8087778133    -10.9864146 -13.5180197534 0.00669177763783  -0.187296212813 -0.0536943815101 0.0478996739755 11
120.731986 0 -1516.12031325 -235.409851401 -181.884259407 -89.9797176806 -11.0190337697 -13.5608074472 0.00669177763783  -0.187296212813 -0.0536943815101 0.0478996739755 11
120.784066 0 -1520.81088823 -235.984600938 -182.591745077 -90.1515474599 -11.0537652509 -13.6047968066 0.00669177763783  -0.187296212813 -0.0536943815101 0.0478996739755 11
120.836153 0 -1525.51128879 -236.561486084 -183.301077037 -90.3319121981  -11.097583948 -13.6308310374 0.00669177763783  -0.187296212813 -0.0536943815101 0.0478996739755 11
120.888237 0 -1530.22088461 -237.140701521 -184.011395334 -90.5140042766 -11.1419990374 -13.6446139812 0.00669177763783  -0.187296212813 -0.0536943815101 0.0478996739755 11
120.94032 0 -1534.93993351 -237.722005645 -184.722491947 -90.6964944132 -11.1781781743 -13.6638764316 0.00669177763783  -0.187296212813 -0.0536943815101 0.0478996739755 11
120.992404 0 -1539.66843711 -238.305259749 -185.434843845 -90.8768533009 -11.2161489638 -13.6876577811 0.00669177763783  -0.187296212813 -0.0536943815101 0.0478996739755 11
121.044488 0 -1544.40630456 -238.890474377 -186.148513319  -91.055399116 -11.2546099847 -13.7177679956 0.00669177763783  -0.187296212813 -0.0536943815101 0.0478996739755 11
121.096571 0 -1549.15358462 -239.477573654 -186.863541294 -91.2396605608 -11.2872466061  -13.742521258 0.00669177763783  -0.187296212813 -0.0536943815101 0.0478996739755 11
121.148654 0 -1553.91041911 -240.066167256 -187.580100237 -91.4248697253 -11.3140959914 -13.7724304745 0.00669177763783  -0.187296212813 -0.0536943815101 0.0478996739755 11
121.200738 0 -1558.67699344 -240.656128596 -188.298325551 -91.6096010199 -11.3379159691 -13.8064582847 0.00669177763783  -0.187296212813 -0.0536943815101 0.0478996739755 11
121.252821 0 -1563.45303803 -241.247066961 -189.018292664  -91.793716081 -11.3548237304 -13.8381356315 0.00669177763783  -0.187296212813 -0.0536943815101 0.0478996739755 11
121.304905 0 -1568.23887738 -241.838854464 -189.739716968 -91.9787018605 -11.3688187011 -13.8678979061 0.00669177763783  -0.187296212813 -0.0536943815101 0.0478996739755 11
121.356989 0 -1573.03434961 -242.431237547 -190.462668492 -92.1646985912 -11.3781073446 -13.8949530953 0.00669177763783  -0.187296212813 -0.0536943815101 0.0478996739755 11
121.409072 0 -1577.83944718 -243.024136445 -191.186923292 -92.3531468389 -11.3889457587 -13.9158106736 0.00669177763783  -0.187296212813 -0.0536943815101 0.0478996739755 11
121.461155 0 -1582.65431511 -243.617535744 -191.912520867 -92.5395751958 -11.3971023543 -13.9469894172 0.00669177763783  -0.187296212813 -0.0536943815101 0.0478996739755 11
121.513239 0  -1587.4790357 -244.211338737  -192.63986418 -92.7264577326 -11.4034254492 -13.9826172359 0.00669177763783  -0.187296212813 -0.0536943815101 0.0478996739755 11
121.565322 0 -1592.31346063 -244.805440974  -193.36889922   -92.91644243 -11.4097028971 -14.0133427257 0.00669177763783  -0.187296212813 -0.0536943815101 0.0478996739755 11
121.617417 0 -1597.15887616 -245.399970152 -194.099780797 -93.1065249003 -11.4163923712 -14.0464164806 0.00669177763783  -0.187296212813 -0.0536943815101 0.0478996739755 11
121.66949 0 -1602.01215407 -245.994537538 -194.832027992 -93.2972563202 -11.4202251081 -14.0764022789 0.00669177763783  -0.187296212813 -0.0536943815101 0.0478996739755 11
121.721573 0 -1606.87626259 -246.589415774 -195.566006276 -93.4860506825 -11.4239911261 -14.1082286583 0.00669177763783  -0.187296212813 -0.0536943815101 0.0478996739755 11
121.773657 0 -1611.75033698 -247.184539606 -196.301606028 -93.6751440715  -11.428910818 -14.1400532678 0.00669177763783  -0.187296212813 -0.0536943815101 0.0478996739755 11
121.82574 0 -1616.63412465 -247.779917315 -197.038850617 -93.8642573855 -11.4333716628 -14.1677743464 0.00669177763783  -0.187296212813 -0.0536943815101 0.0478996739755 11
121.877823 0 -1621.52774168 -248.375512909  -197.77759528 -94.0522321886 -11.4377118335 -14.1990290546 0.00669177763783  -0.187296212813 -0.0536943815101 0.0478996739755 11
121.929907 0 -1626.43124069 -248.971417865  -198.51800125  -94.238916037 -11.4444487147 -14.2343709251 0.00669177763783  -0.187296212813 -0.0536943815101 0.0478996739755 11
121.98199 0 -1631.34434817 -249.567705842 -199.260206382 -94.4273286201 -11.4529514478 -14.2642433012 0.00669177763783  -0.187296212813 -0.0536943815101 0.0478996739755 11
122.034074 0 -1636.26741387 -250.164480979 -200.003857535 -94.6162813975  -11.463743794 -14.2915411201 0.00669177763783  -0.187296212813 -0.0536943815101 0.0478996739755 11
122.086158 0  -1641.2002471 -250.761850631 -200.749163915 -94.8023448944 -11.4748617082 -14.3273423509 0.00669177763783  -0.187296212813 -0.0536943815101 0.0478996739755 11
122.138241 0 -1646.14257933 -251.359782932 -201.496580499 -94.9857077966 -11.4870383135 -14.3738572894 0.00669177763783  -0.187296212813 -0.0536943815101 0.0478996739755 11
122.190324 0 -1651.09448556 -251.958373093 -202.246403033 -95.1675853464  -11.499125792 -14.4224343669 0.00669177763783  -0.187296212813 -0.0536943815101 0.0478996739755 11
122.242404 0 -1656.05559302 -252.557490865 -202.998743915 -95.3511412706  -11.509875404 -14.4681976235 0.00669177763783  -0.187296212813 -0.0536943815101 0.0478996739755 11
122.294492 0 -1661.02700586 -253.157320473 -203.753519805 -95.5345512034 -11.5223772311 -14.5108937998 0.00669177763783  -0.187296212813 -0.0536943815101 0.0478996739755 11
122.346575 0 -1666.00758304 -253.757833029 -204.510233267 -95.7194073885 -11.5366079186 -14.5481674069 0.00669177763783  -0.187296212813 -0.0536943815101 0.0478996739755 11
122.398659 0 -1670.99774388 -254.359072556 -205.269084695 -95.8994879659 -11.5507500807 -14.5918693001 0.00669177763783  -0.187296212813 -0.0536943815101 0.0478996739755 11
122.450742 0 -1675.99715155 -254.960994413 -206.030143179 -96.0792202223 -11.5637174923 -14.6311645472 0.00669177763783  -0.187296212813 -0.0536943815101 0.0478996739755 11
122.502825 0  -1681.0057968 -255.563572775 -206.793206457 -96.2559566249 -11.5767419083 -14.6686877884 0.00669177763783  -0.187296212813 -0.0536943815101 0.0478996739755 11
122.554909 0 -1686.02376809 -256.166877311 -207.558193162  -96.431679502 -11.5911243926  -14.708015306 0.00669177763783  -0.187296212813 -0.0536943815101 0.0478996739755 11
122.606993 0 -1691.05091799 -256.770916332 -208.325245672 -96.6084958794 -11.6029162315 -14.7457945739 0.00669177763783  -0.187296212813 -0.0536943815101 0.0478996739755 11
122.659076 0 -1696.08718553 -257.375618828 -209.094251097 -96.7862714622 -11.6185806979 -14.7833497815 0.00669177763783  -0.187296212813 -0.0536943815101 0.0478996739755 11
122.711158 0 -1701.13265955 -257.981068117 -209.865051579 -96.9660015672 -11.6314606262 -14.8166266326 0.00669177763783  -0.187296212813 -0.0536943815101 0.0478996739755 11
122.763243 0 -1706.18783408 -258.587290771 -210.637706404 -97.1457629184 -11.6462893732 -14.8553217561 0.00669177763783  -0.187296212813 -0.0536943815101 0.0478996739755 11
122.815326 0 -1711.25222542 -259.194253269 -211.412412496 -97.3284041408 -11.6604131659  -14.893067505 0.00669177763783  -0.187296212813 -0.0536943815101 0.0478996739755 11
122.86741 0 -1716.32622406 -259.801926607 -212.189141721 -97.5120843154 -11.6732989326  -14.931578871 0.00669177763783  -0.187296212813 -0.0536943815101 0.0478996739755 11
122.919493 0  -1721.4097932 -260.410326416 -212.967791516 -97.6983280166 -11.6870569082 -14.9696490237 0.00669177763783  -0.187296212813 -0.0536943815101 0.0478996739755 11
122.971577 0 -1726.50324023 -261.019393911 -213.748355698 -97.8879630373 -11.6998502612 -15.0046300011 0.00669177763783  -0.187296212813 -0.0536943815101 0.0478996739755 11
123.02366 0 -1731.60642336  -261.62903078 -214.530929767 -98.0771319231 -11.7098722436 -15.0441905729 0.00669177763783  -0.187296212813 -0.0536943815101 0.0478996739755 11
123.075744 0 -1736.71967446 -262.239135068  -215.31549523 -98.2681543918  -11.717619318 -15.0844670339 0.00669177763783  -0.187296212813 -0.0536943815101 0.0478996739755 11
123.127827 0 -1741.84281268 -262.849557834  -216.10213454 -98.4612122824 -11.7214105005 -15.1230109533 0.00669177763783  -0.187296212813 -0.0536943815101 0.0478996739755 11
123.179906 0 -1746.97561497 -263.460010511 -216.890678847 -98.6558222613 -11.7222488066 -15.1591749913 0.00669177763783  -0.187296212813 -0.0536943815101 0.0478996739755 11
123.231994 0  -1752.1194303 -264.070660054 -217.681365344 -98.8491860332 -11.7230397385 -15.2009672785 0.00669177763783  -0.187296212813 -0.0536943815101 0.0478996739755 11
123.284078 0 -1757.27304889 -264.681222452 -218.474013865  -99.047112342 -11.7229435014 -15.2379363392 0.00669177763783  -0.187296212813 -0.0536943815101 0.0478996739755 11
123.336162 0 -1762.43685565 -265.291726731 -219.268862411 -99.2414744516 -11.7188819417 -15.2827672239 0.00669177763783  -0.187296212813 -0.0536943815101 0.0478996739755 11
123.388245 0 -1767.61072951 -265.901916467 -220.066038355 -99.4369849083 -11.7119052413  -15.329557839 0.00669177763783  -0.187296212813 -0.0536943815101 0.0478996739755 11
123.440328 0  -1772.7949316 -266.511662406 -220.865573133 -99.6372027672 -11.7022796448 -15.3742737961 0.00669177763783  -0.187296212813 -0.0536943815101 0.0478996739755 11
123.492411 0 -1777.98969503  -267.12092861 -221.667407362 -99.8430953896 -11.6919258743 -15.4158374238 0.00669177763783  -0.187296212813 -0.0536943815101 0.0478996739755 11
123.544495 0 -1783.19528738  -267.72959698 -222.471447314 -100.049323441  -11.679594643 -15.4575340583 0.00669177763783  -0.187296212813 -0.0536943815101 0.0478996739755 11
123.596578 0 -1788.41158449 -268.337443807 -223.277547038 -100.255754374 -11.6611350132 -15.4981563307 0.00669177763783  -0.187296212813 -0.0536943815101 0.0478996739755 11
123.648662 0 -1793.63875109 -268.944264154 -224.085847213 -100.464622854  -11.639884995 -15.5394556026 0.00669177763783  -0.187296212813 -0.0536943815101 0.0478996739755 11
123.700745 0 -1798.87659261  -269.54984073 -224.896408825 -100.670052431 -11.6141594661 -15.5836612583 0.00669177763783  -0.187296212813 -0.0536943815101 0.0478996739755 11
123.752829 0  -1804.1251921 -270.154095047 -225.709353812 -100.872466392 -11.5877238323  -15.633209348 0.00669177763783  -0.187296212813 -0.0536943815101 0.0478996739755 11
123.804912 0 -1809.38433642 -270.756989298  -226.52458485 -101.078621548  -11.562146633 -15.6726621087 0.00669177763783  -0.187296212813 -0.0536943815101 0.0478996739755 11
123.856996 0 -1814.65424236 -271.358583028 -227.341865688  -101.28362484  -11.538686511 -15.7085804741 0.00669177763783  -0.187296212813 -0.0536943815101 0.0478996739755 11
123.90908 0 -1819.93489437 -271.959130978 -228.160955455 -101.488094111 -11.5231343398 -15.7454776389 0.00669177763783  -0.187296212813 -0.0536943815101 0.0478996739755 11
123.961162 0 -1825.22596787 -272.559014136 -228.981971475  -101.69326526 -11.5134188803 -15.7831322429 0.00669177763783  -0.187296212813 -0.0536943815101 0.0478996739755 11
124.013246 0  -1830.5277546  -273.15851839 -229.805155579  -101.89437434 -11.5079799954 -15.8248353723 0.00669177763783  -0.187296212813 -0.0536943815101 0.0478996739755 11
124.06533 0 -1835.84007878 -273.757847486  -230.63042489 -102.095077626 -11.5070222289 -15.8667266896 0.00669177763783  -0.187296212813 -0.0536943815101 0.0478996739755 11
124.117413 0 -1841.16284272  -274.35724941 -231.457839909 -102.298140052 -11.5091726696 -15.9082111616 0.00669177763783  -0.187296212813 -0.0536943815101 0.0478996739755 11
124.169496 0 -1846.49612191 -274.956758958 -232.287345104  -102.50117068 -11.5119052245 -15.9436791646 0.00669177763783  -0.187296212813 -0.0536943815101 0.0478996739755 11
124.22158 0 -1851.84000197 -275.556481479 -233.118989008 -102.699697285 -11.5157233949 -15.9909223459 0.00669177763783  -0.187296212813 -0.0536943815101 0.0478996739755 11
124.273663 0 -1857.19417516 -276.156424263 -233.952888353 -102.901100575 -11.5218122898 -16.0323705328 0.00669177763783  -0.187296212813 -0.0536943815101 0.0478996739755 11
124.325747 0 -1862.55882887 -276.756688339 -234.789015689 -103.100981499 -11.5273500067 -16.0712647416 0.00669177763783  -0.187296212813 -0.0536943815101 0.0478996739755 11
124.37783 0 -1867.93383799 -277.357243398 -235.626924756 -103.300106774  -11.535753749 -16.1060385453 0.00669177763783  -0.187296212813 -0.0536943815101 0.0478996739755 11
124.429914 0 -1873.31935497 -277.958432953  -236.46681548 -103.499397783 -11.5487653115 -16.1463866959 0.00669177763783  -0.187296212813 -0.0536943815101 0.0478996739755 11
124.481997 0 -1878.71508256 -278.560265468 -237.308766069  -103.69794146 -11.5606855315 -16.1839341005 0.00669177763783  -0.187296212813 -0.0536943815101 0.0478996739755 11
124.534081 0  -1884.1211825 -279.162689636 -238.152817591 -103.893903306 -11.5723158117 -16.2269128152 0.00669177763783  -0.187296212813 -0.0536943815101 0.0478996739755 11
124.586164 0 -1889.53749658 -279.765789356 -238.998909366 -104.091573417 -11.5863607752 -16.2640809296 0.00669177763783  -0.187296212813 -0.0536943815101 0.0478996739755 11
124.63825 0 -1894.96440142  -280.36965001 -239.847089851 -104.291133794 -11.6009664518 -16.3020134336 0.00669177763783  -0.187296212813 -0.0536943815101 0.0478996739755 11
124.690331 0 -1900.40115124 -280.974258092 -240.697129196 -104.488735916 -11.6160034421 -16.3414094144 0.00669177763783  -0.187296212813 -0.0536943815101 0.0478996739755 11
124.742414 0 -1905.84840268 -281.579718804 -241.549217404 -104.687491255 -11.6338865961 -16.3776892545 0.00669177763783  -0.187296212813 -0.0536943815101 0.0478996739755 11
124.794498 0 -1911.30607396 -282.186175719  -242.40332296 -104.884084966 -11.6527088125 -16.4197182225 0.00669177763783  -0.187296212813 -0.0536943815101 0.0478996739755 11
124.846581 0 -1916.77385112 -282.793589612 -243.259670406 -105.079499827 -11.6713232167 -16.4665167775 0.00669177763783  -0.187296212813 -0.0536943815101 0.0478996739755 11
124.898665 0 -1922.25183697 -283.402050463 -244.118546438 -105.272024486 -11.6925395829 -16.5142636993 0.00669177763783  -0.187296212813 -0.0536943815101 0.0478996739755 11
124.950748 0 -1927.73979423 -284.011609645 -244.979818942 -105.467150552 -11.7135093666 -16.5562483425 0.00669177763783  -0.187296212813 -0.0536943815101 0.0478996739755 11
125.002832 0 -1933.23796109 -284.622332878 -245.843326606  -105.66067102 -11.7359684974 -16.5984713711 0.00669177763783  -0.187296212813 -0.0536943815101 0.0478996739755 11
125.054915 0 -1938.74617532 -285.234191519 -246.708880166 -105.855174427 -11.7586825078 -16.6393595989 0.00669177763783  -0.187296212813 -0.0536943815101 0.0478996739755 11
125.106997 0 -1944.26444818 -285.847217608 -247.576349869 -106.051211004 -11.7813955206 -16.6732222045 0.00669177763783  -0.187296212813 -0.0536943815101 0.0478996739755 11
125.159082 0   -1949.793191 -286.461407387 -248.445723687 -106.246466802 -11.8035506188 -16.7098613892 0.00669177763783  -0.187296212813 -0.0536943815101 0.0478996739755 11
125.211166 0 -1955.33198428 -287.076723159 -249.317016483 -106.440118606 -11.8236368889 -16.7489847569 0.00669177763783  -0.187296212813 -0.0536943815101 0.0478996739755 11
125.263249 0 -1960.88086574 -287.693090861 -250.190345285 -106.637786403 -11.8432257332 -16.7882801597 0.00669177763783  -0.187296212813 -0.0536943815101 0.0478996739755 11
125.315332 0 -1966.44005867 -288.310487126 -251.065757834 -106.836899637 -11.8643389692 -16.8289967885 0.00669177763783  -0.187296212813 -0.0536943815101 0.0478996739755 11
125.367416 0 -1972.00975159 -288.928979838 -251.943513392 -107.036423363 -11.8845364283  -16.875676429 0.00669177763783  -0.187296212813 -0.0536943815101 0.0478996739755 11
125.419499 0 -1977.58979933 -289.548413775 -252.823708343 -107.238966068 -11.9014755581 -16.9242757566 0.00669177763783  -0.187296212813 -0.0536943815101 0.0478996739755 11
125.471582 0 -1983.18043429 -290.168770143 -253.706445182 -107.445057064 -11.9200681437 -16.9703825369 0.00669177763783  -0.187296212813 -0.0536943815101 0.0478996739755 11
125.523666 0 -1988.78190815 -290.789999222 -254.591617722  -107.64836931 -11.9350771104  -17.022399417 0.00669177763783  -0.187296212813 -0.0536943815101 0.0478996739755 11
125.57575 0 -1994.39402871 -291.411885813 -255.479440612 -107.853185905 -11.9466950543 -17.0734413957 0.00669177763783  -0.187296212813 -0.0536943815101 0.0478996739755 11
125.627833 0 -2000.01663147 -292.034394938 -256.370011032 -108.058041592 -11.9589868927    -17.1210734 0.00669177763783  -0.187296212813 -0.0536943815101 0.0478996739755 11
125.679916 0 -2005.65003119 -292.657472985 -257.262718442 -108.265003947 -11.9681487037 -17.1593905902 0.00669177763783  -0.187296212813 -0.0536943815101 0.0478996739755 11
125.732 0 -2011.29418427 -293.281093286  -258.15760263 -108.467430835 -11.9790054964 -17.2049499953 0.00669177763783  -0.187296212813 -0.0536943815101 0.0478996739755 11
125.784083 0 -2016.94870942 -293.905215777 -259.054815617 -108.667873116  -11.988118827 -17.2494083621 0.00669177763783  -0.187296212813 -0.0536943815101 0.0478996739755 11
125.836167 0 -2022.61371677  -294.52978379 -259.954473286 -108.867069089 -11.9948563402 -17.2941750894 0.00669177763783  -0.187296212813 -0.0536943815101 0.0478996739755 11
125.88825 0 -2028.28899968 -295.154536606 -260.856265093 -109.064232629 -11.9971990953 -17.3366845358 0.00669177763783  -0.187296212813 -0.0536943815101 0.0478996739755 11
125.940334 0 -2033.97460853  -295.77941776 -261.760287125 -109.260307967 -11.9961398764 -17.3757465031 0.00669177763783  -0.187296212813 -0.0536943815101 0.0478996739755 11
125.992417 0 -2039.67025475 -296.404054968 -262.666247965 -109.454500838 -11.9907015217 -17.4122969316 0.00669177763783  -0.187296212813 -0.0536943815101 0.0478996739755 11
126.0445 0 -2045.37598143 -297.028407896 -263.574087622 -109.647344992 -11.9840001842 -17.4485622605 0.00669177763783  -0.187296212813 -0.0536943815101 0.0478996739755 11
126.096584 0 -2051.09194459 -297.652440015 -264.483727854 -109.843005714 -11.9800231856  -17.482406229 0.00669177763783  -0.187296212813 -0.0536943815101 0.0478996739755 11
126.148668 0 -2056.81808983 -298.276236657 -265.395237044 -110.039451892 -11.9742017283 -17.5160644931 0.00669177763783  -0.187296212813 -0.0536943815101 0.0478996739755 11
126.200751 0  -2062.5543405  -298.89971469 -266.308607961  -110.23286951 -11.9682590749 -17.5595923997 0.00669177763783  -0.187296212813 -0.0536943815101 0.0478996739755 11
126.252834 0 -2068.30074699  -299.52294811 -267.224195799 -110.429727201 -11.9625832849 -17.5998563499 0.00669177763783  -0.187296212813 -0.0536943815101 0.0478996739755 11
126.304918 0 -2074.05744541 -300.145948466 -268.142018318 -110.626420544 -11.9607541415 -17.6417844432 0.00669177763783  -0.187296212813 -0.0536943815101 0.0478996739755 11
126.357001 0 -2079.82432734 -300.768883784 -269.062082251 -110.823559821 -11.9599014794 -17.6894621796 0.00669177763783  -0.187296212813 -0.0536943815101 0.0478996739755 11
126.409085 0 -2085.60165039 -301.391728247 -269.984638113 -111.023391398 -11.9591242109  -17.735572097 0.00669177763783  -0.187296212813 -0.0536943815101 0.0478996739755 11
126.461168 0 -2091.38938388  -302.01455497 -270.909490679 -111.227938406 -11.9580753433 -17.7771964421 0.00669177763783  -0.187296212813 -0.0536943815101 0.0478996739755 11
126.513251 0 -2097.18782748 -302.637358808 -271.836518515 -111.432892987 -11.9570642477 -17.8228963151 0.00669177763783  -0.187296212813 -0.0536943815101 0.0478996739755 11
126.565333 0 -2102.99687321 -303.260061507 -272.765949725 -111.640206775 -11.9549084832 -17.8684309712 0.00669177763783  -0.187296212813 -0.0536943815101 0.0478996739755 11
126.617418 0 -2108.81706693 -303.882767781 -273.697999901 -111.848960256 -11.9552561653 -17.9187091979 0.00669177763783  -0.187296212813 -0.0536943815101 0.0478996739755 11
126.669502 0 -2114.64805406  -304.50547048 -274.632645722 -112.056787809 -11.9549278739 -17.9720098101 0.00669177763783  -0.187296212813 -0.0536943815101 0.0478996739755 11
126.721585 0 -2120.48979324 -305.128256359 -275.570046095 -112.266377681 -11.9591612899 -18.0251613026 0.00669177763783  -0.187296212813 -0.0536943815101 0.0478996739755 11
126.773669 0 -2126.34246346 -305.751285514  -276.51047774 -112.473378002 -11.9651699012 -18.0863012453 0.00669177763783  -0.187296212813 -0.0536943815101 0.0478996739755 11
126.825752 0 -2132.20591742 -306.374677544 -277.453807947 -112.683316496 -11.9736791229 -18.1396919412 0.00669177763783  -0.187296212813 -0.0536943815101 0.0478996739755 11
126.877836 0 -2138.08030084  -306.99858487 -278.400098183 -112.891873587 -11.9850791456 -18.1948131566 0.00669177763783  -0.187296212813 -0.0536943815101 0.0478996739755 11
126.929919 0 -2143.96543731 -307.623100294  -279.34912743 -113.098592656  -11.997245039 -18.2481419505 0.00669177763783  -0.187296212813 -0.0536943815101 0.0478996739755 11
126.982002 0 -2149.86139732 -308.248356561 -280.300879543 -113.307292058 -12.0127648678 -18.3017228238 0.00669177763783  -0.187296212813 -0.0536943815101 0.0478996739755 11
127.034091 0 -2155.76886191 -308.874547775   -281.2555679 -113.514882655 -12.0287423964 -18.3541030271 0.00669177763783  -0.187296212813 -0.0536943815101 0.0478996739755 11
127.086169 0 -2161.68587654 -309.501415231 -282.212856434 -113.720565934  -12.045602985 -18.4108089623 0.00669177763783  -0.187296212813 -0.0536943815101 0.0478996739755 11
127.138253 0 -2167.61430286 -310.129191859 -283.173179401 -113.928434115 -12.0602660558 -18.4647284307 0.00669177763783  -0.187296212813 -0.0536943815101 0.0478996739755 11
127.190336 0 -2173.55332762 -310.757698657  -284.13639135 -114.132034647 -12.0740323462 -18.5223921894 0.00669177763783  -0.187296212813 -0.0536943815101 0.0478996739755 11
127.242419 0 -2179.50304927 -311.386947869 -285.102577858 -114.338490365 -12.0884868942 -18.5801436138 0.00669177763783  -0.187296212813 -0.0536943815101 0.0478996739755 11
127.294503 0 -2185.46360731 -312.016983448 -286.071867638 -114.544518842 -12.1056215367 -18.6391237655 0.00669177763783  -0.187296212813 -0.0536943815101 0.0478996739755 11
127.346587 0 -2191.43491607 -312.647848329 -287.044135196 -114.751524437 -12.1194677964 -18.6952455785 0.00669177763783  -0.187296212813 -0.0536943815101 0.0478996739755 11
127.39867 0 -2197.41684986  -313.27952025   -288.0194074  -114.95447733 -12.1363658925 -18.7589405461 0.00669177763783  -0.187296212813 -0.0536943815101 0.0478996739755 11
127.450753 0 -2203.40941394 -313.911963328 -288.997927089 -115.162069122 -12.1495091019 -18.8154964914 0.00669177763783  -0.187296212813 -0.0536943815101 0.0478996739755 11
127.502837 0 -2209.41285628 -314.545222645 -289.979531121 -115.367814543 -12.1657744402 -18.8767680984 0.00669177763783  -0.187296212813 -0.0536943815101 0.0478996739755 11
127.55492 0 -2215.42696294 -315.179279981 -290.964197569 -115.575524083 -12.1806892761 -18.9351156536 0.00669177763783  -0.187296212813 -0.0536943815101 0.0478996739755 11
127.607004 0 -2221.45195791 -315.814125212 -291.952023526 -115.782053356  -12.196412372 -18.9956339105 0.00669177763783  -0.187296212813 -0.0536943815101 0.0478996739755 11
127.659087 0  -2227.4875761 -316.449660887 -292.943005649 -115.988653902  -12.209462996 -19.0574235036 0.00669177763783  -0.187296212813 -0.0536943815101 0.0478996739755 11
127.71117 0 -2233.53403326 -317.085883819 -293.937074389 -116.196215812 -12.2229914436 -19.1186023998 0.00669177763783  -0.187296212813 -0.0536943815101 0.0478996739755 11
127.763254 0 -2239.59132591 -317.722840423  -294.93464444 -116.402001719 -12.2378762026 -19.1853094206 0.00669177763783  -0.187296212813 -0.0536943815101 0.0478996739755 11
127.815337 0 -2245.65924002  -318.36052447 -295.935649896 -116.607033067 -12.2500703466 -19.2545158108 0.00669177763783  -0.187296212813 -0.0536943815101 0.0478996739755 11
127.867421 0 -2251.73808144 -318.998919801 -296.940052863 -116.816909829 -12.2630345884 -19.3138360223 0.00669177763783  -0.187296212813 -0.0536943815101 0.0478996739755 11
127.919504 0 -2257.82770314  -319.63788592 -297.947527272 -117.027026232 -12.2745607992 -19.3714669856 0.00669177763783  -0.187296212813 -0.0536943815101 0.0478996739755 11
127.971588 0 -2263.92837377 -320.277520815 -298.958030235 -117.235001095 -12.2860409042 -19.4326099604 0.00669177763783  -0.187296212813 -0.0536943815101 0.0478996739755 11
128.023671 0 -2270.03976285 -320.917737216  -299.97168655 -117.443459045 -12.2994736276 -19.4927230968 0.00669177763783  -0.187296212813 -0.0536943815101 0.0478996739755 11
128.075755 0 -2276.16217694   -321.5585145 -300.988299077 -117.654145252 -12.3058116993 -19.5439948399 0.00669177763783  -0.187296212813 -0.0536943815101 0.0478996739755 11
128.127838 0  -2282.2953908 -322.199564352 -302.007561188 -117.861532567 -12.3096596958 -19.5983490105 0.00669177763783  -0.187296212813 -0.0536943815101 0.0478996739755 11
128.179922 0 -2288.43951713 -322.840828781 -303.029719146 -118.067811571 -12.3122995528 -19.6545369071 0.00669177763783  -0.187296212813 -0.0536943815101 0.0478996739755 11
128.232005 0 -2294.59422475 -323.482234929 -304.054920849   -118.2747096 -12.3166752458 -19.7118920349 0.00669177763783  -0.187296212813 -0.0536943815101 0.0478996739755 11
128.284088 0 -2300.75959474 -324.123822791 -305.083185686 -118.476786328 -12.3192656964 -19.7729900884 0.00669177763783  -0.187296212813 -0.0536943815101 0.0478996739755 11
128.336172 0 -2306.93572118 -324.765593644 -306.114320748  -118.68330396 -12.3229401514 -19.8205914259 0.00669177763783  -0.187296212813 -0.0536943815101 0.0478996739755 11
128.388255 0 -2313.12251342 -325.407470115 -307.147772793  -118.89168018 -12.3242636269  -19.861588613 0.00669177763783  -0.187296212813 -0.0536943815101 0.0478996739755 11
128.440339 0 -2319.32025898  -326.04929238 -308.183231105 -119.097344559 -12.3216783912 -19.9014877202 0.00669177763783  -0.187296212813 -0.0536943815101 0.0478996739755 11
128.492422 0 -2325.52846262 -326.691032833 -309.220998448 -119.297521225  -12.321034477 -19.9506368751 0.00669177763783  -0.187296212813 -0.0536943815101 0.0478996739755 11
128.544506 0 -2331.74718578 -327.332779478 -310.261437351  -119.49763511   -12.32072882 -20.0013129772 0.00669177763783  -0.187296212813 -0.0536943815101 0.0478996739755 11
128.596589 0 -2337.97616705 -327.974444028 -311.304490646 -119.698263937 -12.3177765066 -20.0487308183 0.00669177763783  -0.187296212813 -0.0536943815101 0.0478996739755 11
128.648672 0 -2344.21563271 -328.615874957 -312.349701079 -119.899303513 -12.3148076744 -20.0891854649 0.00669177763783  -0.187296212813 -0.0536943815101 0.0478996739755 11
128.700755 0 -2350.46555553 -329.257216223 -313.397093865 -120.098835198 -12.3133806038 -20.1325606175 0.00669177763783  -0.187296212813 -0.0536943815101 0.0478996739755 11
128.752838 0 -2356.72566203 -329.898459196 -314.447045142 -120.291267346 -12.3119772259 -20.1844380669 0.00669177763783  -0.187296212813 -0.0536943815101 0.0478996739755 11
128.804922 0 -2362.99601288 -330.539572321 -315.499430491 -120.485193415 -12.3081360979 -20.2285963223 0.00669177763783  -0.187296212813 -0.0536943815101 0.0478996739755 11
128.857005 0 -2369.27638696 -331.180518394 -316.553930177 -120.682673423 -12.3063568019 -20.2635749891 0.00669177763783  -0.187296212813 -0.0536943815101 0.0478996739755 11
128.909089 0 -2375.56714312 -331.821452761 -317.610265487 -120.878767697 -12.3067353753 -20.3007063689 0.00669177763783  -0.187296212813 -0.0536943815101 0.0478996739755 11
128.961168 0 -2381.86746623 -332.462474544 -318.668552058 -121.073658931 -12.3096823103 -20.3405481284 0.00669177763783  -0.187296212813 -0.0536943815101 0.0478996739755 11
129.013255 0 -2388.17887999 -333.103679571  -319.72912747 -121.269174451 -12.3130621584 -20.3827854362 0.00669177763783  -0.187296212813 -0.0536943815101 0.0478996739755 11
129.065339 0 -2394.50022356 -333.745105701 -320.791811483  -121.46871449 -12.3189171257 -20.4223024072 0.00669177763783  -0.187296212813 -0.0536943815101 0.0478996739755 11
129.117423 0  -2400.8319809 -334.386819803  -321.85660543 -121.668286385 -12.3238679161 -20.4662557205 0.00669177763783  -0.187296212813 -0.0536943815101 0.0478996739755 11
129.169506 0 -2407.17409787 -335.028888862 -322.923691335 -121.871107355 -12.3336123044 -20.5105946077 0.00669177763783  -0.187296212813 -0.0536943815101 0.0478996739755 11
129.221589 0 -2413.52685997 -335.671395057 -323.993162902 -122.077856619 -12.3402242588 -20.5549180702 0.00669177763783  -0.187296212813 -0.0536943815101 0.0478996739755 11
129.273673 0 -2419.89052837 -336.314137696 -325.065068223 -122.283154278 -12.3417540995  -20.608022519 0.00669177763783  -0.187296212813 -0.0536943815101 0.0478996739755 11
129.325756 0 -2426.26481099 -336.956890694 -326.139750384 -122.491677283 -12.3399191757 -20.6564947072 0.00669177763783  -0.187296212813 -0.0536943815101 0.0478996739755 11
129.37784 0 -2432.65005841 -337.599492221 -327.216855624 -122.698284261 -12.3359509931 -20.7049560444 0.00669177763783  -0.187296212813 -0.0536943815101 0.0478996739755 11
129.429918 0 -2439.04549735 -338.241895298  -328.29603461 -122.912132314 -12.3358167588 -20.7396447096 0.00669177763783  -0.187296212813 -0.0536943815101 0.0478996739755 11
129.482006 0 -2445.45324171 -338.884587385 -329.377442758 -123.123844217  -12.343744455 -20.7830269292 0.00669177763783  -0.187296212813 -0.0536943815101 0.0478996739755 11
129.53409 0 -2451.87138026 -339.527683993 -330.461359889 -123.329973365 -12.3512857451  -20.838978598 0.00669177763783  -0.187296212813 -0.0536943815101 0.0478996739755 11
129.586173 0 -2458.30010958 -340.171258949 -331.548358273 -123.533091161  -12.362013028 -20.9042105729 0.00669177763783  -0.187296212813 -0.0536943815101 0.0478996739755 11
129.638256 0 -2464.73941255 -340.815385498 -332.638625867 -123.738658786 -12.3718845107  -20.960113639 0.00669177763783  -0.187296212813 -0.0536943815101 0.0478996739755 11
129.69034 0  -2471.1896269 -341.460103706 -333.731595957 -123.947347121 -12.3847927879  -21.005496824 0.00669177763783  -0.187296212813 -0.0536943815101 0.0478996739755 11
129.742424 0 -2477.65073338 -342.105459549 -334.826807415 -124.153441314 -12.3959877085 -21.0517261381 0.00669177763783  -0.187296212813 -0.0536943815101 0.0478996739755 11
129.794507 0 -2484.12253193 -342.751552055 -335.924319487 -124.364351618 -12.4149038063 -21.0939552139 0.00669177763783  -0.187296212813 -0.0536943815101 0.0478996739755 11
129.84659 0 -2490.60523594 -343.398674023 -337.024219438 -124.573991891 -12.4351711986 -21.1414851448 0.00669177763783  -0.187296212813 -0.0536943815101 0.0478996739755 11
129.898673 0 -2497.09889753 -344.046860537 -338.126581888 -124.785403596  -12.455449076 -21.1881942479 0.00669177763783  -0.187296212813 -0.0536943815101 0.0478996739755 11
129.950757 0 -2503.60375275 -344.696046174 -339.231316435 -124.996943575 -12.4746696537 -21.2360733276 0.00669177763783  -0.187296212813 -0.0536943815101 0.0478996739755 11
130.00284 0 -2510.11953478 -345.346211383 -340.338597071 -125.210065394 -12.4921906774 -21.2853939624 0.00669177763783  -0.187296212813 -0.0536943815101 0.0478996739755 11
130.054924 0 -2516.64652746  -345.99722054 -341.448522212 -125.425686377 -12.5077834846 -21.3312450713 0.00669177763783  -0.187296212813 -0.0536943815101 0.0478996739755 11
130.107007 0 -2523.18468585 -346.649122782 -342.560828668  -125.64165891 -12.5260607308  -21.382496541 0.00669177763783  -0.187296212813 -0.0536943815101 0.0478996739755 11
130.15909 0 -2529.73429504 -347.302096035 -343.675650342 -125.867068107 -12.5488898513 -21.4246296559 0.00669177763783  -0.187296212813 -0.0536943815101 0.0478996739755 11
130.211173 0 -2536.29603079 -347.956518485 -344.792351591 -126.104884393 -12.5814489704 -21.4607095783 0.00669177763783  -0.187296212813 -0.0536943815101 0.0478996739755 11
130.263257 0 -2542.87035582  -348.61275851 -345.911479446 -126.347483953 -12.6193285375 -21.5150273247 0.00669177763783  -0.187296212813 -0.0536943815101 0.0478996739755 11
130.315338 0 -2549.45706104 -349.271035872 -347.033857938 -126.596645705 -12.6604756015 -21.5851327616 0.00669177763783  -0.187296212813 -0.0536943815101 0.0478996739755 11
130.367419 0  -2556.0571575 -349.931420994 -348.159843649 -126.857373787 -12.6998966765 -21.6610096153 0.00669177763783  -0.187296212813 -0.0536943815101 0.0478996739755 11
130.419496 0 -2562.67034577 -350.593762249 -349.290284205   -127.1195835 -12.7348108427 -21.7550950067 0.00669177763783  -0.187296212813 -0.0536943815101 0.0478996739755 11
130.471583 0 -2569.29864352 -351.257999583 -350.425940004 -127.389874631 -12.7674263327 -21.8501396399 0.00669177763783  -0.187296212813 -0.0536943815101 0.0478996739755 11
130.523664 0 -2575.94008224 -351.923762642 -351.566602577  -127.65359557 -12.7964671617 -21.9506248369 0.00669177763783  -0.187296212813 -0.0536943815101 0.0478996739755 11
130.575745 0 -2582.59528044 -352.590752552 -352.712127604 -127.916272134 -12.8144149866 -22.0381548152 0.00669177763783  -0.187296212813 -0.0536943815101 0.0478996739755 11
130.627827 0  -2589.2640932 -353.258503441  -353.86206296 -128.172326357   -12.82699861  -22.118410891 0.00669177763783  -0.187296212813 -0.0536943815101 0.0478996739755 11
130.679908 0 -2595.94611329 -353.926830509 -355.015765028 -128.426803642 -12.8382227138 -22.1853883735 0.00669177763783  -0.187296212813 -0.0536943815101 0.0478996739755 11
130.731989 0 -2602.64110715 -354.595792111 -356.172821012 -128.672959687 -12.8505472474 -22.2426475353 0.00669177763783  -0.187296212813 -0.0536943815101 0.0478996739755 11
130.784071 0 -2609.34889415 -355.265299201 -357.332601748 -128.911228628 -12.8595479059 -22.2924441502 0.00669177763783  -0.187296212813 -0.0536943815101 0.0478996739755 11
130.836153 0 -2616.06887781 -355.935259386 -358.494862741  -129.14149711 -12.8670093303 -22.3395211291 0.00669177763783  -0.187296212813 -0.0536943815101 0.0478996739755 11
130.888234 0 -2622.80054081 -356.605521764 -359.659540519  -129.36463503 -12.8734363624 -22.3874049445 0.00669177763783  -0.187296212813 -0.0536943815101 0.0478996739755 11
130.940316 0 -2629.54393133 -357.276120413 -360.826630203 -129.587785646 -12.8788178216 -22.4300603275 0.00669177763783  -0.187296212813 -0.0536943815101 0.0478996739755 11
130.992397 0 -2636.29866986 -357.946908937 -361.996058216 -129.805778526  -12.881512977 -22.4776532693 0.00669177763783  -0.187296212813 -0.0536943815101 0.0478996739755 11
131.044478 0 -2643.06468965 -358.617708338 -363.167959553 -130.021002476 -12.8793607559 -22.5257590037 0.00669177763783  -0.187296212813 -0.0536943815101 0.0478996739755 11
131.09656 0 -2649.84204387 -359.288465804 -364.342442828 -130.235778898 -12.8776920247 -22.5755255355 0.00669177763783  -0.187296212813 -0.0536943815101 0.0478996739755 11
131.148641 0 -2656.63059788 -359.959207299 -365.519286344  -130.45535934 -12.8789816331 -22.6195208557 0.00669177763783  -0.187296212813 -0.0536943815101 0.0478996739755 11
131.200723 0 -2663.43067922 -360.629999997 -366.698453467 -130.676646424 -12.8805125282 -22.6588980089 0.00669177763783  -0.187296212813 -0.0536943815101 0.0478996739755 11
131.252804 0 -2670.24223177 -361.300834271 -367.879700869 -130.898758275 -12.8822180286  -22.704987243 0.00669177763783  -0.187296212813 -0.0536943815101 0.0478996739755 11
131.304886 0  -2677.0655456 -361.971885718  -369.06360052 -131.124821212 -12.8874769379 -22.7586974438 0.00669177763783  -0.187296212813 -0.0536943815101 0.0478996739755 11
131.356962 0 -2683.90002511 -362.643203929 -370.250279575 -131.356242965 -12.8941140889 -22.8180348073 0.00669177763783  -0.187296212813 -0.0536943815101 0.0478996739755 11
131.409049 0 -2690.74813977 -363.315044585 -371.440485408 -131.593017656 -12.9021538317 -22.8843272221 0.00669177763783  -0.187296212813 -0.0536943815101 0.0478996739755 11
131.46113 0 -2697.60774968 -363.987335134 -372.634479158  -131.82849357 -12.9143315822 -22.9667243948 0.00669177763783  -0.187296212813 -0.0536943815101 0.0478996739755 11
131.513211 0 -2704.47976186 -364.660228054 -373.832626776 -132.067705993 -12.9242485029 -23.0449833335 0.00669177763783  -0.187296212813 -0.0536943815101 0.0478996739755 11
131.565293 0 -2711.36429002 -365.333718397 -375.034921461 -132.306351203 -12.9377720582 -23.1212232855 0.00669177763783  -0.187296212813 -0.0536943815101 0.0478996739755 11
131.617375 0 -2718.26129865 -366.007793608 -376.240955488 -132.546058055 -12.9474084627 -23.1886573469 0.00669177763783  -0.187296212813 -0.0536943815101 0.0478996739755 11
131.669456 0 -2725.17070938 -366.682286463 -377.450211939 -132.786614667 -12.9531505831 -23.2488900835 0.00669177763783  -0.187296212813 -0.0536943815101 0.0478996739755 11
131.721537 0  -2732.0926092 -367.357037783 -378.662527148 -133.024598254 -12.9586649461 -23.3087976132 0.00669177763783  -0.187296212813 -0.0536943815101 0.0478996739755 11
131.773619 0 -2739.02703776 -368.032070607 -379.877956075 -133.265313377 -12.9627668265 -23.3631531463 0.00669177763783  -0.187296212813 -0.0536943815101 0.0478996739755 11
131.8257 0 -2745.97384793 -368.707362968 -381.096195077 -133.503969649 -12.9698107901 -23.4197868547 0.00669177763783  -0.187296212813 -0.0536943815101 0.0478996739755 11
131.877782 0 -2752.93318802 -369.383026022 -382.317529588 -133.739603527 -12.9763713832  -23.482315375 0.00669177763783  -0.187296212813 -0.0536943815101 0.0478996739755 11
131.929863 0 -2759.90464006 -370.059063707 -383.542209221 -133.975405648 -12.9851403599 -23.5469996824 0.00669177763783  -0.187296212813 -0.0536943815101 0.0478996739755 11
131.981945 0 -2766.88850436 -370.735543254 -384.770321554  -134.21230541  -12.993905169 -23.6128438207 0.00669177763783  -0.187296212813 -0.0536943815101 0.0478996739755 11
132.034026 0 -2773.88444546 -371.412442246 -386.001925447  -134.44472493 -13.0002153149 -23.6816984776 0.00669177763783  -0.187296212813 -0.0536943815101 0.0478996739755 11
132.086108 0 -2780.89264566 -372.089615829 -387.237033748 -134.676357441 -13.0045073505 -23.7487807095 0.00669177763783  -0.187296212813 -0.0536943815101 0.0478996739755 11
132.138189 0 -2787.91274533 -372.766904283 -388.475520086 -134.907322451 -13.0044321111   -23.81095639 0.00669177763783  -0.187296212813 -0.0536943815101 0.0478996739755 11
132.190271 0 -2794.94489627 -373.444240356 -389.717378667 -135.134025059 -13.0069642316 -23.8771081382 0.00669177763783  -0.187296212813 -0.0536943815101 0.0478996739755 11
132.242352 0 -2801.98876425 -374.121735715 -390.962626077 -135.361142339 -13.0096057168 -23.9426996727 0.00669177763783  -0.187296212813 -0.0536943815101 0.0478996739755 11
132.294434 0   -2809.044513 -374.799445361 -392.211327318 -135.585815883 -13.0167908581 -24.0093300342 0.00669177763783  -0.187296212813 -0.0536943815101 0.0478996739755 11
132.346515 0 -2816.11182454 -375.477532836 -393.463430336 -135.810868762 -13.0235054162 -24.0733498449 0.00669177763783  -0.187296212813 -0.0536943815101 0.0478996739755 11
132.398597 0 -2823.19095343 -376.155908127 -394.718799669 -136.035486768 -13.0274062063 -24.1333833938 0.00669177763783  -0.187296212813 -0.0536943815101 0.0478996739755 11
132.450679 0  -2830.2818943 -376.834722118 -395.977229342 -136.261114786  -13.037101497 -24.1942133701 0.00669177763783  -0.187296212813 -0.0536943815101 0.0478996739755 11
132.50276 0 -2837.38440758 -377.513948149 -397.238846839 -136.487132354 -13.0468426498 -24.2544464852 0.00669177763783  -0.187296212813 -0.0536943815101 0.0478996739755 11
132.554841 0 -2844.49851733 -378.193802649  -398.50394627 -136.708220069 -13.0591004625 -24.3256191378 0.00669177763783  -0.187296212813 -0.0536943815101 0.0478996739755 11
132.606922 0 -2851.62435362 -378.874328781 -399.772421611 -136.936636983 -13.0721763062 -24.3855287011 0.00669177763783  -0.187296212813 -0.0536943815101 0.0478996739755 11
132.659005 0 -2858.76239635 -379.555572491 -401.044070689 -137.165964416 -13.0867466001 -24.4462046319 0.00669177763783  -0.187296212813 -0.0536943815101 0.0478996739755 11
132.711086 0 -2865.91204342 -380.237408233 -402.318958984 -137.393642023 -13.0971548905 -24.5108963033 0.00669177763783  -0.187296212813 -0.0536943815101 0.0478996739755 11
132.763168 0 -2873.07372168 -380.919847948 -403.597243948 -137.622075752 -13.1084499002 -24.5778773712 0.00669177763783  -0.187296212813 -0.0536943815101 0.0478996739755 11
132.815251 0 -2880.24748843 -381.602761293 -404.878928378 -137.851712083  -13.112934418 -24.6388457951 0.00669177763783  -0.187296212813 -0.0536943815101 0.0478996739755 11
132.867331 0 -2887.43281037 -382.285749373 -406.163624886 -138.082218894 -13.1151549063 -24.6953869134 0.00669177763783  -0.187296212813 -0.0536943815101 0.0478996739755 11
132.919412 0 -2894.63024906 -382.968874891 -407.451330575 -138.311518364 -13.1186352085 -24.7549391675 0.00669177763783  -0.187296212813 -0.0536943815101 0.0478996739755 11
132.971494 0 -2901.83973361  -383.65230202  -408.74221637 -138.541034844 -13.1255197517 -24.8155139892 0.00669177763783  -0.187296212813 -0.0536943815101 0.0478996739755 11
133.023575 0  -2909.0611646 -384.336078826 -410.036048386 -138.773774577   -13.13186173 -24.8714876438 0.00669177763783  -0.187296212813 -0.0536943815101 0.0478996739755 11
133.075658 0 -2916.29500083 -385.020311332 -411.332930666 -139.007836989  -13.141765898 -24.9281619654 0.00669177763783  -0.187296212813 -0.0536943815101 0.0478996739755 11
133.127739 0 -2923.54073885 -385.704983345 -412.632830299 -139.241455338  -13.151598969 -24.9898047174 0.00669177763783  -0.187296212813 -0.0536943815101 0.0478996739755 11
133.17982 0 -2930.79881376 -386.390157711 -413.935794003 -139.479227745 -13.1609549461 -25.0504020619 0.00669177763783  -0.187296212813 -0.0536943815101 0.0478996739755 11
133.231902 0 -2938.06932449  -387.07598275 -415.242285206  -139.71718104 -13.1749622929 -25.1193195704 0.00669177763783  -0.187296212813 -0.0536943815101 0.0478996739755 11
133.283978 0 -2945.35149478 -387.762444195  -416.55228682 -139.958402523 -13.1895536029 -25.1921591758 0.00669177763783  -0.187296212813 -0.0536943815101 0.0478996739755 11
133.336065 0  -2952.6478386 -388.449851543 -417.866489783 -140.202258499 -13.2044327338 -25.2695686764 0.00669177763783  -0.187296212813 -0.0536943815101 0.0478996739755 11
133.388147 0 -2959.95621134  -389.13792671  -419.18463276  -140.44576547 -13.2175122191 -25.3495214986 0.00669177763783  -0.187296212813 -0.0536943815101 0.0478996739755 11
133.440228 0 -2967.27723057 -389.826606118 -420.506844495 -140.693683005 -13.2277865727  -25.426252904 0.00669177763783  -0.187296212813 -0.0536943815101 0.0478996739755 11
133.49231 0 -2974.61114932 -390.515717143 -421.833190216  -140.93634636 -13.2351261703 -25.5062322851 0.00669177763783  -0.187296212813 -0.0536943815101 0.0478996739755 11
133.544391 0 -2981.95765198 -391.205160411 -423.163522758 -141.181910226 -13.2420963794 -25.5810747807 0.00669177763783  -0.187296212813 -0.0536943815101 0.0478996739755 11
133.596473 0 -2989.31704769 -391.895199937 -424.497749291 -141.426399172 -13.2562397699 -25.6537260272 0.00669177763783  -0.187296212813 -0.0536943815101 0.0478996739755 11
133.648555 0 -2996.68920781 -392.585959965 -425.835570471 -141.670570969 -13.2694250121  -25.720374433 0.00669177763783  -0.187296212813 -0.0536943815101 0.0478996739755 11
133.700637 0  -3004.0738738 -393.277463674 -427.176889733 -141.909271574 -13.2852685193 -25.7850527913 0.00669177763783  -0.187296212813 -0.0536943815101 0.0478996739755 11
133.752718 0 -3011.47095036 -393.969807654 -428.521260206 -142.149894814 -13.3030616556 -25.8425252126 0.00669177763783  -0.187296212813 -0.0536943815101 0.0478996739755 11
133.8048 0 -3018.88059499 -394.663196288 -429.868748881 -142.387455874 -13.3239219413 -25.9020925992 0.00669177763783  -0.187296212813 -0.0536943815101 0.0478996739755 11
133.856882 0 -3026.30259823 -395.357711296 -431.219336419 -142.623267277 -13.3449749114  -25.962952309 0.00669177763783  -0.187296212813 -0.0536943815101 0.0478996739755 11
133.908963 0 -3033.73670021  -396.05334698 -432.573095395 -142.859658286 -13.3673825056 -26.0216352709 0.00669177763783  -0.187296212813 -0.0536943815101 0.0478996739755 11
133.961044 0 -3041.18311273 -396.750040949 -433.929980628 -143.094113832 -13.3875024939 -26.0854700518 0.00669177763783  -0.187296212813 -0.0536943815101 0.0478996739755 11
134.013126 0 -3048.64194986 -397.447861305 -435.290164296   -143.3312479 -13.4097894427 -26.1478632128 0.00669177763783  -0.187296212813 -0.0536943815101 0.0478996739755 11
134.065208 0  -3056.1130814 -398.146878624 -436.653672913 -143.566157175  -13.431623332 -26.2135089402 0.00669177763783  -0.187296212813 -0.0536943815101 0.0478996739755 11
134.117289 0 -3063.59636847 -398.847055107 -438.020516177 -143.804970093 -13.4556898785 -26.2749979275 0.00669177763783  -0.187296212813 -0.0536943815101 0.0478996739755 11
134.169371 0 -3071.09221946 -399.548402682 -439.390579425 -144.043252748 -13.4749532577 -26.3356945876 0.00669177763783  -0.187296212813 -0.0536943815101 0.0478996739755 11
134.221452 0 -3078.60029594 -400.250776948 -440.763739929 -144.281452437 -13.4970901597 -26.3948355442 0.00669177763783  -0.187296212813 -0.0536943815101 0.0478996739755 11
134.273532 0 -3086.12063601 -400.954277748 -442.139923025 -144.518325338 -13.5197862589 -26.4557487563 0.00669177763783  -0.187296212813 -0.0536943815101 0.0478996739755 11
134.325616 0 -3093.65396841 -401.658993792 -443.519281382  -144.75838284 -13.5414640139 -26.5118927856 0.00669177763783  -0.187296212813 -0.0536943815101 0.0478996739755 11
134.377698 0 -3101.19948375 -402.364888758 -444.901781433 -144.997617805 -13.5658888987 -26.5760161017 0.00669177763783  -0.187296212813 -0.0536943815101 0.0478996739755 11
134.429779 0 -3108.75741028 -403.072140641 -446.287532151 -145.240535801 -13.5934691278 -26.6381342592 0.00669177763783  -0.187296212813 -0.0536943815101 0.0478996739755 11
134.481861 0 -3116.32822038 -403.780737672  -447.67655065 -145.484361637 -13.6178664956 -26.7048181103 0.00669177763783  -0.187296212813 -0.0536943815101 0.0478996739755 11
134.533942 0 -3123.91163659 -404.490636249 -449.069084313  -145.73135436 -13.6415786277 -26.7709003215 0.00669177763783  -0.187296212813 -0.0536943815101 0.0478996739755 11
134.586024 0 -3131.50788329 -405.201826663 -450.465542958 -145.972634814 -13.6701578083  -26.852924193 0.00669177763783  -0.187296212813 -0.0536943815101 0.0478996739755 11
134.638106 0 -3139.11688469 -405.914454294 -451.866034404 -146.220469564 -13.6947561099 -26.9252384754 0.00669177763783  -0.187296212813 -0.0536943815101 0.0478996739755 11
134.690187 0 -3146.73889381  -406.62832206  -453.26994031 -146.475892795 -13.7169665402 -26.9886207696 0.00669177763783  -0.187296212813 -0.0536943815101 0.0478996739755 11
134.742264 0 -3154.37353571 -407.343291713 -454.677252713 -146.730423047 -13.7400656561 -27.0573929299 0.00669177763783  -0.187296212813 -0.0536943815101 0.0478996739755 11
134.794351 0 -3162.02300244 -408.059597627 -456.088363539 -146.988112464 -13.7636894944 -27.1268366097 0.00669177763783  -0.187296212813 -0.0536943815101 0.0478996739755 11
134.846432 0 -3169.68494097 -408.777001903 -457.503175901 -147.243417493 -13.7843232033 -27.2059058163 0.00669177763783  -0.187296212813 -0.0536943815101 0.0478996739755 11
134.898514 0 -3177.36053043 -409.495344383  -458.92198646 -147.504915784 -13.8000091175 -27.2802000771 0.00669177763783  -0.187296212813 -0.0536943815101 0.0478996739755 11
134.950595 0 -3185.04945562 -410.214430511 -460.344921193 -147.765255263 -13.8133868815 -27.3598738474 0.00669177763783  -0.187296212813 -0.0536943815101 0.0478996739755 11
135.002677 0 -3192.75222184 -410.934239998 -461.771843309 -148.028212769 -13.8279508573 -27.4373683464 0.00669177763783  -0.187296212813 -0.0536943815101 0.0478996739755 11
135.054759 0 -3200.46863473 -411.654859357 -463.202952635 -148.290459565 -13.8439790961 -27.5188255127 0.00669177763783  -0.187296212813 -0.0536943815101 0.0478996739755 11
135.10684 0 -3208.19879575 -412.376099932 -464.638046078  -148.55964602 -13.8539230859 -27.5939269488 0.00669177763783  -0.187296212813 -0.0536943815101 0.0478996739755 11
135.158922 0 -3215.94300728 -413.097922222 -466.077388959 -148.826286124 -13.8659532564 -27.6779496835 0.00669177763783  -0.187296212813 -0.0536943815101 0.0478996739755 11
135.210999 0  -3223.7004217 -413.820327887 -467.520990401 -149.096342135 -13.8781033637 -27.7610186653 0.00669177763783  -0.187296212813 -0.0536943815101 0.0478996739755 11
135.263085 0 -3231.47325684 -414.543481106 -468.969217526 -149.365441963 -13.8902178591 -27.8495699524 0.00669177763783  -0.187296212813 -0.0536943815101 0.0478996739755 11
135.315167 0 -3239.25962127 -415.267144582 -470.421739637 -149.639536793 -13.8985574738 -27.9297705629 0.00669177763783  -0.187296212813 -0.0536943815101 0.0478996739755 11
135.367249 0 -3247.06023755 -415.991241283 -471.878582031 -149.912100072 -13.9083650649 -28.0141005637 0.00669177763783  -0.187296212813 -0.0536943815101 0.0478996739755 11
135.419331 0  -3254.8750396 -416.715844769 -473.339814167 -150.185754543 -13.9176497926 -28.0969141105 0.00669177763783  -0.187296212813 -0.0536943815101 0.0478996739755 11
135.471412 0 -3262.70385381 -417.440867177 -474.805323197  -150.45245843 -13.9255125809  -28.184660703 0.00669177763783  -0.187296212813 -0.0536943815101 0.0478996739755 11
135.523494 0 -3270.54667784 -418.166370704 -476.275507468 -150.718865612 -13.9349409883  -28.272255776 0.00669177763783  -0.187296212813 -0.0536943815101 0.0478996739755 11
135.575575 0  -3278.4032454 -418.892233152 -477.750131048 -150.985982993 -13.9405978224  -28.357632451 0.00669177763783  -0.187296212813 -0.0536943815101 0.0478996739755 11
135.627657 0 -3286.27376523 -419.618503533 -479.229212526 -151.252436747 -13.9502112758 -28.4377301878 0.00669177763783  -0.187296212813 -0.0536943815101 0.0478996739755 11
135.679739 0 -3294.15825635  -420.34522775 -480.712196269 -151.520842241 -13.9580052853 -28.5091156103 0.00669177763783  -0.187296212813 -0.0536943815101 0.0478996739755 11
135.731821 0 -3302.05676837 -421.072356244 -482.198806867 -151.789736408 -13.9641564803   -28.57642846 0.00669177763783  -0.187296212813 -0.0536943815101 0.0478996739755 11
135.783902 0 -3309.96901657 -421.799650663 -483.688960558  -152.05439939 -13.9644916183 -28.6465219461 0.00669177763783  -0.187296212813 -0.0536943815101 0.0478996739755 11
135.835984 0 -3317.89506427  -422.52688981 -485.182878585 -152.315488627 -13.9625815057 -28.7186965455 0.00669177763783  -0.187296212813 -0.0536943815101 0.0478996739755 11
135.888065 0  -3325.8346435 -423.253884847 -486.680329908 -152.576593706 -13.9567199862 -28.7888357572 0.00669177763783  -0.187296212813 -0.0536943815101 0.0478996739755 11
135.940147 0 -3333.78790665 -423.980550457  -488.18164125 -152.837524488 -13.9464458863 -28.8615955968 0.00669177763783  -0.187296212813 -0.0536943815101 0.0478996739755 11
135.992229 0 -3341.75477375 -424.706508297 -489.686670859   -153.0992114  -13.931171924 -28.9312219819 0.00669177763783  -0.187296212813 -0.0536943815101 0.0478996739755 11
136.044311 0 -3349.73520813 -425.431728722 -491.195392442 -153.358776454 -13.9190890387   -29.00339045 0.00669177763783  -0.187296212813 -0.0536943815101 0.0478996739755 11
136.096392 0 -3357.72920579 -426.156466912 -492.707452238  -153.62281837 -13.9103270953 -29.0655768537 0.00669177763783  -0.187296212813 -0.0536943815101 0.0478996739755 11
136.148474 0 -3365.73710713 -426.880778027 -494.222863323 -153.887765037 -13.9042922586 -29.1281438161 0.00669177763783  -0.187296212813 -0.0536943815101 0.0478996739755 11
136.200551 0 -3373.75781291 -427.604777733 -495.741744879 -154.143294794  -13.900116824 -29.2041658563 0.00669177763783  -0.187296212813 -0.0536943815101 0.0478996739755 11
136.252638 0 -3381.79335776 -428.328778625 -497.264902908 -154.400542683 -13.9002373942 -29.2787091193 0.00669177763783  -0.187296212813 -0.0536943815101 0.0478996739755 11
136.304719 0  -3389.8413994 -429.052885072 -498.791587194 -154.656824901 -13.9051490116 -29.3492236504 0.00669177763783  -0.187296212813 -0.0536943815101 0.0478996739755 11
136.356801 0 -3397.90294291 -429.777188369 -500.321775345 -154.913713612 -13.9082170392 -29.4119199611 0.00669177763783  -0.187296212813 -0.0536943815101 0.0478996739755 11
136.408883 0 -3405.97783687 -430.501697624 -501.855221897 -155.168620781 -13.9121582259 -29.4754075068 0.00669177763783  -0.187296212813 -0.0536943815101 0.0478996739755 11
136.460965 0 -3414.06584444 -431.226278956 -503.392161007 -155.420463762 -13.9149714851 -29.5445979559 0.00669177763783  -0.187296212813 -0.0536943815101 0.0478996739755 11
136.513046 0 -3422.16678649 -431.951146378 -504.932817546 -155.669223699  -13.919664314 -29.6206177582 0.00669177763783  -0.187296212813 -0.0536943815101 0.0478996739755 11
136.565128 0  -3399.9771403 -427.654040844 -498.532344158  -154.66768889 -14.1204365813 -29.2767261162  0.0063671112015  -0.186561452773 -0.0565595223633 0.0478728797098 11
136.617209 0 -3408.03471643 -428.389335221 -500.058370183 -154.917930974 -14.1305422699 -29.3531798865  0.0063671112015  -0.186561452773 -0.0565595223633 0.0478728797098 11
136.669293 0  -3416.1100045 -429.125582839 -501.589114972 -155.166707494 -14.1396827458 -29.4317585009  0.0063671112015  -0.186561452773 -0.0565595223633 0.0478728797098 11
136.721373 0 -3424.19723185  -429.86211663 -503.124549258 -155.401395418 -14.1409973928 -29.5335700048  0.0063671112015  -0.186561452773 -0.0565595223633 0.0478728797098 11
136.773455 0 -3432.29684282 -430.598394861 -504.665345927 -155.630720136 -14.1320940548 -29.6354303874  0.0063671112015  -0.186561452773 -0.0565595223633 0.0478728797098 11
136.825536 0 -3440.40799016 -431.334222919 -506.211770516 -155.850975823 -14.1227060893 -29.7478682701  0.0063671112015  -0.186561452773 -0.0565595223633 0.0478728797098 11
136.87762 0 -3448.53099485  -432.06930294 -507.763873112   -156.0678453 -14.1049558554 -29.8509374538  0.0063671112015  -0.186561452773 -0.0565595223633 0.0478728797098 11
136.9297 0 -3456.66503979 -432.803809635 -509.320709079 -156.299153146 -14.1061184164 -29.9346502051  0.0063671112015  -0.186561452773 -0.0565595223633 0.0478728797098 11
136.981782 0 -3464.81133537 -433.538948763 -510.882064612 -156.526782786 -14.1231518923 -30.0207316554  0.0063671112015  -0.186561452773 -0.0565595223633 0.0478728797098 11
137.033863 0 -3472.96959994 -434.274504007 -512.446681734 -156.771590376 -14.1118420745 -30.0388936677  0.0063671112015  -0.186561452773 -0.0565595223633 0.0478728797098 11
137.085945 0 -3481.14272041 -435.004265823 -514.004341891 -157.119033232 -13.8448840573 -29.6604889731  0.0063671112015  -0.186561452773 -0.0565595223633 0.0478728797098 11
137.138021 0 -3489.33337543 -435.719733924 -515.542563235 -157.391920961 -13.6705497946 -29.5610470424  0.0063671112015  -0.186561452773 -0.0565595223633 0.0478728797098 11
137.190108 0 -3497.53542274 -436.428322706 -517.087199298 -157.551740148 -13.5690354855 -29.7416140555  0.0063671112015  -0.186561452773 -0.0565595223633 0.0478728797098 11
137.24219 0 -3505.74794267 -437.135978343 -518.637043458 -157.824022189 -13.6080836645 -29.7817556672  0.0063671112015  -0.186561452773 -0.0565595223633 0.0478728797098 11
137.294272 0 -3513.97525425 -437.844834983 -520.189675318 -158.107981106 -13.6386323764 -29.8505015408  0.0063671112015  -0.186561452773 -0.0565595223633 0.0478728797098 11
137.346354 0 -3522.21661607 -438.555815578 -521.746093379 -158.370452849  -13.634995139 -29.9092784781  0.0063671112015  -0.186561452773 -0.0565595223633 0.0478728797098 11
137.39843 0 -3530.47052186 -439.266387983 -523.305364235 -158.617096289 -13.6664048297  -29.983529763  0.0063671112015  -0.186561452773 -0.0565595223633 0.0478728797098 11
137.450518 0 -3538.73932574 -439.978109454 -524.868823209 -158.879090455 -13.6670764961 -30.0494330861  0.0063671112015  -0.186561452773 -0.0565595223633 0.0478728797098 11
137.502599 0 -3547.02063366 -440.690073406 -526.435630596 -159.134865397 -13.6747008722 -30.1195016858  0.0063671112015  -0.186561452773 -0.0565595223633 0.0478728797098 11
137.554681 0 -3555.31536471 -441.402530939 -528.006159994 -159.392146927 -13.6830059077  -30.189699527  0.0063671112015  -0.186561452773 -0.0565595223633 0.0478728797098 11
137.606762 0 -3563.62336114 -442.115391833 -529.580310505 -159.648892793   -13.69189393 -30.2603836181  0.0063671112015  -0.186561452773 -0.0565595223633 0.0478728797098 11
137.658844 0 -3571.94487795 -442.828723997 -531.158170431 -159.905707166 -13.7006690635 -30.3309995373  0.0063671112015  -0.186561452773 -0.0565595223633 0.0478728797098 11
137.710926 0 -3580.27978159 -443.542499333 -532.739698632 -160.162823083 -13.7090994983 -30.4012792838  0.0063671112015  -0.186561452773 -0.0565595223633 0.0478728797098 11
137.763008 0 -3588.62808314 -444.256720761 -534.324890894   -160.4200612 -13.7176339581 -30.4717594071  0.0063671112015  -0.186561452773 -0.0565595223633 0.0478728797098 11
137.815089 0 -3596.98961504  -444.97137406 -535.913725952 -160.677201331 -13.7262911989 -30.5421206649  0.0063671112015  -0.186561452773 -0.0565595223633 0.0478728797098 11
137.867171 0 -3605.36469948 -445.686493819 -537.506262315 -160.934441567 -13.7348516662 -30.6127871921  0.0063671112015  -0.186561452773 -0.0565595223633 0.0478728797098 11
137.919253 0 -3613.75319076 -446.402050175  -539.10247489 -161.191875174 -13.7431759944 -30.6833754881  0.0063671112015  -0.186561452773 -0.0565595223633 0.0478728797098 11
137.971335 0 -3622.15508537 -447.118051968 -540.702366757  -161.44924859 -13.7519238023 -30.7540202165  0.0063671112015  -0.186561452773 -0.0565595223633 0.0478728797098 11
138.023417 0 -3630.57039064 -447.834505247 -542.305939697 -161.706759885 -13.7606939428 -30.8247302079  0.0063671112015  -0.186561452773 -0.0565595223633 0.0478728797098 11
138.075498 0 -3638.99893635 -448.551400414 -543.913161578 -161.963971144 -13.7694711852 -30.8953285438  0.0063671112015  -0.186561452773 -0.0565595223633 0.0478728797098 11
138.127577 0 -3647.44055481  -449.26872374 -545.523998063 -162.221135526 -13.7780841894 -30.9660701324  0.0063671112015  -0.186561452773 -0.0565595223633 0.0478728797098 11
138.179662 0 -3655.89654575 -449.986583345 -547.138710643 -162.478626741 -13.7868201906 -31.0368975851  0.0063671112015  -0.186561452773 -0.0565595223633 0.0478728797098 11
138.231744 0 -3664.36546498  -450.70485398 -548.757011812 -162.736318502  -13.795494457 -31.1074033808  0.0063671112015  -0.186561452773 -0.0565595223633 0.0478728797098 11
138.283826 0 -3672.84780012 -451.423576359 -550.378988884 -162.993779869 -13.8042114693 -31.1780663179  0.0063671112015  -0.186561452773 -0.0565595223633 0.0478728797098 11
138.335908 0 -3681.34355626   -452.1427479 -552.004642734 -163.251402944 -13.8129415506 -31.2487236534  0.0063671112015  -0.186561452773 -0.0565595223633 0.0478728797098 11
138.387989 0  -3689.8525596 -452.862369468 -553.633946062 -163.508915275 -13.8217398895 -31.3194105153  0.0063671112015  -0.186561452773 -0.0565595223633 0.0478728797098 11
138.440072 0 -3698.37530208 -453.582479622 -555.266996115  -163.76638114 -13.8306604194 -31.3901052344  0.0063671112015  -0.186561452773 -0.0565595223633 0.0478728797098 11
138.492153 0 -3706.91111679  -454.30302656 -556.903663984 -164.023709915   -13.83951192 -31.4607359097  0.0063671112015  -0.186561452773 -0.0565595223633 0.0478728797098 11
138.544235 0 -3715.46050275 -455.024049059  -558.54404396 -164.281133224 -13.8483928525 -31.5315122384  0.0063671112015  -0.186561452773 -0.0565595223633 0.0478728797098 11
138.596318 0 -3724.02346214 -455.745537937  -560.18814475 -164.538592176 -13.8570407973 -31.6023770899  0.0063671112015  -0.186561452773 -0.0565595223633 0.0478728797098 11
138.648398 0 -3732.59934328 -456.467444334 -561.835840525 -164.796308721 -13.8658409343 -31.6731491151  0.0063671112015  -0.186561452773 -0.0565595223633 0.0478728797098 11
138.70048 0 -3741.18897137 -457.189842163 -563.487282869 -165.053722018 -13.8748647645 -31.7438426613  0.0063671112015  -0.186561452773 -0.0565595223633 0.0478728797098 11
138.752562 0 -3749.79200283 -457.912698218 -565.142410361 -165.311102574 -13.8835313911 -31.8145579173  0.0063671112015  -0.186561452773 -0.0565595223633 0.0478728797098 11
138.804644 0 -3758.40844282 -458.636011895 -566.801216752 -165.568647437 -13.8924374911 -31.8853050195  0.0063671112015  -0.186561452773 -0.0565595223633 0.0478728797098 11
138.856725 0 -3767.03812071 -459.359777036 -568.463676834 -165.825853643 -13.9014733079 -31.9560099519  0.0063671112015  -0.186561452773 -0.0565595223633 0.0478728797098 11
138.908808 0 -3775.68153376 -460.084049216 -570.129890662 -166.083287803 -13.9106192691 -32.0269251733  0.0063671112015  -0.186561452773 -0.0565595223633 0.0478728797098 11
138.960889 0 -3784.33802158 -460.808755941 -571.799727947 -166.340678501 -13.9193510293 -32.0976280003  0.0063671112015  -0.186561452773 -0.0565595223633 0.0478728797098 11
139.012971 0 -3793.00807391 -461.533935528 -573.473281766 -166.597926656 -13.9283682278 -32.1684212497  0.0063671112015  -0.186561452773 -0.0565595223633 0.0478728797098 11
139.06505 0 -3801.69103516 -462.259546487 -575.150427483 -166.855498214  -13.937558158 -32.2393795486  0.0063671112015  -0.186561452773 -0.0565595223633 0.0478728797098 11
139.117135 0 -3810.38840313  -462.98572082 -576.831463708 -167.112758501 -13.9466051295 -32.3102724157  0.0063671112015  -0.186561452773 -0.0565595223633 0.0478728797098 11
139.169217 0 -3819.09867123 -463.712323942 -578.516087093 -167.369980204 -13.9557424435 -32.3809950118  0.0063671112015  -0.186561452773 -0.0565595223633 0.0478728797098 11
139.221298 0  -3827.8221637 -464.439390455 -580.204370876 -167.627160835 -13.9648461427 -32.4519391267  0.0063671112015  -0.186561452773 -0.0565595223633 0.0478728797098 11
139.27338 0 -3836.55922441 -465.166944559 -581.896375515 -167.884620909 -13.9740474396 -32.5228406393  0.0063671112015  -0.186561452773 -0.0565595223633 0.0478728797098 11
139.325462 0  -3845.3096985 -465.894978234 -583.592080676 -168.142138803 -13.9832505348 -32.5938043646  0.0063671112015  -0.186561452773 -0.0565595223633 0.0478728797098 11
139.377544 0 -3854.07357445 -466.623489229 -585.291479091 -168.399314204 -13.9924232687 -32.6648422481  0.0063671112015  -0.186561452773 -0.0565595223633 0.0478728797098 11
139.429626 0 -3862.85084487 -467.352482046 -586.994575772 -168.656597329  -14.001641959 -32.7357063012  0.0063671112015  -0.186561452773 -0.0565595223633 0.0478728797098 11
139.481707 0 -3871.64135573 -468.081936934 -588.701328721 -168.914024013 -14.0107256669 -32.8065337067  0.0063671112015  -0.186561452773 -0.0565595223633 0.0478728797098 11
139.53379 0 -3880.44560415 -468.811893579 -590.411836653 -169.171303649 -14.0198450745 -32.8774171921  0.0063671112015  -0.186561452773 -0.0565595223633 0.0478728797098 11
139.585871 0  -3889.2629173 -469.542299122 -592.125967539 -169.428752711 -14.0289953905 -32.9481324845  0.0063671112015  -0.186561452773 -0.0565595223633 0.0478728797098 11
139.637953 0 -3898.09380517 -470.273200024 -593.843816762 -169.686068252 -14.0382724877 -33.0190731608  0.0063671112015  -0.186561452773 -0.0565595223633 0.0478728797098 11
139.690035 0 -3906.93809951 -471.004577952 -595.565360907 -169.943488911 -14.0474302063 -33.0899641739  0.0063671112015  -0.186561452773 -0.0565595223633 0.0478728797098 11
139.742117 0 -3915.79579992 -471.736442607 -597.290599421 -170.200883741 -14.0568061328  -33.160934761  0.0063671112015  -0.186561452773 -0.0565595223633 0.0478728797098 11
139.794199 0 -3924.66690565 -472.468791835 -599.019538852 -170.458325222 -14.0661238147 -33.2319378269  0.0063671112015  -0.186561452773 -0.0565595223633 0.0478728797098 11
139.84628 0 -3933.55124803 -473.201612962 -600.752138128 -170.715670991 -14.0755205512 -33.3028298934  0.0063671112015  -0.186561452773 -0.0565595223633 0.0478728797098 11
139.898363 0  -3942.4493294 -473.934952431 -602.488495407 -170.972897568 -14.0849905824 -33.3737369447  0.0063671112015  -0.186561452773 -0.0565595223633 0.0478728797098 11
139.950444 0   -3951.360471 -474.668757035 -604.228483839 -171.230268692 -14.0944066482 -33.4447514203  0.0063671112015  -0.186561452773 -0.0565595223633 0.0478728797098 11
140.002526 0 -3960.28518921 -475.403064447 -605.972201846 -171.487728317 -14.1037722252 -33.5157620864  0.0063671112015  -0.186561452773 -0.0565595223633 0.0478728797098 11
140.054608 0  -3969.2233132 -476.137861834 -607.719616584 -171.745089947 -14.1132152337 -33.5867168911  0.0063671112015  -0.186561452773 -0.0565595223633 0.0478728797098 11
140.10669 0 -3978.17483799 -476.873144311 -609.470724503 -172.002220225 -14.1224703937 -33.6575731679  0.0063671112015  -0.186561452773 -0.0565595223633 0.0478728797098 11
140.158772 0 -3987.13975288  -477.60891669 -611.225526679 -172.259391695 -14.1319457836 -33.7285746196  0.0063671112015  -0.186561452773 -0.0565595223633 0.0478728797098 11
140.210854 0 -3996.11806584 -478.345176677 -612.984029463 -172.516601556 -14.1412703584 -33.7996878145  0.0063671112015  -0.186561452773 -0.0565595223633 0.0478728797098 11
140.262936 0  -4005.1097717 -479.081927336 -614.746235408 -172.773766874 -14.1506853117 -33.8707908184  0.0063671112015  -0.186561452773 -0.0565595223633 0.0478728797098 11
140.315018 0 -4014.11487044 -479.819165894 -616.512144488 -173.030918795 -14.1600599823 -33.9418245981  0.0063671112015  -0.186561452773 -0.0565595223633 0.0478728797098 11
140.367099 0 -4023.13318248 -480.556876081 -618.281715987 -173.287817633 -14.1693493911 -34.0127405127  0.0063671112015  -0.186561452773 -0.0565595223633 0.0478728797098 11
140.419181 0 -4032.16506209 -481.295091762 -620.055018633  -173.54515182 -14.1789472018 -34.0838435853  0.0063671112015  -0.186561452773 -0.0565595223633 0.0478728797098 11
140.471263 0 -4041.21033864 -482.033809612 -621.832021631  -173.80227297 -14.1884791205 -34.1547650652  0.0063671112015  -0.186561452773 -0.0565595223633 0.0478728797098 11
140.523341 0 -4050.26830585 -482.772964174 -623.612582658  -174.05935207 -14.1979748707  -34.225836289  0.0063671112015  -0.186561452773 -0.0565595223633 0.0478728797098 11
140.575427 0 -4059.34106133  -483.51272745 -625.397119382 -174.316646246 -14.2076144569  -34.296943675  0.0063671112015  -0.186561452773 -0.0565595223633 0.0478728797098 11
140.627509 0 -4068.42652008   -484.2529351 -627.185226838 -174.573912153 -14.2171474678 -34.3680829269  0.0063671112015  -0.186561452773 -0.0565595223633 0.0478728797098 11
140.679591 0  -4077.5253776 -484.993641627 -628.977042594  -174.83112916 -14.2266621925 -34.4393153239  0.0063671112015  -0.186561452773 -0.0565595223633 0.0478728797098 11
140.731673 0 -4086.63763923 -485.734839857 -630.772566155 -175.088642135 -14.2360670039  -34.510436606  0.0063671112015  -0.186561452773 -0.0565595223633 0.0478728797098 11
140.783755 0 -4095.76331335 -486.476532936 -632.571793238 -175.346206279 -14.2456573522 -34.5815617313  0.0063671112015  -0.186561452773 -0.0565595223633 0.0478728797098 11
140.835837 0 -4104.90239528 -487.218721364 -634.374722363 -175.603649948 -14.2551869115 -34.6527727118  0.0063671112015  -0.186561452773 -0.0565595223633 0.0478728797098 11
140.887919 0 -4114.05488514 -487.961408288 -636.181356095 -175.860939701  -14.264747072 -34.7237784312  0.0063671112015  -0.186561452773 -0.0565595223633 0.0478728797098 11
140.94 0 -4123.22059963 -488.704579478 -637.991658047 -176.118210145 -14.2742793231 -34.7949121576  0.0063671112015  -0.186561452773 -0.0565595223633 0.0478728797098 11
140.992077 0 -4132.39900732 -489.448199849 -639.805525439 -176.375462992 -14.2842783907 -34.8660193676  0.0063671112015  -0.186561452773 -0.0565595223633 0.0478728797098 11
141.044164 0 -4141.59258687 -490.192476457  -641.62344425 -176.633103991 -14.2939543411 -34.9372303273  0.0063671112015  -0.186561452773 -0.0565595223633 0.0478728797098 11
141.096246 0 -4150.79869131 -490.937186541 -643.444903229 -176.890341115 -14.3036699519 -35.0085003927  0.0063671112015  -0.186561452773 -0.0565595223633 0.0478728797098 11
141.148328 0 -4160.01819392 -491.682400594 -645.270065375 -177.147694102 -14.3133433724 -35.0795563002  0.0063671112015  -0.186561452773 -0.0565595223633 0.0478728797098 11
141.20041 0 -4169.25109868 -492.428118372 -647.098939455 -177.404952611 -14.3229916025 -35.1509071819  0.0063671112015  -0.186561452773 -0.0565595223633 0.0478728797098 11
141.252491 0 -4178.49722745 -493.174325818 -648.931489026 -177.662311425 -14.3327260418 -35.2222213879  0.0063671112015  -0.186561452773 -0.0565595223633 0.0478728797098 11
141.304574 0 -4187.75711961 -493.921067388 -650.767829421 -177.919844464 -14.3424702621 -35.2937289846  0.0063671112015  -0.186561452773 -0.0565595223633 0.0478728797098 11
141.356656 0 -4197.03024141 -494.668308962 -652.607847167 -178.177188512 -14.3522994345 -35.3647912618  0.0063671112015  -0.186561452773 -0.0565595223633 0.0478728797098 11
141.408738 0 -4206.31676364 -495.416063995 -654.451571159 -178.434369354 -14.3620313755 -35.4359583556  0.0063671112015  -0.186561452773 -0.0565595223633 0.0478728797098 11
141.460814 0 -4215.61560807 -496.164246983 -656.298790613  -178.69165213  -14.372010892 -35.5071833221  0.0063671112015  -0.186561452773 -0.0565595223633 0.0478728797098 11
141.512902 0 -4224.93000075 -496.913113467 -658.150148979   -178.9490527 -14.3819371905 -35.5786352077  0.0063671112015  -0.186561452773 -0.0565595223633 0.0478728797098 11
141.564984 0 -4234.25672797 -497.662417415 -660.005014754 -179.206363386 -14.3919597237 -35.6499767429  0.0063671112015  -0.186561452773 -0.0565595223633 0.0478728797098 11
141.617065 0 -4243.59667147 -498.412225827  -661.86356031 -179.463671423 -14.4019166438 -35.7213493815  0.0063671112015  -0.186561452773 -0.0565595223633 0.0478728797098 11
141.669147 0 -4252.95020643  -499.16256702 -663.725857454 -179.721373082 -14.4118377094   -35.79274729  0.0063671112015  -0.186561452773 -0.0565595223633 0.0478728797098 11
141.721229 0 -4262.31716038 -499.913424707 -665.591871638 -179.978841342 -14.4217816922 -35.8641256753  0.0063671112015  -0.186561452773 -0.0565595223633 0.0478728797098 11
141.773312 0   -4271.697695 -500.664804695 -667.461641633 -180.235998639  -14.431545135 -35.9354989495  0.0063671112015  -0.186561452773 -0.0565595223633 0.0478728797098 11
141.825394 0 -4281.09144004 -501.416694097 -669.335089304 -180.493170106 -14.4416986612 -36.0067375433  0.0063671112015  -0.186561452773 -0.0565595223633 0.0478728797098 11
141.877475 0  -4290.4984049 -502.169087232 -671.212219876 -180.750451887 -14.4515545647 -36.0782477369  0.0063671112015  -0.186561452773 -0.0565595223633 0.0478728797098 11
141.929552 0 -4299.91804969 -502.921938328 -673.092920929 -181.007845165 -14.4614229597 -36.1494198512  0.0063671112015  -0.186561452773 -0.0565595223633 0.0478728797098 11
141.98164 0 -4309.35309166 -503.675468683 -674.977731934  -181.26533128 -14.4715681542 -36.2208588313  0.0063671112015  -0.186561452773 -0.0565595223633 0.0478728797098 11
142.033722 0 -4318.80045536 -504.429438615 -676.866042302 -181.522805587 -14.4815983199 -36.2920515891  0.0063671112015  -0.186561452773 -0.0565595223633 0.0478728797098 11
142.085803 0 -4328.26104686 -505.183918777  -678.75802801 -181.780151323 -14.4916794764 -36.3635025704  0.0063671112015  -0.186561452773 -0.0565595223633 0.0478728797098 11
142.137885 0 -4337.73522076 -505.938934165 -680.653771836 -182.037426527 -14.5017303106 -36.4348966682  0.0063671112015  -0.186561452773 -0.0565595223633 0.0478728797098 11
142.189967 0 -4347.22278997 -506.694475939 -682.553230778 -182.294640877 -14.5117280199 -36.5062309784  0.0063671112015  -0.186561452773 -0.0565595223633 0.0478728797098 11
142.242049 0 -4356.72376458  -507.45054196 -684.456408432 -182.552075417 -14.5219399812 -36.5776991553  0.0063671112015  -0.186561452773 -0.0565595223633 0.0478728797098 11
142.294131 0 -4366.23813759 -508.207138305 -686.363306968 -182.809255899 -14.5320518669 -36.6490818463  0.0063671112015  -0.186561452773 -0.0565595223633 0.0478728797098 11
142.346213 0 -4375.76590824 -508.964260403 -688.273921828 -183.066448109  -14.542202525 -36.7204891008  0.0063671112015  -0.186561452773 -0.0565595223633 0.0478728797098 11
142.398295 0 -4385.30707891 -509.721918882 -690.188262272 -183.323742799  -14.552590619 -36.7919523087  0.0063671112015  -0.186561452773 -0.0565595223633 0.0478728797098 11
142.450377 0 -4394.86164341 -510.480104427 -692.106318525 -183.580924141 -14.5626090442 -36.8633284383  0.0063671112015  -0.186561452773 -0.0565595223633 0.0478728797098 11
142.502459 0 -4404.42959887 -511.238819609 -694.028098522 -183.837991363 -14.5729094735 -36.9347180438  0.0063671112015  -0.186561452773 -0.0565595223633 0.0478728797098 11
142.554541 0 -4414.01094645 -511.998075939 -695.953591446 -184.095253598 -14.5832072705 -37.0060249231  0.0063671112015  -0.186561452773 -0.0565595223633 0.0478728797098 11
142.606623 0 -4423.60569224 -512.757865904  -697.88279956   -184.3523199 -14.5935193306 -37.0774541419  0.0063671112015  -0.186561452773 -0.0565595223633 0.0478728797098 11
142.658705 0 -4433.21381924 -513.518195242  -699.81572595   -184.6092325  -14.603994445 -37.1487947144  0.0063671112015  -0.186561452773 -0.0565595223633 0.0478728797098 11
142.710787 0 -4442.83532627 -514.279072735 -701.752367969 -184.866237347 -14.6144188248 -37.2201628175  0.0063671112015  -0.186561452773 -0.0565595223633 0.0478728797098 11
142.762869 0 -4452.47022099 -515.040493773 -703.692723477 -185.123171176 -14.6249030377 -37.2913291594  0.0063671112015  -0.186561452773 -0.0565595223633 0.0478728797098 11
142.814951 0 -4462.11850333  -515.80246599 -705.636784482 -185.380328922 -14.6354965637 -37.3626359246  0.0063671112015  -0.186561452773 -0.0565595223633 0.0478728797098 11
142.867033 0 -4471.78018164 -516.564985049  -707.58456703 -185.637539418 -14.6459589621 -37.4342139481  0.0063671112015  -0.186561452773 -0.0565595223633 0.0478728797098 11
142.919119 0 -4481.45599292 -517.328108852  -709.53623126 -185.894678238 -14.6564198105 -37.5058353431  0.0063671112015  -0.186561452773 -0.0565595223633 0.0478728797098 11
142.971197 0 -4491.14371147  -518.09165997 -711.491322815 -186.151808943 -14.6670217849   -37.57733028  0.0063671112015  -0.186561452773 -0.0565595223633 0.0478728797098 11
143.023279 0 -4500.84556026  -518.85582488 -713.450288335 -186.408823955 -14.6777272252 -37.6488579018  0.0063671112015  -0.186561452773 -0.0565595223633 0.0478728797098 11
143.075361 0 -4510.56079476 -519.620543271 -715.412980431 -186.665805155  -14.688230144 -37.7203948044  0.0063671112015  -0.186561452773 -0.0565595223633 0.0478728797098 11
143.127443 0 -4520.28942526 -520.385812899 -717.379392429 -186.923119652 -14.6987525529 -37.7917747829  0.0063671112015  -0.186561452773 -0.0565595223633 0.0478728797098 11
143.179525 0 -4530.03144339   -521.1516317 -719.349525312 -187.180067157 -14.7094271341 -37.8632101498  0.0063671112015  -0.186561452773 -0.0565595223633 0.0478728797098 11
143.231606 0 -4539.78666579 -521.917982001 -721.323345079 -187.437275998  -14.719759964 -37.9348565797  0.0063671112015  -0.186561452773 -0.0565595223633 0.0478728797098 11
143.283689 0 -4549.55566133 -522.684906167 -723.300970994 -187.694425991 -14.7302970446 -38.0064517232  0.0063671112015  -0.186561452773 -0.0565595223633 0.0478728797098 11
143.33577 0 -4559.33767469 -523.452348266 -725.282240852 -187.951638556 -14.7408269222 -38.0777247797  0.0063671112015  -0.186561452773 -0.0565595223633 0.0478728797098 11
143.387852 0 -4569.13326302 -524.220353785 -727.267269571 -188.208647971 -14.7513686593  -38.149388352  0.0063671112015  -0.186561452773 -0.0565595223633 0.0478728797098 11
143.439935 0 -4578.94241867 -524.988930177 -729.256064461  -188.46535095 -14.7620710989 -38.2207925697  0.0063671112015  -0.186561452773 -0.0565595223633 0.0478728797098 11
143.492019 0 -4588.76514711 -525.758075114 -731.248615491 -188.722653747 -14.7727757706 -38.2922748432  0.0063671112015  -0.186561452773 -0.0565595223633 0.0478728797098 11
143.544099 0 -4598.60051762   -526.5277218 -733.244738924 -188.979697947 -14.7835571702 -38.3637408731  0.0063671112015  -0.186561452773 -0.0565595223633 0.0478728797098 11
143.596181 0 -4608.44965361 -527.297957431 -735.244660039 -189.236672391 -14.7943387584 -38.4352396968  0.0063671112015  -0.186561452773 -0.0565595223633 0.0478728797098 11
143.648263 0 -4618.31217309 -528.068753654 -737.248307914 -189.493757767  -14.805061577 -38.5067989853  0.0063671112015  -0.186561452773 -0.0565595223633 0.0478728797098 11
143.700345 0  -4628.1880789 -528.840111582 -739.255684333 -189.750763694 -14.8159012814 -38.5784226972  0.0063671112015  -0.186561452773 -0.0565595223633 0.0478728797098 11
143.752427 0 -4638.07736783 -529.612037007 -741.266792059 -190.007717437 -14.8268199221 -38.6501785256  0.0063671112015  -0.186561452773 -0.0565595223633 0.0478728797098 11
143.804509 0 -4647.98004525 -530.384528181 -743.281634098  -190.26487071 -14.8376709717  -38.721745267  0.0063671112015  -0.186561452773 -0.0565595223633 0.0478728797098 11
143.856586 0 -4657.89516334 -531.157513775 -745.300012136 -190.521991862 -14.8485603695  -38.793410281  0.0063671112015  -0.186561452773 -0.0565595223633 0.0478728797098 11
143.908673 0 -4667.82557798  -531.93121705 -747.322507297  -190.77907936 -14.8595699094 -38.8650606857  0.0063671112015  -0.186561452773 -0.0565595223633 0.0478728797098 11
143.960755 0 -4677.76842941  -532.70541901 -749.348541029 -191.036126583 -14.8705084329 -38.9367019085  0.0063671112015  -0.186561452773 -0.0565595223633 0.0478728797098 11
144.012837 0 -4687.72466728 -533.480190583  -751.37830831 -191.293211396 -14.8814941323 -39.0082571914  0.0063671112015  -0.186561452773 -0.0565595223633 0.0478728797098 11
144.064919 0 -4697.69430018 -534.255536492 -753.411797783 -191.550451191 -14.8926323062 -39.0797997646  0.0063671112015  -0.186561452773 -0.0565595223633 0.0478728797098 11
144.117001 0 -4707.67733158 -535.031462075 -755.449014139 -191.807716213 -14.9037528493 -39.1513800065  0.0063671112015  -0.186561452773 -0.0565595223633 0.0478728797098 11
144.169083 0 -4717.67375706 -535.807970789 -757.489955771 -192.064769884 -14.9149674062 -39.2228163085  0.0063671112015  -0.186561452773 -0.0565595223633 0.0478728797098 11
144.221166 0 -4727.68375609  -536.58508001 -759.534660397 -192.321732729 -14.9261726743 -39.2943550795  0.0063671112015  -0.186561452773 -0.0565595223633 0.0478728797098 11
144.273248 0 -4737.70695406 -537.362755253 -761.583052841 -192.578869362  -14.937471961 -39.3659906995  0.0063671112015  -0.186561452773 -0.0565595223633 0.0478728797098 11
144.325324 0  -4747.7423825 -538.140929007 -763.634946739 -192.835877323 -14.9485857731 -39.4378636465  0.0063671112015  -0.186561452773 -0.0565595223633 0.0478728797098 11
144.377411 0 -4757.79332629  -538.91984905 -765.691010686 -193.093187447 -14.9597568818 -39.5094858957  0.0063671112015  -0.186561452773 -0.0565595223633 0.0478728797098 11
144.429493 0 -4767.85670691 -539.699275181 -767.750611365 -193.350427437 -14.9709850712 -39.5812355492  0.0063671112015  -0.186561452773 -0.0565595223633 0.0478728797098 11
144.481575 0  -4777.9334746 -540.479283814 -769.813947225 -193.607405859 -14.9821774885 -39.6529049216  0.0063671112015  -0.186561452773 -0.0565595223633 0.0478728797098 11
144.533657 0 -4788.02363168 -541.259876229 -771.881017138  -193.86459369 -14.9933457143 -39.7246219785  0.0063671112015  -0.186561452773 -0.0565595223633 0.0478728797098 11
144.585739 0 -4798.12718692 -542.041051502 -773.951816663 -194.121809683 -15.0046117902 -39.7961833645  0.0063671112015  -0.186561452773 -0.0565595223633 0.0478728797098 11
144.637821 0 -4808.24414216 -542.822810029 -776.026351866  -194.37912956 -15.0156339356 -39.8679635849  0.0063671112015  -0.186561452773 -0.0565595223633 0.0478728797098 11
144.689903 0 -4818.37449676 -543.605143955  -778.10462844 -194.636419843 -15.0268119113 -39.9399300278  0.0063671112015  -0.186561452773 -0.0565595223633 0.0478728797098 11
144.741985 0 -4828.51824762 -544.388062133 -780.186652598 -194.893599576 -15.0380198671 -40.0117683731  0.0063671112015  -0.186561452773 -0.0565595223633 0.0478728797098 11
144.794067 0 -4838.67538955 -545.171562817 -782.272412108 -195.150601227 -15.0492286213 -40.0834334997  0.0063671112015  -0.186561452773 -0.0565595223633 0.0478728797098 11
144.84615 0 -4848.84611116 -545.955664969 -784.361945224 -195.407691296 -15.0605556909 -40.1551633171  0.0063671112015  -0.186561452773 -0.0565595223633 0.0478728797098 11
144.898232 0 -4859.03002248 -546.740354004 -786.455172396 -195.664604742 -15.0720837256 -40.2268188824  0.0063671112015  -0.186561452773 -0.0565595223633 0.0478728797098 11
144.950314 0 -4869.22731992  -547.52563047 -788.552131001 -195.921585631 -15.0832969379 -40.2984949257  0.0063671112015  -0.186561452773 -0.0565595223633 0.0478728797098 11
145.002396 0 -4879.43800664 -548.311495382  -790.65283114 -196.178780616 -15.0947158624 -40.3704020493  0.0063671112015  -0.186561452773 -0.0565595223633 0.0478728797098 11
145.054478 0 -4889.66208962 -549.097964066 -792.757271261 -196.436179735 -15.1063647233  -40.442162808  0.0063671112015  -0.186561452773 -0.0565595223633 0.0478728797098 11
145.10656 0 -4899.89956911 -549.885031433 -794.865452583 -196.693189489 -15.1177852978 -40.5139947832  0.0063671112015  -0.186561452773 -0.0565595223633 0.0478728797098 11
145.158642 0 -4910.15044754 -550.672691944 -796.977368084 -196.950511293 -15.1291973891 -40.5856924072  0.0063671112015  -0.186561452773 -0.0565595223633 0.0478728797098 11
145.210724 0 -4920.41472414 -551.460953956  -799.09301891 -197.207813851 -15.1408380669 -40.6572491541  0.0063671112015  -0.186561452773 -0.0565595223633 0.0478728797098 11
145.262806 0  -4930.6924004 -552.249817541 -801.212400786 -197.465125246 -15.1523785634 -40.7290561598  0.0063671112015  -0.186561452773 -0.0565595223633 0.0478728797098 11
145.314888 0 -4940.98348907  -553.03928288  -803.33552242 -197.722713455 -15.1639411914 -40.8008992698  0.0063671112015  -0.186561452773 -0.0565595223633 0.0478728797098 11
145.36697 0 -4951.28798281 -553.829353241 -805.462385531 -197.980016218 -15.1754852884 -40.8726975244  0.0063671112015  -0.186561452773 -0.0565595223633 0.0478728797098 11
145.419052 0 -4961.60587585 -554.620018204 -807.592986762 -198.237098658 -15.1869220767 -40.9445868425  0.0063671112015  -0.186561452773 -0.0565595223633 0.0478728797098 11
145.471134 0  -4971.9371586 -555.411290112 -809.727328896 -198.494295038 -15.1986918105 -41.0162079623  0.0063671112015  -0.186561452773 -0.0565595223633 0.0478728797098 11
145.523216 0 -4982.28183833 -556.203169235 -811.865402944 -198.751605837 -15.2103134039 -41.0879295903  0.0063671112015  -0.186561452773 -0.0565595223633 0.0478728797098 11
145.575298 0 -4992.63991726 -556.995648107 -814.007208279 -199.008853756 -15.2216522235 -41.1594709734  0.0063671112015  -0.186561452773 -0.0565595223633 0.0478728797098 11
145.627381 0 -5003.01160244 -557.788735345 -816.152786524 -199.266250033  -15.233066043 -41.2313120287  0.0063671112015  -0.186561452773 -0.0565595223633 0.0478728797098 11
145.679463 0 -5013.39648562 -558.582404265 -818.302066497 -199.523466279 -15.2446578892 -41.3032551935  0.0063671112015  -0.186561452773 -0.0565595223633 0.0478728797098 11
145.731545 0 -5023.79476656 -559.376680284  -820.45509488 -199.780778883 -15.2562849617 -41.3751185255  0.0063671112015  -0.186561452773 -0.0565595223633 0.0478728797098 11
145.783622 0 -5034.20544932  -560.17148143 -822.611658172 -200.038091184 -15.2678329337 -41.4469246794  0.0063671112015  -0.186561452773 -0.0565595223633 0.0478728797098 11
145.835709 0 -5044.63153817  -560.96704808 -824.772376392 -200.295475548 -15.2797191834 -41.5188115651  0.0063671112015  -0.186561452773 -0.0565595223633 0.0478728797098 11
145.887791 0 -5055.07002403 -561.763149853 -826.936630762 -200.552747822  -15.291378849 -41.5906810027  0.0063671112015  -0.186561452773 -0.0565595223633 0.0478728797098 11
145.939873 0 -5065.52191615 -562.559862597 -829.104635424 -200.810158552 -15.3031656447 -41.6627774099  0.0063671112015  -0.186561452773 -0.0565595223633 0.0478728797098 11
145.991955 0 -5075.98721379 -563.357188305 -831.276382679 -201.067498575 -15.3149579541 -41.7344087181  0.0063671112015  -0.186561452773 -0.0565595223633 0.0478728797098 11
146.044038 0 -5086.46611541 -564.155142957 -833.451908284 -201.324919624 -15.3267075202 -41.8062868384  0.0063671112015  -0.186561452773 -0.0565595223633 0.0478728797098 11
146.096119 0 -5096.95802199 -564.953681474 -835.631088208  -201.58241987 -15.3384865522 -41.8780344463  0.0063671112015  -0.186561452773 -0.0565595223633 0.0478728797098 11
146.148201 0 -5107.46354185 -565.752849629 -837.814052735 -201.839950262 -15.3503770305 -41.9499632671  0.0063671112015  -0.186561452773 -0.0565595223633 0.0478728797098 11
146.200284 0 -5117.98267615 -566.552650568 -840.000807413 -202.097403686 -15.3621234016 -42.0218684563  0.0063671112015  -0.186561452773 -0.0565595223633 0.0478728797098 11
146.25236 0 -5128.51380569 -567.352954654  -842.19100777 -202.354952069 -15.3738480086 -42.0936258828  0.0063671112015  -0.186561452773 -0.0565595223633 0.0478728797098 11
146.304448 0 -5139.06078003 -568.154058861  -844.38545144 -202.612512755 -15.3857206545 -42.1654123667  0.0063671112015  -0.186561452773 -0.0565595223633 0.0478728797098 11
146.35653 0 -5149.61994794 -568.955687806 -846.583384953 -202.869976691 -15.3976261098 -42.2374178373  0.0063671112015  -0.186561452773 -0.0565595223633 0.0478728797098 11
146.408612 0 -5160.19252522 -569.757938754 -848.785063122 -203.127455656 -15.4095749086 -42.3092894096  0.0063671112015  -0.186561452773 -0.0565595223633 0.0478728797098 11
146.460694 0 -5170.77851457 -570.560812614 -850.990491629 -203.384965301 -15.4215736696 -42.3813520773  0.0063671112015  -0.186561452773 -0.0565595223633 0.0478728797098 11
146.512776 0  -5181.3779204 -571.364307872 -853.199676618 -203.642668586 -15.4334655135 -42.4534287764  0.0063671112015  -0.186561452773 -0.0565595223633 0.0478728797098 11
146.564859 0 -5191.99094615 -572.168440717  -855.41265372  -203.90010288 -15.4454724014  -42.525402208  0.0063671112015  -0.186561452773 -0.0565595223633 0.0478728797098 11
146.616941 0 -5202.61717423 -572.973181533 -857.629335541 -204.157571249 -15.4573523295 -42.5973791691  0.0063671112015  -0.186561452773 -0.0565595223633 0.0478728797098 11
146.669022 0 -5213.25661312 -573.778532606 -859.849722954 -204.415276997 -15.4695407221 -42.6692929238  0.0063671112015  -0.186561452773 -0.0565595223633 0.0478728797098 11
146.7211 0 -5223.90886356  -574.58446405 -862.073728115 -204.673025637 -15.4814113077 -42.7413016931  0.0063671112015  -0.186561452773 -0.0565595223633 0.0478728797098 11
146.773187 0 -5234.57638228 -575.391154759 -864.301867568 -204.930835043 -15.4933159603 -42.8132137634  0.0063671112015  -0.186561452773 -0.0565595223633 0.0478728797098 11
146.825269 0 -5245.25629586   -576.1983955  -866.53353665 -205.188302809 -15.5054798678 -42.8851494193  0.0063671112015  -0.186561452773 -0.0565595223633 0.0478728797098 11
146.877351 0 -5255.94961872 -577.006267172  -868.76895719 -205.445830229 -15.5175942334 -42.9572383654  0.0063671112015  -0.186561452773 -0.0565595223633 0.0478728797098 11
146.929433 0 -5266.65635103 -577.814765924 -871.008133768 -205.703264257  -15.529693918 -43.0293711478  0.0063671112015  -0.186561452773 -0.0565595223633 0.0478728797098 11
146.981515 0 -5277.37649812 -578.623900743 -873.251073457 -205.960886935 -15.5418499011 -43.1015624821  0.0063671112015  -0.186561452773 -0.0565595223633 0.0478728797098 11
147.033597 0 -5288.11006491  -579.43366756 -875.497764524 -206.218526886 -15.5539714385 -43.1735952611  0.0063671112015  -0.186561452773 -0.0565595223633 0.0478728797098 11
147.085679 0 -5298.85704407 -580.244060189  -877.74821391  -206.47602391 -15.5659570258 -43.2458142047  0.0063671112015  -0.186561452773 -0.0565595223633 0.0478728797098 11
147.137762 0 -5309.61764221 -581.055102787 -880.002465393 -206.733683849 -15.5783047291 -43.3180643133  0.0063671112015  -0.186561452773 -0.0565595223633 0.0478728797098 11
147.189844 0 -5320.39145768 -581.866767555 -882.260435928 -206.991437052 -15.5905011799  -43.390110339  0.0063671112015  -0.186561452773 -0.0565595223633 0.0478728797098 11
147.241926 0 -5331.17870266 -582.679071999 -884.522158994 -207.249247122 -15.6027332926 -43.4623301107  0.0063671112015  -0.186561452773 -0.0565595223633 0.0478728797098 11
147.294007 0 -5341.97916509 -583.491989907 -886.787594043 -207.507144868 -15.6147082072  -43.534335103  0.0063671112015  -0.186561452773 -0.0565595223633 0.0478728797098 11
147.34609 0 -5352.79347593 -584.305567225 -889.056869045   -207.7651158 -15.6268433191  -43.606343359  0.0063671112015  -0.186561452773 -0.0565595223633 0.0478728797098 11
147.398172 0 -5363.62101785 -585.119767825 -891.329858141 -208.023204312 -15.6392068341 -43.6786322857  0.0063671112015  -0.186561452773 -0.0565595223633 0.0478728797098 11
147.450254 0 -5374.46199594 -585.934607883 -893.606613732 -208.280916828 -15.6514235849 -43.7509713425  0.0063671112015  -0.186561452773 -0.0565595223633 0.0478728797098 11
147.502336 0 -5385.31639325 -586.750082306  -895.88713298 -208.538550335 -15.6636885049 -43.8231979209  0.0063671112015  -0.186561452773 -0.0565595223633 0.0478728797098 11
147.554417 0 -5396.18400349 -587.566185857 -898.171368564 -208.796308187 -15.6760935846 -43.8953533775  0.0063671112015  -0.186561452773 -0.0565595223633 0.0478728797098 11
147.606501 0 -5407.06566531  -588.38298177 -900.459501249 -209.054187554   -15.68840402 -43.9678092959  0.0063671112015  -0.186561452773 -0.0565595223633 0.0478728797098 11
147.658583 0 -5417.96034374 -589.200392108 -902.751315448 -209.312050634 -15.7008497207 -44.0400873381  0.0063671112015  -0.186561452773 -0.0565595223633 0.0478728797098 11
147.710665 0  -5428.8684546 -590.018442678 -905.046898454 -209.570148376 -15.7131241729 -44.1125445621  0.0063671112015  -0.186561452773 -0.0565595223633 0.0478728797098 11
147.762748 0 -5439.79021212 -590.837151865 -907.346291998 -209.828089001  -15.725539122 -44.1847317237  0.0063671112015  -0.186561452773 -0.0565595223633 0.0478728797098 11
147.814829 0 -5450.72498697 -591.656486614 -909.649361901  -210.08598648 -15.7382465902 -44.2570380174  0.0063671112015  -0.186561452773 -0.0565595223633 0.0478728797098 11
147.866911 0 -5461.67339895 -592.476494335 -911.956243409  -210.34387581 -15.7508941122 -44.3294479126  0.0063671112015  -0.186561452773 -0.0565595223633 0.0478728797098 11
147.918993 0 -5472.63524313  -593.29715802 -914.266891755  -210.60182396 -15.7634263442 -44.4017327647  0.0063671112015  -0.186561452773 -0.0565595223633 0.0478728797098 11
147.971075 0 -5483.61053216 -594.118475342 -916.581306668 -210.860021745  -15.776035026 -44.4740643188  0.0063671112015  -0.186561452773 -0.0565595223633 0.0478728797098 11
148.023158 0 -5494.59948032 -594.940461635 -918.899535098 -211.118147741 -15.7884294573 -44.5465041951  0.0063671112015  -0.186561452773 -0.0565595223633 0.0478728797098 11
148.07524 0 -5505.60164814 -595.763078198 -921.221491094 -211.376013047 -15.8008160526 -44.6188655021  0.0063671112015  -0.186561452773 -0.0565595223633 0.0478728797098 11
148.127323 0 -5516.61746479 -596.586358054 -923.547259765 -211.634085366 -15.8133360123 -44.6911754335  0.0063671112015  -0.186561452773 -0.0565595223633 0.0478728797098 11
148.1794 0 -5527.64544928 -597.410198484 -925.876526024 -211.892070026 -15.8260217132 -44.7635152728  0.0063671112015  -0.186561452773 -0.0565595223633 0.0478728797098 11
148.231487 0 -5538.68899605 -598.234857788 -928.210011128 -212.150272854 -15.8386914591 -44.8360071996  0.0063671112015  -0.186561452773 -0.0565595223633 0.0478728797098 11
148.283569 0 -5549.74493436 -599.060095439 -930.547046809 -212.408492106 -15.8513153372 -44.9084522767  0.0063671112015  -0.186561452773 -0.0565595223633 0.0478728797098 11
148.335651 0 -5560.81431813  -599.88599632 -932.887851046 -212.666747214  -15.864211034 -44.9807760868  0.0063671112015  -0.186561452773 -0.0565595223633 0.0478728797098 11
148.387733 0 -5571.89715729 -600.712566524 -935.232418009 -212.925199408 -15.8770115774 -45.0529434093  0.0063671112015  -0.186561452773 -0.0565595223633 0.0478728797098 11
148.439815 0 -5582.99345024 -601.539804316 -937.580753766 -213.183457814 -15.8897511595 -45.1254689845  0.0063671112015  -0.186561452773 -0.0565595223633 0.0478728797098 11
148.491897 0 -5594.10319929 -602.367715252 -939.932869606 -213.441789864 -15.9028014129 -45.1980981334  0.0063671112015  -0.186561452773 -0.0565595223633 0.0478728797098 11
148.543979 0  -5605.2264033 -603.196291033 -942.288768825 -213.700205462 -15.9152850818 -45.2707092338  0.0063671112015  -0.186561452773 -0.0565595223633 0.0478728797098 11
148.596062 0 -5616.36328126 -604.025539722 -944.648495004 -213.958585848 -15.9280942855  -45.343348637  0.0063671112015  -0.186561452773 -0.0565595223633 0.0478728797098 11
148.648143 0 -5627.51318976 -604.855425668 -947.011914612 -214.216982054 -15.9408962734 -45.4160061619  0.0063671112015  -0.186561452773 -0.0565595223633 0.0478728797098 11
148.700226 0 -5638.67697788  -605.68600697  -949.37920517 -214.475239081 -15.9536162932 -45.4884926389  0.0063671112015  -0.186561452773 -0.0565595223633 0.0478728797098 11
148.752308 0 -5649.85400548 -606.517237081 -951.750226934 -214.733593546 -15.9663896423 -45.5611005936  0.0063671112015  -0.186561452773 -0.0565595223633 0.0478728797098 11
148.804391 0 -5661.04469726 -607.349143234 -954.125071827 -214.991623458 -15.9790756845 -45.6335372343  0.0063671112015  -0.186561452773 -0.0565595223633 0.0478728797098 11
148.856473 0 -5672.24861975 -608.181697121 -956.503645521 -215.250043003 -15.9917864765 -45.7060897176  0.0063671112015  -0.186561452773 -0.0565595223633 0.0478728797098 11
148.908555 0 -5683.46600363 -609.014915518 -958.886001878  -215.50845085 -16.0046029415 -45.7787401608  0.0063671112015  -0.186561452773 -0.0565595223633 0.0478728797098 11
148.960637 0 -5694.69684499 -609.848803873 -961.272137794 -215.766950044 -16.0175194449 -45.8512289937  0.0063671112015  -0.186561452773 -0.0565595223633 0.0478728797098 11
149.012719 0 -5705.94114883 -610.683360107 -963.662053426 -216.025321322 -16.0302988262 -45.9239083826  0.0063671112015  -0.186561452773 -0.0565595223633 0.0478728797098 11
149.064801 0 -5717.19890735 -611.518592861 -966.055755316 -216.283792963 -16.0434403101 -45.9966530777  0.0063671112015  -0.186561452773 -0.0565595223633 0.0478728797098 11
149.116885 0 -5728.47056562 -612.354546218 -968.453340073 -216.542410767 -16.0565964315 -46.0694362157  0.0063671112015  -0.186561452773 -0.0565595223633 0.0478728797098 11
149.168965 0 -5739.75482794  -613.19111066 -970.854523131 -216.800898788 -16.0695522244 -46.1418814456  0.0063671112015  -0.186561452773 -0.0565595223633 0.0478728797098 11
149.221048 0 -5751.05319486  -614.02840027 -973.259617377 -217.059191592 -16.0825608567 -46.2143485949  0.0063671112015  -0.186561452773 -0.0565595223633 0.0478728797098 11
149.27313 0 -5762.36480328 -614.866353516 -975.668447391  -217.31769473 -16.0957144638 -46.2870729183  0.0063671112015  -0.186561452773 -0.0565595223633 0.0478728797098 11
149.325212 0 -5773.68987735 -615.704992568 -978.081066128 -217.576211758 -16.1089106816 -46.3598989265  0.0063671112015  -0.186561452773 -0.0565595223633 0.0478728797098 11
149.377295 0 -5785.02863649 -616.544332569 -980.497528726 -217.834965375 -16.1219600254 -46.4328534381  0.0063671112015  -0.186561452773 -0.0565595223633 0.0478728797098 11
149.429377 0 -5796.38065425 -617.384343643 -982.917743974 -218.093573876 -16.1352334842  -46.505686024  0.0063671112015  -0.186561452773 -0.0565595223633 0.0478728797098 11
149.481473 0 -5807.74919951 -618.225268542 -985.342400684 -218.352367218 -16.1484023659 -46.5783700843  0.0063671112015  -0.186561452773 -0.0565595223633 0.0478728797098 11
149.533541 0 -5819.12510883    -619.066427 -987.769528608 -218.611129326 -16.1615727613 -46.6508727316  0.0063671112015  -0.186561452773 -0.0565595223633 0.0478728797098 11
149.585618 0 -5830.51645754 -619.908417566 -990.200857807 -218.869871169 -16.1748180733 -46.7235877703  0.0063671112015  -0.186561452773 -0.0565595223633 0.0478728797098 11
149.637706 0 -5841.92369093 -620.751270496 -992.636487907 -219.128591311 -16.1878496288 -46.7961753783  0.0063671112015  -0.186561452773 -0.0565595223633 0.0478728797098 11
149.689788 0 -5853.34308074 -621.594710413  -995.07561701 -219.387294699 -16.2011122516 -46.8687728511  0.0063671112015  -0.186561452773 -0.0565595223633 0.0478728797098 11
149.74187 0 -5864.77595049 -622.438839623 -997.518530699 -219.646167576 -16.2142218976   -46.94158738  0.0063671112015  -0.186561452773 -0.0565595223633 0.0478728797098 11
149.793952 0  -5876.2222974 -623.283650116 -999.965236279 -219.904776611 -16.2274080187 -47.0143289761  0.0063671112015  -0.186561452773 -0.0565595223633 0.0478728797098 11
149.846035 0 -5887.68233767 -624.129168113 -1002.41578502 -220.163620975 -16.2406946634 -47.0873594955  0.0063671112015  -0.186561452773 -0.0565595223633 0.0478728797098 11
149.898116 0 -5899.15541514 -624.975345921 -1004.87004102 -220.422306835  -16.254002943 -47.1602941757  0.0063671112015  -0.186561452773 -0.0565595223633 0.0478728797098 11
149.950199 0 -5910.64241083 -625.822253291 -1007.32818269 -220.681208653 -16.2674666032 -47.2330906359  0.0063671112015  -0.186561452773 -0.0565595223633 0.0478728797098 11
150.002281 0 -5922.14267864  -626.66983937 -1009.79007621 -220.940376504 -16.2807205255 -47.3059725644  0.0063671112015  -0.186561452773 -0.0565595223633 0.0478728797098 11
150.054363 0 -5933.65643844 -627.518120137 -1012.25576093 -221.199356064 -16.2941098579 -47.3787368864  0.0063671112015  -0.186561452773 -0.0565595223633 0.0478728797098 11
150.106445 0 -5945.18367803 -628.367093786 -1014.72523936 -221.457993584 -16.3073794081 -47.4516488389  0.0063671112015  -0.186561452773 -0.0565595223633 0.0478728797098 11
150.158527 0 -5956.72439711 -629.216764216 -1017.19851599 -221.717004386 -16.3207193024 -47.5246723423  0.0063671112015  -0.186561452773 -0.0565595223633 0.0478728797098 11
150.21061 0 -5968.27882932 -630.067142192 -1019.67563897 -221.976011039  -16.334087206 -47.5974277791  0.0063671112015  -0.186561452773 -0.0565595223633 0.0478728797098 11
150.262692 0 -5979.84652663 -630.918209112 -1022.15651021 -222.234902195 -16.3477143912 -47.6705072178  0.0063671112015  -0.186561452773 -0.0565595223633 0.0478728797098 11
150.314774 0 -5991.42771146 -631.769974917 -1024.64118735 -222.493814469 -16.3610657713 -47.7434791906  0.0063671112015  -0.186561452773 -0.0565595223633 0.0478728797098 11
150.366856 0 -6003.02237516 -632.622443412 -1027.12966698  -222.75267143 -16.3746206618 -47.8165389794  0.0063671112015  -0.186561452773 -0.0565595223633 0.0478728797098 11
150.418939 0 -6014.63075597 -633.475633217 -1029.62200163 -223.011960799 -16.3880952116 -47.8895958668  0.0063671112015  -0.186561452773 -0.0565595223633 0.0478728797098 11
150.471021 0 -6026.25241402 -634.329510366 -1032.11809088 -223.271149593 -16.4016512739 -47.9625623038  0.0063671112015  -0.186561452773 -0.0565595223633 0.0478728797098 11
150.523103 0 -6037.88756658 -635.184090883 -1034.61798134 -223.530113854 -16.4151744105 -48.0357159655  0.0063671112015  -0.186561452773 -0.0565595223633 0.0478728797098 11
150.575185 0 -6049.53621174 -636.039379614 -1037.12168114  -223.78925444 -16.4287189256 -48.1088308388  0.0063671112015  -0.186561452773 -0.0565595223633 0.0478728797098 11
150.627268 0 -6061.19858399  -636.89539244 -1039.62923392  -224.04852992 -16.4423367629 -48.1817913608  0.0063671112015  -0.186561452773 -0.0565595223633 0.0478728797098 11
150.67935 0 -6072.87421834 -637.752094918 -1042.14053761 -224.307337087 -16.4558024466 -48.2547114516  0.0063671112015  -0.186561452773 -0.0565595223633 0.0478728797098 11
150.731432 0 -6084.56333968 -638.609504666 -1044.65563999 -224.566335131 -16.4695693425 -48.3276256086  0.0063671112015  -0.186561452773 -0.0565595223633 0.0478728797098 11
150.783514 0  -6096.2659522 -639.467625688 -1047.17454202 -224.825332845 -16.4831398847 -48.4007689445  0.0063671112015  -0.186561452773 -0.0565595223633 0.0478728797098 11
150.835596 0 -6107.98205549 -640.326456469 -1049.69725228 -225.084407625 -16.4968395334 -48.4738380129  0.0063671112015  -0.186561452773 -0.0565595223633 0.0478728797098 11
150.887679 0 -6119.71187949 -641.186014277 -1052.22381711 -225.343693374 -16.5104982646  -48.546837111  0.0063671112015  -0.186561452773 -0.0565595223633 0.0478728797098 11
150.939761 0 -6131.45498237 -642.046270708 -1054.75413594 -225.602916972 -16.5243487795  -48.619907551  0.0063671112015  -0.186561452773 -0.0565595223633 0.0478728797098 11
150.991843 0 -6143.21157951 -642.907251429 -1057.28825745 -225.862073618 -16.5380854815 -48.6929543075  0.0063671112015  -0.186561452773 -0.0565595223633 0.0478728797098 11
151.043921 0 -6154.98076628 -643.768879331 -1059.82598646 -226.120999616 -16.5518742639 -48.7659064886  0.0063671112015  -0.186561452773 -0.0565595223633 0.0478728797098 11
151.096007 0 -6166.76525769 -644.631363519 -1062.36790797 -226.380294632 -16.5658909518 -48.8388609111  0.0063671112015  -0.186561452773 -0.0565595223633 0.0478728797098 11
151.14809 0 -6178.56257137 -645.494523178 -1064.91348525  -226.63949603  -16.579627632 -48.9120043824  0.0063671112015  -0.186561452773 -0.0565595223633 0.0478728797098 11
151.200172 0 -6190.37316332 -646.358384356 -1067.46282713  -226.89877537 -16.5935045298  -48.985185938  0.0063671112015  -0.186561452773 -0.0565595223633 0.0478728797098 11
151.252254 0 -6202.19725582 -647.222961614 -1070.01597631 -227.157954152 -16.6072238115 -49.0583300011  0.0063671112015  -0.186561452773 -0.0565595223633 0.0478728797098 11
151.304336 0 -6214.03484753 -648.088264662 -1072.57293736 -227.417295275 -16.6212945479 -49.1314976448  0.0063671112015  -0.186561452773 -0.0565595223633 0.0478728797098 11
151.356419 0 -6225.88617042 -648.954310597 -1075.13376123 -227.676526292 -16.6350356809 -49.2047507926  0.0063671112015  -0.186561452773 -0.0565595223633 0.0478728797098 11
151.408501 0 -6237.75077388 -649.821053444  -1077.6983465 -227.935948867 -16.6488569852 -49.2778347647  0.0063671112015  -0.186561452773 -0.0565595223633 0.0478728797098 11
151.460583 0 -6249.62888639 -650.688525949 -1080.26673548 -228.195238888 -16.6628754004 -49.3508316264  0.0063671112015  -0.186561452773 -0.0565595223633 0.0478728797098 11
151.512661 0 -6261.51959192 -651.556655876 -1082.83873325 -228.454570778 -16.6767459287 -49.4239665909  0.0063671112015  -0.186561452773 -0.0565595223633 0.0478728797098 11
151.564748 0 -6273.42586322 -652.425657181 -1085.41498947  -228.71404418 -16.6906828256 -49.4973017038  0.0063671112015  -0.186561452773 -0.0565595223633 0.0478728797098 11
151.61683 0 -6285.34450443  -653.29530418 -1087.99481702  -228.97344363 -16.7045800668 -49.5705261559  0.0063671112015  -0.186561452773 -0.0565595223633 0.0478728797098 11
151.668912 0 -6297.27665956 -654.165675352 -1090.57845662 -229.232993023 -16.7186026834 -49.6439070708  0.0063671112015  -0.186561452773 -0.0565595223633 0.0478728797098 11
151.720995 0 -6309.22255543 -655.036795008 -1093.16596295 -229.492396848 -16.7326229992 -49.7170061702  0.0063671112015  -0.186561452773 -0.0565595223633 0.0478728797098 11
151.773077 0 -6321.18173431 -655.908628501 -1095.75722673 -229.751804984 -16.7466041211 -49.7900131825  0.0063671112015  -0.186561452773 -0.0565595223633 0.0478728797098 11
151.82516 0 -6333.15465222 -656.781205071 -1098.35234297 -230.011209425 -16.7605845335 -49.8630873011  0.0063671112015  -0.186561452773 -0.0565595223633 0.0478728797098 11
151.877241 0 -6345.14062731 -657.654478654 -1100.95116612 -230.270927219  -16.774569205 -49.9362098859  0.0063671112015  -0.186561452773 -0.0565595223633 0.0478728797098 11
151.929324 0 -6357.14058449 -658.528512745 -1103.55390189   -230.5304399 -16.7885388213 -50.0094726251  0.0063671112015  -0.186561452773 -0.0565595223633 0.0478728797098 11
151.981404 0 -6369.15337441 -659.403227095 -1106.16030184 -230.790050473 -16.8026049526 -50.0826866999  0.0063671112015  -0.186561452773 -0.0565595223633 0.0478728797098 11
152.033488 0 -6381.18060245 -660.278739454 -1108.77072027 -231.049604374 -16.8166054547 -50.1560884906  0.0063671112015  -0.186561452773 -0.0565595223633 0.0478728797098 11
152.085571 0 -6393.22112471 -661.154968982 -1111.38490747 -231.309393763 -16.8307798773 -50.2292864316  0.0063671112015  -0.186561452773 -0.0565595223633 0.0478728797098 11
152.137653 0 -6405.27494232 -662.031920278 -1114.00286159 -231.569114995  -16.845003652 -50.3026779965  0.0063671112015  -0.186561452773 -0.0565595223633 0.0478728797098 11
152.189735 0 -6417.34228835 -662.909602432 -1116.62463426  -231.82877341 -16.8588834737 -50.3760213187  0.0063671112015  -0.186561452773 -0.0565595223633 0.0478728797098 11
152.241817 0 -6429.42315461 -663.788016296 -1119.25022245 -232.088417097 -16.8731140823 -50.4491316706  0.0063671112015  -0.186561452773 -0.0565595223633 0.0478728797098 11
152.293899 0 -6441.51754719 -664.667173526 -1121.87962543 -232.348179552 -16.8873241694 -50.5225497019  0.0063671112015  -0.186561452773 -0.0565595223633 0.0478728797098 11
152.345982 0 -6453.62570671 -665.547082574 -1124.51290692 -232.607976247 -16.9014775068 -50.5961270276  0.0063671112015  -0.186561452773 -0.0565595223633 0.0478728797098 11
152.398064 0 -6465.74715559 -666.427715594 -1127.14996427 -232.867770172   -16.91565039 -50.6694759021  0.0063671112015  -0.186561452773 -0.0565595223633 0.0478728797098 11
152.450147 0 -6477.88237268 -667.309098439 -1129.79089002 -233.127665931 -16.9297101575 -50.7427814178  0.0063671112015  -0.186561452773 -0.0565595223633 0.0478728797098 11
152.502229 0 -6490.03089607 -668.191205517 -1132.43558597 -233.387551093 -16.9439809269 -50.8161640489  0.0063671112015  -0.186561452773 -0.0565595223633 0.0478728797098 11
152.554311 0 -6502.19294822 -669.074053508 -1135.08410277 -233.647179533 -16.9582352449 -50.8895052164  0.0063671112015  -0.186561452773 -0.0565595223633 0.0478728797098 11
152.606393 0 -6514.36852662 -669.957642882 -1137.73644281 -233.907085445 -16.9724913901 -50.9629818111  0.0063671112015  -0.186561452773 -0.0565595223633 0.0478728797098 11
152.658476 0 -6526.55787836 -670.841991308 -1140.39266353  -234.16704212  -16.986696358 -51.0364853803  0.0063671112015  -0.186561452773 -0.0565595223633 0.0478728797098 11
152.710558 0 -6538.76053858 -671.727066433 -1143.05266444 -234.427135699 -17.0011091847 -51.1101216023  0.0063671112015  -0.186561452773 -0.0565595223633 0.0478728797098 11
152.762641 0 -6550.97697469 -672.612910376 -1145.71654287 -234.687110873 -17.0154510219 -51.1836367989  0.0063671112015  -0.186561452773 -0.0565595223633 0.0478728797098 11
152.814722 0 -6563.20648103  -673.49946499 -1148.38415634 -234.946939015  -17.029709211 -51.2572667838  0.0063671112015  -0.186561452773 -0.0565595223633 0.0478728797098 11
152.866805 0 -6575.44999123 -674.386796653 -1151.05570331 -235.206923098 -17.0439397961 -51.3307844582  0.0063671112015  -0.186561452773 -0.0565595223633 0.0478728797098 11
152.918887 0 -6587.70680368 -675.274852899  -1153.7310245 -235.466755613 -17.0583853859 -51.4041780395  0.0063671112015  -0.186561452773 -0.0565595223633 0.0478728797098 11
152.97097 0 -6599.97739678 -676.163674389 -1156.41022071  -235.72687461 -17.0728580081  -51.477689572  0.0063671112015  -0.186561452773 -0.0565595223633 0.0478728797098 11
153.023052 0 -6612.26129135 -677.053239289 -1159.09319216 -235.986862477  -17.087370001  -51.551071243  0.0063671112015  -0.186561452773 -0.0565595223633 0.0478728797098 11
153.075134 0 -6624.55872893 -677.943559234 -1161.77998602 -236.246913039 -17.1018001986 -51.6244883208  0.0063671112015  -0.186561452773 -0.0565595223633 0.0478728797098 11
153.127216 0 -6636.86970837 -678.834634132 -1164.47060373 -236.506778877 -17.1164293582 -51.6979831167  0.0063671112015  -0.186561452773 -0.0565595223633 0.0478728797098 11
153.179299 0 -6649.19446486 -679.726484889 -1167.16510522  -236.76694305 -17.1307707506 -51.7714863166  0.0063671112015  -0.186561452773 -0.0565595223633 0.0478728797098 11
153.231381 0 -6661.53253297 -680.619067493 -1169.86338278 -237.027052721 -17.1453342839 -51.8450799566  0.0063671112015  -0.186561452773 -0.0565595223633 0.0478728797098 11
153.283463 0 -6673.88414815 -681.512413793 -1172.56549281  -237.28711574 -17.1600050514 -51.9186077551  0.0063671112015  -0.186561452773 -0.0565595223633 0.0478728797098 11
153.335546 0 -6686.24954311  -682.40654285 -1175.27148454 -237.547095184  -17.174745465 -51.9921116258  0.0063671112015  -0.186561452773 -0.0565595223633 0.0478728797098 11
153.387628 0 -6698.62824741 -683.301421029 -1177.98125293  -237.80727402 -17.1893808813 -52.0655739498  0.0063671112015  -0.186561452773 -0.0565595223633 0.0478728797098 11
153.439714 0 -6711.02144831 -684.197133365 -1180.69505621 -238.067362393 -17.2041977974 -52.1392281138  0.0063671112015  -0.186561452773 -0.0565595223633 0.0478728797098 11
153.491792 0 -6723.42628994 -685.093471008 -1183.41228013 -238.327362371 -17.2187255571 -52.2129397337  0.0063671112015  -0.186561452773 -0.0565595223633 0.0478728797098 11
153.543874 0 -6735.84562307 -685.990638425 -1186.13355209 -238.587356834  -17.233414907 -52.2866360053  0.0063671112015  -0.186561452773 -0.0565595223633 0.0478728797098 11
153.595957 0 -6748.27874892 -686.888592866 -1188.85871847 -238.847872764 -17.2482602435 -52.3603413385  0.0063671112015  -0.186561452773 -0.0565595223633 0.0478728797098 11
153.648039 0 -6760.72519133 -687.787296926 -1191.58766892 -239.107865989 -17.2628877001  -52.433997198  0.0063671112015  -0.186561452773 -0.0565595223633 0.0478728797098 11
153.700121 0 -6773.18518779 -688.686765643 -1194.32045897 -239.368129226 -17.2776071281 -52.5077799241  0.0063671112015  -0.186561452773 -0.0565595223633 0.0478728797098 11
153.752204 0 -6785.65897417 -689.587021715 -1197.05713984 -239.628462778 -17.2923782668 -52.5815122993  0.0063671112015  -0.186561452773 -0.0565595223633 0.0478728797098 11
153.804286 0 -6798.14608265 -690.488025546 -1199.79760984 -239.888825726 -17.3070363037 -52.6551181212  0.0063671112015  -0.186561452773 -0.0565595223633 0.0478728797098 11
153.856368 0 -6810.64674893 -691.389793359 -1202.54191875 -240.149143605 -17.3216990982 -52.7288779814  0.0063671112015  -0.186561452773 -0.0565595223633 0.0478728797098 11
153.90845 0 -6823.16096666 -692.292322916  -1205.2900737 -240.409294649  -17.336300146 -52.8029009525  0.0063671112015  -0.186561452773 -0.0565595223633 0.0478728797098 11
153.960533 0 -6835.68898628  -693.19563087 -1208.04212428 -240.669731091 -17.3510011257 -52.8766682543  0.0063671112015  -0.186561452773 -0.0565595223633 0.0478728797098 11
154.012616 0  -6848.2305644 -694.099711445 -1210.79801298 -240.930037326  -17.365908755 -52.9502651308  0.0063671112015  -0.186561452773 -0.0565595223633 0.0478728797098 11
154.064698 0 -6860.78546585 -695.004549001 -1213.55769481 -241.190557201 -17.3806677468 -53.0241130179  0.0063671112015  -0.186561452773 -0.0565595223633 0.0478728797098 11
154.11678 0 -6873.35393289  -695.91015536 -1216.32121748 -241.450918244 -17.3955591806 -53.0979680049  0.0063671112015  -0.186561452773 -0.0565595223633 0.0478728797098 11
154.168862 0 -6885.93596296 -696.816542713  -1219.0885918 -241.711386732  -17.410634702 -53.1719137679  0.0063671112015  -0.186561452773 -0.0565595223633 0.0478728797098 11
154.220945 0 -6898.53179831 -697.723725166 -1221.85986908 -241.971781889 -17.4254688646 -53.2456542302  0.0063671112015  -0.186561452773 -0.0565595223633 0.0478728797098 11
154.273027 0 -6911.14095586 -698.631663183 -1224.63493039 -242.232271435 -17.4402649861 -53.3194197786  0.0063671112015  -0.186561452773 -0.0565595223633 0.0478728797098 11
154.32511 0 -6923.76392144 -699.540398165  -1227.4138865 -242.492760532 -17.4553156827 -53.3932310344  0.0063671112015  -0.186561452773 -0.0565595223633 0.0478728797098 11
154.377196 0 -6936.40118833 -700.449963698 -1230.19685549 -242.753365034 -17.4702411238 -53.4672522229  0.0063671112015  -0.186561452773 -0.0565595223633 0.0478728797098 11
154.429274 0 -6949.05009217 -701.360174365  -1232.9832499  -243.01413436 -17.4853737439 -53.5411717369  0.0063671112015  -0.186561452773 -0.0565595223633 0.0478728797098 11
154.481357 0 -6961.71378164 -702.271257929  -1235.7737586 -243.274668104 -17.5004125876 -53.6150079878  0.0063671112015  -0.186561452773 -0.0565595223633 0.0478728797098 11
154.533439 0  -6974.3907972 -703.183107509 -1238.56806684 -243.535268465 -17.5154639615 -53.6890812833  0.0063671112015  -0.186561452773 -0.0565595223633 0.0478728797098 11
154.585521 0 -6987.08139851 -704.095740413 -1241.36622694 -243.796234892 -17.5304364069 -53.7630542832  0.0063671112015  -0.186561452773 -0.0565595223633 0.0478728797098 11
154.637604 0 -6999.78582578 -705.009171783 -1244.16829721 -244.056995029 -17.5456259251 -53.8371989529  0.0063671112015  -0.186561452773 -0.0565595223633 0.0478728797098 11
154.689686 0 -7012.50358803  -705.92337799 -1246.97417579 -244.317577436  -17.560797365 -53.9113766554  0.0063671112015  -0.186561452773 -0.0565595223633 0.0478728797098 11
154.741768 0 -7025.23492703 -706.838374177 -1249.78391912 -244.578361343 -17.5759548867 -53.9855395026  0.0063671112015  -0.186561452773 -0.0565595223633 0.0478728797098 11
154.79385 0 -7037.97984742 -707.754159531 -1252.59752174 -244.839173079 -17.5911587519 -54.0596458608  0.0063671112015  -0.186561452773 -0.0565595223633 0.0478728797098 11
154.845928 0 -7050.73737319 -708.670670613 -1255.41476834 -245.099976117 -17.6064620608 -54.1336365689  0.0063671112015  -0.186561452773 -0.0565595223633 0.0478728797098 11
154.898016 0 -7063.51093595 -709.588154663 -1258.23641029 -245.360952526 -17.6216887417 -54.2078412571  0.0063671112015  -0.186561452773 -0.0565595223633 0.0478728797098 11
154.950097 0 -7076.29637294 -710.506310334  -1261.0615366 -245.621905174 -17.6370489079 -54.2818183679  0.0063671112015  -0.186561452773 -0.0565595223633 0.0478728797098 11
155.00218 0 -7089.09589763 -711.425300414 -1263.89063064 -245.882980069 -17.6524312636 -54.3560590122  0.0063671112015  -0.186561452773 -0.0565595223633 0.0478728797098 11
155.054262 0 -7101.90877154 -712.345073455 -1266.72353424 -246.144038118 -17.6676977691 -54.4301820375  0.0063671112015  -0.186561452773 -0.0565595223633 0.0478728797098 11
155.106344 0 -7114.73524304 -713.265637886 -1269.56029636 -246.404913085 -17.6830547235 -54.5042363779  0.0063671112015  -0.186561452773 -0.0565595223633 0.0478728797098 11
155.158427 0  -7127.5755528 -714.187024754 -1272.40097601 -246.666095943 -17.6984282019 -54.5785098694  0.0063671112015  -0.186561452773 -0.0565595223633 0.0478728797098 11
155.21051 0 -7140.42946132 -715.109216355  -1275.2455232 -246.926997249 -17.7140360585 -54.6528308747  0.0063671112015  -0.186561452773 -0.0565595223633 0.0478728797098 11
155.262591 0 -7153.29647396 -716.032179583 -1278.09383572 -247.188242212 -17.7293451915 -54.7272974866  0.0063671112015  -0.186561452773 -0.0565595223633 0.0478728797098 11
155.314674 0 -7166.17757903 -716.955978975  -1280.9461308 -247.449324336 -17.7448670326 -54.8014869147  0.0063671112015  -0.186561452773 -0.0565595223633 0.0478728797098 11
155.366756 0 -7179.07203742  -717.88056968 -1283.80223794 -247.710613938 -17.7603314399 -54.8757910035  0.0063671112015  -0.186561452773 -0.0565595223633 0.0478728797098 11
155.418839 0 -7191.98035616 -718.805986285 -1286.66226596 -247.972040587 -17.7757632487 -54.9499073861  0.0063671112015  -0.186561452773 -0.0565595223633 0.0478728797098 11
155.47092 0 -7204.90179746 -719.732167863  -1289.5260486 -248.233556593 -17.7911563173 -55.0242542138  0.0063671112015  -0.186561452773 -0.0565595223633 0.0478728797098 11
155.523003 0 -7217.83736213  -720.65918484 -1292.39381791 -248.495258283 -17.8065324348 -55.0987678354  0.0063671112015  -0.186561452773 -0.0565595223633 0.0478728797098 11
155.575086 0 -7230.78654707 -721.587002501 -1295.26546609 -248.756678213 -17.8218777025 -55.1731619608  0.0063671112015  -0.186561452773 -0.0565595223633 0.0478728797098 11
155.627168 0 -7243.74909638 -722.515605375 -1298.14093266 -249.017977476 -17.8373547465 -55.2475799723  0.0063671112015  -0.186561452773 -0.0565595223633 0.0478728797098 11
155.67925 0 -7256.72526321 -723.445011091 -1301.02027792 -249.279504744 -17.8528302105 -55.3220793259  0.0063671112015  -0.186561452773 -0.0565595223633 0.0478728797098 11
155.731333 0  -7269.7152963 -724.375245701 -1303.90355777 -249.540901058 -17.8684093028 -55.3965956089  0.0063671112015  -0.186561452773 -0.0565595223633 0.0478728797098 11
155.783415 0 -7282.71869734 -725.306274968 -1306.79066514 -249.802518386 -17.8839696581 -55.4711125087  0.0063671112015  -0.186561452773 -0.0565595223633 0.0478728797098 11
155.835497 0 -7295.73572814 -726.238106955 -1309.68164743  -250.06424977 -17.8993355531 -55.5455302901  0.0063671112015  -0.186561452773 -0.0565595223633 0.0478728797098 11
155.88758 0 -7308.76663727   -727.1707607 -1312.57656883 -250.325788813 -17.9148064951 -55.6201643104  0.0063671112015  -0.186561452773 -0.0565595223633 0.0478728797098 11
155.939662 0 -7321.81092284 -728.104205224 -1315.47532073 -250.587651946 -17.9303616135 -55.6948622302  0.0063671112015  -0.186561452773 -0.0565595223633 0.0478728797098 11
155.991744 0 -7334.86884724 -729.038458182 -1318.37796887 -250.849418707 -17.9458679201 -55.7696951906  0.0063671112015  -0.186561452773 -0.0565595223633 0.0478728797098 11
156.043827 0 -7347.94065472 -729.973532882 -1321.28456954 -251.111371628 -17.9613132769 -55.8444741366  0.0063671112015  -0.186561452773 -0.0565595223633 0.0478728797098 11
156.095909 0 -7361.02586299 -730.909397296 -1324.19501001 -251.373468048 -17.9767909659 -55.9193660767  0.0063671112015  -0.186561452773 -0.0565595223633 0.0478728797098 11
156.147992 0 -7374.12496955 -731.846088631 -1327.10940584 -251.635434148 -17.9924412978 -55.9941468296  0.0063671112015  -0.186561452773 -0.0565595223633 0.0478728797098 11
156.200074 0 -7387.23746988 -732.783578879 -1330.02763757 -251.897423955 -18.0080329389 -56.0690051536  0.0063671112015  -0.186561452773 -0.0565595223633 0.0478728797098 11
156.252156 0 -7400.36360875 -733.721884194 -1332.94976247 -252.159347115 -18.0238060376 -56.1435876132  0.0063671112015  -0.186561452773 -0.0565595223633 0.0478728797098 11
156.304242 0 -7413.50440092 -734.661077843 -1335.87601412 -252.421378772 -18.0394779008 -56.2186268867  0.0063671112015  -0.186561452773 -0.0565595223633 0.0478728797098 11
156.356321 0 -7426.65707924 -735.600966533 -1338.80576951 -252.683566818 -18.0553052325 -56.2933427034  0.0063671112015  -0.186561452773 -0.0565595223633 0.0478728797098 11
156.408404 0 -7439.82442434 -736.541748657 -1341.73964826 -252.945801934 -18.0709614255 -56.3683664786  0.0063671112015  -0.186561452773 -0.0565595223633 0.0478728797098 11
156.460486 0 -7453.00517447 -737.483330089 -1344.67737936 -253.207961537 -18.0866793824 -56.4433990352  0.0063671112015  -0.186561452773 -0.0565595223633 0.0478728797098 11
156.512568 0  -7466.1995819 -738.425734273 -1347.61901892  -253.47030412 -18.1026253048 -56.5184865982  0.0063671112015  -0.186561452773 -0.0565595223633 0.0478728797098 11
156.564651 0 -7479.40790772 -739.368987998  -1350.5646234 -253.732650314 -18.1186133238 -56.5934031422  0.0063671112015  -0.186561452773 -0.0565595223633 0.0478728797098 11
156.616733 0 -7492.62964419 -740.313055968 -1353.51407203 -253.995009614  -18.134554625 -56.6683424202  0.0063671112015  -0.186561452773 -0.0565595223633 0.0478728797098 11
156.668815 0 -7505.86504264 -741.257954353 -1356.46742614 -254.257422015 -18.1504224663 -56.7433327512  0.0063671112015  -0.186561452773 -0.0565595223633 0.0478728797098 11
156.720898 0 -7519.11436545 -742.203698331 -1359.42474489 -254.519801144  -18.166413913 -56.8184407045  0.0063671112015  -0.186561452773 -0.0565595223633 0.0478728797098 11
156.772976 0 -7532.37609119 -743.150182568 -1362.38568798 -254.782490336 -18.1823488314 -56.8934444479  0.0063671112015  -0.186561452773 -0.0565595223633 0.0478728797098 11
156.825063 0 -7545.65377441 -744.097670644 -1365.35105697 -255.044433109 -18.1987392033 -56.9688847197  0.0063671112015  -0.186561452773 -0.0565595223633 0.0478728797098 11
156.877145 0 -7558.94386795  -745.04590088 -1368.32006124 -255.307693443 -18.2144448795 -57.0438888852  0.0063671112015  -0.186561452773 -0.0565595223633 0.0478728797098 11
156.929228 0  -7572.2479012  -745.99498276 -1371.29303813 -255.570608673 -18.2304784147  -57.119233204  0.0063671112015  -0.186561452773 -0.0565595223633 0.0478728797098 11
156.98131 0 -7585.56538504 -746.944873409  -1374.2698799 -255.833736426 -18.2465018843 -57.1944700524  0.0063671112015  -0.186561452773 -0.0565595223633 0.0478728797098 11
157.033392 0 -7598.89655303 -747.895607124 -1377.25064906 -256.096547892 -18.2624446273 -57.2698409295  0.0063671112015  -0.186561452773 -0.0565595223633 0.0478728797098 11
157.085474 0 -7612.24142324 -748.847173951 -1380.23533843 -256.359491753 -18.2786849743 -57.3451658552  0.0063671112015  -0.186561452773 -0.0565595223633 0.0478728797098 11
157.137557 0 -7625.60024523  -749.79959521  -1383.2240077 -256.622405265 -18.2945726987  -57.420563051  0.0063671112015  -0.186561452773 -0.0565595223633 0.0478728797098 11
157.18964 0 -7638.97277355 -750.752845728 -1386.21660602 -256.886117959 -18.3104776554 -57.4960575062  0.0063671112015  -0.186561452773 -0.0565595223633 0.0478728797098 11
157.241718 0 -7652.35773375 -751.706845627 -1389.21286531 -257.149072211 -18.3267824701  -57.571975697  0.0063671112015  -0.186561452773 -0.0565595223633 0.0478728797098 11
157.293804 0 -7665.75845242 -752.661836764 -1392.21352659  -257.41203638 -18.3430370588 -57.6475662476  0.0063671112015  -0.186561452773 -0.0565595223633 0.0478728797098 11
157.345886 0 -7679.17184076 -753.617600235 -1395.21790233 -257.675564263   -18.35907017 -57.7233152266  0.0063671112015  -0.186561452773 -0.0565595223633 0.0478728797098 11
157.397969 0 -7692.59921735  -754.57421565 -1398.22627803 -257.938807238 -18.3752457277 -57.7990097037  0.0063671112015  -0.186561452773 -0.0565595223633 0.0478728797098 11
157.450051 0  -7706.0400432 -755.531658591 -1401.23854019 -258.202176763 -18.3915141934 -57.8749035486  0.0063671112015  -0.186561452773 -0.0565595223633 0.0478728797098 11
157.502134 0 -7719.49485739 -756.489967293 -1404.25481851 -258.465946783 -18.4078189098 -57.9509325938  0.0063671112015  -0.186561452773 -0.0565595223633 0.0478728797098 11
157.554215 0  -7732.9628936 -757.449088225 -1407.27493941 -258.729704038 -18.4241124645 -58.0269048209  0.0063671112015  -0.186561452773 -0.0565595223633 0.0478728797098 11
157.606298 0 -7746.44516967 -758.409104598 -1410.29913292 -258.993119665 -18.4406646271 -58.1028450806  0.0063671112015  -0.186561452773 -0.0565595223633 0.0478728797098 11
157.658381 0  -7759.9411758  -759.36997592 -1413.32728406 -259.256793769 -18.4569599468 -58.1788870687  0.0063671112015  -0.186561452773 -0.0565595223633 0.0478728797098 11
157.710458 0 -7773.44936239  -760.33158395 -1416.35904163 -259.520614247 -18.4734264107 -58.2548491788  0.0063671112015  -0.186561452773 -0.0565595223633 0.0478728797098 11
157.762545 0 -7786.97388528 -761.294241271 -1419.39534102 -259.784507002 -18.4899654149 -58.3309622234  0.0063671112015  -0.186561452773 -0.0565595223633 0.0478728797098 11
157.814627 0 -7800.51085236 -762.257663352 -1422.43531958 -260.048296372 -18.5063133762 -58.4071938102  0.0063671112015  -0.186561452773 -0.0565595223633 0.0478728797098 11
157.86671 0  -7814.0618149 -763.221960639  -1425.4793245 -260.312056957 -18.5229125548 -58.4833264238  0.0063671112015  -0.186561452773 -0.0565595223633 0.0478728797098 11
157.918792 0 -7827.62626074 -764.187096872 -1428.52723579 -260.576028287 -18.5393119445 -58.5595130702  0.0063671112015  -0.186561452773 -0.0565595223633 0.0478728797098 11
157.970875 0 -7841.20471774 -765.153110147 -1431.57917401 -260.840079865 -18.5558495192 -58.6356571001  0.0063671112015  -0.186561452773 -0.0565595223633 0.0478728797098 11
158.022964 0 -7854.79859514 -766.120418809 -1434.63551129 -261.105845052 -18.5785367892 -58.7137250776  0.0063671112015  -0.186561452773 -0.0565595223633 0.0478728797098 11
158.07504 0 -7868.40267538 -767.088031878 -1437.69499607 -261.365245593 -18.5852065162 -58.7881649742  0.0063671112015  -0.186561452773 -0.0565595223633 0.0478728797098 11
158.127122 0 -7882.02220189 -768.056509581 -1440.75875623 -261.633023384 -18.6043819012 -58.8645978886  0.0063671112015  -0.186561452773 -0.0565595223633 0.0478728797098 11
158.179204 0 -7895.65529633 -769.025876762 -1443.82659157 -261.894765986 -18.6233710448 -58.9417760929  0.0063671112015  -0.186561452773 -0.0565595223633 0.0478728797098 11
158.231287 0  -7909.3025428 -769.996225138 -1446.89839252 -262.162502921 -18.6400202505 -59.0167701481  0.0063671112015  -0.186561452773 -0.0565595223633 0.0478728797098 11
158.283369 0 -7922.96332948 -770.967396723 -1449.97412001 -262.426012317 -18.6546732249 -59.0942354883  0.0063671112015  -0.186561452773 -0.0565595223633 0.0478728797098 11
158.335452 0 -7936.63808799 -771.939445687 -1453.05393141 -262.686416951 -18.6719241747 -59.1712986481  0.0063671112015  -0.186561452773 -0.0565595223633 0.0478728797098 11
158.387534 0 -7950.32631487 -772.912343869 -1456.13765128 -262.955955541 -18.6882371646 -59.2459224958  0.0063671112015  -0.186561452773 -0.0565595223633 0.0478728797098 11
158.439617 0 -7964.02872959 -773.886125686 -1459.22536058 -263.218704599 -18.7043147246 -59.3233954082  0.0063671112015  -0.186561452773 -0.0565595223633 0.0478728797098 11
158.491699 0 -7977.74454968 -774.860639968 -1462.31702294 -263.484267079 -18.7194820387 -59.3992813466  0.0063671112015  -0.186561452773 -0.0565595223633 0.0478728797098 11
158.543782 0  -7991.4745114 -775.836075295 -1465.41271304 -263.748786389 -18.7379775815 -59.4768197659  0.0063671112015  -0.186561452773 -0.0565595223633 0.0478728797098 11
158.595864 0 -8005.21790826  -776.81242262 -1468.51240058  -264.01179095 -18.7555212444 -59.5538651239  0.0063671112015  -0.186561452773 -0.0565595223633 0.0478728797098 11
158.647946 0 -8018.97508431 -777.789649201 -1471.61608693 -264.278831294 -18.7719778029 -59.6307107502  0.0063671112015  -0.186561452773 -0.0565595223633 0.0478728797098 11
158.700029 0 -8032.74644918 -778.767828447 -1474.72383455 -264.544806998 -18.7897002145 -59.7075098571  0.0063671112015  -0.186561452773 -0.0565595223633 0.0478728797098 11
158.752111 0 -8046.53130783 -779.746803499 -1477.83553627   -264.8060855 -18.8042133031 -59.7850343332  0.0063671112015  -0.186561452773 -0.0565595223633 0.0478728797098 11
158.804194 0 -8060.33020995 -780.726665397 -1480.95132388 -265.074978944 -18.8212777126 -59.8619171297  0.0063671112015  -0.186561452773 -0.0565595223633 0.0478728797098 11
158.856276 0 -8074.14264899 -781.707327585  -1484.0710861 -265.336582043 -18.8371194091 -59.9403399116  0.0063671112015  -0.186561452773 -0.0565595223633 0.0478728797098 11
158.908358 0 -8087.96890707 -782.688884299 -1487.19488822 -265.606109965 -18.8569111394 -60.0165516528  0.0063671112015  -0.186561452773 -0.0565595223633 0.0478728797098 11
158.960441 0 -8101.80947179 -783.671412212 -1490.32273934 -265.872279758 -18.8723380749 -60.0941635697  0.0063671112015  -0.186561452773 -0.0565595223633 0.0478728797098 11
159.012523 0 -8115.66351947 -784.654782958 -1493.45459369 -266.137914191 -18.8897409181 -60.1718801201  0.0063671112015  -0.186561452773 -0.0565595223633 0.0478728797098 11
159.064605 0  -8129.5314698 -785.639046674 -1496.59047596 -266.405481859 -18.9068061382 -60.2493554995  0.0063671112015  -0.186561452773 -0.0565595223633 0.0478728797098 11
159.116688 0 -8143.41359213 -786.624196389 -1499.73048439 -266.671723887 -18.9234744676 -60.3273786012  0.0063671112015  -0.186561452773 -0.0565595223633 0.0478728797098 11
159.168774 0 -8157.31037749 -787.610283212 -1502.87472973 -266.936837881 -18.9404992123 -60.4059084523  0.0063671112015  -0.186561452773 -0.0565595223633 0.0478728797098 11
159.220853 0 -8171.21896988  -788.59720136 -1506.02271839   -267.1975702 -18.9608236681 -60.4866659098  0.0063671112015  -0.186561452773 -0.0565595223633 0.0478728797098 11
159.272935 0 -8185.14225106 -789.585062868 -1509.17495603  -267.47273254 -18.9734240376 -60.5611165447  0.0063671112015  -0.186561452773 -0.0565595223633 0.0478728797098 11
159.325018 0 -8199.08014537 -790.573690789 -1512.33114137 -267.743457412  -18.990498943 -60.6378685981  0.0063671112015  -0.186561452773 -0.0565595223633 0.0478728797098 11
159.3771 0 -8213.03152778 -791.563178991  -1515.4913924 -268.005325625 -19.0035904999 -60.7178682527  0.0063671112015  -0.186561452773 -0.0565595223633 0.0478728797098 11
159.429183 0  -8226.9972251 -792.553512895 -1518.65575966 -268.276724428 -19.0243416425  -60.795747172  0.0063671112015  -0.186561452773 -0.0565595223633 0.0478728797098 11
159.481265 0 -8240.97640282 -793.544842488 -1521.82420331 -268.542612012 -19.0425736364  -60.874675345  0.0063671112015  -0.186561452773 -0.0565595223633 0.0478728797098 11
159.533348 0 -8254.96983276  -794.53709218 -1524.99680401 -268.809612769 -19.0631119165 -60.9544150578  0.0063671112015  -0.186561452773 -0.0565595223633 0.0478728797098 11
159.58543 0 -8268.97691487 -795.530230502 -1528.17344244 -269.075059281 -19.0764649467 -61.0325909924  0.0063671112015  -0.186561452773 -0.0565595223633 0.0478728797098 11
159.637507 0 -8282.99664718 -796.524153023  -1531.3538647 -269.346740443  -19.093233708 -61.1106056202  0.0063671112015  -0.186561452773 -0.0565595223633 0.0478728797098 11
159.689595 0 -8297.03333382 -797.519131288 -1534.53906282 -269.614440672 -19.1105897541 -61.1896349607  0.0063671112015  -0.186561452773 -0.0565595223633 0.0478728797098 11
159.741677 0 -8311.08232904 -798.514926251 -1537.72801949 -269.881653693 -19.1275301969 -61.2693073745  0.0063671112015  -0.186561452773 -0.0565595223633 0.0478728797098 11
159.79376 0 -8325.14560525 -799.511585809 -1540.92114667 -270.151471664 -19.1457059739  -61.348045211  0.0063671112015  -0.186561452773 -0.0565595223633 0.0478728797098 11
159.845842 0  -8339.2226078 -800.509206063 -1544.11833487 -270.419719385 -19.1632508964 -61.4269801547  0.0063671112015  -0.186561452773 -0.0565595223633 0.0478728797098 11
159.897925 0 -8353.31375192 -801.507676399 -1547.31971475 -270.684765118 -19.1812546454 -61.5070266351  0.0063671112015  -0.186561452773 -0.0565595223633 0.0478728797098 11
159.950007 0  -8367.4187471 -802.507145351 -1550.52514544 -270.960468341  -19.197703364  -61.584342413  0.0063671112015  -0.186561452773 -0.0565595223633 0.0478728797098 11
160.002089 0 -8381.53800966 -803.507394819  -1553.7346167 -271.229664571 -19.2123565527 -61.6634858901  0.0063671112015  -0.186561452773 -0.0565595223633 0.0478728797098 11
160.054172 0 -8395.67128017 -804.508567714  -1556.9483694  -271.49310351 -19.2325153858 -61.7449041551  0.0063671112015  -0.186561452773 -0.0565595223633 0.0478728797098 11
160.106249 0 -8409.81690492 -805.510574847 -1560.16591101 -271.765295599 -19.2493922765 -61.8237902546  0.0063671112015  -0.186561452773 -0.0565595223633 0.0478728797098 11
160.158337 0 -8423.97952521 -806.513760567  -1563.3883124 -272.030090884 -19.2698374095 -61.9056103323  0.0063671112015  -0.186561452773 -0.0565595223633 0.0478728797098 11
160.21042 0 -8438.15485932 -807.517868001 -1566.61458407 -272.307209069 -19.2849459712 -61.9829555096  0.0063671112015  -0.186561452773 -0.0565595223633 0.0478728797098 11
160.262502 0 -8452.34419986 -808.522638104 -1569.84485778 -272.574023596 -19.3004765264 -62.0639874117  0.0063671112015  -0.186561452773 -0.0565595223633 0.0478728797098 11
160.314584 0 -8466.54728743 -809.528322187 -1573.07937785 -272.843428332 -19.3196472575 -62.1441054617  0.0063671112015  -0.186561452773 -0.0565595223633 0.0478728797098 11
160.366667 0 -8480.76488998 -810.534991696 -1576.31810092 -273.114759984 -19.3375076144 -62.2243483268  0.0063671112015  -0.186561452773 -0.0565595223633 0.0478728797098 11
160.418749 0 -8494.99623024 -811.542662095 -1579.56098826 -273.382799607 -19.3582738972 -62.3056799585  0.0063671112015  -0.186561452773 -0.0565595223633 0.0478728797098 11
160.470831 0 -8509.24169942 -812.551331566 -1582.80806201 -273.658341963 -19.3743239528 -62.3848978243  0.0063671112015  -0.186561452773 -0.0565595223633 0.0478728797098 11
160.522914 0 -8523.50180379 -813.560764889 -1586.05932119 -273.931816179 -19.3891754012 -62.4649065046  0.0063671112015  -0.186561452773 -0.0565595223633 0.0478728797098 11
160.574991 0 -8537.77439234 -814.571045086 -1589.31444288 -274.201416931 -19.4090401784  -62.546576631  0.0063671112015  -0.186561452773 -0.0565595223633 0.0478728797098 11
160.627079 0 -8552.06400333 -815.582530989 -1592.57447948 -274.471273359  -19.427416971 -62.6278858189  0.0063671112015  -0.186561452773 -0.0565595223633 0.0478728797098 11
160.679162 0 -8566.36626892 -816.594798422 -1595.83846456 -274.740038019 -19.4446199777 -62.7098882013  0.0063671112015  -0.186561452773 -0.0565595223633 0.0478728797098 11
160.731244 0  -8580.6824191 -817.607933355 -1599.10661194 -275.013684525 -19.4613384464 -62.7904734586  0.0063671112015  -0.186561452773 -0.0565595223633 0.0478728797098 11
160.783326 0 -8595.01278069 -818.621997988 -1602.37896746 -275.288241638 -19.4783305341 -62.8709695769  0.0063671112015  -0.186561452773 -0.0565595223633 0.0478728797098 11
160.835409 0 -8609.35770206 -819.636979947 -1605.65563486 -275.558184699 -19.4975077353 -62.9537273274  0.0063671112015  -0.186561452773 -0.0565595223633 0.0478728797098 11
160.887492 0 -8623.71665121 -820.652985459  -1608.9366127 -275.828368407 -19.5164356908 -63.0367165279  0.0063671112015  -0.186561452773 -0.0565595223633 0.0478728797098 11
160.939574 0 -8638.08949162 -821.669912021 -1612.22181561 -276.102741992 -19.5346524974 -63.1180518863  0.0063671112015  -0.186561452773 -0.0565595223633 0.0478728797098 11
160.991656 0 -8652.47654382 -822.687812885 -1615.51127993 -276.376048629 -19.5533552616 -63.2002039816  0.0063671112015  -0.186561452773 -0.0565595223633 0.0478728797098 11
161.043739 0 -8666.87818431 -823.706678722 -1618.80506187 -276.648717417 -19.5718856855 -63.2825445356  0.0063671112015  -0.186561452773 -0.0565595223633 0.0478728797098 11
161.095821 0 -8681.29375967 -824.726391009 -1622.10308217 -276.925097964 -19.5829781077 -63.3633356036  0.0063671112015  -0.186561452773 -0.0565595223633 0.0478728797098 11
161.147904 0 -8695.72430666 -825.746461911 -1625.40528167 -277.210653934 -19.5890928771 -63.4435586399  0.0063671112015  -0.186561452773 -0.0565595223633 0.0478728797098 11
161.199986 0 -8710.16900313 -826.767236672 -1628.71181753 -277.478567066 -19.6123164697 -63.5303928144  0.0063671112015  -0.186561452773 -0.0565595223633 0.0478728797098 11
161.252069 0 -8724.62799583 -827.789480918 -1632.02282018 -277.751488331  -19.639172397   -63.61211178  0.0063671112015  -0.186561452773 -0.0565595223633 0.0478728797098 11
161.304151 0 -8739.10106842 -828.812992839  -1635.3380606 -278.025580116 -19.6648851983 -63.6972708636  0.0063671112015  -0.186561452773 -0.0565595223633 0.0478728797098 11
161.356234 0 -8753.58823613 -829.837760297 -1638.65783437 -278.285838054 -19.6872840319 -63.7833339061  0.0063671112015  -0.186561452773 -0.0565595223633 0.0478728797098 11
161.408316 0 -8768.08931827 -830.863636995 -1641.98194967 -278.569449296 -19.7040948405 -63.8644860218  0.0063671112015  -0.186561452773 -0.0565595223633 0.0478728797098 11
161.460399 0 -8782.60520763  -831.89016824 -1645.31030864 -278.843356799 -19.7174049938 -63.9468767728  0.0063671112015  -0.186561452773 -0.0565595223633 0.0478728797098 11
161.512481 0  -8797.1349338 -832.917522675 -1648.64302442 -279.112731888 -19.7343948164 -64.0327077368  0.0063671112015  -0.186561452773 -0.0565595223633 0.0478728797098 11
161.564564 0 -8811.67923621 -833.945836948 -1651.98018933 -279.392012141 -19.7544316098  -64.115524515  0.0063671112015  -0.186561452773 -0.0565595223633 0.0478728797098 11
161.616646 0 -8826.23782257 -834.975061406 -1655.32159916 -279.673068317  -19.769251013 -64.1978747258  0.0063671112015  -0.186561452773 -0.0565595223633 0.0478728797098 11
161.668728 0 -8840.81082836 -836.005159692 -1658.66737128 -279.946609191 -19.7864325138 -64.2826533984  0.0063671112015  -0.186561452773 -0.0565595223633 0.0478728797098 11
161.720811 0 -8855.39871624  -837.03609331 -1662.01753822 -280.229021187 -19.8019945821 -64.3654332918  0.0063671112015  -0.186561452773 -0.0565595223633 0.0478728797098 11
161.772893 0 -8870.00071396 -838.067927686  -1665.3720485 -280.501324162 -19.8207528386 -64.4511017719  0.0063671112015  -0.186561452773 -0.0565595223633 0.0478728797098 11
161.824976 0 -8884.61711477 -839.100639571 -1668.73114679 -280.775491014 -19.8348155023 -64.5378638103  0.0063671112015  -0.186561452773 -0.0565595223633 0.0478728797098 11
161.877059 0 -8899.24797245 -840.134414643 -1672.09471749 -281.049964054 -19.8617520634 -64.6238900677  0.0063671112015  -0.186561452773 -0.0565595223633 0.0478728797098 11
161.929141 0 -8913.89289175 -841.169412165 -1675.46265834 -281.328336686 -19.8814478991 -64.7087118512  0.0063671112015  -0.186561452773 -0.0565595223633 0.0478728797098 11
161.981224 0 -8928.55226544  -842.20534538 -1678.83515809 -281.599680257 -19.8989629786 -64.7954358673  0.0063671112015  -0.186561452773 -0.0565595223633 0.0478728797098 11
162.033309 0 -8943.22695468 -843.242272467 -1682.21216612 -281.886540531 -19.9188227594  -64.878487601  0.0063671112015  -0.186561452773 -0.0565595223633 0.0478728797098 11
162.085389 0 -8957.91453552 -844.280082258 -1685.59334895 -282.153758599 -19.9357717964 -64.9684572048  0.0063671112015  -0.186561452773 -0.0565595223633 0.0478728797098 11
162.137471 0 -8972.61704098 -845.318757605 -1688.97931033 -282.434860214 -19.9505178792  -65.056102853  0.0063671112015  -0.186561452773 -0.0565595223633 0.0478728797098 11
162.189553 0 -8987.33380507 -846.358349088 -1692.36991588 -282.709289082 -19.9717240419 -65.1445345669  0.0063671112015  -0.186561452773 -0.0565595223633 0.0478728797098 11
162.241636 0 -9002.06565484 -847.399105811 -1695.76501396 -282.999966413 -19.9941191732 -65.2259782603  0.0063671112015  -0.186561452773 -0.0565595223633 0.0478728797098 11
