# time zupt px py pz vx vy vz bax bay baz dt clones
11.866709711 0 0 0 0 0 0 0 0.00553960834821  -0.173712299523 -0.0504682904353 0.00181335584555 0
12.917647 0   0.00104683863371  0.000415480559717 -0.000436065265963 -0.00430055438071 0.000777742258611  0.00181700547666 0.00553960834821  -0.173712299523 -0.0504682904353 0.00181335584555 1
12.96973 1    0.0077592562426  -0.00198786380653 -0.000529609779629  0.00683012477454 -0.00364687983158  0.00164513974052 0.00548687871757  -0.173598836306 -0.0502715985775 0.00181335584555 1
13.021814 1   0.00523299423194  -0.00131002198316 -0.000467299552646  0.00342680438405 -0.00229047648023   0.0017621409755 0.00550154915165  -0.173683596855 -0.0503738468268 0.00181335584555 1
13.073897 1  0.00189894540101 -0.00177439460931  -0.0009435632049 -0.00179137360613 -0.00302103675446 0.000852981390073  0.0054635018501  -0.172829984847 -0.0502137266369 0.00181335584555 1
13.12598 1  0.00128025714651 -0.00178729486652 -0.00078968994883 -0.00311663673391 -0.00314175039185  0.00114497132293 0.00547364497564  -0.173094990819 -0.0502996700761 0.00181335584555 1
13.178064 1   0.00142701479011  -0.00149303013741 -0.000666192622682  -0.0034614835299 -0.00282356654208  0.00137958940688 0.00549071100889  -0.173314374401 -0.0503478309209 0.00181335584555 1
13.230147 1  0.000653226406556  -0.00159381003873 -0.000339289803959 -0.00517225480997 -0.00291162983007   0.0020006026679 0.00550489251706   -0.17388009095 -0.0505222899202 0.00181335584555 1
13.28223 1 -0.000750647574271  -0.00144659583224 -6.63800623347e-05 -0.00757083139366 -0.00265093986259  0.00251862357665 0.00552309173294  -0.174344883726 -0.0506900935312 0.00181335584555 1
13.334308 1 -0.00148911857103 -0.00136128864822 0.000306986427938 -0.00905344801257  -0.0024665046913  0.00322825787772 0.00554490677286  -0.174990394899 -0.0508903348174 0.00181335584555 1
13.386397 1 -0.00223441065002 -0.00143220301213 0.000710502117399  -0.0104065100934 -0.00252253644467  0.00399539365239 0.00556435962312  -0.175687455797  -0.051108565819 0.00181335584555 1
13.43848 1 -0.00229630180221 -0.00117103368631 0.000651764871153  -0.0104345372292 -0.00210177687908  0.00388362693868 0.00556748280517  -0.175584241559 -0.0510816116966 0.00181335584555 1
13.490563 1 -0.00129633896491 -0.00104074936269 0.000353580109485 -0.00842475710638 -0.00188187186208  0.00331740085251 0.00555398615514  -0.175070599878 -0.0509150153042 0.00181335584555 1
13.542647 1 -0.000293158599891 -0.000893289316863  -1.4145095983e-05 -0.00647568542043  -0.0015819447102  0.00261877079112 0.00553607308694  -0.174436515974 -0.0507120134985 0.00181335584555 1
13.594731 1  0.000851364298177 -0.000799014278542 -0.000357949806018 -0.00436643264344 -0.00139021089359  0.00196572412414  0.0055186195651  -0.173845536375 -0.0505165393349 0.00181335584555 1
13.646813 1   0.00141656230125  -0.00079748652546 -0.000667334572322 -0.00318916599178 -0.00142071911046  0.00137767830969 0.00550216727857  -0.173310054235 -0.0503519217001 0.00181335584555 1
13.698897 1   0.00223210512512 -0.000531198908252 -0.000906757583408 -0.00168540985739 -0.00100334511332 0.000922926327673 0.00549567413905  -0.172898454281 -0.0502153351952 0.00181335584555 1
13.75098 1   0.00281307740538 -0.000619906343225   -0.0010089762401 -0.000609417387522  -0.00112378680917  0.000729031429997 0.00548743384197  -0.172724236044 -0.0501526410904 0.00181335584555 1
13.803058 1     0.003212105503 -0.000505436786833  -0.00123942901949 0.000141536136826 -0.00090324685198 0.000290905820912 0.00547683101131   -0.17232572879 -0.0500288405007 0.00181335584555 1
13.855147 1   0.00340893729338 -0.000417261495992  -0.00137273987616   0.00056076022472 -0.000751848676929  3.74699724898e-05 0.00547145226396  -0.172094670373 -0.0499586836191 0.00181335584555 1
13.90723 1   0.00367494122231 -0.000268943235807  -0.00151358896802   0.00105328765115 -0.000520265842397 -0.000230286089986 0.00546744281547  -0.171851212445 -0.0498824103399 0.00181335584555 1
13.959314 1   0.00375311276128 -0.000361718659423  -0.00152020992824    0.0012106579326 -0.000674834362203 -0.000242789437318 0.00546488501901   -0.17184014347 -0.0498777846952 0.00181335584555 1
14.011397 1   0.00387504995374 -0.000404891186792  -0.00147251199982   0.00139573462485 -0.000697287148641 -0.000151921336764 0.00546561849555  -0.171924153909 -0.0498988294612 0.00181335584555 1
14.06348 1   0.00374677490916 -0.000453714604783  -0.00142957171459   0.00117012618594 -0.000759721944204 -7.03325328281e-05  0.0054664977375  -0.171998032237 -0.0499232225981 0.00181335584555 1
14.115564 1   0.00370617129879 -0.000371166482078  -0.00142999913521   0.00107417235048 -0.000620162479811 -7.12094957748e-05 0.00546839870958  -0.171997121338 -0.0499234435036 0.00181335584555 1
14.167646 1    0.0036004392358 -0.000416862493943  -0.00131774317007   0.00081689590946 -0.000708258307456  0.000142251301331 0.00547373163513   -0.17219215403 -0.0499812083973 0.00181335584555 1
14.21973 1    0.0035429698134 -0.000403737541458  -0.00127657287582   0.00068117867012 -0.000695350759263  0.000220512355464 0.00547647800862  -0.172263590856 -0.0500026554403 0.00181335584555 1
14.271808 1   0.00327681519818 -0.000416206288554  -0.00115037564304  0.000185918699866 -0.000713782092306  0.000460383724866  0.0054831204317  -0.172481537298 -0.0500716241347 0.00181335584555 1
14.323897 1   0.00294584205766 -0.000379007926985  -0.00104417806557  -0.00041651322217 -0.000678984634754  0.000662135834029 0.00549034056567  -0.172664169626 -0.0501319956227 0.00181335584555 1
14.37598 1   0.00269230425359 -0.000490224857028 -0.000928012968159 -0.000921666269563 -0.000848734780773  0.000882896017226 0.00549384341312  -0.172865009761 -0.0501951984633 0.00181335584555 1
14.428064 1   0.00230989435623 -0.000499433946769   -0.0007946540665  -0.00165847384132 -0.000868401890392   0.00113624423737 0.00550107179871  -0.173094859544 -0.0502697915189 0.00181335584555 1
14.480147 1   0.00202014371885 -0.000532223725766 -0.000714558744295  -0.00223240341049 -0.000918168858176   0.00128831938234 0.00550463496035  -0.173232667143 -0.0503155292146 0.00181335584555 1
14.53223 1   0.00223115642376 -0.000443106086888 -0.000804842586554  -0.00186073550762 -0.000757610832511   0.00111671438009 0.00550159930468  -0.173076925924 -0.0502653462721 0.00181335584555 1
14.584313 1   0.00249594289992  -0.00045397668958 -0.000929041683573 -0.00135085315589  -0.0007777312022 0.000880660102994 0.00549449369622  -0.172862323404 -0.0501974978219 0.00181335584555 1
14.636397 1   0.00297027542977 -0.000413451869109  -0.00108662223879 -0.000494538920362 -0.000717042424128  0.000581269598197 0.00548686377012  -0.172591137571 -0.0501078510617 0.00181335584555 1
14.68848 1  0.00327133440461 -0.00033328100186 -0.00124391790866   0.00010969267828 -0.000580480692085  0.000282295295162 0.00548006073103  -0.172318939594 -0.0500228304558 0.00181335584555 1
14.740558 1   0.00349313316961 -0.000478955001323  -0.00133605952911    0.000574973848 -0.00082876622869 0.000107234267015 0.00547149018415   -0.17215974177 -0.0499724708185 0.00181335584555 1
14.792646 1   0.00377333615181 -0.000444366716331  -0.00153159399072   0.00109003134764 -0.000775943135312 -0.000264583459126 0.00546158120207  -0.171821105928 -0.0498677664474 0.00181335584555 1
14.84473 1   0.00383961195913 -0.000426080319151  -0.00158688964801   0.00125078734709 -0.000731048319938  -0.00036970854749 0.00545875873635  -0.171725051418 -0.0498389427783 0.00181335584555 1
14.896813 1  0.00416252672565 -0.00037179921841 -0.00157301763523   0.00181097941773 -0.000663924910284 -0.000342987102103 0.00546119520306  -0.171751465591  -0.049838666122 0.00181335584555 1
14.948896 1  0.00429775462809 -0.00037417029628 -0.00160890911234    0.0020653715624 -0.000665097806649 -0.000411139877158 0.00545911170186  -0.171689829525   -0.04981771775 0.00181335584555 1
15.00098 1    0.0043397918716 -0.000381219477258  -0.00164357436149   0.00214747573526 -0.000683424354893 -0.000477061129906  0.0054571061362  -0.171629711521 -0.0497993523049 0.00181335584555 1
15.053063 1   0.00447407532298 -0.000466936428283  -0.00169360513704   0.00236357751481 -0.000821906675613 -0.000572158939458 0.00545215398093  -0.171543669477 -0.0497708008981 0.00181335584555 1
15.105146 1   0.00436069709381 -0.000436652389309  -0.00169819512338   0.00216323158919 -0.000765249766371 -0.000581009936331 0.00545257217698  -0.171534855524 -0.0497710277818 0.00181335584555 1
15.15723 1   0.00432870855871 -0.000436145314763  -0.00169237203892   0.00210432749376 -0.000761373801637 -0.000569963002656 0.00545286929005  -0.171544784898 -0.0497746688875 0.00181335584555 1
15.209309 1   0.00421027056962 -0.000432165108673  -0.00168511029708   0.00188804788055 -0.000767489159432 -0.000556270242607 0.00545352484013  -0.171556616175 -0.0497809525706 0.00181335584555 1
15.261396 1   0.00414055518481 -0.000453991965548  -0.00159251770477   0.00175740472304 -0.000792223105814 -0.000380135365748 0.00545797045216   -0.17171750906 -0.0498293048583 0.00181335584555 1
15.31348 1   0.00400015742127 -0.000445664879723  -0.00154189224335   0.00147160890092 -0.000781249480558 -0.000283968430418 0.00546101882216  -0.171804880162 -0.0498577348417 0.00181335584555 1
15.365563 1   0.00374571970202 -0.000468173619412  -0.00151891599698   0.00100343759788 -0.000810311071829 -0.000240520149029 0.00546162650787  -0.171843178516 -0.0498750444754 0.00181335584555 1
15.417646 1  0.00358232280813  -0.0004739111381 -0.00144648210755  0.000679365481554 -0.000809617906625  -0.00010287127953 0.00546538536959  -0.171968399025 -0.0499151354078 0.00181335584555 1
15.46973 1   0.00343903414641 -0.000427167906935  -0.00136681496551  0.000380757475134 -0.000744688332895  4.85556599778e-05 0.00547112691011  -0.172106379937  -0.049958345841 0.00181335584555 1
15.521813 1   0.00323538496303 -0.000464036928721  -0.00126322159301 -3.66787685084e-05 -0.000807095888798  0.000245442388478 0.00547593778082    -0.1722857399 -0.0500150236998 0.00181335584555 1
15.573896 1   0.00334581927613 -0.000428071167639  -0.00126838032285   0.00011411173726 -0.000751311321591  0.000235696294309 0.00547661736926  -0.172277708881 -0.0500094091916 0.00181335584555 1
15.625979 1  0.00352298027783 -0.00042846371173 -0.00136100309423  0.000455607271359 -0.000757402772197    5.963311533e-05 0.00547152136782  -0.172117401647 -0.0499585637987 0.00181335584555 1
15.678058 1   0.00371946646428 -0.000353549601602  -0.00142978232796  0.000841659812875  -0.00063774068129 -7.10228932816e-05 0.00546968940248  -0.171998727255 -0.0499193590185 0.00181335584555 1
15.730147 1   0.00387812726637 -0.000367417647123  -0.00150097586468   0.00115973285594 -0.000661342579655 -0.000206314381639 0.00546538478746  -0.171875618295 -0.0498798004771 0.00181335584555 1
15.782229 1   0.00401607757795 -0.000323757624405  -0.00157522572263   0.00145318393302 -0.000597151152977 -0.000347431378531  0.0054624705076  -0.171746937936 -0.0498392278645 0.00181335584555 1
15.834313 1   0.00412135655663 -0.000295723757249  -0.00163782994837   0.00167549138307 -0.000552103272631 -0.000466431901627 0.00545974232757  -0.171638378896 -0.0498052123289 0.00181335584555 1
15.886396 1   0.00433122052407 -0.000265426815811  -0.00170191678784   0.00205544205583 -0.000511999032224 -0.000588172426049 0.00545705724835  -0.171528108503 -0.0497676840148 0.00181335584555 1
15.93848 1   0.00445109772933 -0.000277765546695  -0.00174386010386   0.00228183837817 -0.000522045065601 -0.000667859387734 0.00545433545916  -0.171455801299 -0.0497435852443 0.00181335584555 1
15.990563 1   0.00449992602379 -0.000288108649883  -0.00176419073158   0.00238618189161 -0.000545932625609  -0.00070648373061  0.0054529740894  -0.171420648286 -0.0497321815189 0.00181335584555 1
16.042646 1   0.00449742230223 -0.000253959435401  -0.00178474574623   0.00241007997734 -0.000479932899953  -0.00074557797465 0.00545268783325  -0.171384650885 -0.0497219676933 0.00181335584555 1
16.094729 1   0.00452148166116 -0.000284159680044  -0.00178314700034   0.00245351991952 -0.000541443166296 -0.000742509850503 0.00545202912351  -0.171387644799 -0.0497221860303 0.00181335584555 1
16.14681 1   0.00450258815212 -0.000313506966828  -0.00174795739367   0.00241853544932  -0.00059586910591 -0.000675561124121 0.00545322245755  -0.171448957814 -0.0497404951982 0.00181335584555 1
16.198896 1   0.00449903641687 -0.000304748899286  -0.00171229401613    0.0024150518988 -0.000591748355747 -0.000607690378055 0.00545548361425  -0.171511189821 -0.0497586711736 0.00181335584555 1
16.250979 1   0.00442057016977 -0.000275423290611  -0.00168605939768   0.00227611827535 -0.000535013079017 -0.000557843459695 0.00545770322609  -0.171556365414 -0.0497739638496 0.00181335584555 1
16.303063 1   0.00435151683823 -0.000257686814407  -0.00165732284232   0.00213447831953 -0.000504028149179 -0.000503243594271 0.00545977682393  -0.171606036479 -0.0497902465283 0.00181335584555 1
16.355146 1   0.00430172034545 -0.000286943209205  -0.00160593804177   0.00203401303076  -0.00056127917795 -0.000405515376127 0.00546185692424  -0.171695443716 -0.0498175660789 0.00181335584555 1
16.40723 1   0.00414721312352 -0.000303074842346  -0.00155483522846   0.00174862866676 -0.000592742635363  -0.00030843070104 0.00546426297641  -0.171783511943 -0.0498474784779 0.00181335584555 1
16.459313 1   0.00394769011357 -0.000324583237683  -0.00150291453316   0.00139885849107  -0.00063903057689 -0.000209821057242 0.00546657134863  -0.171872624391 -0.0498790398131 0.00181335584555 1
16.511396 1   0.00373329163506 -0.000330438934507  -0.00141963786437  0.000996053808089  -0.00065011915758 -5.15781688893e-05 0.00547103783098  -0.172016449308 -0.0499269139294 0.00181335584555 1
16.563479 1  0.00369349699316 -0.00037656418472 -0.00135339345143  0.000883581754017 -0.000722952532274  7.44111230424e-05 0.00547343669254  -0.172132001616 -0.0499615796372 0.00181335584555 1
16.615558 1   0.00363271652711 -0.000362363621484  -0.00131626458597  0.000765464748607 -0.000703534996365  0.000144999478094 0.00547589784391   -0.17219640892  -0.049982043177 0.00181335584555 1
16.667646 1   0.00374200874157 -0.000366163349286  -0.00135630928952  0.000973859254139 -0.000706769251298  6.89159743434e-05 0.00547356606247  -0.172127290743 -0.0499587713941 0.00181335584555 1
16.719729 1    0.0039176613223 -0.000318095415773  -0.00140102147034   0.00129664216853 -0.000636781197679 -1.59841536067e-05 0.00547242596952  -0.172050530979 -0.0499312971056 0.00181335584555 1
16.771812 1    0.0040918133264 -0.000343209634508   -0.0014410913481    0.0016128248651 -0.000676573369701 -9.20559079001e-05 0.00546949091873  -0.171981931766 -0.0499061999243 0.00181335584555 1
16.823896 1   0.00412600398714 -0.000340476178605  -0.00146164866195   0.00168227529971 -0.000675790569679 -0.000131135096043 0.00546841721886  -0.171946255012 -0.0498948006574 0.00181335584555 1
16.875979 1   0.00427140587799 -0.000336767048977  -0.00149234593944   0.00193046050569 -0.000663756524912 -0.000189415200956 0.00546683370432  -0.171893794001 -0.0498752208325 0.00181335584555 1
16.928062 1   0.00438457365987 -0.000318039511539  -0.00149666964974   0.00211969282821  -0.00063563632796 -0.000197537888297 0.00546712324548  -0.171887192869 -0.0498699124384 0.00181335584555 1
16.980146 1   0.00438981027171 -0.000325861948654  -0.00150622974881   0.00214676120128 -0.000656378162556 -0.000215709456917 0.00546633366824  -0.171870511438 -0.0498648362893 0.00181335584555 1
17.032229 1   0.00435915044986 -0.000300694990849   -0.0015113895749   0.00211940865836 -0.000623864980154 -0.000225534610161 0.00546673258138  -0.171861196394 -0.0498629463244 0.00181335584555 1
17.084307 1   0.00436266495353 -0.000271234801633  -0.00150346313553    0.0021358950433 -0.000580216537482 -0.000210435958899 0.00546800561629  -0.171875085783 -0.0498668136499 0.00181335584555 1
17.136396 1   0.00432915988289 -0.000294124115072  -0.00149809495893   0.00209071010092 -0.000623112953728 -0.000200240817156 0.00546760420651  -0.171884212403 -0.0498704224903 0.00181335584555 1
17.188479 1   0.00434406697629 -0.000294900225544  -0.00149718287238   0.00209650347003 -0.000618721630001  -0.00019850936964 0.00546766993409  -0.171885930026 -0.0498705915645 0.00181335584555 1
17.240562 1   0.00430774826699 -0.000282805431639  -0.00147857243933   0.00203032736591 -0.000597110520954 -0.000163130612934 0.00546907552406  -0.171918191846 -0.0498811206701 0.00181335584555 1
17.292646 1    0.0042522635631 -0.000318207838557  -0.00144279501422    0.0019245550795 -0.000646549135027 -9.51069615001e-05 0.0054700875225 -0.171980387673   -0.0499010064 0.00181335584555 1
17.34473 1   0.00417147695302 -0.000346346871673  -0.00142119374534   0.00178734406551 -0.000694635824298 -5.40749628833e-05 0.00547043723561  -0.172017531456 -0.0499143334564 0.00181335584555 1
17.396812 1   0.00406786227907 -0.000364271092826  -0.00139966522297   0.00160050224974 -0.000714919936438 -1.32137695042e-05  0.0054711833976  -0.172054318982 -0.0499283986276 0.00181335584555 1
17.448896 1   0.00391369512159 -0.000394604505917  -0.00133879614884   0.00133462783087 -0.000773019561109  0.000102475299336 0.00547358203243  -0.172159628698  -0.049963924694 0.00181335584555 1
17.500979 1   0.00374464421837 -0.000371823616137   -0.0012963842707   0.00103731937048 -0.000738067199722  0.000183018655779 0.00547660709586   -0.17223240122 -0.0499905823582 0.00181335584555 1
17.553061 1   0.00363919876974 -0.000390606947157  -0.00125857917964  0.000815510903983 -0.000766861257407  0.000254824373202 0.00547816801598  -0.172297654098 -0.0500134233656 0.00181335584555 1
17.605146 1   0.00352279251692 -0.000387008797519  -0.00118902941016  0.000583378831473 -0.000766897089637  0.000387041524233 0.00548208637402  -0.172418482793 -0.0500527030083 0.00181335584555 1
17.65723 1   0.00332763940984 -0.000403299001178  -0.00111273792124 0.000226748090618 -0.00079468049797 0.000532021861838 0.00548582833031  -0.172550448552 -0.0500977154104 0.00181335584555 1
17.709313 1   0.00335404585964 -0.000405899459219  -0.00110260509741  0.000287327751254 -0.000808140022301  0.000551346126347 0.00548619165984  -0.172568519398 -0.0501018758769 0.00181335584555 1
17.761396 1   0.00350351366989 -0.000437460203724  -0.00111219856767   0.00055488960586 -0.000856269985066  0.000533244199713 0.00548473318052  -0.172553155113  -0.050092273214 0.00181335584555 1
17.813479 1   0.00365862029117 -0.000457442520907   -0.0011682267797  0.000839588564093 -0.000889442536023  0.000426784706071 0.00548097956174  -0.172456362354  -0.050058687497 0.00181335584555 1
17.865562 1   0.00375137987844 -0.000444417219576  -0.00120872381073   0.00102491644399 -0.000866841399489  0.000349829529976 0.00547914420189  -0.172386227401 -0.0500347741205 0.00181335584555 1
17.917646 1   0.00385193022217 -0.000460237832131  -0.00123315425745   0.00121545314166 -0.000894929414327  0.000303450497248 0.00547724929597  -0.172344373911 -0.0500189024624 0.00181335584555 1
17.969729 1    0.0039678944537 -0.000474534909268  -0.00125622909222   0.00141015997721 -0.000922074668266   0.00025964540883 0.00547544748284  -0.172304973572 -0.0500035725037 0.00181335584555 1
18.02181 1   0.00402421297108 -0.000480826652138   -0.0012450086422     0.001513341425 -0.000935820096137  0.000281060193364 0.00547581390627  -0.172325266585 -0.0500074026031 0.00181335584555 1
18.073896 1   0.00406574005318 -0.000460668599233   -0.0012573903057   0.00159923892109 -0.000905941848423  0.000257551112968 0.00547570560924  -0.172303963731 -0.0499994961607 0.00181335584555 1
18.125979 1  0.00414619033641  -0.0004539336493 -0.00126311523991  0.00174157950593 -0.00089461842665 0.000246738378956 0.00547560808839  -0.172294712511  -0.049993915501 0.00181335584555 1
18.178062 1   0.00421132402523 -0.000488988583762  -0.00127308043364   0.00186633861837 -0.000952329782042  0.000227848812157 0.00547391733185  -0.172277931709 -0.0499864830613 0.00181335584555 1
18.230146 1   0.00418514526784 -0.000488958649381  -0.00127398109796   0.00182130309786 -0.000953418658893  0.000226109195391 0.00547384379157  -0.172276085449  -0.049986876042 0.00181335584555 1
18.282229 1   0.00417950198669 -0.000487881484161  -0.00126750846837   0.00181282103666 -0.000947909968518  0.000238422834236 0.00547432275349  -0.172287413372 -0.0499903383324 0.00181335584555 1
18.334312 1   0.00418569679217 -0.000498183997725   -0.0012497022571   0.00180110020583 -0.000969543962327  0.000272294994703 0.00547487595902  -0.172318694503 -0.0499997202389 0.00181335584555 1
18.386395 1   0.00412616157777 -0.000489486215063  -0.00121661145386    0.0016958029241 -0.000959926437278  0.000335209729789 0.00547690477445  -0.172376280683 -0.0500186637373 0.00181335584555 1
18.438479 1   0.00406514741312 -0.000494005672701  -0.00119409964761   0.00158229488216 -0.000967139790831  0.000377984376708 0.00547801989554  -0.172415220854 -0.0500324082614 0.00181335584555 1
18.490557 1   0.00397247112964 -0.000456846170552  -0.00116595317564   0.00140639379006 -0.000912920788922  0.000431444685333 0.00548066329977  -0.172463675833 -0.0500503068875 0.00181335584555 1
18.542645 1  0.00388569128315 -0.00049419269256 -0.00114014756585   0.00123873963763 -0.000975048887824  0.000480453015783 0.00548083623349  -0.172508120714 -0.0500669127112 0.00181335584555 1
18.594729 1   0.00374262483189 -0.000494845573066  -0.00109600462825  0.000985375684894 -0.000980430157533  0.000564315261578 0.00548316984921   -0.17258430269 -0.0500945582964 0.00181335584555 1
18.646812 1   0.00363222821765 -0.000525159234879  -0.00105747363747 0.000781093626535  -0.0010320501479 0.000637522172407  0.0054842499593  -0.172650931019 -0.0501184530736 0.00181335584555 1
18.698895 1   0.00353231134596 -0.000527568934187 -0.000998087086714 0.000583996794591  -0.0010379562372 0.000750419816793 0.00548743974611  -0.172754320059 -0.0501529859506 0.00181335584555 1
18.750979 1   0.00350312859448 -0.000521673063754 -0.000994922569717 0.000534715961605 -0.00102688250756 0.000756414591675 0.00548785907017  -0.172759582696  -0.050155595769 0.00181335584555 1
18.803062 1   0.00352596508185 -0.000522067407552  -0.00101639596724 0.000589409262036 -0.00102542708736 0.000715585158938 0.00548670366091  -0.172722091746 -0.0501433539187 0.00181335584555 1
18.855146 1   0.00357613698136 -0.000516268874346  -0.00104727718164 0.000685957750962  -0.0010206114684 0.000656873786282 0.00548502758722  -0.172668271522 -0.0501254635252 0.00181335584555 1
18.907228 1   0.00361042871447 -0.000539470667571  -0.00106656232327 0.000772433109528   -0.001060049124 0.000620231296928 0.00548309500862  -0.172634874053  -0.050113522112 0.00181335584555 1
18.959307 1   0.00368848553508 -0.000544000660747  -0.00107436735791 0.000917872931746 -0.00106750940746 0.000605464255187 0.00548249826282  -0.172622062059  -0.050106366572 0.00181335584555 1
19.011395 1   0.00372784288331 -0.000543948148511  -0.00109143069195 0.000996993113999 -0.00107008054136 0.000573040211094 0.00548145315041  -0.172592491996 -0.0500958301827 0.00181335584555 1
19.063478 1   0.00376585539212 -0.000526287132548   -0.0011144023849  0.00107830490741 -0.00103779463817 0.000529374838327  0.0054809015748  -0.172552495374 -0.0500821357604 0.00181335584555 1
19.115562 1   0.00382977212145 -0.000499098904412  -0.00112315022014   0.00119372505071 -0.000998057213675   0.00051279487434 0.00548120453038  -0.172537802269 -0.0500751124503 0.00181335584555 1
19.167645 1   0.00387418931156 -0.000517812962911  -0.00114263535135  0.00127257858224 -0.00103063768952 0.000475758135904 0.00547937190018  -0.172503945598  -0.050063402806 0.00181335584555 1
19.219729 1   0.00394012842409 -0.000521763319998  -0.00114915805258  0.00139338583136 -0.00103993783657 0.000463416200501 0.00547875866378  -0.172493254464 -0.0500573373387 0.00181335584555 1
19.271812 1   0.00395282829073 -0.000492161181008  -0.00115883543138   0.00142724186487 -0.000989504501789  0.000445023102689 0.00547935672269  -0.172476390398 -0.0500514422854 0.00181335584555 1
19.323895 1   0.00396744266668 -0.000491670138779   -0.0011627356897    0.0014517549481 -0.000991214539634  0.000437614276446 0.00547905639789  -0.172469664528 -0.0500489143763 0.00181335584555 1
19.375978 1  0.00400452233055 -0.00048389261738 -0.00118535537247   0.00151492790221 -0.000979862663222  0.000394602368771  0.0054780126846  -0.172430108236 -0.0500359209426 0.00181335584555 1
19.428057 1   0.00403437162327 -0.000522241505852  -0.00118823889251  0.00155908155341 -0.00104174650313 0.000389136649253 0.00547648425287  -0.172425322313 -0.0500335958477 0.00181335584555 1
19.480145 1   0.00406797541422 -0.000539701514513  -0.00120465237059  0.00162229249613 -0.00107217232315 0.000357937830085 0.00547483839328  -0.172396772252 -0.0500236574518 0.00181335584555 1
19.532228 1     0.004104281086 -0.000559497249833  -0.00120389621382  0.00168218732696 -0.00110123931424 0.000359409616811  0.0054742914716  -0.172398528825 -0.0500227460333 0.00181335584555 1
19.584312 1   0.00415310326912 -0.000565577660561  -0.00121111156489  0.00175452588138  -0.0011098125231 0.000345714648107 0.00547372049355  -0.172386222785 -0.0500176296834 0.00181335584555 1
19.636395 1   0.00417536159767 -0.000545976251872  -0.00122102222006  0.00179736044846 -0.00107864961624 0.000326879893682 0.00547385466829  -0.172368986686 -0.0500114555916 0.00181335584555 1
19.688478 1   0.00418752405367 -0.000537901624694  -0.00123602684028  0.00182132626907 -0.00106801236224 0.000298339411355 0.00547319355258  -0.172342605119  -0.050003124189 0.00181335584555 1
19.740562 1   0.00418915332433 -0.000527437848378  -0.00122641656082   0.0018284346779 -0.00105539525908 0.000316634746852 0.00547391634125  -0.172359688711 -0.0500078000238 0.00181335584555 1
19.792645 1  0.00416146556877 -0.00053452998299 -0.00123865915496  0.00178855837137 -0.00106553377388 0.000293315869742 0.00547302569728  -0.172337764885 -0.0500022599709 0.00181335584555 1
19.844728 1   0.00414690574361 -0.000526732922547  -0.00123898111277  0.00176439597277 -0.00105206211588 0.000292689811815 0.00547334087389  -0.172337016272 -0.0500026407314 0.00181335584555 1
19.896807 1   0.00413086378738 -0.000538160172584  -0.00123220885239  0.00173793291428 -0.00106899511619  0.00030556335352 0.00547337097407  -0.172348840583 -0.0500067279714 0.00181335584555 1
19.948895 1   0.00410173501188 -0.000541706603417  -0.00123332938961  0.00169279480721 -0.00107298568564 0.000303406955032 0.00547326190487  -0.172346554404 -0.0500071038366 0.00181335584555 1
20.000978 1   0.00409066534309 -0.000528840014708  -0.00121258296189  0.00168193135866 -0.00105334244218 0.000342886748124 0.00547485696097  -0.172383298668 -0.0500178222312 0.00181335584555 1
20.053062 1   0.00412473685028 -0.000529641098628   -0.0012137180593 0.00173304318356 -0.0010585296074  0.0003407528978 0.00547455340743  -0.172381623481 -0.0500162051786 0.00181335584555 1
20.105145 1   0.00410711047285 -0.000534371088267  -0.00122198867908  0.00171585354238 -0.00106880048145 0.000325008195777 0.00547376147282  -0.172366917644  -0.050011994702 0.00181335584555 1
20.157228 1   0.00410614650667 -0.000567874077653  -0.00121149763013  0.00171603200693 -0.00112458695677  0.00034497424628 0.00547297161165  -0.172385585439  -0.050017351548 0.00181335584555 1
20.209311 1   0.00414818029504 -0.000567257241594  -0.00120979124966  0.00177894020221 -0.00112489520065 0.000348253955219 0.00547301660336  -0.172389025295 -0.0500169535165 0.00181335584555 1
20.261395 1   0.00414894817174 -0.000567620604445  -0.00119110919456  0.00177711638132 -0.00112168281873 0.000383805586152 0.00547428018123  -0.172422155042 -0.0500267249775 0.00181335584555 1
20.313478 1   0.00411517852693 -0.000583042726954     -0.00117380715  0.00172355349012 -0.00114458440043 0.000416704258524 0.00547477307802  -0.172452522288 -0.0500368542877 0.00181335584555 1
20.365566 1   0.00411566512735 -0.000589020861873  -0.00117257872977  0.00172052094593 -0.00115354395871 0.000419038805967 0.00547464995513  -0.172454655892 -0.0500376936113 0.00181335584555 1
20.417645 1  0.00413799958313 -0.00061171911402 -0.00116193086136  0.00175310662739 -0.00119034984582 0.000439318920389 0.00547434613553  -0.172473809335 -0.0500425582595 0.00181335584555 1
20.469728 1   0.00409369034298 -0.000589874134848   -0.0011512745894   0.0016796599404 -0.00115527264223 0.000459558534753 0.00547580146376   -0.17249217923 -0.0500498460865 0.00181335584555 1
20.521812 1   0.00407094385769 -0.000601460567958  -0.00113022354182  0.00164008566791 -0.00117307995084 0.000499598138061 0.00547658589409   -0.17252930865 -0.0500617586403 0.00181335584555 1
20.573895 1   0.00404554504333 -0.000595024358456  -0.00111925018755  0.00159435886539 -0.00116137846471 0.000520454907085 0.00547754971614  -0.172548437871 -0.0500686914374 0.00181335584555 1
20.625978 1    0.0040429036978 -0.000572426127357  -0.00110915192422  0.00158372207755 -0.00112208836068 0.000539664847594 0.00547921828826  -0.172566236174  -0.050074407272 0.00181335584555 1
20.678061 1   0.00402255325075 -0.000580770260334  -0.00110004641106  0.00154482461406 -0.00113146565641 0.000556969822049 0.00547967128942  -0.172582094213 -0.0500802928188 0.00181335584555 1
20.730144 1   0.00400480167261 -0.000584276454198  -0.00108328671356  0.00150718773113 -0.00113449417362 0.000588841164177 0.00548065669463  -0.172611558728 -0.0500902391473 0.00181335584555 1
20.782228 1   0.00397020858349 -0.000577891876537  -0.00107131710629  0.00145291243208 -0.00112196208324 0.000611591743915 0.00548175170862  -0.172632474771 -0.0500976731243 0.00181335584555 1
20.834311 1   0.00387897356012 -0.000574518099398  -0.00106905395809  0.00130906603712 -0.00111793234403 0.000615822010594 0.00548191695306  -0.172635457922 -0.0501021998139 0.00181335584555 1
20.886395 1  0.00388095511784 -0.00056190257949 -0.00105382617005  0.00130668761235 -0.00109463724186 0.000644798676853 0.00548351308352   -0.17266249551 -0.0501103812045 0.00181335584555 1
20.938478 1   0.00389161943209 -0.000543879854111  -0.00103248875442  0.00132160052391 -0.00106777823669 0.000685413584155 0.00548530981485  -0.172700606142 -0.0501211574185 0.00181335584555 1
20.990562 1   0.00387648249953 -0.000548636288941  -0.00103826659031  0.00129250067689 -0.00108067875236 0.000674400174615 0.00548439403498  -0.172690040742 -0.0501191118787 0.00181335584555 1
21.042645 1   0.00385773420183 -0.000556236333883  -0.00102804089245  0.00125851753022 -0.00109241604784 0.000693840716823 0.00548469330987  -0.172707982221 -0.0501254350574 0.00181335584555 1
21.094728 1  0.00384816406512 -0.00054599906529  -0.0010195823199  0.00124155571448 -0.00107472569206  0.00070992855668 0.00548569574909  -0.172722911777 -0.0501303119683 0.00181335584555 1
21.146811 1    0.0038723642205 -0.000533578706558   -0.0010111332476  0.00127433061211 -0.00104988400776 0.000726023350442 0.00548707744446  -0.172738143657 -0.0501341727568 0.00181335584555 1
21.198895 1   0.00386493968975 -0.000522295048637  -0.00100671068149  0.00126294861234 -0.00103614603692 0.000734434319843 0.00548745525298   -0.17274595691 -0.0501367219582 0.00181335584555 1
21.250978 1    0.0038434354492 -0.000505289452257 -0.000973214736127  0.00122629643842 -0.00101174457381 0.000798160356595 0.00548984482326  -0.172805460459 -0.0501551216987 0.00181335584555 1
21.303061 1   0.00384778767478 -0.000501936775023 -0.000977420608575  0.00123496655603 -0.00100523748097 0.000790161497234 0.00548984131943  -0.172798030124 -0.0501526283338 0.00181335584555 1
21.355145 1   0.00385239528782 -0.000488744931141 -0.000982807248673  0.00123265703689 -0.00098364529969  0.00077990513785 0.00549013712127  -0.172788231394 -0.0501504189977 0.00181335584555 1
21.407228 1   0.00383574930712 -0.000483395608911 -0.000979732180364  0.00120111023514 -0.00097442990932  0.00078573835171 0.00549059306844  -0.172793402937 -0.0501530898333 0.00181335584555 1
21.459311 1   0.00384922700232 -0.000485058712263 -0.000968979576848    0.0012194430726 -0.000974290951584  0.000806210206989  0.0054913735236  -0.172812726883 -0.0501583877482 0.00181335584555 1
21.511395 1   0.00386489903288 -0.000485417300131 -0.000972821107906   0.00124478718054 -0.000971824073737  0.000798913042246 0.00549140270467  -0.172806051772 -0.0501557241354 0.00181335584555 1
21.563478 1   0.00385571018349 -0.000471798622945 -0.000978996229442   0.00122586149249 -0.000945232912713  0.000787149194158 0.00549206416852  -0.172794755625 -0.0501532469118 0.00181335584555 1
21.615561 1   0.00382508559354 -0.000462895564128 -0.000985580786667   0.00117356855498 -0.000927768214427  0.000774588492699  0.0054923649217  -0.172782476778 -0.0501513752742 0.00181335584555 1
21.667644 1   0.00379465023698 -0.000442164985989 -0.000982216551043   0.00112618199901 -0.000893872099783   0.00078096616651 0.00549352705355  -0.172788115446  -0.050154272063 0.00181335584555 1
21.719728 1   0.00383164502671 -0.000436256939308 -0.000972114021844   0.00118701198225 -0.000886294943123   0.00080022603544 0.00549418933202  -0.172806733324 -0.0501578279717 0.00181335584555 1
21.771811 1    0.0038119884247 -0.000419615110886 -0.000959917040928   0.00115845665578 -0.000862961042784  0.000823424282713 0.00549530766854  -0.172828399079 -0.0501647384829 0.00181335584555 1
21.823894 1   0.00380414121393 -0.000417184531446 -0.000952916962211   0.00114780669897 -0.000861705188964  0.000836741331436 0.00549556422111  -0.172840899278 -0.0501685412338 0.00181335584555 1
21.875978 1   0.00380065966947 -0.000408637461707 -0.000950074881995   0.00114309955512 -0.000855357237784  0.000842148288733 0.00549540284545  -0.172845983251 -0.0501700920779 0.00181335584555 1
21.928061 1   0.00381115093938  -0.00040726249404 -0.000936678055574  0.00115242125247 -0.00085549426125 0.000867646033595 0.00549600247936  -0.172869968951 -0.0501773245978 0.00181335584555 1
21.980144 1   0.00380434593459 -0.000413549087984 -0.000921063267093   0.00114076433127 -0.000866679870078   0.00089735602772 0.00549649832602  -0.172897894523 -0.0501858299577 0.00181335584555 1
22.032228 1   0.00376130518986 -0.000421359427728 -0.000905513740265   0.00106439660173 -0.000877444860341  0.000926904036296 0.00549720531361  -0.172925041675 -0.0501965262775 0.00181335584555 1
22.084311 1   0.00372971593462 -0.000432497252886 -0.000897073970571   0.00100586049368 -0.000895891104474   0.00094293087897 0.00549711715779  -0.172939574601 -0.0502030911922 0.00181335584555 1
22.136394 1   0.00369180190693 -0.000438987832549 -0.000879123465093  0.000940204696977 -0.000908013165423  0.000977055145801 0.00549766521569  -0.172971191282  -0.050214614054 0.00181335584555 1
22.188477 1   0.00366793730914 -0.000440349875349 -0.000866472825295  0.000895553098248 -0.000909732522495   0.00100110393184  0.0054983759372  -0.172993425589 -0.0502229172347 0.00181335584555 1
22.240561 1   0.00364294625365 -0.000443620696954 -0.000863968119264   0.00085210056418 -0.000914748390341   0.00100584574309 0.00549838958823  -0.172997493868 -0.0502256854867 0.00181335584555 1
22.292644 1    0.0036191186453 -0.000427391683062 -0.000850313230969  0.000808199815744 -0.000889039585734    0.0010318066532 0.00549989612555  -0.173021543716 -0.0502344678794 0.00181335584555 1
22.344728 1   0.00364897288075 -0.000425811608948 -0.000833712956997  0.000846265432696 -0.000885863265614   0.00106341543007 0.00550099258988  -0.173051538355 -0.0502428213704 0.00181335584555 1
22.396811 1   0.00361598370477 -0.000415325969361 -0.000817191235309  0.000788487391955 -0.000869269369794   0.00109482498013 0.00550241066101  -0.173080662057 -0.0502534648726 0.00181335584555 1
22.448894 1   0.00361206709153 -0.000411571718657 -0.000795426578745  0.00077026635473 -0.00086357074324  0.00113623088857 0.00550380229341   -0.17311943838 -0.0502663056936 0.00181335584555 1
22.500978 1   0.00360406474676 -0.000403299481342 -0.000786533775627  0.000751450856986 -0.000846020825275   0.00115314222806  0.0055051932027  -0.173135139143 -0.0502719683706 0.00181335584555 1
22.55306 1    0.0035836223697  -0.00041147503816 -0.000768988752922  0.000713239144975 -0.000858762495865   0.00118650934179 0.00550584745185  -0.173166309865 -0.0502826912883 0.00181335584555 1
22.605144 1   0.00357643326867 -0.000405231099323 -0.000746181366017  0.000695992725939 -0.000851709607832   0.00122990283117 0.00550711544956  -0.173207147865 -0.0502956005439 0.00181335584555 1
22.657227 1   0.00356563372348 -0.000410551900393 -0.000730269738642  0.000671326291749 -0.000860807186869   0.00126016804229 0.00550770394209  -0.173235466372 -0.0503052691067 0.00181335584555 1
22.709311 1   0.00354772250861 -0.000390566783944 -0.000721696433502  0.000633919366447 -0.000826078199147   0.00127646039992  0.0055094942154  -0.173250363394 -0.0503115841189 0.00181335584555 1
22.761394 1   0.00350710695002 -0.000395861088465 -0.000708936514126  0.000564405735687 -0.000840994327493   0.00130070470122 0.00550919437948  -0.173272693858 -0.0503206987942 0.00181335584555 1
22.813477 1   0.00349057713015 -0.000402477711126 -0.000697705087628  0.000533360286187 -0.000849588228951   0.00132206055278 0.00550975919329  -0.173292585439 -0.0503279021626 0.00181335584555 1
22.86556 1   0.00347853590012 -0.000398063453345 -0.000675802923824  0.000509551035573 -0.000840951299918   0.00136372806155 0.00551142905028  -0.173331809467 -0.0503404918613 0.00181335584555 1
22.917644 1   0.00343782173237 -0.000395034428826 -0.000667026115297  0.000438394813407 -0.000834841568272    0.0013803904187 0.00551224088308  -0.173346865529 -0.0503477480101 0.00181335584555 1
22.969727 1   0.00343076031882 -0.000402503063614  -0.00065065014836  0.00041833681436 -0.00084542971168  0.00141154115939 0.00551298306507  -0.173376071044 -0.0503577482172 0.00181335584555 1
23.021811 1   0.00340377794865 -0.000383246849023 -0.000636171161201  0.000358878383695 -0.000814401963822   0.00143905780362 0.00551480852445  -0.173401269471  -0.050368645353 0.00181335584555 1
23.073894 1   0.00338338133905 -0.000382260413712 -0.000611192077471  0.000317299818303 -0.000811036679718   0.00148656960397 0.00551652675903  -0.173445837321 -0.0503838614022 0.00181335584555 1
23.125977 1   0.00332325680619 -0.000396982464527 -0.000589951308892  0.000211745786539 -0.000834145875187   0.00152693211072 0.00551705956178  -0.173483074263 -0.0503991205529 0.00181335584555 1
23.178061 1   0.00329865741488 -0.000398929825459 -0.000569554175376 0.000158395551851 -0.00083546908589   0.0015657155325 0.00551837207252  -0.173519132084 -0.0504128277276 0.00181335584555 1
23.230144 1   0.00326716424852 -0.000372838528756 -0.000544195393519  9.10635481972e-05 -0.000789706933614   0.00161393304503 0.00552170791129  -0.173563926068 -0.0504298810981 0.00181335584555 1
23.282227 1   0.00321976585471 -0.000370091606878 -0.000531797920876  5.66534824123e-06 -0.000787242025982   0.00163747690642 0.00552230254776  -0.173585329183 -0.0504399875331 0.00181335584555 1
23.33431 1    0.0031693494866 -0.000361691240186 -0.000520359070532 -8.23832029898e-05 -0.000773649840384   0.00165919584985 0.00552341889577  -0.173605014855 -0.0504494750105 0.00181335584555 1
23.386394 1   0.00313285392359 -0.000374544950076 -0.000509514807787 -0.000154839810317 -0.000790639068715   0.00167978857115 0.00552387602841  -0.173623600425 -0.0504588845161 0.00181335584555 1
23.438477 1   0.00312712096933 -0.000370156039744  -0.00049665350738 -0.000173397837432  -0.00078737607711   0.00170425140575 0.00552431744425  -0.173646498581 -0.0504672197133 0.00181335584555 1
23.49056 1   0.00311835643536 -0.000373182227428 -0.000497321271804 -0.000197771061509 -0.000787806584954   0.00170296305054 0.00552474984526   -0.17364473991 -0.0504687233432 0.00181335584555 1
23.542644 1   0.00310711310246 -0.000377030012211 -0.000480004537953 -0.000226783237248 -0.000792576214905   0.00173589846945 0.00552574696575  -0.173675579435 -0.0504799472799 0.00181335584555 1
23.594727 1   0.00308185905403 -0.000366894141036 -0.000473495692544   -0.0002698942325 -0.000777641469267   0.00174826130741 0.00552647826283  -0.173686894694 -0.0504850385032 0.00181335584555 1
23.64681 1   0.00306371995598 -0.000363787195618 -0.000467305780366 -0.000304335612867 -0.000770575856703   0.00176002056223 0.00552730793026  -0.173697630903 -0.0504899946505 0.00181335584555 1
23.698893 1   0.00302925538073  -0.00037453755504 -0.000451427216934 -0.000366807979198 -0.000785527324813   0.00179020228325 0.00552798109174  -0.173725668025 -0.0505011964145 0.00181335584555 1
23.750977 1   0.00300657718955 -0.000376714253414 -0.000434264311226 -0.000409758701232 -0.000786474460106   0.00182283915786  0.0055292388668  -0.173756246252 -0.0505123921801 0.00181335584555 1
23.80306 1   0.00300186974001 -0.000386285123769 -0.000418753008536 -0.000425541318987 -0.000800202798571   0.00185234682857 0.00552985898502  -0.173784062236 -0.0505220405927 0.00181335584555 1
23.855143 1   0.00300112408032 -0.000392511109442 -0.000414171284989 -0.000433454925071 -0.000808877470577   0.00186105924097 0.00552998167481  -0.173792114083 -0.0505254972642 0.00181335584555 1
23.907227 1   0.00299943488148 -0.000405251334228 -0.000407566817048 -0.000441832851581  -0.00082644892906     0.001873621191 0.00553010363765  -0.173803881514 -0.0505299289537 0.00181335584555 1
23.95931 1   0.00297327676184 -0.000421914914142 -0.000399903489128 -0.000491116719937  -0.00085187181051   0.00188817546922 0.00552982179146  -0.173817124839 -0.0505364913081 0.00181335584555 1
24.011393 1   0.00297583937604  -0.00041551516712 -0.000390833002805 -0.000496204491418 -0.000838113382442   0.00190543109894 0.00553126169918  -0.173833277294  -0.050542552818 0.00181335584555 1
24.063477 1   0.00295373780269 -0.000403703600218 -0.000379328805984 -0.000536832211414 -0.000815636060944   0.00192730079386 0.00553316132656  -0.173853631504 -0.0505506238028 0.00181335584555 1
24.11556 1    0.0029359351179 -0.000402093587671 -0.000371028830075 -0.000575339890559  -0.00080982505293   0.00194307161977 0.0055342587113  -0.17386802297 -0.050557533649 0.00181335584555 1
24.167643 1   0.00293354829447 -0.000406914585775 -0.000367228989635 -0.000583365451833 -0.000817694315565   0.00195029704414 0.00553418167886  -0.173874739619 -0.0505603419533 0.00181335584555 1
24.219727 1    0.0029205812081 -0.000394389060892 -0.000355918884493 -0.000608258790224 -0.000797323728037   0.00197180643381 0.00553560101264  -0.173894968756 -0.0505676939348 0.00181335584555 1
24.27181 1   0.00292226759803 -0.000383640084694 -0.000338071530537 -0.000613734822897 -0.000779712375783   0.00200576575917 0.00553731936171  -0.173927207383 -0.0505783782561 0.00181335584555 1
24.323893 1   0.00290309305557 -0.000389653197265 -0.000329449605102 -0.000653015797077 -0.000790404477973   0.00202214949935  0.0055372945248  -0.173942263337 -0.0505854064767 0.00181335584555 1
24.375977 1   0.00286962981633  -0.00037646397373 -0.000324663111122 -0.000708487660461 -0.000765091308041   0.00203122799551  0.0055390482254  -0.173950322331 -0.0505900926936 0.00181335584555 1
24.42806 1    0.0028629479793 -0.000383066761547 -0.000317748000706 -0.000723633557935 -0.000771925961378   0.00204437801254 0.00553970989469  -0.173962640741  -0.050594872158 0.00181335584555 1
24.480143 1   0.00282856454532 -0.000390306187996 -0.000309052701944 -0.000784520462619 -0.000782507247591   0.00206089073126 0.00553997157414  -0.173977698022 -0.0506023901727 0.00181335584555 1
24.532227 1   0.00281338179782 -0.000391509779496 -0.000301252426178 -0.000814381623364   -0.0007815804757   0.00207571701613 0.00554085710375  -0.173991440397 -0.0506083248837 0.00181335584555 1
24.58431 1     0.002789300826 -0.000385727546336 -0.000298671361272 -0.000856132654974 -0.000769591023019   0.00208060519095 0.00554183526969  -0.173995576613 -0.0506115947753 0.00181335584555 1
24.636393 1   0.00275835449226  -0.00037807272347 -0.000291956358362 -0.000906870110009 -0.000757363948498   0.00209335677035 0.00554267557545  -0.174007277071 -0.0506171219394 0.00181335584555 1
24.688476 1   0.00273059246923 -0.000373940304472 -0.000287705685418 -0.000953838923552   -0.0007499734377   0.00210141989073  0.0055433101962  -0.174014453144 -0.0506214021849 0.00181335584555 1
24.74056 1   0.00270357124923 -0.000376315593613 -0.000286191806949 -0.000998995408178 -0.000748841002581    0.0021042755979 0.00554416207551  -0.174016642103  -0.050624082712 0.00181335584555 1
24.792643 1   0.00266204569273 -0.000364474345932 -0.000276628924947  -0.00106835120425 -0.000731247503295   0.00212243636155 0.00554517729396  -0.174033305392 -0.0506320744015 0.00181335584555 1
24.844726 1   0.00263778882354 -0.000361408546607 -0.000264633526835  -0.00111395727123 -0.000725434314515   0.00214523754346 0.00554623031401  -0.174054544536 -0.0506410858197 0.00181335584555 1
24.89681 1   0.00262636811525 -0.000357224859701 -0.000250431821058  -0.00114012521236 -0.000716398341553    0.0021722475896 0.00554775684345  -0.174080000204 -0.0506507486532 0.00181335584555 1
24.948893 1   0.00261628890998 -0.000364926154697 -0.000249817904125   -0.0011617192487 -0.000726363561771   0.00217340189424 0.00554777361689  -0.174080665553  -0.050652666829 0.00181335584555 1
25.000977 1   0.00261257419525 -0.000374647210579   -0.0002369432339   -0.0011732726188 -0.000736675540273   0.00219789498488 0.00554893860634  -0.174103959529 -0.0506607907637 0.00181335584555 1
25.05306 1   0.00259125889696 -0.000378007686577 -0.000224291104446  -0.00121895921864 -0.000742661683181   0.00222194399799 0.00554935163861  -0.174126243224  -0.050670970492 0.00181335584555 1
25.105143 1   0.00257327372412 -0.000374847643302 -0.000209745980283  -0.00125529584821 -0.000735030321099   0.00224960222729 0.00555090196944  -0.174152258809 -0.0506812264932 0.00181335584555 1
25.157226 1    0.0025600869771 -0.000379535804944 -0.000206524437607 -0.00128161912469  -0.0007393725135  0.00225571668044 0.00555142485738  -0.174157658648 -0.0506847259368 0.00181335584555 1
25.20931 1    0.0025412252172  -0.00038358286283 -0.000202329156262   -0.0013132918707 -0.000750083927894   0.00226368314448 0.00555057177195  -0.174164992818 -0.0506883937734 0.00181335584555 1
25.261393 1    0.0025326545012 -0.000388416952275 -0.000205161171369  -0.00132798805488 -0.000756023446688    0.0022582850534 0.00555046087764  -0.174159561682 -0.0506875847791 0.00181335584555 1
25.313477 1   0.00252919451992 -0.000377691448447 -0.000205343797343  -0.00133937074524 -0.000739677916544   0.00225792915635 0.00555096236906   -0.17415882305 -0.0506888388334 0.00181335584555 1
25.365559 1   0.00251348961357 -0.000378095647037 -0.000201717168365  -0.00136810145924 -0.000739343328631   0.00226481401588 0.00555135142216  -0.174165015118 -0.0506924463911 0.00181335584555 1
25.417643 1   0.00250870142409 -0.000378773208122 -0.000201201106102  -0.00137824452237 -0.000739909032533   0.00226578963338 0.00555144785105  -0.174165736152 -0.0506935104716 0.00181335584555 1
25.469726 1   0.00250719469105 -0.000382162137474 -0.000201778426446  -0.00138101680472 -0.000746803051525   0.00226468929567 0.00555088820094  -0.174164636521 -0.0506933708268 0.00181335584555 1
25.52181 1   0.00250979985209 -0.000383508220646 -0.000199186681473 -0.00137853021835 -0.00074792385002  0.00226962228091 0.00555117357935  -0.174169371378 -0.0506949407038 0.00181335584555 1
25.573893 1   0.00251314547119 -0.000397542890307 -0.000193196724115  -0.00137542792069 -0.000769677704318   0.00228102238859 0.00555076551249  -0.174180392999 -0.0506984147125 0.00181335584555 1
25.625976 1   0.00250212006785 -0.000412165286156 -0.000185404409797  -0.00139733161184 -0.000792516458368    0.0022958382577 0.00555039232101  -0.174194363489 -0.0507041743415 0.00181335584555 1
25.67806 1   0.00248738116782 -0.000407304208815 -0.000177064073624  -0.00142563619054 -0.000784911912821   0.00231169370025 0.00555116208893  -0.174209223467 -0.0507105619465 0.00181335584555 1
25.730143 1   0.00245674264014 -0.000399386177979 -0.000166501083517  -0.00147698828991 -0.000772386917687   0.00233176764724 0.00555227440366  -0.174228034274  -0.050718654737 0.00181335584555 1
25.782226 1   0.00241866031005 -0.000406650934665 -0.000155140742439  -0.00154089288215 -0.000787477531316   0.00235335192536 0.00555169437455  -0.174248194148 -0.0507278158985 0.00181335584555 1
25.834309 1   0.00241415402957  -0.00040201944767 -0.000145095295326  -0.00155632085719 -0.000782707413951   0.00237245801059 0.00555200884209  -0.174266224277  -0.050735272287 0.00181335584555 1
25.886393 1   0.00241462729817 -0.000395092684257  -0.00014150427258  -0.00156480351073 -0.000774226258497   0.00237928399122 0.00555209695837  -0.174272325196 -0.0507391776331 0.00181335584555 1
25.938476 1   0.00240418419041 -0.000404581385092  -0.00013472176372  -0.00158374675164 -0.000792387468622   0.00239218069533 0.00555118218644  -0.174284597525 -0.0507439996742 0.00181335584555 1
25.990559 1    0.0023964146533 -0.000401436806928 -0.000128069859425  -0.00160186238607 -0.000786264543304   0.00240482791845  0.0055520348449  -0.174296417562 -0.0507493343933 0.00181335584555 1
26.042643 1   0.00240225044422 -0.000400344296491   -0.0001146932155  -0.00159704703347 -0.000787680009957   0.00243028603053 0.00555217127056  -0.174321095908 -0.0507571745313 0.00181335584555 1
26.094726 1   0.00238732897385 -0.000394257532527 -0.000102321859361  -0.00162654388762 -0.000775101193914   0.00245381184588 0.00555397867393  -0.174343387359 -0.0507660715617 0.00181335584555 1
26.146809 1   0.00237678198211 -0.000395383649692  -9.6849150171e-05  -0.00164967320774 -0.000776087673354   0.00246421195116 0.00555441833036    -0.1743529409 -0.0507711304954 0.00181335584555 1
26.198893 1   0.00235694681249 -0.000402310110306 -8.41791423112e-05  -0.00168332590569 -0.000789716504906   0.00248830540605 0.00555408629492  -0.174376005344 -0.0507797234678 0.00181335584555 1
26.250976 1   0.00233623356165 -0.000412261498302 -7.54681766931e-05  -0.00172033756609 -0.000808043807087   0.00250486172778 0.00555333153469  -0.174391574514 -0.0507867027501 0.00181335584555 1
26.303059 1   0.00228644794426  -0.00042107611974 -6.63193178514e-05  -0.00180283100371 -0.000818820901945   0.00252222707165 0.00555405932031  -0.174407402309 -0.0507956212921 0.00181335584555 1
26.355142 1   0.00227005531319 -0.000420433655758 -5.76033721882e-05  -0.00183216350146 -0.000821573318866   0.00253879751012 0.00555370335316  -0.174423117156 -0.0508021651297 0.00181335584555 1
26.407221 1   0.00224883837198 -0.000425929754549 -4.21715693774e-05   -0.0018747623519 -0.000831669762762   0.00256813938992 0.00555391154434  -0.174450871141 -0.0508139888518 0.00181335584555 1
26.459309 1   0.00223009005696 -0.000417460940454 -3.05211955692e-05  -0.00190881233453 -0.000818048338609   0.00259029139781 0.00555522114797  -0.174471910104 -0.0508225218842 0.00181335584555 1
26.511392 1   0.00221518267489  -0.00041900742592 -2.16080207279e-05  -0.00193660123557 -0.000817934987343    0.0026072374319 0.00555628160764  -0.174487939939 -0.0508293026655 0.00181335584555 1
26.563476 1   0.00220114906113 -0.000424792272339 -1.35304088065e-05 -0.00196484486962 -0.00082742898428  0.00262259235244 0.00555628454518  -0.174502334943 -0.0508360439706 0.00181335584555 1
26.615559 1   0.00218670838253 -0.000422925123332 -8.93188552049e-06  -0.00199753502632 -0.000824548100209   0.00263132235012 0.00555666164831   -0.17450995017 -0.0508418691669 0.00181335584555 1
26.667642 1   0.00218359265081 -0.000422431755124 -5.06605411275e-07 -0.00200635940509 -0.00082023108795  0.00264735014361 0.00555809776953  -0.174525324814 -0.0508475902309 0.00181335584555 1
26.719726 1   0.00216628824259 -0.000420696095293   1.3576356668e-05  -0.00204372274925 -0.000814413370554   0.00267412738723 0.00555984565722  -0.174550568382   -0.05085882668 0.00181335584555 1
26.771809 1   0.00212886107938 -0.000428228822787  2.71357355317e-05  -0.00211278840463 -0.000824138094949   0.00269989117766 0.00556070347603   -0.17457447438 -0.0508710969152 0.00181335584555 1
26.823892 1  0.00211889604358 -0.00041965589705 3.45830070552e-05  -0.00213489540212 -0.000809190501578   0.00271404978618 0.00556209739112   -0.17458772509 -0.0508773880625 0.00181335584555 1
26.87597 1   0.00211752845394 -0.000407745420082  3.91968973433e-05  -0.00214339468129 -0.000788205307696    0.0027228234702 0.00556375808869  -0.174595835255 -0.0508815861351 0.00181335584555 1
26.928059 1    0.0021014242754 -0.000410683407664  4.63385842332e-05  -0.00217331537252 -0.000791602122222   0.00273639695949 0.00556431745723  -0.174608557099 -0.0508876740697 0.00181335584555 1
26.980142 1   0.00209488214845 -0.000398981422124  5.49690401511e-05  -0.00218586799715 -0.000776033842728   0.00275281429295 0.00556485352839  -0.174624434295 -0.0508933737568 0.00181335584555 1
27.032226 1   0.00209562241544 -0.000402750646743  5.74343635112e-05  -0.00219067041315 -0.000784806604458   0.00275750111354 0.00556397250916  -0.174628656769 -0.0508962321291 0.00181335584555 1
27.084309 1   0.00208969393144 -0.000403223721845  6.59666098223e-05  -0.00220649390657 -0.000786845427329   0.00277372784463 0.00556409691387  -0.174644068509 -0.0509029733966 0.00181335584555 1
27.136392 1   0.00208087751988 -0.000406305133731  7.58503756706e-05  -0.00222997259075 -0.000793781459342    0.0027925212996 0.00556390530687  -0.174661740029 -0.0509114848854 0.00181335584555 1
27.188476 1  0.00205609434836 -0.00040683369623 9.10058824787e-05  -0.00227589984255 -0.000797230419313   0.00282133662632 0.00556404965088  -0.174689199397 -0.0509232287663 0.00181335584555 1
27.240559 1   0.00203950144764 -0.000399966713396  0.000106115971057  -0.00230699789815 -0.000786373369641   0.00285007422851 0.00556543953214  -0.174716859564 -0.0509339020216 0.00181335584555 1
27.292642 1   0.00201994956463 -0.000391151969907  0.000108769056554  -0.00234034308461 -0.000771871393876   0.00285510459348 0.00556638430909    -0.1747212327 -0.0509373380274 0.00181335584555 1
27.34472 1   0.00201891370126 -0.000393132822177  0.000114683806086  -0.00234440253689 -0.000774887421365   0.00286635781415 0.00556662843472  -0.174732149819 -0.0509413014483 0.00181335584555 1
27.396808 1  0.00201610649983 -0.00038121336954 0.000117875089522   -0.0023554162676 -0.000755026052023   0.00287242271947 0.00556796854234  -0.174737547918 -0.0509450407976 0.00181335584555 1
27.448891 1   0.00199600034877 -0.000392328813066  0.000130892903342    -0.002389088525 -0.000772426637552   0.00289717808783  0.0055679946193  -0.174761509028 -0.0509540775086 0.00181335584555 1
27.500974 1   0.00200008324672 -0.000394943765651   0.00013502267651  -0.00238880110607 -0.000776266436541   0.00290503508953  0.0055681379806  -0.174768885422 -0.0509577789364 0.00181335584555 1
27.553067 1  0.00200000342274 -0.00039508593732 0.000142301835525  -0.00239042610583 -0.000777710360455    0.0029188866803 0.00556820512997  -0.174782494791 -0.0509621934964 0.00181335584555 1
27.605142 1   0.00198696429266 -0.000397185174537  0.000147464719453  -0.00241507423409 -0.000780992819824   0.00292869734184 0.00556837067671  -0.174791631969 -0.0509670834475 0.00181335584555 1
27.657225 1   0.00196589692298 -0.000408189520374   0.00015027738183  -0.00245009361907 -0.000800391983488   0.00293403062444 0.00556713652341  -0.174796389907 -0.0509706126321 0.00181335584555 1
27.709308 1   0.00195134499564 -0.000408879558138  0.000165247116779  -0.00247485527197 -0.000800757428866   0.00296250565262 0.00556820260359  -0.174824193089  -0.050980354427 0.00181335584555 1
27.761392 1   0.00192827247562 -0.000408333197566  0.000170354809258  -0.00251267287884 -0.000799735436618   0.00297220535837 0.00556860089065  -0.174833231825 -0.0509851880798 0.00181335584555 1
27.81347 1   0.00192136191136 -0.000408547885968  0.000182583049097  -0.0025253024382 -0.00080002663069  0.00299546956837 0.00556933379987  -0.174856054167 -0.0509928919443 0.00181335584555 1
27.865559 1   0.00189462550906 -0.000401074194861  0.000181194944061   -0.0025727557963 -0.000788636548324   0.00299280045249 0.00556968385962  -0.174852399255 -0.0509955794056 0.00181335584555 1
27.917642 1   0.00187421674015 -0.000397905891684  0.000189616097504  -0.00261140619917 -0.000781967530098   0.00300880351478 0.00557094738754  -0.174867325906 -0.0510035727449 0.00181335584555 1
27.969725 1   0.00184735701279 -0.000390084101622  0.000201523531656  -0.00266161738169 -0.000768530669106   0.00303143468629 0.00557258903722  -0.174888594139 -0.0510143817112 0.00181335584555 1
28.021808 1   0.00182342538386 -0.000398255710219  0.000212289675345  -0.00270576766842 -0.000783225769508   0.00305189757341 0.00557205522274   -0.17490795281 -0.0510239649616 0.00181335584555 1
28.073891 1   0.00180209698058 -0.000387092266939  0.000217298957752  -0.00274808937983 -0.000766172310703   0.00306140478927 0.00557302190294  -0.174916211128 -0.0510308958959 0.00181335584555 1
28.125975 1   0.00179323189188 -0.000392335885574   0.00022391871809  -0.00276812326175 -0.000774600886346   0.00307398967001 0.00557297064651  -0.174928055488 -0.0510370415341 0.00181335584555 1
28.178058 1   0.00178858572686 -0.000388123244197  0.000229641062843  -0.00278219070843 -0.000769686963521    0.0030848697604 0.00557308223014   -0.17493822615 -0.0510426149308 0.00181335584555 1
28.230142 1   0.00176896338889 -0.000381368156314  0.000239835418351  -0.00281478436827 -0.000757436031626   0.00310425267386 0.00557472875446  -0.174956975075  -0.051050173084 0.00181335584555 1
28.28222 1   0.0017567395053 -0.00037465611306 0.000239138076621   -0.0028381889213 -0.000744569440757   0.00310291137536 0.00557594440701  -0.174954973628 -0.0510519686232 0.00181335584555 1
28.334309 1   0.00174202549788 -0.000377015838364  0.000242540651029  -0.00286472188172 -0.000745533401845   0.00310937117961 0.00557687089386  -0.174960792879 -0.0510559763228 0.00181335584555 1
28.386392 1   0.00173681723827 -0.000378176312009  0.000251974257409 -0.00287329400048 -0.00074735127546   0.0031273196159 0.00557735649208  -0.174978590766 -0.0510616862163 0.00181335584555 1
28.438475 1   0.00172768366194 -0.000369782614449  0.000259944019257  -0.00289101094948 -0.000735918657976   0.00314247629524 0.00557789474626  -0.174993250673 -0.0510678302089 0.00181335584555 1
28.490558 1   0.00171012259149 -0.000371734791496  0.000274649518418  -0.00292288442649 -0.000740389875948   0.00317044374416 0.00557816690179  -0.175020492316 -0.0510786268015 0.00181335584555 1
28.542642 1   0.00167621491579 -0.000375721376965  0.000287994580458  -0.00298209411497 -0.000750324791294   0.00319580694307 0.00557742995739  -0.175044664808 -0.0510904339201 0.00181335584555 1
28.594725 1   0.00166476099689 -0.000376809045046  0.000304407393617   -0.0030103211531 -0.000754841079386   0.00322702315886  0.0055773847953   -0.17507477732 -0.0511037170123 0.00181335584555 1
28.646808 1   0.00164168861672 -0.000375495095323  0.000321566510657   -0.0030552771792 -0.000753334439691   0.00325965133966 0.00557833655531    -0.1751061808 -0.0511177949195 0.00181335584555 1
28.698892 1   0.00162211849348 -0.000376718040855  0.000333100144595  -0.00309405960623 -0.000756869097871   0.00328157718129 0.00557838766387  -0.175127015116 -0.0511283111821 0.00181335584555 1
28.75097 1   0.00157918438364 -0.000365817692553  0.000350828821289 -0.00317556927266 -0.00074200185464  0.00331526781851 0.00557953615173  -0.175158566833 -0.0511460403843 0.00181335584555 1
28.803058 1    0.0015400269481 -0.000370972739501  0.000373090369834  -0.00324922487256 -0.000749860368992   0.00335758966901 0.00558056660193   -0.17519906786 -0.0511654120908 0.00181335584555 1
28.855141 1   0.00151902928884 -0.000380968125592   0.00039166368733  -0.00329423436707 -0.000766605076388   0.00339290770234 0.00558054508769  -0.175232976455 -0.0511813865148 0.00181335584555 1
28.907225 1   0.00150356899056 -0.000377886248245  0.000403466914019  -0.00332971087611 -0.000763158412311   0.00341534712722 0.00558100829345  -0.175254124525 -0.0511929322577 0.00181335584555 1
28.959308 1   0.00147194430493 -0.000370230564206  0.000414100058025  -0.00338362220026 -0.000750935601633   0.00343555279908 0.00558232872337  -0.175273323907 -0.0512026913979 0.00181335584555 1
29.011392 1   0.00145854169674 -0.000356551211263  0.000416279823587  -0.00340898302673 -0.000728803120758   0.00343968601734 0.00558378365133  -0.175276728148  -0.051206404951 0.00181335584555 1
29.063474 1   0.00143509040343 -0.000346977766005  0.000425313375161  -0.00345108291418 -0.000714418196462     0.003456853417 0.00558486302473  -0.175292964364 -0.0512150567176 0.00181335584555 1
29.115558 1   0.00142289813595 -0.000347533253533  0.000433112165671  -0.00348044082631 -0.000715777046305   0.00347167554661 0.00558511461905  -0.175306622057   -0.05122392001 0.00181335584555 1
29.167641 1   0.00142176820808 -0.000344715787122  0.000439768685739  -0.00349011712516 -0.000710876293681   0.00348433525346 0.00558592461448   -0.17531856107 -0.0512305042728 0.00181335584555 1
29.21972 1   0.00139295565171 -0.000340578781157  0.000442449541697   -0.0035360931667 -0.000704014370527   0.00348941247377 0.00558656169684  -0.175322948942 -0.0512344854233 0.00181335584555 1
29.271808 1   0.00136397895405 -0.000330905916215  0.000446766282983  -0.00358468287208 -0.000688432364625   0.00349760067759 0.00558776350778  -0.175330221813 -0.0512402446042 0.00181335584555 1
29.323891 1   0.00134066429374 -0.000328752600673  0.000450939684767  -0.00362271100438 -0.000686983906752   0.00350552237914 0.00558746992675  -0.175337567292 -0.0512449109367 0.00181335584555 1
29.375974 1   0.00134318810431 -0.000327574830061   0.00045640756169  -0.00362272934302 -0.000686020527124   0.00351592674673 0.00558757035396  -0.175347740306 -0.0512492143563 0.00181335584555 1
29.428058 1   0.00132869652502 -0.000325792288394  0.000460531481939  -0.00364925039716 -0.000681545516163   0.00352375931237 0.00558860674844  -0.175354918506 -0.0512540308146 0.00181335584555 1
29.480141 1   0.00132602379616 -0.000329027536041  0.000467246850818  -0.00365669246599 -0.000684313879984   0.00353653396899 0.00558963078226  -0.175367430679  -0.051259186846 0.00181335584555 1
29.532225 1   0.00130025038138 -0.000331573493445  0.000483240512335  -0.00370162811437 -0.000687626030233   0.00356694582531 0.00559066398629  -0.175397166357 -0.0512718389203 0.00181335584555 1
29.584308 1    0.0012912267697 -0.000323946473987  0.000487541290218  -0.00371910378326 -0.000673546487025   0.00357512004042 0.00559237967709  -0.175404849697 -0.0512761886552 0.00181335584555 1
29.636391 1  0.00127467838123 -0.00032571965131 0.000502779411661  -0.00374584532781 -0.000677064263073   0.00360410529285 0.00559287782335  -0.175433790021 -0.0512863409983 0.00181335584555 1
29.688476 1  0.00124930674711 -0.00032196512473  0.00051273911916  -0.00379250948007 -0.000671733969647   0.00362303211945 0.00559358493204  -0.175451666829 -0.0512965474861 0.00181335584555 1
29.740558 1   0.00123491674708 -0.000329125399232   0.00052044929064  -0.00381986469901 -0.000682691969172    0.0036376887853 0.00559356203044  -0.175465709786 -0.0513038523048 0.00181335584555 1
29.792641 1   0.00122504873666 -0.000329328300339   0.00051848227498  -0.00384015384174 -0.000683163885256   0.00363393257087 0.00559336095946  -0.175461140932  -0.051305387403 0.00181335584555 1
29.844724 1   0.00120757919678 -0.000320545805439  0.000522980420593  -0.00387153768089 -0.000666148568987     0.003642474703 0.00559567598652  -0.175468919307 -0.0513108471738 0.00181335584555 1
29.896808 1   0.00118191240807 -0.000308128166949  0.000526603093416  -0.00391315949413 -0.000644214304334   0.00364934642157 0.00559794067924  -0.175475094289 -0.0513154830964 0.00181335584555 1
29.948891 1   0.00117880798646 -0.000312195955911  0.000529496089924  -0.00392377766962 -0.000651236516221   0.00365484406279 0.00559750594257  -0.175479996138 -0.0513196148463 0.00181335584555 1
30.000974 1   0.00117289906397 -0.000310689587777  0.000529277028924  -0.00393531767399 -0.000649774979818   0.00365442014452 0.00559725382762  -0.175479176615 -0.0513208718155 0.00181335584555 1
30.053058 1   0.00116523110319 -0.000313856202834  0.000535685517423  -0.00394957210796 -0.000652261903369   0.00366660756535 0.00559839796418  -0.175491142151 -0.0513259872803 0.00181335584555 1
30.105141 1   0.00115887805457 -0.000315499221443  0.000544286821652  -0.00396472653437 -0.000653927228503   0.00368296653239 0.00559916490779  -0.175507079019  -0.051333424802 0.00181335584555 1
30.157219 1   0.00115240185606 -0.000307302646507   0.00054940219145  -0.00398037519913 -0.000642218551748   0.00369269120721 0.00559971203385  -0.175516215244 -0.0513390471656 0.00181335584555 1
30.209307 1   0.00114000407849 -0.000310069437759  0.000554279555548  -0.00400351910002 -0.000646925470426   0.00370195950301 0.00559962256864  -0.175524965915 -0.0513443294228 0.00181335584555 1
30.261391 1   0.00113916644166 -0.000311692872388  0.000569179016307  -0.00401147079408 -0.000650256702591   0.00373030784386 0.00560007579105  -0.175553160554 -0.0513555104148 0.00181335584555 1
30.313474 1   0.00112677302195 -0.000316199145193  0.000580791025928   -0.0040374229692 -0.000658850864988   0.00375239026792 0.00559975236209  -0.175574709577 -0.0513657847587 0.00181335584555 1
30.365557 1    0.0011069355427 -0.000314807764516  0.000590066254439  -0.00407518215908 -0.000656222352015   0.00377001921919 0.00560064027251  -0.175591472827 -0.0513754365601 0.00181335584555 1
30.417641 1   0.00110657263224 -0.000318604139753  0.000601456838051  -0.00408363834858 -0.000662978337125   0.00379168897402 0.00560066477993   -0.17561274109 -0.0513851808905 0.00181335584555 1
30.469724 1   0.00107732792708 -0.000324320292809  0.000613650010435   -0.0041327116816 -0.000672771350969   0.00381486643105 0.00560055048534  -0.175635405939 -0.0513959199406 0.00181335584555 1
30.521807 1   0.00108252957591 -0.000327491301747  0.000620936048529  -0.00412528125072 -0.000677164321448   0.00382873614353 0.00560096298278   -0.17564966834 -0.0513999065408 0.00181335584555 1
30.57389 1   0.00107930587588 -0.000323982552333  0.000623465093533  -0.00413635510748 -0.000672558840666   0.00383354090542 0.00560103552183  -0.175653796982 -0.0514041572415 0.00181335584555 1
30.625975 1  0.00107981153887 -0.00032210545599 0.000627772160006  -0.00414032193614 -0.000668082070148   0.00384173362661 0.00560214861826   -0.17566162015  -0.051408569816 0.00181335584555 1
30.678057 1   0.00107074332661 -0.000320506589878  0.000627260477545  -0.00415698446746 -0.000665076545363   0.00384074997567   0.005602478603  -0.175660073768 -0.0514101061636 0.00181335584555 1
30.73014 1   0.00105583598599 -0.000326586463891  0.000626997904707  -0.00417994862274 -0.000673491952828    0.0038402381017 0.00560240588612  -0.175659221645 -0.0514110780856 0.00181335584555 1
30.782223 1   0.00104978410777 -0.000333199885982  0.000636505804446   -0.0041929082035 -0.000683101914669   0.00385832423079 0.00560272871197  -0.175677250017 -0.0514185130892 0.00181335584555 1
30.834307 1   0.00104864664711 -0.000323472939193  0.000642867065716  -0.00419524863287 -0.000669757389788   0.00387042912923 0.00560315657207  -0.175689610809  -0.051422472217 0.00181335584555 1
30.886391 1   0.00103884191962 -0.000326223164386  0.000639537321269  -0.00421237402072 -0.000674668759774   0.00386408241716 0.00560242299517  -0.175682619596 -0.0514222134474 0.00181335584555 1
30.938474 1    0.0010375626292 -0.000322420266087  0.000644826912357  -0.00421900554579 -0.000667262668734   0.00387414365669 0.00560376321999  -0.175692346186 -0.0514273683703 0.00181335584555 1
30.990557 1   0.00103498559801 -0.000320777406323   0.00064573043585 -0.00422349149439 -0.00066357666838  0.00387586057471 0.00560448479904  -0.175693974765 -0.0514283039799 0.00181335584555 1
31.04264 1   0.00103802732915 -0.000323817156389  0.000648510071414  -0.00422113359696 -0.000669349479394    0.0038811507799 0.00560390946022  -0.175699228185 -0.0514306991664 0.00181335584555 1
31.094722 1   0.00103290310397 -0.000327991196082  0.000653980800514  -0.00422980287781 -0.000675266549197   0.00389155722062  0.0056041520585  -0.175709762193 -0.0514345652687 0.00181335584555 1
31.146807 1   0.00103139558945 -0.000323623264164  0.000650494531487   -0.0042322671427 -0.000668982436261   0.00388492119912 0.00560407883742  -0.175702848673 -0.0514327551144 0.00181335584555 1
31.19889 1   0.00103870080538 -0.000318391722993  0.000654024114072  -0.00422025055258 -0.000660081652494   0.00389164504923 0.00560512795317  -0.175710042784 -0.0514338482717 0.00181335584555 1
31.250973 1   0.00103515782281 -0.000312139639514  0.000654903732482 -0.00423020795513 -0.00064947374456  0.00389331200964 0.00560615038112  -0.175711073113 -0.0514366774158 0.00181335584555 1
31.303057 1   0.00102285461085 -0.000306102701563  0.000660108916035  -0.00425316435198 -0.000639473415105   0.00390320438651 0.00560731063796  -0.175720485868 -0.0514424556468 0.00181335584555 1
31.35514 1  0.00101934308653 -0.00031524889721 0.000669023733342  -0.00426223518682 -0.000655069259132   0.00392016388127 0.00560639393703  -0.175737536922 -0.0514495417998 0.00181335584555 1
31.407223 1  0.00101383149865 -0.00032633486244 0.000671796823577  -0.00427614978686 -0.000672313968047   0.00392543164753 0.00560556927864  -0.175742179872 -0.0514540995183 0.00181335584555 1
31.459307 1   0.00100989837806 -0.000330623689885  0.000679368732635  -0.00428729693017 -0.000679249719583   0.00393983378554 0.00560552702374  -0.175756367189 -0.0514611392722 0.00181335584555 1
31.51139 1    0.0010112262668 -0.000335322956985  0.000687203589133  -0.00429171909702 -0.000685882465126   0.00395473925314 0.00560592585031  -0.175771007677  -0.051468574395 0.00181335584555 1
31.563468 1  0.00101050539603 -0.00033458795947 0.000696744290313  -0.00429804086659 -0.000685230078832   0.00397289077541 0.00560634732283  -0.175789151017 -0.0514765794001 0.00181335584555 1
31.615556 1   0.00100613118139 -0.000330388332128  0.000702287621017    -0.004304510982 -0.000679592459663   0.00398343714515 0.00560663285888  -0.175800051978  -0.051479988281 0.00181335584555 1
31.66764 1  0.000988722466612 -0.000324881258807  0.000708804958201  -0.00433622968812 -0.000672880205474   0.00399582179975 0.00560662979607  -0.175811869409 -0.0514874940279 0.00181335584555 1
31.719723 1  0.000974030392022 -0.000331767173403  0.000714446495387  -0.00436210004416 -0.000685094926384   0.00400654328795  0.0056056006431  -0.175822278578 -0.0514935033464 0.00181335584555 1
31.771807 1  0.000969331385238 -0.000330909673914  0.000721228909308  -0.00437494279356 -0.000684645525488   0.00401944192017 0.00560566065591  -0.175834840595 -0.0515005117949 0.00181335584555 1
31.82389 1  0.000948188236333 -0.000336234035413  0.000729935633405  -0.00441301796591 -0.000693672453894   0.00403598943643 0.00560533439222  -0.175850846918 -0.0515099486927 0.00181335584555 1
31.875973 1 0.000924041146514 -0.00033691682349  0.00073605758546  -0.0044563020426 -0.00069326361506  0.00404761486304 0.00560640869487  -0.175861525153 -0.0515184405244 0.00181335584555 1
31.928057 1  0.000903464517421 -0.000346461661803  0.000746516647371   -0.0044942678682 -0.000708135397222   0.00406749692165 0.00560615848207   -0.17588093025 -0.0515292707619 0.00181335584555 1
31.98014 1  0.000892712124849 -0.000350047813028  0.000760040205231  -0.00451508084221 -0.000713869288434   0.00409322098127 0.00560659555665  -0.175906955322 -0.0515400792276 0.00181335584555 1
32.032223 1  0.000885299932558 -0.000351775631886  0.000771595293288  -0.00453146042344 -0.000717177008808   0.00411520089919 0.00560684293388  -0.175929061768 -0.0515498508847 0.00181335584555 1
32.084306 1  0.000875181232639 -0.000355708305917  0.000783465537061  -0.00455214780276 -0.000724055696078   0.00413777824848 0.00560682151349  -0.175951726953 -0.0515601239268 0.00181335584555 1
32.13639 1  0.000865255787835 -0.000356842031679  0.000795963017611  -0.00457378634166 -0.000727232233713   0.00416154833843 0.00560676045997  -0.175975479405 -0.0515713983997 0.00181335584555 1
32.188473 1  0.000843059518042 -0.000353733302625  0.000802969865612  -0.00461342050706 -0.000722248888737   0.00417486010262 0.00560757989138  -0.175988081803 -0.0515800814072 0.00181335584555 1
32.240557 1  0.000830143385345 -0.000353000070522  0.000805217682499   -0.0046346436341 -0.000720317734296   0.00417912623687 0.00560820948088  -0.175992029008 -0.0515831468118 0.00181335584555 1
32.292639 0  0.000602363099136 -0.000230528344459   0.00101179181277 -0.00532459424616   0.0183652943652  0.00409498855968 0.00560820948088  -0.175992029008 -0.0515831468118 0.00181335584555 2
32.344724 0  0.000370572015544 -0.000346129870588   0.00123341420994 -0.00479940059589   0.0250386149707  0.00317193963607 0.00560820948088  -0.175992029008 -0.0515831468118 0.00181335584555 3
32.396807 1  0.000416682875322 -3.84928192559e-05   0.00112251856689 -0.00478705676465   0.0256248823336  0.00297512504091 0.00569584696272  -0.175818631638 -0.0514857490706 0.00181335584555 3
32.44889 1 0.000401287346022 0.000367478038076  0.00130987111667 -0.00474198396652    0.026436530649  0.00329967057678 0.00581686292404  -0.176160421024 -0.0514532834949 0.00181335584555 3
32.500972 1 0.000397516317344 0.000414970311067  0.00133905248303 -0.00481361646943    0.026564265514  0.00334996256484 0.00586680434143  -0.176206772375 -0.0514689795828 0.00181335584555 3
32.553056 1  0.00036813027765 0.000426708763778  0.00130779388119 -0.00487318068599   0.0265820000065  0.00329513223514 0.00587276860194  -0.176152158065 -0.0514628849436 0.00181335584555 3
32.60514 1 0.000370327130028 0.000405509574742  0.00140000219214 -0.00486262998485   0.0265385888581  0.00345694944916 0.00587119249664  -0.176305516836 -0.0515062298811 0.00181335584555 3
32.657223 1  0.00034551519875 0.000430692355678  0.00134614880008 -0.00490256556677   0.0265842344826  0.00336237871083 0.00587558243678  -0.176215521463 -0.0514817207684 0.00181335584555 3
32.709306 1  0.00031654077165 0.000352506270266  0.00138320645589 -0.00494774981341   0.0264299783341  0.00342801559163 0.00585778183419  -0.176271821099 -0.0515197177927 0.00181335584555 3
32.761389 0 4.14657592236e-06  0.00181608309924  0.00155741731007 -0.00409015388779   0.0261019584001  0.00257285303512 0.00585778183419  -0.176271821099 -0.0515197177927 0.00181335584555 4
32.813473 0 -0.000279929054305   0.00328351528252     0.001715750048 -0.00357871456372   0.0269037607249  0.00239736134016 0.00585778183419  -0.176271821099 -0.0515197177927 0.00181335584555 5
32.865556 1 -0.000285744613938   0.00327092833905   0.00174668169229 -0.0036007515739  0.0268664159111 0.00244769287629 0.00585575891037  -0.176313188197 -0.0515387509119 0.00181335584555 5
32.91764 1 -0.000287404955265    0.0032658752882   0.00174721654381 -0.00362086565159   0.0268448524412  0.00244868828353 0.00585484759349  -0.176311886133 -0.0515460925856 0.00181335584555 5
32.969717 1 -0.000274382920088   0.00325103606027   0.00175262995687 -0.00358951495107   0.0268092989331  0.00245758511158 0.00584671741796  -0.176320069246 -0.0515469461265 0.00181335584555 5
33.021806 1 -0.000286545341513   0.00323985693915   0.00177102442639 -0.00361627829634   0.0267823507436  0.00248751991931 0.00584594780258  -0.176344293386 -0.0515597090078 0.00181335584555 5
33.073889 1 -0.000275987316692   0.00323065977215   0.00176586205969 -0.00358028797226   0.0267614699376  0.00247920068807 0.00583832139263  -0.176338455359 -0.0515535210114 0.00181335584555 5
33.125973 1 -0.000266952133881   0.00324211200866   0.00179477446596 -0.00357947867301   0.0268022772448  0.00252590676307 0.00584876586186  -0.176379971664 -0.0515609915723 0.00181335584555 5
33.178056 1 -0.000261671619407   0.00325094446664   0.00180074663103 -0.00358987992101   0.0268123088087  0.00253561112938 0.00585222981303  -0.176387264209 -0.0515668579862 0.00181335584555 5
33.230139 1 -0.000294969822668   0.00325066720213    0.0018516459594 -0.00367158341199   0.0268025488292  0.00261824431432 0.00586028737126  -0.176455199817 -0.0515989200694 0.00181335584555 5
33.282222 0 -0.000436529820972   0.00464306263665   0.00198853143372 -0.0029746901167  0.0270190093577 0.00278003389529 0.00586028737126  -0.176455199817 -0.0515989200694 0.00181335584555 6
33.334306 0 -0.00053118754421  0.00603363273378  0.00209607855314 -0.00134527626756   0.0272687160253  0.00149417766975 0.00586028737126  -0.176455199817 -0.0515989200694 0.00181335584555 7
33.386389 1 -0.000531834473743    0.0060426469303   0.00212082830313 -0.00136769854404   0.0272917956816  0.00153146060742 0.00586650924645  -0.176484419194 -0.0516082465254 0.00181335584555 7
33.438469 1 -0.00058407342873  0.00605766870215  0.00217884354204 -0.00149428759309   0.0273257348846  0.00161892154063 0.00588146722662  -0.176550824074 -0.0516373195826 0.00181335584555 7
33.490556 1 -0.000563857154668   0.00604647024385   0.00215252929089 -0.00149209887082   0.0272827595242  0.00157941862846 0.00587599028172   -0.17651737473 -0.0516353255201 0.00181335584555 7
33.542639 1 -0.000590781342045   0.00605003612717   0.00219883601805 -0.00156849938707   0.0272699468316  0.00164934630716 0.00588091975832  -0.176570255806 -0.0516598416826 0.00181335584555 7
33.594722 1 -0.000622817379379    0.0060432231145   0.00224422403054 -0.00166427167741   0.0272472490188  0.00171790537198   0.005887062788  -0.176621249553 -0.0516867804628 0.00181335584555 7
33.646806 1 -0.000637861045382   0.00601307363558   0.00226284716357 -0.00167417338317   0.0271694235531  0.00174615260435 0.00587794475583  -0.176642680252  -0.051697110842 0.00181335584555 7
33.698889 1 -0.000633272066927   0.00601215156042   0.00228871249028 -0.00170795207825   0.0271885048739  0.00178511998136 0.00588673480587  -0.176672663396 -0.0517090880723 0.00181335584555 7
33.750972 1 -0.00064487074383  0.00600878711518  0.00227379042557 -0.00170275963857   0.0271736138471   0.0017626426181 0.00588216090282  -0.176654977223 -0.0517034060417 0.00181335584555 7
33.803055 1 -0.000632003052791   0.00600544020122   0.00232486411413 -0.00171342985131   0.0271798365948  0.00183963234543 0.0058885485688 -0.176716259353 -0.051721173557 0.00181335584555 7
33.855139 1 -0.000608580610047   0.00602405056519   0.00234287826774 -0.00171232801715   0.0272236253175  0.00186672990888  0.0058967849138  -0.176737952656 -0.0517267664447 0.00181335584555 7
33.907225 1 -0.000625152041091   0.00615905218218    0.0023856262844 -0.00178364039523   0.0276874656515   0.0019299293504 0.00597004272914  -0.176795685601 -0.0517142496694 0.00181335584555 7
33.959305 1 -0.000589502262942   0.00609350247126   0.00235651218063 -0.00176495278147   0.0274564497174  0.00188674446895 0.00593717683336  -0.176755250381 -0.0517251488412 0.00181335584555 7
34.011389 1 -0.000622682476896   0.00602228054835   0.00245021149287 -0.00185475546337   0.0272593975008  0.00202855373998 0.00592194043636  -0.176862797855 -0.0517778206078 0.00181335584555 7
34.063472 1 -0.000632614181071   0.00596836862401   0.00244510145256 -0.00185841343381   0.0270758189844  0.00202135397881 0.00589492449423  -0.176853350063 -0.0517894710761 0.00181335584555 7
34.115555 1 -0.000663993791938   0.00594128694201    0.0024384755322 -0.00189235252492   0.0270095330956  0.00201151154999 0.00588685082162  -0.176843698145   -0.05179341515 0.00181335584555 7
34.167639 1 -0.000693517254628   0.00594287093308   0.00249727845245 -0.00199617449903   0.0270228585167  0.00210019886834 0.00590011708805  -0.176911481387  -0.051824174393 0.00181335584555 7
34.219722 1 -0.000701647250222   0.00596521677344   0.00253357156478 -0.00204936209876   0.0270730632551  0.00215485821499 0.00591282790006  -0.176954063859 -0.0518403583272 0.00181335584555 7
34.271805 1 -0.000706936130743   0.00599368485151   0.00255165716285 -0.00206851015157    0.027169800872  0.00218186599719 0.00592933703379  -0.176977183201 -0.0518411364065 0.00181335584555 7
34.323889 1 -0.0007233109196 0.00600425407067 0.00254520897929 -0.00207083194878   0.0272138890405  0.00217198408141 0.00593454033288  -0.176970771023  -0.051833617074 0.00181335584555 7
34.375972 1 -0.000761409621702   0.00598771755338   0.00257050010277 -0.00213496681817   0.0271826280013  0.00221018633132 0.00593540381195  -0.176999502283 -0.0518489986974 0.00181335584555 7
34.428055 1 -0.000801526797774   0.00596945487466   0.00261519082278 -0.00222804833236   0.0271179804712   0.0022777962857 0.00593380545438  -0.177049700677 -0.0518785833862 0.00181335584555 7
34.480139 1 -0.000790287598972   0.00595799665188    0.0026401805777 -0.00222925194253   0.0270681788686  0.00231564186405 0.00592825462462  -0.177078816355 -0.0518920703896 0.00181335584555 7
34.532222 1 -0.000763421853575   0.00595853359004   0.00262925251474 -0.00218264141959   0.0270507857971   0.0022992242696 0.00592185712088  -0.177066358269 -0.0518859768929 0.00181335584555 7
34.584305 1 -0.000767912739613   0.00596130136417   0.00265691283149 -0.00221015972936   0.0270492850991  0.00234096788485 0.00592492201587  -0.177098903184 -0.0518992126512 0.00181335584555 7
34.636388 1 -0.000783290078764   0.00596489428934   0.00268530676007 -0.00225581645413   0.0270580560379  0.00238378524162 0.00593081804027  -0.177132064519 -0.0519134977632 0.00181335584555 7
34.688472 1 -0.000763847428053   0.00597800414903   0.00268525817196 -0.00223125694478   0.0271034077646  0.00238358498713  0.0059370529653  -0.177133363561 -0.0519083394312 0.00181335584555 7
34.740555 1 -0.000766913274507   0.00598789111621   0.00268281023923 -0.00221457952404   0.0271407391182    0.002379755152 0.00594079392286  -0.177132187108 -0.0519009595466 0.00181335584555 7
34.792638 1 -0.000787178124498   0.00597115557192   0.00271714259223 -0.00226474567472   0.0271207651529  0.00243155404766 0.00594450772434  -0.177172451621 -0.0519183094618 0.00181335584555 7
34.844721 1 -0.000803139227331    0.0059639478526   0.00275108012914 -0.00232186444993   0.0270797359949  0.00248289884082 0.00594344397363  -0.177210873307 -0.0519406981009 0.00181335584555 7
34.896807 1 -0.000795468801941   0.00595955936352   0.00277053437112 -0.00231466472621   0.0270537010306  0.00251231440449 0.00593971330094  -0.177234427901 -0.0519486443248 0.00181335584555 7
34.948888 1 -0.000778066706329   0.00595170364874   0.00276660948466 -0.00228702904338   0.0270371157587  0.00250642587813 0.00593616667987  -0.177230149002 -0.0519458011744 0.00181335584555 7
35.000971 1 -0.000810576061907   0.00595306916363   0.00278310077906 -0.00234035903023   0.0270265336143  0.00253134799367 0.00593705941277  -0.177248627841 -0.0519573464993 0.00181335584555 7
35.053055 1 -0.000830221791554   0.00596107147783   0.00280169059783 -0.00238869489005   0.0270371868114  0.00255939268272 0.00594205475586  -0.177269762012 -0.0519690810591 0.00181335584555 7
35.105138 1 -0.000844503427534   0.00597483769383   0.00280152354221 -0.00239476473271   0.0270705556349  0.00255904423254 0.00594598439383  -0.177270411792 -0.0519657286676 0.00181335584555 7
35.157222 1 -0.000859900318001   0.00597778388069   0.00280825829295 -0.00240200268508    0.027089077012  0.00256911473164 0.00594901286076  -0.177279494323 -0.0519650204245 0.00181335584555 7
35.209305 1 -0.000891989557052   0.00597718533156    0.0028323333642 -0.00245400930616    0.027088378756  0.00260541972514 0.00595254471951  -0.177307787779 -0.0519775471889 0.00181335584555 7
35.261388 1 -0.000899262750047   0.00597107630381    0.0028519976603 -0.00248277077997   0.0270676652596  0.00263514773187 0.00595246305531  -0.177330422939 -0.0519897634185 0.00181335584555 7
35.313471 1 -0.000891087728831   0.00596422731781   0.00285491887138 -0.00247539577004   0.0270454897937  0.00263961708945 0.00594901903962  -0.177333708481 -0.0519921603941 0.00181335584555 7
35.365556 1 -0.000884206307861   0.00595957172373   0.00286448993337 -0.00246218953895   0.0270334776588  0.00265406750122 0.00594695618731  -0.177345908874 -0.0519943047389 0.00181335584555 7
35.417638 1 -0.000887579000298   0.00594925653296   0.00287998797761 -0.00247908304049   0.0270180014449  0.00267746762751 0.00594764177123  -0.177364166246 -0.0520026127733 0.00181335584555 7
35.469721 1 -0.000884193835051   0.00594633914673    0.0028876516228 -0.00248073628289   0.0270194867791  0.00268901100244 0.00594937440315  -0.177373537166 -0.0520054636522 0.00181335584555 7
35.521805 1 -0.000879769371303   0.00595371760447   0.00288817945041 -0.00247661617116   0.0270439896593  0.00268974101246 0.00595348680503  -0.177374657446 -0.0520037001246 0.00181335584555 7
35.573887 1 -0.000863475327785   0.00594897757658    0.0029029355151 -0.00247790132176   0.0270483235074   0.0027119810324 0.00595774548971  -0.177392344377 -0.0520104594008 0.00181335584555 7
35.625971 1 -0.000854199760277   0.00594481504851   0.00292444986642 -0.00248236709251   0.0270414958267  0.00274444631572 0.00595937787001  -0.177418369447 -0.0520199320272 0.00181335584555 7
35.678054 1 -0.000847932012368   0.00594489889952   0.00293480288655 -0.00248678416086   0.0270367170699  0.00276009025351 0.00595984513914  -0.177430571361  -0.052025661147 0.00181335584555 7
35.730138 1 -0.000870754077078   0.00593861010112   0.00294007383438 -0.00251303715418   0.0270272800137  0.00276804246598 0.00595973086876  -0.177436586667 -0.0520292588423 0.00181335584555 7
35.782221 1 -0.000889291953183   0.00593973245753   0.00295837929436 -0.00254858631341   0.0270145554843  0.00279570758588 0.00595947820671  -0.177457828596 -0.0520406995411 0.00181335584555 7
35.834304 1 -0.000895538205479   0.00593888898048   0.00298036912154 -0.00257433641148   0.0270040372615  0.00282891907181 0.00596041003437  -0.177483776114 -0.0520529748715 0.00181335584555 7
35.886388 1 -0.000900548886769   0.00593711118911   0.00299108730756 -0.00258678917628   0.0270055670099  0.00284507090749 0.00596247512362  -0.177496734275 -0.0520577912636 0.00181335584555 7
35.938471 1 -0.000903429081281   0.00592996829301   0.00300889667829 -0.00259985477087    0.027003267603  0.00287191055292 0.00596530196756  -0.177518471838 -0.0520652160885 0.00181335584555 7
35.990554 1 -0.000913289588456    0.0059271901003    0.0030348870204 -0.00262765181448   0.0270070626327  0.00291108332247 0.00596999267803  -0.177549947492 -0.0520769330196 0.00181335584555 7
36.042637 1 -0.000917323462713   0.00593038632529     0.003057067684 -0.00264971379185   0.0270118335297  0.00294453643921 0.00597351485315  -0.177576601849 -0.0520877726796 0.00181335584555 7
36.094721 1 -0.000912742534118   0.00592748852747   0.00307295495155 -0.00265767894306   0.0270011719317  0.00296853610893 0.00597360770634  -0.177595591411 -0.0520961706416 0.00181335584555 7
36.146804 1 -0.000905323219392   0.00592488126556   0.00309084842185 -0.0026611963545    0.02699206801 0.00299555375531 0.00597389885558  -0.177617296631  -0.052104592843 0.00181335584555 7
36.198888 1 -0.00091258630901  0.00592004185501  0.00311751991007 -0.00268934226305   0.0269809872096  0.00303580995584 0.00597578217994  -0.177649215197 -0.0521185822488 0.00181335584555 7
36.25097 1 -0.00091387912242  0.00591594159529  0.00313654107359 -0.0027037703927  0.0269703431899 0.00306452682426   0.005976361015  -0.177672108478 -0.0521282566229 0.00181335584555 7
36.303055 1 -0.000927539747336   0.00591357611918   0.00314503260299 -0.00272321052278   0.0269691039601  0.00307732439021 0.00597770364984  -0.177682282089 -0.0521326502456 0.00181335584555 7
36.355137 1 -0.000946430604206   0.00592015449906   0.00315276678331 -0.00275076090516   0.0269794475633  0.00308897181975 0.00598036863391   -0.17769132008 -0.0521373237576 0.00181335584555 7
36.40722 1 -0.000952576077134   0.00592219171765   0.00316389080058 -0.00276427415137   0.0269828056979  0.00310574270785 0.00598215930325  -0.177704822461 -0.0521425789424 0.00181335584555 7
36.459304 1 -0.000961303145947   0.00592740558118   0.00317154069038 -0.0027766701615  0.0269914553503 0.00311726170811 0.00598406293367  -0.177714231498 -0.0521457283706 0.00181335584555 7
36.511387 1 -0.000959865789104    0.0059285442246   0.00318259969232 -0.00277946606602   0.0269921653845  0.00313394044167  0.0059849708219  -0.177727942401 -0.0521501388202 0.00181335584555 7
36.563471 1 -0.000958251108698   0.00592535374202   0.00319248456729 -0.00279215011226   0.0269854497858  0.00314887651304 0.00598594289926  -0.177739359231 -0.0521569900122 0.00181335584555 7
36.615554 1 -0.000959422006731    0.0059234267775   0.00320902000012 -0.00280439442897   0.0269823469774  0.00317382207689 0.00598755914693  -0.177759480356 -0.0521649887679 0.00181335584555 7
36.667637 1 -0.000967107507529   0.00592481759812   0.00321378712442 -0.0028163300143  0.0269836662861  0.0031810109572 0.00598835671299  -0.177765128742 -0.0521677931293 0.00181335584555 7
36.71972 1 -0.000982609098999   0.00591758793097   0.00321928143057 -0.00284207582699   0.0269791847536  0.00318928968798 0.00599028506479  -0.177771216104 -0.0521724054287 0.00181335584555 7
36.771804 1 -0.000988498155878   0.00590813986102    0.0032357052899 -0.0028569243145  0.0269657229807 0.00321407294061 0.00599068286958  -0.177791249491 -0.0521804745208 0.00181335584555 7
36.823887 1 -0.000987721959912   0.00591245824728    0.0032435946319 -0.00285850924467   0.0269700723976  0.00322596896101 0.00599148752302  -0.177801134061 -0.0521834306071 0.00181335584555 7
36.87597 1 -0.000979740522354   0.00591479498164   0.00325230687768 -0.00285361454805   0.0269752734951  0.00323909851326  0.0059930066108  -0.177812164013 -0.0521862964802 0.00181335584555 7
36.928054 1 -0.000993754905163   0.00591510663864   0.00325349791772 -0.0028680218897    0.02697459123 0.00324089191252 0.00599299598283  -0.177813461799 -0.0521874047443 0.00181335584555 7
36.980137 1 -0.000998259064877   0.00591209061374    0.0032501818258 -0.00287184157991   0.0269683614586  0.00323590298631 0.00599183581691  -0.177809146759 -0.0521867387517 0.00181335584555 7
37.032221 1 -0.00100526730894  0.00590631449019  0.00325711755323 -0.00287905658147   0.0269583393116  0.00324637163647 0.00599090252346  -0.177817791684 -0.0521897331158 0.00181335584555 7
37.084303 1 -0.00102174520918  0.00590859133823  0.00326642222795 -0.00290409703908   0.0269609150071  0.00326040114308 0.00599260445008  -0.177828832161 -0.0521954259878 0.00181335584555 7
37.136387 1 -0.00102594315114  0.00591550615683  0.00328891303389 -0.00292454564507     0.02697080902  0.00329431360717 0.00599656143309  -0.177856362354  -0.052206455542 0.00181335584555 7
37.18847 1 -0.00103658141326  0.00591664896636  0.00330945890975 -0.00295095973133   0.0269737705488  0.00332529506527 0.00599988812255  -0.177881344147 -0.0522172037911 0.00181335584555 7
37.240553 1 -0.00104720566973  0.00591945035563  0.00332738331677 -0.0029759946841  0.0269774727948 0.00335232667722 0.00600276100885  -0.177903071467 -0.0522268805309 0.00181335584555 7
37.292636 1 -0.00105205614841  0.00591865847633  0.00333841380995 -0.00299466703416   0.0269817234961  0.00336895176552 0.00600617665286  -0.177916173649 -0.0522336640988 0.00181335584555 7
37.34472 1 -0.00105534671266  0.00592191054405  0.00334445003592 -0.00300612203983   0.0269806286506  0.00337807857454 0.00600630217013  -0.177923135637 -0.0522382642296 0.00181335584555 7
37.396803 1 -0.00105882484138  0.00591301356356  0.00335049191341 -0.00301484171405   0.0269674876461  0.00338720881407  0.0060056482093  -0.177930316893 -0.0522422363791 0.00181335584555 7
37.448887 1 -0.00106657077866  0.00591376797137  0.00336015278033 -0.00302803612076   0.0269610581227   0.0034018045608  0.0060047982934  -0.177942036306 -0.0522477811601 0.00181335584555 7
37.50097 1 -0.00106263020345   0.0059114327515   0.0033693694544 -0.0030246780653  0.0269528077243 0.00341572382646 0.00600350914785  -0.177953754797  -0.052251323436 0.00181335584555 7
37.553053 1 -0.00107256860362  0.00590678869135   0.0033824727453 -0.00304141152422    0.026947820101  0.00343548208409 0.00600468543416  -0.177969933302 -0.0522577750956 0.00181335584555 7
37.605137 1 -0.00106455991986  0.00590834374462  0.00338905199856 -0.00303931034427   0.0269501140287  0.00344540901859 0.00600583310818  -0.177978043204 -0.0522610616483 0.00181335584555 7
37.65722 1 -0.00106768914417  0.00590962083216  0.00340081699608 -0.00304248044167   0.0269513314777  0.00346314223778 0.00600648482993  -0.177993173338 -0.0522649139492 0.00181335584555 7
37.709304 1 -0.00106313468196  0.00591153727159  0.00341598775828 -0.0030452462183  0.0269544178667 0.00348601856467 0.00600837886269  -0.178012234257 -0.0522714124346 0.00181335584555 7
37.761386 1 -0.00106979332708  0.00590522083067  0.00343003265106 -0.00305242640961   0.0269457058242  0.00350719664453 0.00600823698831  -0.178030184751 -0.0522765888711 0.00181335584555 7
37.81347 1 -0.00108025518939  0.00591534318667  0.00343622291162 -0.00306701305253   0.0269547123041  0.00351653367417 0.00600917772552  -0.178037704756 -0.0522801320047 0.00181335584555 7
37.865553 1 -0.00108300133546  0.00592088554834   0.0034483543674 -0.0030725759867  0.0269564858193 0.00353483846068 0.00600922305982  -0.178053055196 -0.0522852181429 0.00181335584555 7
37.917636 1 -0.00108401232424  0.00592234903098  0.00345938755483 -0.00307626373268    0.026954709485  0.00355148614677 0.00600916699701  -0.178067030583  -0.052289852182 0.00181335584555 7
37.969719 1 -0.0010835433667 0.00591920185251 0.00347365333033 -0.00307887385352   0.0269514470894  0.00357299520286 0.00601002911748  -0.178085255194 -0.0522952937956 0.00181335584555 7
38.021803 1 -0.00108859834791  0.00592094615784  0.00349070354476 -0.00309377041258   0.0269518189183  0.00359871403162 0.00601163219041  -0.178106433853 -0.0523038781067 0.00181335584555 7
38.073887 1 -0.00109873717102  0.00592264864689  0.00349920032298 -0.00310594972291   0.0269530101186  0.00361152231752 0.00601228988819  -0.178117152493 -0.0523076211808 0.00181335584555 7
38.125969 1 -0.00109957129573  0.00591466977466  0.00351250760928 -0.00311374881297   0.0269437892202  0.00363159608156 0.00601299134946    -0.1781337825 -0.0523141446859 0.00181335584555 7
38.178053 1 -0.00111455565329  0.00591319109593  0.00352396395846 -0.00312915416884   0.0269371320649  0.00364887944141 0.00601210644654  -0.178148342976 -0.0523190699293 0.00181335584555 7
38.230136 1 -0.00111740431664  0.00591169623151  0.00353550753252 -0.00314012800263   0.0269345024535  0.00366629513343 0.00601316234289  -0.178162586796 -0.0523254038382 0.00181335584555 7
38.28222 1 -0.00112968657847  0.00590641865038  0.00354444421771 -0.00315300676673   0.0269273668701  0.00367976853973 0.00601299259059  -0.178173974988 -0.0523291710808 0.00181335584555 7
38.334303 1 -0.0011399186294 0.00590678381128 0.00355061181853 -0.00316430458363   0.0269222512186  0.00368908425976 0.00601183198898  -0.178181667432 -0.0523324591699 0.00181335584555 7
38.386387 1 -0.0011498862164 0.00591452987542 0.00355910930703 -0.00317513679916   0.0269266139578  0.00370190358206  0.0060117114903  -0.178192493335 -0.0523361134922 0.00181335584555 7
38.438469 1 -0.00114894236703  0.00591029546091  0.00356663935041 -0.00317198023417   0.0269203773022  0.00371325923861 0.00601102781549  -0.178202491873 -0.0523380656258 0.00181335584555 7
38.490552 1 -0.00114879651873  0.00590735488858  0.00357674397719 -0.00317797199202   0.0269165986286  0.00372850309494 0.00601179105215  -0.178215122344 -0.0523432824706 0.00181335584555 7
38.542636 1 -0.00115376405005  0.00591232906571  0.00358266558187 -0.0031904847682  0.0269247115737 0.00373742559804 0.00601414894436  -0.178222194671 -0.0523473140422 0.00181335584555 7
38.594719 1 -0.00116811924255  0.00590310275359  0.00359072398442 -0.00320968030677   0.0269110825593  0.00374959048072 0.00601340791729  -0.178232008072 -0.0523525308358 0.00181335584555 7
38.646803 1 -0.00116914598342  0.00589045074218  0.00359445905122 -0.00321475373515    0.026897670231  0.00375522879032 0.00601325292257  -0.178236478586 -0.0523552324609 0.00181335584555 7
38.698886 1 -0.00116268491281  0.00589192133181  0.00360737162683 -0.00321052953527   0.0268992813323  0.00377469873381 0.00601418134842  -0.178253292563 -0.0523598100099 0.00181335584555 7
38.750969 1 -0.00117929680061  0.00588880174026  0.00361882234979 -0.00323232804755    0.026890575331  0.00379198147897 0.00601351294466  -0.178267504343 -0.0523664154743 0.00181335584555 7
38.803053 1 -0.00116627018954  0.00588818884334  0.00362941525924 -0.00322227714347   0.0268848914901  0.00380797964958 0.00601253360531   -0.17828119873 -0.0523707754613 0.00181335584555 7
38.855136 1 -0.00116218966324  0.00589011974689  0.00364603447521 -0.00322068018312    0.026886653594  0.00383303739384 0.00601361481103  -0.178302870249  -0.052376773253 0.00181335584555 7
38.907219 1 -0.00116738675189  0.00589409249172  0.00365859369524 -0.00323128242561   0.0268901582507  0.00385197638756 0.00601487903327  -0.178318820792 -0.0523827707611 0.00181335584555 7
38.959302 1  -0.001175666927 0.00589544613869 0.00366838192244 -0.00324532524526   0.0268931437616  0.00386672910942 0.00601666787966   -0.17833109641 -0.0523879427979 0.00181335584555 7
39.011386 1 -0.00117893048044  0.00589883900454  0.00367497919922 -0.00325203161235   0.0268954030584  0.00387668189273 0.00601716113361  -0.178339402764 -0.0523914126622 0.00181335584555 7
39.063469 1 -0.00118973329039  0.00588908895324  0.00368057968017 -0.00326670834472   0.0268846351256  0.00388512841571 0.00601719934289  -0.178346243335  -0.052395133033 0.00181335584555 7
39.115552 1 -0.00119170168809  0.00589153803848  0.00368617240436 -0.00326906844115   0.0268863566162   0.0038935613991 0.00601739647536  -0.178353557128 -0.0523972065373 0.00181335584555 7
39.167637 1 -0.00119801950735  0.00588099841893  0.00368678083248 -0.00327457590821   0.0268714235028  0.00389449166773 0.00601544590806  -0.178354249538 -0.0523979624815 0.00181335584555 7
39.219719 1 -0.00120583597046  0.00588306323147  0.00368891489707 -0.00328058466585   0.0268718945176  0.00389770864752 0.00601497641168  -0.178357122759  -0.052398522319 0.00181335584555 7
39.271802 1 -0.00121397079434  0.00588472089324  0.00369092868613 -0.00328580228857   0.0268744442121  0.00390073265063 0.00601523319827  -0.178359993668 -0.0523984441716 0.00181335584555 7
39.323886 1 -0.00121180808413  0.00588319180157  0.00369062256739 -0.00327707051115   0.0268712483011  0.00390026915788 0.00601384819029  -0.178360234986  -0.052396244172 0.00181335584555 7
39.375969 1 -0.00121328354051  0.00588872872066  0.00369265541421 -0.00327319347032   0.0268788088282  0.00390331695627 0.00601434606659  -0.178363501166 -0.0523949045458 0.00181335584555 7
39.428052 1 -0.00123125704867  0.00588341519682  0.00369444945797 -0.0032907192569   0.026875015863 0.00390600601194 0.00601487279874   -0.17836572443 -0.0523959645418 0.00181335584555 7
39.480135 1 -0.00123510233788  0.00587720173537  0.00370189666354 -0.00329169967228   0.0268667751038  0.00391723375453 0.00601399861487  -0.178375805966 -0.0523978772658 0.00181335584555 7
39.532219 1 -0.00124079709783   0.0058740786554  0.00370647317791 -0.00329658000895   0.0268636411012  0.00392412843962 0.00601406351158   -0.17838189584 -0.0523993741298 0.00181335584555 7
39.584302 1 -0.00124040541855  0.00588333460364  0.00371346029453 -0.00329746978835   0.0268714715578  0.00393466869547 0.00601443566588  -0.178391057621 -0.0524021454689 0.00181335584555 7
39.636385 1 -0.00122547685912  0.00588449407237   0.0037183244508 -0.00327592735123   0.0268717219776  0.00394200166813 0.00601354852572  -0.178398399107 -0.0524009135021 0.00181335584555 7
39.688469 1 -0.00120961887275  0.00588385397705  0.00371778101556 -0.00325832811175   0.0268711045482  0.00394118719821 0.00601315946567  -0.178398057574 -0.0523994803743 0.00181335584555 7
39.740552 1 -0.00121361946008  0.00589393310691  0.00372003424981 -0.00325636137306   0.0268798155472  0.00394457879535 0.00601261416086  -0.178401627151 -0.0523983327219 0.00181335584555 7
39.792635 1 -0.00122631326878  0.00589198458821  0.00371559018844 -0.00325805262577   0.0268771210076  0.00393786075939 0.00601098443084     -0.178396666 -0.0523936056341 0.00181335584555 7
39.844719 1 -0.00122546418995   0.0058942737072  0.00371238313174 -0.00324756713115   0.0268805549059  0.00393300816988 0.00601030620473  -0.178393440068 -0.0523889322463 0.00181335584555 7
39.896802 1 -0.00121779620399  0.00589295460674  0.00371192259929 -0.0032362072206  0.0268777389259 0.00393231803453 0.00600919741291  -0.178393283557  -0.052387311301 0.00181335584555 7
39.948886 1 -0.00121459177189   0.0058867917242  0.00370910613705 -0.00322349419245   0.0268731079552  0.00392805374117 0.00600831429832  -0.178390592579 -0.0523827275498 0.00181335584555 7
40.000968 1 -0.00120486301292   0.0058842445684  0.00370729798148 -0.00320512095177   0.0268702119693  0.00392532130935 0.00600696582623  -0.178389210699 -0.0523786722539 0.00181335584555 7
40.053052 1 -0.00121031548633  0.00588095430634   0.0037088980612 -0.0032052624603  0.0268693501539 0.00392771307872 0.00600731164732   -0.17839190811  -0.052377271388 0.00181335584555 7
40.105135 1 -0.00121145213721   0.0058873491434  0.00370229025297 -0.00319596338731   0.0268782981528   0.0039177267063 0.00600712969044  -0.178384216498 -0.0523709776158 0.00181335584555 7
40.157219 1 -0.00121207029155  0.00588579429167  0.00370109590862 -0.00318825047702   0.0268769769324  0.00391591288845 0.00600621329501  -0.178383514429 -0.0523675437677 0.00181335584555 7
40.209301 1 -0.00121434373579  0.00588148878836  0.00369732643287 -0.00317753176587   0.0268687101273  0.00391022642559 0.00600294545649  -0.178379755249 -0.0523620446745 0.00181335584555 7
40.261385 1 -0.00120688732137  0.00588394726855  0.00369121260217 -0.00316329758218    0.026873461887  0.00390099498545 0.00600283959533  -0.178372415719 -0.0523569207234 0.00181335584555 7
40.313468 1 -0.00121109687716  0.00588374354024  0.00368588749756 -0.00315805949233   0.0268735972495  0.00389295082257 0.00600172751839  -0.178366241863 -0.0523517518081 0.00181335584555 7
40.365552 1 -0.00120885354053   0.0058777980084  0.00368141347289 -0.00314665649377   0.0268676666542  0.00388619413496 0.00600024932001  -0.178361248725 -0.0523467849256 0.00181335584555 7
40.417635 1 -0.00120159054249  0.00587488521813  0.00367478356178 -0.00313292199107   0.0268634916387  0.00387619914836 0.00599852173304  -0.178353090009 -0.0523419765991 0.00181335584555 7
40.469719 1 -0.00119662434215  0.00587771612652  0.00367167033377 -0.00311990177022    0.026865786792  0.00387149900917 0.00599736710626  -0.178349853869 -0.0523376860891 0.00181335584555 7
40.521802 1 -0.00119949129083   0.0058778146981  0.00366405531617 -0.00311458503173   0.0268665759669  0.00386000422678 0.00599642199537  -0.178340454246  -0.052332070541 0.00181335584555 7
40.573885 1 -0.0011959452452 0.00587198512891 0.00366114076988 -0.00310261596254   0.0268603914863  0.00385560147881 0.00599494886005  -0.178337495451 -0.0523278206442 0.00181335584555 7
40.625968 1 -0.00118469830854  0.00586863237792  0.00365503610866 -0.00307929592044   0.0268575732376  0.00384638461608 0.00599330161666  -0.178330770245 -0.0523205820451 0.00181335584555 7
40.678051 1 -0.00118355397754  0.00586914909619   0.0036543378145 -0.00306941033231    0.026856352193  0.00384532667815 0.00599164214891   -0.17833081612 -0.0523170758052 0.00181335584555 7
40.730135 1 -0.00117929439683  0.00586152263454   0.0036532261114 -0.00305608617702   0.0268492203418  0.00384363734925 0.00599044071749  -0.178330418371 -0.0523129868865 0.00181335584555 7
40.782218 1 -0.00117558362487  0.00585724342586  0.00364702360709 -0.00304578280195    0.026844008875  0.00383428345949 0.00598881119275  -0.178322784323  -0.052308288858 0.00181335584555 7
40.834301 1 -0.0011773145298 0.00585590142643 0.00364616710924 -0.00303589837756   0.0268402567062   0.0038329841188 0.00598649271537  -0.178322915663 -0.0523037381352 0.00181335584555 7
40.88638 1 -0.00118796878507  0.00585547865566  0.00364354791801 -0.00303350918783   0.0268410400711  0.00382900703477 0.00598555740875  -0.178320780222 -0.0522979725524 0.00181335584555 7
40.938468 1 -0.0011934472148 0.00585462407389 0.00363611802086 -0.00302780720938   0.0268408078282  0.00381778589609 0.00598426512294  -0.178311923216 -0.0522911640277 0.00181335584555 7
40.990551 1 -0.00118772727472  0.00585501130211  0.00362778380274 -0.00300853745431    0.026843618388  0.00380519609633 0.00598337155211  -0.178302304093  -0.052282371069 0.00181335584555 7
41.042635 1 -0.00118746069453   0.0058498835021  0.00361540544631 -0.00299726825795   0.0268411924842  0.00378651026419 0.00598248113889  -0.178286771529  -0.052273494273 0.00181335584555 7
41.094718 1 -0.00118647993989  0.00584134019572  0.00360819548784 -0.00298652353607   0.0268345577964  0.00377562036131 0.00598149450143  -0.178278135834 -0.0522669184118 0.00181335584555 7
41.146801 1 -0.00118104523726   0.0058412660349  0.00360233791918 -0.00297062459018   0.0268326294246  0.00376678532575 0.00597922647111  -0.178271435978 -0.0522606031934 0.00181335584555 7
41.198884 1 -0.00119309374216  0.00583610967862  0.00358891063745 -0.00297427831421   0.0268288411678  0.00374652177341 0.00597811847757  -0.178253940351 -0.0522530023845 0.00181335584555 7
41.250968 1 -0.00119622519148  0.00583796016552  0.00358414020256 -0.00296403224426   0.0268307458957   0.0037393096684 0.00597658914372  -0.178249011031 -0.0522459490217 0.00181335584555 7
41.303051 1 -0.00120400097842  0.00583690346013  0.00357334824091 -0.00296040688084   0.0268274483756  0.00372303065209 0.00597387142675  -0.178235474941 -0.0522380988906 0.00181335584555 7
41.355129 1 -0.00119235000993  0.00583374680372  0.00357024585865 -0.00293961736566   0.0268222398582  0.00371835427956  0.0059715837325  -0.178232463601 -0.0522329649079 0.00181335584555 7
41.407218 1 -0.00120147521927  0.00582914401081  0.00356644941425 -0.0029393693177  0.0268170060614 0.00371261597552 0.00596999610449  -0.178228281584 -0.0522282143692 0.00181335584555 7
41.459301 1 -0.00120499464517  0.00582976254458  0.00355992063775 -0.00293278084462   0.0268171920668  0.00370275988943 0.00596845291321  -0.178220521674 -0.0522218848049 0.00181335584555 7
41.511384 1 -0.00121490587627  0.00582684489822  0.00355719127555 -0.00293424188928   0.0268127045485  0.00369863489355 0.00596668183949  -0.178217668144 -0.0522179674792 0.00181335584555 7
41.563468 1  -0.001215555965 0.00582568875458 0.00355622513154 -0.00292821901272   0.0268109304327  0.00369717085424 0.00596559694849  -0.178217167443 -0.0522148682137 0.00181335584555 7
41.615551 1 -0.00121815710142  0.00583163845055  0.00355671750029 -0.00292138151405    0.026818352201  0.00369789225952 0.00596557626263  -0.178219056103 -0.0522108599342 0.00181335584555 7
41.667634 1 -0.00121284096975  0.00583154800758   0.0035507845128 -0.00290627795583    0.026820034014  0.00368892997334 0.00596497072958  -0.178212230404 -0.0522041576013 0.00181335584555 7
41.719717 1 -0.00120593112882  0.00583552714417  0.00354554303863 -0.00289092087257   0.0268225135072  0.00368102596764 0.00596322403631   -0.17820615404 -0.0521984886921 0.00181335584555 7
41.771801 1 -0.00120272690277  0.00583223000555  0.00353710340785 -0.00287891593661   0.0268193875739  0.00366829201826 0.00596174637516  -0.178195666765 -0.0521916066772 0.00181335584555 7
41.823879 1 -0.00120645686821  0.00582430278091  0.00352909315304 -0.00287580181958   0.0268088631109  0.00365621590236 0.00595908437596  -0.178185362749 -0.0521863509741 0.00181335584555 7
41.875968 1 -0.00119914427841  0.00582774313911  0.00352541266068 -0.0028599481867  0.0268112825891 0.00365066298888 0.00595758884444  -0.178181475496 -0.0521810382402 0.00181335584555 7
41.92805 1 -0.00119446530363  0.00583326681145  0.00352490796916 -0.00284352863019    0.026815157512  0.00364989385418 0.00595574327836  -0.178182375623 -0.0521755239926 0.00181335584555 7
41.980134 1 -0.00118550695405  0.00583687413774  0.00351673583618 -0.00282783112608   0.0268177424335  0.00363757375297 0.00595418910849  -0.178172038503  -0.052169352354 0.00181335584555 7
42.032217 1 -0.00118507027011  0.00584356154233  0.00351419610905 -0.00282146180159   0.0268284778472  0.00363372092901 0.0059556323625 -0.178169389475 -0.052165287182 0.00181335584555 7
42.0843 1 -0.00119905723922  0.00584731435264  0.00350974860791 -0.00283026472121   0.0268335902385  0.00362699742946 0.00595580146032  -0.178163743399 -0.0521618165271 0.00181335584555 7
42.136384 1 -0.00118711517539  0.00584517088441  0.00350813796435 -0.00280994469446   0.0268340980759  0.00362455211372 0.00595587006942  -0.178162840506  -0.052156649403 0.00181335584555 7
42.188467 1 -0.00118244220986  0.00584914601833  0.00349560002141 -0.00279692391748   0.0268384597957   0.0036056411923 0.00595464813829  -0.178146573187 -0.0521482121686 0.00181335584555 7
42.24055 1 -0.00117975577823  0.00584844892364  0.00348788775287 -0.00278635780085   0.0268366648618  0.00359400990396 0.00595281652489   -0.17813690963 -0.0521419052357 0.00181335584555 7
42.292628 1 -0.00117501377005  0.00584678188734  0.00348051599433 -0.00277161650457   0.0268321832973  0.00358289655957 0.00594987704164  -0.178128005662 -0.0521348099883 0.00181335584555 7
42.344717 1 -0.00117052682429  0.00585197800512  0.00347497488539 -0.00275792211467   0.0268377772093  0.00357453114268 0.00594899405058  -0.178121606218 -0.0521283102201 0.00181335584555 7
42.396801 1 -0.00115754220997  0.00572808045124  0.00347242187225 -0.00273689238397   0.0265782429784  0.00357121496163 0.00587572662171   -0.17811688255  -0.052138453531 0.00181335584555 7
42.448884 1 -0.00119144276719  0.00582197243002  0.00347457751045 -0.00276748928698   0.0267642316524  0.00357407861891 0.00592549383628  -0.178121591356  -0.052128518888 0.00181335584555 7
42.500967 1 -0.00117837870631  0.00583950718671  0.00347080732783 -0.00273325847436   0.0267997783142   0.0035682992003 0.00593265671266  -0.178119761777 -0.0521146023813 0.00181335584555 7
42.55305 1 -0.00117370935811  0.00591665135322  0.00346053236699 -0.00271323799511   0.0269835551733   0.0035523667823 0.00598707920256  -0.178109471843 -0.0520915093105 0.00181335584555 7
42.605133 1 -0.00114302266911   0.0058841261937  0.00348111836325 -0.00270610862996   0.0269194613882  0.00358357188251 0.00597308985862  -0.178134851025 -0.0521123955119 0.00181335584555 7
42.657217 1 -0.00120832392856  0.00587502994586  0.00348893215682 -0.00280103745755   0.0269089219156  0.00359536895245 0.00597615864574  -0.178140693861 -0.0521324697674 0.00181335584555 7
42.7093 1 -0.00122562848795  0.00586077851635  0.00347223839525 -0.00280487579258   0.0268633975984  0.00357030176959 0.00595751913826  -0.178118380343 -0.0521242482861 0.00181335584555 7
42.761385 1 -0.00118801574315  0.00585371451038  0.00347213258333 -0.00275674353368   0.0268587820021  0.00357013425727 0.00595694314267  -0.178120285535 -0.0521172618166 0.00181335584555 7
42.813467 1 -0.00117690728614  0.00584486038405  0.00347426339486 -0.00273056300973   0.0268452481206  0.00357334758048 0.00595253455833  -0.178125542204 -0.0521106942295 0.00181335584555 7
42.86555 1 -0.0011717162528 0.00584424660798 0.00349679120802 -0.0027279023672  0.0268466817231 0.00360730348371 0.00595497427739  -0.178157057732 -0.0521194279374 0.00181335584555 7
42.917633 0 -0.00129717920981  0.00724582443374   0.0036542323764 -0.00323935329091    0.027043215924  0.00325115643182 0.00595497427739  -0.178157057732 -0.0521194279374 0.00181335584555 8
42.969717 1 -0.00126711137892  0.00724498062682  0.00368217207308 -0.00321250837193   0.0270466791813   0.0032920956051 0.00595835889494  -0.178194159079 -0.0521265106204 0.00181335584555 8
43.0218 1 -0.00128554833047  0.00725189970907  0.00367924581573 -0.00324762244837   0.0270500161041  0.00328782184641 0.00595836462932  -0.178187952486 -0.0521337231385 0.00181335584555 8
43.073884 1 -0.00130136882453   0.0072500585987   0.0037031258219 -0.0032854041741  0.0270439624416 0.00332283323406 0.00595953938296  -0.178216582285 -0.0521507437328 0.00181335584555 8
43.125966 1 -0.00130843767429  0.00725525176667  0.00371057481736 -0.00329575787914   0.0270574893797  0.00333372200712 0.00596420465177  -0.178225967314 -0.0521540983849 0.00181335584555 8
43.17805 1 -0.00131484492546  0.00726309760444  0.00372457603584 -0.00331422369199   0.0270797371771  0.00335419916958 0.00597260467134  -0.178243046113 -0.0521624653606 0.00181335584555 8
43.230132 1 -0.00130333792365  0.00725877454527  0.00372565679366 -0.00330421235759   0.0270714429743  0.00335580036443 0.00597061806468   -0.17824450165 -0.0521629206629 0.00181335584555 8
43.282217 1 -0.00132798713725  0.00726190812982  0.00373039206226 -0.00335024677691   0.0270696482642  0.00336275792898 0.00597061351438  -0.178247673535 -0.0521750363255 0.00181335584555 8
43.3343 1 -0.00134545149902  0.00726619321029  0.00374766086139 -0.00337109891337   0.0270736177062  0.00338805687281 0.00597232961826  -0.178269861924 -0.0521825147541 0.00181335584555 8
43.386383 1 -0.00133619799961  0.00726733862371  0.00374819942295 -0.00337098968235   0.0270720443112  0.00338886349552 0.00597169054948  -0.178269625687 -0.0521860533115 0.00181335584555 8
43.438466 1 -0.00135311375135  0.00726743356184  0.00375196467231 -0.00339365156252   0.0270789038199  0.00339435802855 0.00597546913201  -0.178273623857  -0.052190273517 0.00181335584555 8
43.49055 1 -0.00135981898442  0.00726785553958   0.0037616897524 -0.00340969791004   0.0270721931249  0.00340863234496 0.00597364007897  -0.178285251554 -0.0521979059813 0.00181335584555 8
43.542633 1 -0.00136967041736  0.00726115889845  0.00376055019502 -0.00341492958888   0.0270584001096  0.00340697771041 0.00596980447817  -0.178284058579 -0.0521967849134 0.00181335584555 8
43.594716 1 -0.0013724670823  0.0072618436656 0.00377462322928 -0.00341750937157   0.0270653172382  0.00342757835425 0.00597357764287  -0.178302850521 -0.0522005579236 0.00181335584555 8
43.6468 1 -0.00136488472921  0.00726554000377   0.0038012752432 -0.00342743126576   0.0270636694501  0.00346665977177 0.00597415408661  -0.178336389527 -0.0522155897949 0.00181335584555 8
43.69888 1 -0.00136053977138  0.00726764789376  0.00379667853658 -0.00343182758259   0.0270723696326  0.00345991227269 0.00597743562422  -0.178329256452 -0.0522173328996 0.00181335584555 8
43.750966 1 -0.00135286052181  0.00726386711567  0.00382765585908 -0.00343427110241   0.0270590620908  0.00350533974865 0.00597541418936  -0.178369542616 -0.0522308462364 0.00181335584555 8
43.803049 1 -0.00136518293086  0.00727034737593   0.0038493857072 -0.00347404209678   0.0270755721698  0.00353716245901 0.00598366943755  -0.178394961204 -0.0522492995069 0.00181335584555 8
43.855132 1 -0.00138504877506  0.00727490442252   0.0038686619702 -0.00349695684964   0.0270749410156  0.00356541601476 0.00598332403747  -0.178420009833 -0.0522578218631 0.00181335584555 8
43.907216 0 -0.00152616363898  0.00871007370463   0.0040550252755 -0.00184766684899   0.0268377704014  0.00283266529506 0.00598332403747  -0.178420009833 -0.0522578218631 0.00181335584555 9
43.959299 1 -0.00153012108449  0.00871376504846  0.00406032366878 -0.00185988760464   0.0268356289668  0.00284023582387 0.00598201665754  -0.178425727205 -0.0522624806921 0.00181335584555 9
44.011383 1 -0.0015391343145 0.00870447114146  0.0040784497055 -0.00189094764427   0.0268235767311  0.00286610013572 0.00598184745239  -0.178445973677 -0.0522757253301 0.00181335584555 9
44.063466 1 -0.00151744905856  0.00870255414548  0.00407886951789 -0.00187830003642   0.0268132305591  0.00286673215093 0.00597852785547  -0.178446116623 -0.0522775270475 0.00181335584555 9
44.11555 1 -0.00154070007968  0.00869980503529  0.00410307350012 -0.00192612902604   0.0268208841993  0.00290123105451 0.00598438477057  -0.178473367654 -0.0522940799503 0.00181335584555 9
44.167629 1 -0.00153920342207   0.0086997683232  0.00411600134216 -0.0019404803037  0.0268253874778 0.00291966669875 0.00598717054708  -0.178487983229 -0.0523028329387 0.00181335584555 9
44.219716 1 -0.00154613275371  0.00870683855867  0.00411934941957 -0.00194918729426   0.0268269735955  0.00292444778666 0.00598601306783  -0.178491864912 -0.0523049419109 0.00181335584555 9
44.271799 1 -0.00154207605495  0.00871372811808  0.00415140104623 -0.00197803290976   0.0268340802179  0.00297016731263 0.00598923084775   -0.17852888164 -0.0523245792009 0.00181335584555 9
44.323882 1 -0.00156893357882  0.00871228847505  0.00417420317173 -0.00202187998383   0.0268274499189  0.00300268820327 0.00598913261683  -0.178555199348  -0.052338878538 0.00181335584555 9
44.375965 1 -0.00156828302977  0.00870476919117   0.0041801790607 -0.00202480704195   0.0268109992199  0.00301122850159 0.00598548698543  -0.178562406445 -0.0523419431496 0.00181335584555 9
44.428049 1 -0.00157187477028  0.00871628937794  0.00421400113524 -0.00204487933462   0.0268307039442  0.00305943382781 0.00599204306032  -0.178603266679 -0.0523565744972 0.00181335584555 9
44.480132 1 -0.00159123858562  0.00871271604572  0.00422500377874 -0.00207727547986   0.0268324422639  0.00307511515465 0.00599493241428  -0.178615275641 -0.0523657259992 0.00181335584555 9
44.532215 1 -0.0015966298418 0.00871682739626 0.00425119461158 -0.00210267590812   0.0268322471526  0.00311247302235 0.00599565050893  -0.178646158241 -0.0523803412819 0.00181335584555 9
44.584299 1 -0.00159620466383  0.00871165473296  0.00424771661562 -0.00210719300533   0.0268262475363  0.00310752441295 0.00599476502954  -0.178641219784 -0.0523813644492 0.00181335584555 9
44.636383 1 -0.00160366474552  0.00870833369125  0.00426850519666 -0.00213487130466   0.0268173882236  0.00313718608454 0.00599403869676   -0.17866521631 -0.0523950673714 0.00181335584555 9
44.688466 1 -0.00159912692787   0.0087031711921  0.00425792352617 -0.00213386984513   0.0268224560434  0.00312209111717  0.0059970267291  -0.178651451392 -0.0523931711643 0.00181335584555 9
44.740548 1 -0.0015869041137 0.00870505113843 0.00428198561651 -0.00215173351759   0.0268234519751  0.00315642579558 0.00599877319666  -0.178679012764 -0.0524097929136 0.00181335584555 9
44.792632 1 -0.00160234985492  0.00871011761661  0.00428898987196 -0.00217514364106   0.0268388150466  0.00316639239189 0.00600409404303  -0.178686603288 -0.0524156593989 0.00181335584555 9
44.844715 1 -0.00160073262486  0.00870506767028  0.00431090020083 -0.00219270543225   0.0268205578496   0.0031976695832 0.00600003233877  -0.178712457829 -0.0524288969056 0.00181335584555 9
44.896799 1 -0.00159765493012   0.0086976621094  0.00431788089041 -0.00220590143235    0.026803016365  0.00320765968091 0.00599599836383  -0.178719644074 -0.0524370621182 0.00181335584555 9
44.948882 1 -0.00160269115261  0.00869187193182  0.00434767317883 -0.00222492769625   0.0268038402147  0.00325012464496 0.00600032313186  -0.178755913638 -0.0524505167699 0.00181335584555 9
45.000965 1 -0.00159799553253  0.00868820966078  0.00436713638817 -0.0022366969379  0.0267972520877 0.00327789167123 0.00600026416855  -0.178779037957 -0.0524616712363 0.00181335584555 9
45.053048 1 -0.00159769068434  0.00868678555705  0.00439012417802 -0.00225016342755   0.0267881262731  0.00331068654013 0.00599864237702  -0.178806900008 -0.0524731846539 0.00181335584555 9
45.105126 1 -0.0015991675681 0.00869883334687 0.00440972839233 -0.00225229447866   0.0268863487221  0.00333845912728 0.00603654785751  -0.178831491517 -0.0524764234311 0.00181335584555 9
45.157215 1 -0.00157660900736  0.00869436559415  0.00440275299582 -0.00223867687567   0.0268261016639  0.00332864304612  0.0060124812139  -0.178822375776 -0.0524775745859 0.00181335584555 9
45.209299 1 -0.00158019410409  0.00866858342578  0.00441876216913 -0.00224166418997   0.0267301851944  0.00335159923007 0.00598187713558  -0.178843200256 -0.0524837379019 0.00181335584555 9
45.261382 1 -0.00157922766001  0.00869236282231  0.00441494628432 -0.00227492938631   0.0267432464806  0.00334621653741 0.00597997397476  -0.178834378797 -0.0524965090763 0.00181335584555 9
45.313465 1  -0.001635293646 0.00867924930958 0.00446481214091 -0.00234598133407   0.0267433855145  0.00341726601162 0.00598833585707  -0.178895167849 -0.0525201941717 0.00181335584555 9
45.365548 1 -0.00163239396238  0.00867939329306  0.00447514946884  -0.002353972296  0.0267630834429 0.00343197519593 0.00599747276534  -0.178907140426 -0.0525266493394 0.00181335584555 9
45.417631 1 -0.00164428609418  0.00868836143569  0.00451228336794 -0.00239696569616   0.0268070369642  0.00348486393262 0.00601624224637  -0.178950765068 -0.0525491867087 0.00181335584555 9
45.469715 1 -0.00162974219181  0.00868606611792  0.00449542038729 -0.00236751198166   0.0268222415581  0.00346078351353 0.00602204935396  -0.178931098566 -0.0525370042322 0.00181335584555 9
45.521798 1  -0.001639905392 0.00867650828228 0.00449950870403 -0.00237512726047   0.0268094574552  0.00346661249527 0.00602009123018  -0.178936432633 -0.0525380566021 0.00181335584555 9
45.573877 1 -0.00165276842426  0.00866185467247  0.00452115960033 -0.00240105448315   0.0267744220501  0.00349752418766 0.00601164108848  -0.178962587785 -0.0525508842838 0.00181335584555 9
45.625964 1 -0.00164844935893  0.00865547372634  0.00453622752879 -0.00240981157197   0.0267444608271  0.00351906319739 0.0060019202257 -0.178980719922 -0.052560529526 0.00181335584555 9
45.678048 1 -0.00165745602011  0.00865914152971  0.00453152096325 -0.00241101041419   0.0267334911512  0.00351237091763 0.00599549710635  -0.178975423961 -0.0525571201284 0.00181335584555 9
45.730131 1 -0.00164385463836  0.00865126549678  0.00452654129882 -0.00238957486121   0.0267304960465  0.00350526082165 0.00599631221229  -0.178970251302 -0.0525513095795 0.00181335584555 9
45.782214 1 -0.00164700769384  0.00864846701909  0.00453545319401 -0.00240641246244   0.0267389394302  0.00351795637767 0.00600189166342   -0.17897996433 -0.0525595372308 0.00181335584555 9
45.834298 1 -0.00164243127425  0.00865922292909  0.00454343377166 -0.00240866556887   0.0267640510717  0.00352931028933 0.00600985930365  -0.178989516346 -0.0525637078951 0.00181335584555 9
45.886381 1 -0.00164516804526  0.00866785721713  0.00453831669507 -0.00240271777506   0.0267889608949  0.00352197308904 0.00601748236001  -0.178983789352 -0.0525583896106 0.00181335584555 9
45.938465 1 -0.00165882998905  0.00866778585621  0.00453310085655 -0.00240882253454   0.0267900750261  0.00351452393904  0.0060176794388  -0.178977589023 -0.0525549155813 0.00181335584555 9
45.990547 1 -0.00165988782732   0.0086555132985  0.00454355853567 -0.00241778175512   0.0267628507306  0.00352946899131 0.00601058446211  -0.178990265726 -0.0525616763324 0.00181335584555 9
46.042632 1 -0.00166083795941  0.00865599758206  0.00454842756583 -0.0024188620013  0.0267450195908 0.00353644377162 0.00600261612635  -0.178996683045 -0.0525635151221 0.00181335584555 9
46.094714 1 -0.00165923392479  0.00865727192561  0.00454294309552 -0.00240925631533   0.0267369632319  0.00352863597245 0.00599795621114  -0.178990644157 -0.0525586232741 0.00181335584555 9
46.146798 1 -0.00167085949123  0.00865294502134  0.00455029503641 -0.00241796984612   0.0267331791479  0.00353910739799 0.00599831797729  -0.179000291211 -0.0525603918864 0.00181335584555 9
46.19888 1 -0.00167792991639  0.00865138017557  0.00456567032973 -0.00243186313477   0.0267366343869  0.00356101767956 0.00600165273036  -0.179019280186 -0.0525680620304 0.00181335584555 9
46.250964 1 -0.00167169699221  0.00864668445502  0.00456421982841 -0.00242400926173   0.0267494065498  0.00355891753488 0.00600912472774  -0.179017648025 -0.0525660318916 0.00181335584555 9
46.303047 1 -0.00167870498594  0.00864873624913  0.00456077434045 -0.00242353023887   0.0267648908475  0.00355396968369 0.00601529785675  -0.179013832369 -0.0525620603536 0.00181335584555 9
46.355131 1 -0.00169211201616  0.00864644446285  0.00456459415581 -0.00243842920858   0.0267607868998  0.00355941553847 0.00601463947209  -0.179018292533 -0.0525650354688 0.00181335584555 9
46.407215 1 -0.00168632093712  0.00864294803943  0.00457222084899 -0.0024329190112  0.0267493285193 0.00357030373022 0.00601096391088  -0.179028476173 -0.0525668841533 0.00181335584555 9
46.459298 1 -0.00167975330185  0.00863413181848  0.00456889051531 -0.00242300593192   0.0267293081365  0.00356557860038 0.00600446159151   -0.17902479443 -0.0525642232113 0.00181335584555 9
46.511379 1 -0.00167802931758  0.00863799496394   0.0045619736268 -0.00241578734018   0.0267251300853  0.00355572915429  0.0060004452212  -0.179016527097 -0.0525598549384 0.00181335584555 9
46.563464 1 -0.00168875732784  0.00863089050037  0.00456384448799 -0.00242562142436   0.0267171980101  0.00355839438923 0.00599957926843  -0.179018807417 -0.0525610626093 0.00181335584555 9
46.615547 1 -0.00169415019017  0.00862745110776  0.00456350145866 -0.00243061975478   0.0267205129191  0.00355789107157 0.00600252964373  -0.179018203467 -0.0525611946754 0.00181335584555 9
46.667631 1 -0.00169911253366    0.008627029749  0.00455884940725 -0.00242841554961   0.0267306191947  0.00355123064654 0.00600720315381  -0.179012819639 -0.0525568394757 0.00181335584555 9
46.719714 1 -0.00169347680174  0.00862536586039  0.00455801728185 -0.00242254677676   0.0267383530373  0.00355002823987 0.0060114936773 -0.179011847147  -0.05255576451 0.00181335584555 9
46.771797 1 -0.00169673146384  0.00862278345347   0.0045625020267 -0.00242355798214   0.0267398952533  0.00355640912657 0.00601352374482  -0.179017965222  -0.052556135061 0.00181335584555 9
46.823881 1 -0.00170166629198  0.00862215498263  0.00456189434234 -0.00242731063945   0.0267342076396  0.00355555004649  0.0060109670197  -0.179017220866 -0.0525560010457 0.00181335584555 9
46.875964 1 -0.00169400557704  0.00861888218404  0.00456108977897 -0.00241423643704   0.0267249563374  0.00355441156065 0.00600744697494  -0.179017160322 -0.0525526589002 0.00181335584555 9
46.928047 1 -0.00169711557621  0.00862015555576  0.00455720182796 -0.00241302560103   0.0267206749634  0.00354887475466 0.00600451846497  -0.179012553516 -0.0525499651473 0.00181335584555 9
46.980128 1 -0.00170218699216  0.00861843504349  0.00455661516451 -0.00241683175682   0.0267160008006  0.00354804165943 0.00600286731214  -0.179011826574 -0.0525497751429 0.00181335584555 9
47.032213 1 -0.00169759192085  0.00862026021307  0.00455111557696 -0.00240597199965   0.0267203630687  0.00354019217782  0.0060038009439  -0.179005507571 -0.0525447450112 0.00181335584555 9
47.084297 1 -0.00171114242408  0.00861971303531  0.00455035899617 -0.00241025827393   0.0267288807621  0.00353908167154 0.00600823041057  -0.179005345207 -0.0525411453892 0.00181335584555 9
47.13638 1 -0.00170263282225  0.00861880475951  0.00454598318738 -0.00239870138029   0.0267335373978  0.00353283347176 0.00601053431986  -0.179000149002 -0.0525375388835 0.00181335584555 9
47.188464 1 -0.00170377823276  0.00861866579682  0.00454927024684 -0.00239612903634   0.0267359576916  0.00353750885053 0.00601196618032  -0.179005004343 -0.0525366662319 0.00181335584555 9
47.240547 1 -0.00171198333218  0.00862307327479  0.00455640472279  -0.002398338601  0.0267342932875 0.00354767880313 0.00600970779965  -0.179015194212 -0.0525365325085 0.00181335584555 9
47.29263 1 -0.00171171680513  0.00862516118482  0.00455933318335 -0.00239310692774   0.0267298790478  0.00355185911547 0.00600664754044  -0.179019877777 -0.0525349753648 0.00181335584555 9
47.344713 1 -0.00171919628334  0.00863123518258  0.00457006642405 -0.00240047014667   0.0267304909747  0.00356716378442 0.00600518183385  -0.179034073606  -0.052538634606 0.00181335584555 9
47.396797 1 -0.00171613908642   0.0086335695024  0.00458417244388 -0.00240069361643   0.0267290427269  0.00358728016682 0.00600436600566  -0.179052594827 -0.0525439053924 0.00181335584555 9
47.448877 1 -0.00172163020783  0.00863797381102  0.00458763005065 -0.00240884329161   0.0267335416833   0.0035922085582  0.0060051934926  -0.179056677115 -0.0525466849946 0.00181335584555 9
47.500963 1 -0.00171755495574   0.0086353908641  0.00459206545697 -0.00241300626626   0.0267348385694  0.00359853395808 0.00600737223822  -0.179061505498 -0.0525516033085 0.00181335584555 9
47.553047 1 -0.00171626079398  0.00863425235257  0.00460321160596 -0.00241742724508   0.0267379341394  0.00361441920663 0.00601029313624  -0.179075633042 -0.0525573453754 0.00181335584555 9
47.60513 1 -0.00171516943485  0.00863006393273  0.00460441712852 -0.00242057963628   0.0267349695424  0.00361614106231 0.00601066362419  -0.179076651512 -0.0525597350621 0.00181335584555 9
47.657213 1 -0.00171213878976  0.00863296853888  0.00459831781726 -0.00241705066528   0.0267367741276  0.00360744979173  0.0060099467054  -0.179068624975 -0.0525574747228 0.00181335584555 9
47.709297 1 -0.00172640659093   0.0086298692357  0.00459877954097 -0.00243140844623   0.0267278528572   0.0036081154926 0.00600668958114  -0.179068865585 -0.0525592172735 0.00181335584555 9
47.76138 1 -0.00173716558769  0.00862610293311  0.00460112294145 -0.00244194228364   0.0267190074405  0.00361146248278  0.0060038215702  -0.179071785455 -0.0525609691289 0.00181335584555 9
47.813463 1 -0.00175256454187  0.00861995851652  0.00460067310836 -0.00245410774053    0.026708624188  0.00361082237084 0.00600096331341  -0.179071242021 -0.0525608717033 0.00181335584555 9
47.865546 1 -0.00176558226844  0.00862259148888  0.00459998897988 -0.00246015028025   0.0267096012199  0.00360983801348  0.0060002912101  -0.179071000181 -0.0525583518802 0.00181335584555 9
47.917625 1 -0.00177258298221  0.00862446023115  0.00459927673669 -0.00246551795263   0.0267134673651  0.00360881465486 0.00600157684691  -0.179070059951 -0.0525579272684 0.00181335584555 9
47.969713 1 -0.00177235097947  0.00862915730092  0.00460207239724 -0.00246678596992   0.0267217214418  0.00361279321606 0.00600422732843  -0.179073592795 -0.0525593305191 0.00181335584555 9
48.021796 1 -0.00178391740541  0.00863213937479  0.00460931047016 -0.00247616957144   0.0267265420878  0.00362309923525 0.00600609296206  -0.179083375053 -0.0525612701828 0.00181335584555 9
48.073879 1 -0.0017917417421 0.00862842769394 0.00461347580461 -0.00248470326865   0.0267224017253  0.00362903595342 0.00600582783066  -0.179088683723 -0.0525636506466 0.00181335584555 9
48.125963 1 -0.00179803022387    0.008627317651  0.00461513292792 -0.00249198187246    0.026717816093  0.00363140397002 0.00600396303684  -0.179090621193 -0.0525653788657 0.00181335584555 9
48.178046 1 -0.00180374179504  0.00862482142163  0.00461421668259 -0.0024947965643  0.0267127053405 0.00363009854479 0.00600217683344   -0.17908967928 -0.0525642305313 0.00181335584555 9
48.23013 1 -0.00180093828246  0.00862407613869  0.00461811077056 -0.00249167232668   0.0267132009835  0.00363564689891 0.00600300878732  -0.179095097802 -0.0525648548217 0.00181335584555 9
48.282213 1 -0.00180020297227  0.00862575752589  0.00462284584977 -0.00248826520319   0.0267152205163  0.00364239179763 0.00600361591859  -0.179101988305 -0.0525646281619 0.00181335584555 9
48.334296 1 -0.00179941828058  0.00863015095896  0.00462514036924 -0.00248783974061   0.0267227810722    0.003645655764 0.0060060320127 -0.179105056146 -0.052565259316 0.00181335584555 9
48.386379 1 -0.00180884230718  0.00863627232908   0.0046268301107 -0.00249543639794   0.0267320155029  0.00364805194312 0.00600864162929  -0.179107333388 -0.0525655657909 0.00181335584555 9
48.438463 1 -0.0018054124778 0.00863945629175 0.00462371220184 -0.00248504796089   0.0267374529296  0.00364359611263 0.00600990171019  -0.179104272837 -0.0525603928357 0.00181335584555 9
48.490546 1 -0.00180557876529  0.00863899494651  0.00462464922068 -0.00248276362483   0.0267357090772  0.00364493129987 0.00600912126212  -0.179105956183 -0.0525593496017 0.00181335584555 9
48.542629 1 -0.00180707044069  0.00863807092963  0.00462586688596 -0.00248201446095   0.0267314057273  0.00364667044455 0.00600710294369   -0.17910797694  -0.052558675561 0.00181335584555 9
48.594713 1 -0.00180316850502  0.00863657766286  0.00462790275967 -0.00247308576321   0.0267274036904  0.00364957261988  0.0060054600193  -0.179111728901 -0.0525561079075 0.00181335584555 9
48.646796 1 -0.00180893659635  0.00863241914944  0.00462786463846 -0.00247538019052   0.0267231074921  0.00364951360979 0.00600491819609   -0.17911206784 -0.0525547833156 0.00181335584555 9
48.698879 1 -0.00181198159411  0.00863055823064  0.00462762084988 -0.00247303175405    0.026723367268  0.00364915527361 0.00600587584962  -0.179112501799 -0.0525519473332 0.00181335584555 9
48.750963 1 -0.0018107565783 0.00862653701975 0.00462858142716 -0.0024656413451  0.0267220918343 0.00365051311795 0.00600699130171   -0.17911484427 -0.0525485797717 0.00181335584555 9
48.803046 1 -0.00180855223328  0.00862391869198  0.00462338717861 -0.00245960452574   0.0267198565748  0.00364310595973 0.00600650135215  -0.179108392595 -0.0525447021301 0.00181335584555 9
48.855124 1 -0.00180856230474  0.00862551612048  0.00462139367185 -0.00245695317607   0.0267240386523  0.00364025630296 0.00600804329242  -0.179106062509 -0.0525425223584 0.00181335584555 9
48.907213 1 -0.00179935018117  0.00862525420218  0.00462063783348 -0.00244503416784   0.0267239607929  0.00363917838898 0.00600792183238  -0.179105759829 -0.0525397713203 0.00181335584555 9
48.959296 1 -0.00181033012067  0.00862598995777   0.0046223787503 -0.00245370853448   0.0267261449079  0.00364165072586 0.00600906184976  -0.179108193795 -0.0525400385451 0.00181335584555 9
49.011379 1 -0.00180973042252  0.00861955663055  0.00462342516061 -0.00244950191444    0.026717269745  0.00364314413895  0.0060068542138  -0.179110293425 -0.0525383057438 0.00181335584555 9
49.063462 1 -0.00181193220937  0.00861704768846  0.00462151934356 -0.00245007285497    0.026711193975  0.00364043270124 0.00600426716033  -0.179107895612 -0.0525371712482 0.00181335584555 9
49.115545 1 -0.00181134085304  0.00861911001417  0.00462435009182 -0.00245219260931   0.0267134181786   0.0036444698734 0.00600482659178  -0.179111368064 -0.0525395032157 0.00181335584555 9
49.167629 1 -0.00181228781953  0.00862124178525  0.00462670073554 -0.00245744981503   0.0267145894345  0.00364782626261  0.0060047177904  -0.179113874478 -0.0525428129353 0.00181335584555 9
49.219712 1 -0.00181529055524  0.00862868304363  0.00462465755796 -0.00245756919991   0.0267235221144  0.00364490561641  0.0060063155981    -0.1791114231 -0.0525407100818 0.00181335584555 9
49.271796 1 -0.0018162640567 0.00862397655577 0.00462143203363 -0.00245726709692   0.0267227300218  0.00364029999366 0.00600800740704   -0.17910708646 -0.0525390809102 0.00181335584555 9
49.323877 1 -0.00182106004081    0.008624294362  0.00462269779156 -0.00245865536718    0.026723149893  0.00364209837883 0.00600816967395  -0.179109288955 -0.0525378989038 0.00181335584555 9
49.375962 1 -0.00181305591706  0.00861789813673  0.00462449012346 -0.00244742308758   0.0267180518968  0.00364465036495 0.00600822945265  -0.179112594204 -0.0525356395673 0.00181335584555 9
49.428045 1 -0.00180854318493  0.00861574346443  0.00462361558578 -0.00244006498466   0.0267160453316  0.00364340213056 0.00600791647109  -0.179112019833 -0.0525331885354 0.00181335584555 9
49.480129 1 -0.00178587091602  0.00860809056875  0.00461818504384 -0.00241631570033   0.0267094917345  0.00363566717591 0.00600713349301  -0.179105347234 -0.0525285658541 0.00181335584555 9
49.532212 1 -0.00177521776499  0.00860680229853  0.00462160340665 -0.00240226690205   0.0267086946224  0.00364053786086 0.00600733656588  -0.179111064601 -0.0525263257148 0.00181335584555 9
49.584296 1 -0.00178333827046   0.0086039532645  0.00462266848388 -0.00240505047512   0.0267065846209  0.00364204638509 0.00600753380984  -0.179113237173 -0.0525242401482 0.00181335584555 9
49.636379 1 -0.00178967535532  0.00860118432027  0.00462414342578 -0.00240686196201   0.0267057095683  0.00364413832074 0.00600851153846  -0.179115884795 -0.0525225505125 0.00181335584555 9
49.688462 1 -0.00179854348156  0.00859936809898  0.00462465563376 -0.00241168494159   0.0267046305825  0.00364485993932 0.00600882860007  -0.179117032913 -0.0525211621325 0.00181335584555 9
49.740545 1 -0.00180255014828  0.00859854329554  0.00461786866983 -0.00240658728024   0.0267012820109  0.00363518003485 0.00600650910412    -0.1791090555 -0.0525140037488 0.00181335584555 9
49.792632 1 -0.00179862903855  0.00859683201835  0.00461453235364 -0.00240011438825   0.0266998912396  0.00363042286107 0.00600621203109  -0.179104957368 -0.0525110059652 0.00181335584555 9
49.844712 1 -0.00180085383237  0.00860033250532  0.00462046466271 -0.00240027246537   0.0267020532611  0.00363887684933 0.00600610355439  -0.179113611196 -0.0525117111923 0.00181335584555 9
49.896795 1 -0.00179937391308  0.00859787813116  0.00461881274511 -0.00239455561487   0.0266982329256  0.00363652108726 0.00600470571211  -0.179112133943 -0.0525084221939 0.00181335584555 9
49.948879 1 -0.0018097580074 0.00860531120732 0.00461679990227 -0.0024010055311  0.0267046298519 0.00363364511121  0.0060047811649  -0.179109691858 -0.0525064198644 0.00181335584555 9
50.000962 1 -0.00178184370673  0.00860741083996   0.0046115151365 -0.00236782100385     0.02670832858   0.0036261117687 0.00600533854831  -0.179104122069 -0.0524983048796 0.00181335584555 9
50.053045 1 -0.00177581564489  0.00860587949226  0.00460888639423 -0.00235586880823   0.0267063256592  0.00362236130719 0.00600448623142  -0.179101721053 -0.0524930701629 0.00181335584555 9
50.105128 1 -0.00177475713009  0.00860871138639  0.00461153968751 -0.00235295216114   0.0267093226297  0.00362614024016 0.00600505020766  -0.179105856551 -0.0524924866386 0.00181335584555 9
50.157212 1 -0.00176941444013  0.00861060923243  0.00461328591609 -0.00234697507857   0.0267102565012   0.0036286314607  0.0060046632128  -0.179108635449 -0.0524920015695 0.00181335584555 9
50.209295 1 -0.0017828168891 0.00861270476312 0.00461131052026 -0.00235728459038   0.0267129340229  0.00362580681725  0.0060052575356  -0.179105969801 -0.0524908516854 0.00181335584555 9
50.261378 1 -0.00179121217301  0.00861412103753  0.00461438650797 -0.00236375739704   0.0267135593578  0.00363018742541 0.00600513713219  -0.179110420962 -0.0524914728665 0.00181335584555 9
50.313461 1 -0.00179400144082  0.00861305828333  0.00461475832671 -0.00236411428538   0.0267110923181  0.00363071664174 0.00600405196613  -0.179111335717 -0.0524903498789 0.00181335584555 9
50.365545 1 -0.00180026472838  0.00860912750315  0.00461939724148 -0.00236953142526   0.0267073136558  0.00363732593233 0.00600404379576  -0.179117879459 -0.0524919225297 0.00181335584555 9
50.417628 1 -0.00180541321834  0.00861204159102  0.00461729799976 -0.00237391337781   0.0267111779731  0.00363432909148 0.00600495132949   -0.17911485647   -0.05249130321 0.00181335584555 9
50.469712 1 -0.00181205955546  0.00861736405151  0.00462293030713 -0.00238019464989   0.0267177934091  0.00364235067317 0.00600692105463  -0.179122700988 -0.0524934280155 0.00181335584555 9
50.521795 1 -0.00182731997244   0.0086143447029  0.00462329368696 -0.00239198457553   0.0267157246269  0.00364285872303 0.00600734401206  -0.179123362664 -0.0524929650603 0.00181335584555 9
50.573878 1 -0.00181747809773  0.00861604039084  0.00462354018098 -0.00238235864084   0.0267157635556  0.00364321611928 0.00600629413055  -0.179124033851 -0.0524920636112 0.00181335584555 9
50.625962 1 -0.00182052143676  0.00861582941215  0.00462747703059 -0.00238368465611   0.0267145587875  0.00364882621757 0.00600582039313  -0.179129910447 -0.0524924459813 0.00181335584555 9
50.678045 1 -0.00181773213224  0.00861430237499  0.00463103163355 -0.00238007410914   0.0267123302888  0.00365389404819 0.00600532598311   -0.17913525671 -0.0524926918535 0.00181335584555 9
50.730128 1 -0.00181202194882  0.00861523036143  0.00463275635811 -0.00237315316585   0.0267140655545  0.00365635082242 0.00600604012795  -0.179138153848 -0.0524916852336 0.00181335584555 9
50.782211 1 -0.00182234883878  0.00861187602765  0.00463473214613 -0.00238063013227   0.0267112136895  0.00365916014639 0.00600617919984  -0.179141185566  -0.052491568196 0.00181335584555 9
50.834294 1 -0.0018276709852   0.008615693759 0.00463030798394 -0.00238337285698   0.0267145901021  0.00365285005865 0.00600603998982  -0.179135171667 -0.0524890400256 0.00181335584555 9
50.886378 1 -0.00183424429775  0.00861230659743  0.00463055184663 -0.0023872722975  0.0267113937323 0.00365319285342 0.00600579806934   -0.17913582933 -0.0524880611574 0.00181335584555 9
50.938461 1 -0.00184027408782   0.0086090289181  0.00462820146175 -0.00239051489065   0.0267070430101  0.00364984060587  0.0060044708544  -0.179132817628 -0.0524861755734 0.00181335584555 9
50.990545 1 -0.00184761341765  0.00860645738752  0.00462359523088 -0.00239570409372   0.0267043996774  0.00364327143621 0.00600383497169  -0.179126369114 -0.0524841552527 0.00181335584555 9
51.042627 1 -0.00184280909422  0.00860400154926  0.00462082900078 -0.00238639848066   0.0267024497202  0.00363932457118 0.00600357665777  -0.179123465662  -0.052479578811 0.00181335584555 9
51.094711 1 -0.0018378710545   0.008604162646 0.00461997330798 -0.0023773787202  0.0267001474897 0.00363810647064 0.00600158420595  -0.179123280484 -0.0524758918703 0.00181335584555 9
51.146794 1 -0.00183134416068   0.0086058323022  0.00461797665772 -0.00236769571483   0.0267030404508  0.00363525634216 0.00600242876359  -0.179121260863 -0.0524722040614 0.00181335584555 9
51.198878 1 -0.00183981707574   0.0085987814275  0.00461256776773 -0.00236947593195   0.0266969636168  0.00362753643366 0.00600187636308  -0.179114517419  -0.052466814676 0.00181335584555 9
51.250961 1 -0.00184257500954  0.00859835661836  0.00460674597023 -0.00236631482614   0.0266977231062  0.00361922894694 0.00600223268338  -0.179107206265  -0.052461080654 0.00181335584555 9
51.303044 1 -0.00184151559554    0.008599504667  0.00460408232561 -0.00235850836221   0.0266977424152  0.00361542702291 0.00600120049647  -0.179104810726 -0.0524552809605 0.00181335584555 9
51.355127 1 -0.00184378820074  0.00860313755104  0.00459746456328 -0.00235374885504   0.0267011824789  0.00360598578099 0.00600094896071  -0.179096611144 -0.0524483680198 0.00181335584555 9
51.40721 1 -0.00185231272474  0.00860122199336  0.00458805289319 -0.00235532620305    0.026701445562  0.00359255720514 0.00600168705438  -0.179084072677 -0.0524413928295 0.00181335584555 9
51.459294 1 -0.00185296661786  0.00859643028165  0.00458814015886 -0.00234760286987   0.0266960037323  0.00359267391504 0.00600043083995  -0.179085961282 -0.0524354476794 0.00181335584555 9
51.511377 1 -0.00184931652066  0.00859316675423  0.00458394897009 -0.00233737841125   0.0266933176659  0.00358669340519 0.00600000993015  -0.179081380273 -0.0524289135397 0.00181335584555 9
51.563461 1 -0.00184986515873  0.00859026628194  0.00457839295376 -0.00233056697205   0.0266929982572  0.00357876153096 0.00600111528246  -0.179074798234 -0.0524217995661 0.00181335584555 9
51.615544 1 -0.00186377831682  0.00859159595835  0.00456891004349 -0.00233596127776   0.0266934652821  0.00356523321952 0.00599996260009  -0.179062304296 -0.0524142414989 0.00181335584555 9
51.667628 1 -0.00186776659582  0.00859009937782  0.00456359870533 -0.00233461352134   0.0266925268884  0.00355765500415 0.00599978679331   -0.17905554464 -0.0524091125192 0.00181335584555 9
51.719711 1 -0.00185907301005  0.00858719478185  0.00455749045757 -0.00232105047346   0.0266927562683  0.00354894064355 0.00600125965836  -0.179047939613 -0.0524024523712 0.00181335584555 9
51.771794 1 -0.00185523074117    0.008584671505   0.0045489295408 -0.00231148312783   0.0266908295825  0.00353673294914 0.00600067479132  -0.179036788215 -0.0523950223408 0.00181335584555 9
51.823877 1 -0.00185088771491  0.00858018477987  0.00454561184014 -0.00230104393452   0.0266856633617   0.0035320008206 0.00599917247081  -0.179033428963 -0.0523889277827 0.00181335584555 9
51.87596 1 -0.00185317831046  0.00858377841637  0.00454034085338 -0.00229455938249   0.0266881984828  0.00352447873907 0.00599828614084   -0.17902756693 -0.0523808571899 0.00181335584555 9
51.928043 1 -0.00185250056154  0.00858358853063  0.00453255271845 -0.00228469507538   0.0266862444166  0.00351337161592 0.00599614362177  -0.179018210646 -0.0523713841666 0.00181335584555 9
51.980127 1 -0.00186039473896  0.00858193792744  0.00452402668445 -0.00228404068578   0.0266859162868  0.00350120526263 0.00599632632152  -0.179007260942   -0.05236313072 0.00181335584555 9
52.03221 1 -0.00186365056267  0.00858556319143  0.00451664137141 -0.00227944723553   0.0266898586882  0.00349066784182 0.00599642869979  -0.178998016525 -0.0523551189149 0.00181335584555 9
52.084294 1 -0.00186235789316  0.00858324701168  0.00451016922082 -0.00226719161271   0.0266883022577   0.0034814300167 0.00599606633996  -0.178990973795  -0.052344448862 0.00181335584555 9
52.136377 1 -0.00185876747929  0.00858278086799   0.0045042845506 -0.00225505391259   0.0266859495263  0.00347303773193 0.00599386857119  -0.178984383766 -0.0523355535104 0.00181335584555 9
52.18846 1 -0.00185175046857  0.00858176853871  0.00449657179435 -0.00224149988745   0.0266837094236  0.00346204215228 0.00599201122393  -0.178974749766 -0.0523271984273 0.00181335584555 9
52.240543 1 -0.00183827910176  0.00858578832658  0.00448853532739 -0.00222237899402   0.0266891810236  0.00345058201029 0.00599292139373   -0.17896462486 -0.0523184668483 0.00181335584555 9
52.292627 1 -0.00184132752964  0.00857789653264  0.00447942145222 -0.00221991717804   0.0266828043848  0.00343758364803 0.00599243616865  -0.178952258602 -0.0523116795172 0.00181335584555 9
52.34471 1 -0.00185132861895  0.00858560078666  0.00447401712958 -0.00221842262465   0.0266900474256  0.00342986411209 0.00599257683634  -0.178946518195 -0.0523020475178 0.00181335584555 9
52.396793 1 -0.00184873764976  0.00858893825759   0.0044704103035 -0.00220798076891   0.0266927049406  0.00342471577446 0.00599201935707  -0.178943089188 -0.0522942929291 0.00181335584555 9
52.448877 1 -0.00185598734019  0.00859132069482  0.00446219498067 -0.00220698566154   0.0266965883261  0.00341299167853 0.00599293904585   -0.17893249391 -0.0522859637472 0.00181335584555 9
52.500959 1 -0.00184727325347  0.00859175988939  0.00445653418459 -0.00219070763921    0.026697576345  0.00340491629495 0.00599282408988  -0.178926153219 -0.0522769747736 0.00181335584555 9
52.553043 1 -0.00184850459785  0.00859031277706  0.00445404794377 -0.00218463284362   0.0266954287607  0.00340136555566 0.00599173782861  -0.178924127331  -0.052270478437 0.00181335584555 9
52.605127 1 -0.00184028018248  0.00858955119851  0.00444407742744 -0.00216782414201   0.0266932985565  0.00338715029903 0.00598954519405  -0.178911613711 -0.0522593658844 0.00181335584555 9
52.65721 1 -0.0018456635123 0.00859244878445 0.00444296529685 -0.00216527184476   0.0266935863776  0.00338555891594 0.00598754457496  -0.178911655422 -0.0522533093671 0.00181335584555 9
52.709293 1 -0.00184586689658  0.00859386400229  0.00443304993178 -0.00215840565675   0.0266940454605  0.00337142023802 0.00598610886885  -0.178898523485 -0.0522444183204 0.00181335584555 9
52.761376 1 -0.00184102604034  0.00859075017081  0.00442244420349 -0.00214527275114   0.0266906218512  0.00335629736788 0.00598448638967  -0.178884824292 -0.0522336606807 0.00181335584555 9
52.81346 1 -0.00183547691745  0.00858655518617  0.00441387718671 -0.00213407486632   0.0266860293494  0.00334408383602 0.00598282319923  -0.178873571898 -0.0522256025975 0.00181335584555 9
52.865543 1 -0.00182682879544  0.00858623906782  0.00440500810027 -0.00211771849975   0.0266855831874  0.00333143703732 0.00598181302914  -0.178862470146 -0.0522152443216 0.00181335584555 9
52.917626 1 -0.00182603286777  0.00858667479714  0.00439722821667 -0.00210857903038   0.0266871967765  0.00332033688168   0.005982184129  -0.178852816653 -0.0522056706357 0.00181335584555 9
52.969709 1 -0.0018287708845 0.00858880253257 0.00439132481766 -0.00210506885571   0.0266895015009  0.00331191413932 0.00598212523202  -0.178845359108 -0.0521988544766 0.00181335584555 9
53.021793 1 -0.00182239902761  0.00858787560676   0.0043874480258 -0.00209102334272   0.0266892525087  0.00330638062119 0.00598210062124  -0.178841628986 -0.0521903312088 0.00181335584555 9
53.073876 1 -0.0018098707077 0.00857838143451 0.00438508660484 -0.00207140746259   0.0266814311065  0.00330300922004 0.00598182951682  -0.178840263518 -0.0521820323452 0.00181335584555 9
53.125959 1 -0.00180969921717  0.00857690248404  0.00437513775765 -0.00206425290698   0.0266799454351  0.00328882175135 0.00598079797977  -0.178826992727 -0.0521728943862 0.00181335584555 9
53.178042 1 -0.00180592678814  0.00857805692011  0.00436601539634 -0.00205448218225   0.0266819618641  0.00327581227864 0.0059809338643 -0.178814839164 -0.052164304113 0.00181335584555 9
53.230126 1 -0.00180161536169  0.00857300272062  0.00435599560858 -0.00204236336635   0.0266768796948  0.00326152473945 0.00597932135491  -0.178801813387 -0.0521538660167 0.00181335584555 9
53.28221 1 -0.00180045705876  0.00857752748412  0.00435126791674 -0.00203446530448   0.0266830247754  0.00325477506643 0.00598091921714  -0.178796352324 -0.0521462968154 0.00181335584555 9
53.334293 1 -0.00179273202142  0.00857531469847  0.00434726070941 -0.00201997076706   0.0266795884272  0.00324906103958 0.00597901716775  -0.178792306425 -0.0521381876827 0.00181335584555 9
53.386376 1 -0.00179006600052  0.00857115737917  0.00433496988232 -0.00201010635358   0.0266769204431  0.00323153376334 0.00597876421925  -0.178775568576 -0.0521275938338 0.00181335584555 9
53.438459 1 -0.00178766855293  0.00856777728408  0.00432695846038 -0.00200073927191   0.0266749083155  0.00322010605859 0.00597881482131    -0.1787652387 -0.0521186083884 0.00181335584555 9
53.490542 1 -0.00178974131892  0.00857006602207  0.00431945710793 -0.00199428412489   0.0266750933495  0.00320940773205 0.00597655109053  -0.178755970479 -0.0521089767959 0.00181335584555 9
53.542626 1 -0.00179560376385  0.00857657117738  0.00431329517478 -0.00199195060055   0.0266831769209  0.00320060975328 0.00597837355661  -0.178748419929 -0.0521004203392 0.00181335584555 9
53.594709 1 -0.00178502873063  0.00857545999552  0.00430683814328 -0.00197445279687   0.0266822645274  0.00319140181055 0.00597770032117  -0.178740772802 -0.0520907992653 0.00181335584555 9
53.646792 1 -0.00177855070324  0.00857969751088   0.0042969472258 -0.00195966553358    0.026686412706  0.00317729631461 0.00597729321025  -0.178728088129 -0.0520792708273 0.00181335584555 9
53.698876 1 -0.0017793755354 0.00857977749257 0.00428784623501 -0.0019513644039  0.0266891129375 0.00316430912737  0.0059789257551  -0.178716462737 -0.0520682209631 0.00181335584555 9
53.750959 1 -0.00178156238167  0.00858099586111  0.00427898158757 -0.00194503905726   0.0266903777945  0.00315166382936 0.00597838087865  -0.178705030669 -0.0520579927669 0.00181335584555 9
53.803042 1 -0.00178498009086  0.00858133582389  0.00427135526934 -0.00194029553721   0.0266920102755  0.00314078126559 0.00597897879075  -0.178695326299  -0.052048577875 0.00181335584555 9
53.855126 1 -0.00178879943907  0.00857966367857  0.00426030538564 -0.00193720982554   0.0266907351682  0.00312502269416  0.0059782541062  -0.178680041749 -0.0520392654643 0.00181335584555 9
53.907209 1 -0.00177917127996  0.00858048238049  0.00425430404916 -0.00192301233745   0.0266946229317  0.00311646075899 0.00598065000991  -0.178672361985 -0.0520317587929 0.00181335584555 9
53.959292 1 -0.00177953282012  0.00857916291484  0.00424938107493 -0.0019181430487  0.0266917806846 0.00310944124992 0.00597857693266  -0.178666204119 -0.0520254735319 0.00181335584555 9
54.011376 1 -0.00178052056308  0.00857903537468  0.00424413517531 -0.00191181791247    0.026691293562  0.00310195640525 0.00597771311553  -0.178660049828 -0.0520171916669 0.00181335584555 9
54.063459 1 -0.00178187748311      0.0085773045  0.00423635754601 -0.00190526317182   0.0266897579231  0.00309086162585 0.00597696448531  -0.178650130491 -0.0520075578466 0.00181335584555 9
54.115542 1 -0.00178223825538    0.008574662642  0.00422845084491 -0.0018973108602  0.0266883862311 0.00307958081446 0.00597708472892  -0.178640138184 -0.0519973065178 0.00181335584555 9
54.167625 1 -0.00177737992402  0.00857995770375  0.00422138696458 -0.00188656211967   0.0266947064864  0.00306950453232 0.00597817142813  -0.178631005917 -0.0519887237971 0.00181335584555 9
54.219708 1  -0.001775247782 0.00857710856009 0.00421327021096 -0.00187856208245   0.0266929594927  0.00305792829204 0.00597811682517  -0.178620126767  -0.051980267659 0.00181335584555 9
54.271792 1 -0.00178801255711  0.00857430758635  0.00420609570765 -0.00188458469774   0.0266907905776  0.00304769042084 0.00597782807796  -0.178610316847  -0.051973405627 0.00181335584555 9
54.323875 1 -0.0017757817548 0.00857512273861 0.00420351107703 -0.00186770429549   0.0266922336837  0.00304400358603 0.00597814990297  -0.178608073505 -0.0519664468441 0.00181335584555 9
54.375958 1 -0.00177647319035  0.00857569760444  0.00419685952633 -0.0018606980258  0.0266945429061 0.00303451080296  0.0059793191172   -0.17859980057 -0.0519570315683 0.00181335584555 9
54.428042 1 -0.00178676007652  0.00857943447267  0.00419176203661 -0.00186400065615   0.0266994578215  0.00302723133831 0.00598063794902  -0.178593350503 -0.0519500963434 0.00181335584555 9
54.480125 1 -0.00179744608241  0.00857575668271  0.00418580642966 -0.00186864811845   0.0266969171589  0.00301873133848 0.00598079831777  -0.178585297368 -0.0519438881377 0.00181335584555 9
54.532208 1 -0.00179503845205   0.0085804773787  0.00417802686173 -0.00186048507581   0.0267017907352  0.00300763621654 0.00598095609196  -0.178574898106  -0.051935357076 0.00181335584555 9
54.584292 1 -0.00179200439648  0.00857970721393  0.00417238589223 -0.00185323175678   0.0267010397667  0.00299959250175  0.0059803496092  -0.178567415902 -0.0519290085349 0.00181335584555 9
54.636375 1 -0.00178890434973  0.00857448334135  0.00416596285481 -0.00184486096884   0.0266959720566  0.00299043354172 0.00597914260357  -0.178559010096 -0.0519213950252 0.00181335584555 9
54.688458 1 -0.00178061543294   0.0085742082793  0.00415982496109 -0.00182985750427   0.0266959190946  0.00298167980023 0.00597866912862  -0.178551655624 -0.0519116751849 0.00181335584555 9
54.740542 1 -0.00177702652975   0.0085760726691  0.00415210727073 -0.00181880430277   0.0266985976647  0.00297067054746 0.00597903384942  -0.178541840007 -0.0519012527263 0.00181335584555 9
54.792625 1 -0.00177228391278  0.00857559759715  0.00414222405733 -0.00180565065063   0.0266985951091  0.00295657522505 0.00597852416093  -0.178528960418  -0.051889012017 0.00181335584555 9
54.844708 1 -0.00176107440883  0.00857518141966  0.00413621327943 -0.00178888190848   0.0266990393235  0.00294800365787 0.00597867995107  -0.178521586171 -0.0518799111492 0.00181335584555 9
54.896791 1 -0.00176156158295  0.00857438086208  0.00413210176697 -0.00178495778472   0.0266976689763  0.00294213968379  0.0059776052966  -0.178516388483 -0.0518742917143 0.00181335584555 9
54.948875 1 -0.00176582557132  0.00857634357425  0.00412711307435 -0.00178244614306   0.0266996274897  0.00293501998172 0.00597745339579  -0.178510312374 -0.0518665146495 0.00181335584555 9
55.000958 1 -0.00176571126585  0.00857417615821  0.00412248701792 -0.00177650710014   0.0266966238612    0.002928421977 0.00597582009729  -0.178504741269 -0.0518592159563 0.00181335584555 9
55.053041 1 -0.00176029816254  0.00857002786679  0.00412124413385 -0.00176810880247   0.0266928509878  0.00292664883015 0.00597537480539  -0.178503869922 -0.0518550955357 0.00181335584555 9
55.105125 1 -0.00175824316879  0.00856755816969   0.0041214940508 -0.00176413549083   0.0266914151291  0.00292700193275  0.0059760306736  -0.178504881592 -0.0518529799178 0.00181335584555 9
55.157207 1 -0.00175704141691  0.00856693162796  0.00412267489425 -0.00176290820837   0.0266905882289  0.00292868580155 0.00597579666654  -0.178506803259 -0.0518532085365 0.00181335584555 9
55.209291 1 -0.00175541095748  0.00856790761261  0.00411984370994 -0.00175865441326   0.0266924292966  0.00292464619267 0.00597657835156  -0.178503158665 -0.0518492978087 0.00181335584555 9
55.261375 1 -0.00175097804164  0.00857323951314  0.00411575586383 -0.00175144067903   0.0266974723919  0.00291881754906 0.00597669421741  -0.178497715406 -0.0518443601109 0.00181335584555 9
55.313458 1 -0.00175879963236  0.00857824468195  0.00411292033202 -0.0017563012729  0.0267007542921  0.0029147727109 0.00597546360891  -0.178493800361  -0.051841507197 0.00181335584555 9
55.365536 1 -0.00175296219502  0.00858439678425  0.00410779316762 -0.00174663143914   0.0267070842503  0.00290746090661 0.00597609095307  -0.178487065963 -0.0518348734665 0.00181335584555 9
55.417624 1 -0.00175532251946  0.00858279963139  0.00410625061075 -0.00174560870665   0.0267053382493  0.00290525833553 0.00597553337039  -0.178485525151 -0.0518312544771 0.00181335584555 9
55.469708 1 -0.00175647985097  0.00858781441656  0.00410455739753 -0.00174504142346    0.026711389894  0.00290283971213 0.00597727231642  -0.178483276354  -0.051828960621 0.00181335584555 9
55.521791 1 -0.00175533385829  0.00859171382824  0.00410202957465 -0.00174377228969   0.0267140966589  0.00289923862882 0.00597640103856  -0.178479374027 -0.0518277701434 0.00181335584555 9
55.573874 1 -0.00176210713451  0.00859014224079   0.0041012921799 -0.00174864530392   0.0267125267783  0.00289818370069 0.00597614027031   -0.17847847758  -0.051826563498 0.00181335584555 9
55.625957 1 -0.00176247996635  0.00858714451162  0.00409869641468 -0.00174693691529   0.0267115914264  0.00289447816377 0.00597768787882  -0.178474898813 -0.0518235642382 0.00181335584555 9
55.678041 1 -0.00175751969035  0.00858607404013  0.00409869518573 -0.0017418041498  0.0267114948222 0.00289447605507 0.00597852366626   -0.17847514184  -0.051822641451 0.00181335584555 9
55.730124 1 -0.0017619608745 0.00857942309083 0.00409706880117 -0.00174320166645   0.0267027928856  0.00289215844113 0.00597511424749  -0.178473329207 -0.0518196959332 0.00181335584555 9
55.782207 1 -0.00176325318425  0.00857373962516  0.00409659812538 -0.00174195071192   0.0266968461856  0.00289148590647 0.00597386272126  -0.178473306522 -0.0518171304129 0.00181335584555 9
55.834286 1 -0.00175771851585  0.00857095379528  0.00409122438577 -0.0017358326886  0.0266959630933 0.00288382476266 0.00597506513244  -0.178465098055 -0.0518137625823 0.00181335584555 9
55.886374 1 -0.00175189079159  0.00857353695693  0.00409016516475 -0.00172917596368   0.0266976965968  0.00288231702058 0.00597437612297  -0.178463938684  -0.051811613144 0.00181335584555 9
55.938457 1 -0.00174581001019  0.00857178296253  0.00408615640202 -0.00171943948764   0.0266969197951   0.0028765995535 0.00597475786556  -0.178458887442 -0.0518053934604 0.00181335584555 9
55.99054 1 -0.00174096944442   0.0085705849612  0.00408385044638 -0.00171500098187   0.0266953256792  0.00287331589896 0.00597392014004  -0.178455284373 -0.0518043256118 0.00181335584555 9
56.042624 1 -0.00174007764311  0.00857172329725  0.00408085737615 -0.00171215306054    0.026695443982  0.00286904972659 0.00597269491818  -0.178451151365 -0.0518010392188 0.00181335584555 9
56.094707 1 -0.00174999014125  0.00856990989162  0.00408110367132 -0.00172099143365   0.0266912034792  0.00286940156988 0.00596978159005  -0.178451497821 -0.0518015776604 0.00181335584555 9
56.14679 1 -0.00175511272925   0.0085651356105  0.00407798851769 -0.00172280926775   0.0266875338952  0.00286495509912 0.00597003197444  -0.178447259092   -0.05179772111 0.00181335584555 9
56.198874 1 -0.00174774638239  0.00856249786891  0.00407653653119 -0.00171358393695   0.0266851787174  0.00286288569257 0.00596970799698  -0.178445832081 -0.0517940849209 0.00181335584555 9
56.250957 1 -0.00174308403216  0.00855677148626  0.00407372406358 -0.0017090102083  0.0266807045752   0.002858877396 0.00596996336223  -0.178441452756 -0.0517924943545 0.00181335584555 9
56.303035 1 -0.00174034048303  0.00855715009338  0.00406777499773 -0.00170317317944   0.0266815114034  0.00285039474869 0.00596999374109  -0.178432935167 -0.0517865458886 0.00181335584555 9
56.355124 1 -0.00175112712391  0.00855564168721  0.00406170606828 -0.00170941322101   0.0266812374358  0.00284173429986 0.00597075362076   -0.17842404554 -0.0517810179203 0.00181335584555 9
56.407207 1 -0.00175878066613  0.00855163306788  0.00405695666068 -0.00171448528839   0.0266773953022  0.00283496031778 0.00596998822252  -0.178416821485 -0.0517777252627 0.00181335584555 9
56.45929 1 -0.00175358191326  0.00855067760986  0.00405519411047 -0.00170565619664   0.0266762780843  0.00283244609633 0.00596938772817  -0.178415374502 -0.0517722749265 0.00181335584555 9
56.511373 1 -0.00175609152711  0.00854922521063  0.00404910425699 -0.00170484078582   0.0266760312726  0.00282375980751 0.00597007417316  -0.178406408421 -0.0517667848515 0.00181335584555 9
56.563457 1 -0.00175997794994  0.00854434454968  0.00404479864893 -0.00170335749008   0.0266716883324  0.00281761572319 0.00596952739162  -0.178400959263 -0.0517598947147 0.00181335584555 9
56.61554 1 -0.00176348984178  0.00854675078372   0.0040438953626 -0.00170299655912   0.0266746324765  0.00281632124671 0.00597044211639   -0.17840057185 -0.0517557150848 0.00181335584555 9
56.667623 1 -0.00175540603368  0.00854944057791  0.00403898292856 -0.00169131509634   0.0266775601205  0.00280931701984 0.00597064579109   -0.17839410996 -0.0517485774862 0.00181335584555 9
56.719706 1 -0.00175330441424  0.00854871935994  0.00403252409684 -0.00168488260745    0.026677033979  0.00280010683925 0.00597017619117  -0.178385098842 -0.0517409829621 0.00181335584555 9
56.771785 1 -0.00176190335355  0.00854785808978  0.00402994444493 -0.00168922815258   0.0266766034242  0.00279642198161 0.00597036456019  -0.178381871249 -0.0517365832046 0.00181335584555 9
56.823874 1 -0.00175815154024   0.0085426117019  0.00402640552555 -0.00168185427232   0.0266717396568  0.00279137532328 0.00596958133057  -0.178377455946 -0.0517306250547 0.00181335584555 9
56.875956 1 -0.00176622672031  0.00853891725248  0.00402112032436 -0.00168552897928   0.0266679949751  0.00278383580795 0.00596852466274  -0.178369890768 -0.0517250033121 0.00181335584555 9
56.92804 1 -0.00176816465504  0.00853747936967  0.00401667946371 -0.00168349348105   0.0266668462563   0.0027775009546 0.00596825071558  -0.178363837511 -0.0517191468484 0.00181335584555 9
56.980123 1 -0.0017701253984 0.00853601096706 0.00401287945083 -0.00168157016534   0.0266657653874  0.00277207938872 0.00596813859506  -0.178358800172 -0.0517136018573 0.00181335584555 9
57.032207 1 -0.00176752814772  0.00853137823806  0.00400890234364 -0.0016772179459  0.0266615669235 0.00276640976694 0.00596753554841  -0.178352981068 -0.0517097234819 0.00181335584555 9
57.08429 1 -0.00176521951096  0.00853168827193  0.00400626313875 -0.00167137631048   0.0266615019469  0.00276264547268 0.00596684152767  -0.178349954341 -0.0517042755839 0.00181335584555 9
57.136373 1 -0.00177119326361  0.00853250378011   0.0039996067048 -0.00167175313309   0.0266625542734  0.00275314939563 0.00596673269124  -0.178340596396 -0.0516962504549 0.00181335584555 9
57.188456 1 -0.00177148269071   0.0085327455817   0.0039972141274 -0.00166743082475   0.0266636467422  0.00274973223515 0.00596754740344  -0.178338181094 -0.0516899836158 0.00181335584555 9
57.240535 1 -0.00177190379154  0.00853511862878  0.00399098244393 -0.00166245079481   0.0266678388559   0.0027408400795 0.00596962015841  -0.178329665708 -0.0516813174445 0.00181335584555 9
57.292623 1  -0.001767289731  0.0085364584838 0.00398837206185 -0.00165332157649   0.0266700777189  0.00273711377133 0.00597062061562  -0.178327093611 -0.0516742248962 0.00181335584555 9
57.344706 1 -0.00175259609555  0.00853507303999  0.00398704248465 -0.00163439588086   0.0266687218639  0.00273521855007 0.00597007819508  -0.178327054298 -0.0516663470542 0.00181335584555 9
57.39679 1 -0.00175161819947  0.00853630438192  0.00397781382066 -0.00162784688347   0.0266711975893   0.0027220564838 0.00597103738195  -0.178313693097  -0.051656129997 0.00181335584555 9
57.448873 1 -0.00175057381304  0.00853501079261  0.00397447667943 -0.00162573328156   0.0266691080181  0.00271730103785 0.00596954662013  -0.178308606635 -0.0516534859035 0.00181335584555 9
57.500956 1 -0.00174577813152  0.00853935859243  0.00397100620855 -0.00161588170804    0.026672432337  0.00271235141834  0.0059685952282  -0.178304863313 -0.0516453098313 0.00181335584555 9
57.553039 1 -0.00174710774774  0.00854119759486  0.00396605832941 -0.0016128932522  0.0266742760576 0.00270529361692 0.00596847950756  -0.178298078867 -0.0516384727564 0.00181335584555 9
57.605122 1 -0.00174642183602  0.00853962571495  0.00396544002622 -0.00160850157364   0.0266722416952  0.00270440949737  0.0059674952599  -0.178298401403 -0.0516336681579 0.00181335584555 9
57.657206 1 -0.00174522686858  0.00853787238174  0.00395911299954 -0.00160285705385   0.0266712371674  0.00269538593139 0.00596757506056  -0.178289461542  -0.051625728686 0.00181335584555 9
57.709288 1 -0.00175045742919  0.00853382098512  0.00395711211114 -0.00160079739826   0.0266676121349   0.0026925240883 0.00596717425998  -0.178288448573 -0.0516169564255 0.00181335584555 9
57.761372 1 -0.00174833435005  0.00853466155323  0.00395174541635 -0.00159394830015   0.0266692699388  0.00268486855515 0.00596784775162  -0.178281244205 -0.0516087730425 0.00181335584555 9
57.813456 1 -0.00173239216328   0.0085353401368  0.00394582507027 -0.00157408440477   0.0266705606063  0.00267642945347 0.0059680592679 -0.178273511028 -0.051599049878 0.00181335584555 9
57.865539 1 -0.00173717822268  0.00853942036503  0.00394460127391 -0.00157514965239   0.0266753973586   0.0026746772112 0.00596962719274  -0.178272528124 -0.0515947225652 0.00181335584555 9
57.917622 1 -0.0017346467912 0.00854308025374 0.00393748654257 -0.00157024360517   0.0266797428099  0.00266453280054 0.00597055091241  -0.178261555666 -0.0515886285846 0.00181335584555 9
57.969705 1 -0.00172798313516  0.00854669749261  0.00393494187132 -0.00156060259915   0.0266826272385  0.00266090524762 0.00596991036801  -0.178258705102 -0.0515828321492 0.00181335584555 9
58.021789 1 -0.0017293676474 0.00854753252595 0.00392916337728 -0.00155955404466   0.0266838492014  0.00265266521236   0.005970099331  -0.178249796555 -0.0515778344738 0.00181335584555 9
58.073872 1 -0.0017349521598 0.00854458602765 0.00392708574247 -0.00156360195411   0.0266823704953  0.00264969833018 0.00597137913228   -0.17824653382 -0.0515760877885 0.00181335584555 9
58.125956 1 -0.00173780576775  0.00854772662239  0.00392542790137 -0.00156516308363   0.0266851583714  0.00264733317437  0.0059713512651  -0.178244075647 -0.0515742942876 0.00181335584555 9
58.178038 1 -0.00173927405267  0.00855140724059  0.00392144297118 -0.00156213104116   0.0266893199047  0.00264164629638 0.00597226283406  -0.178238909295 -0.0515672959358 0.00181335584555 9
58.230122 1 -0.00174144065651  0.00855215037048  0.00391972352056 -0.00156076578094    0.026689327654   0.0026391921475 0.00597124242475  -0.178237224723 -0.0515625228877 0.00181335584555 9
58.282205 1 -0.00174860294938  0.00854547666777  0.00391831358934 -0.00156380695498   0.0266834402106  0.00263717551571 0.00597099333132  -0.178235978044 -0.0515580550272 0.00181335584555 9
58.334289 1 -0.00175114107141   0.0085496920952  0.00391679539868 -0.00156300058198   0.0266872285716  0.00263500705404 0.00597101903726  -0.178234526993 -0.0515535945555 0.00181335584555 9
58.386372 1 -0.00174933147423  0.00855082803627  0.00391171550081 -0.00155791869172   0.0266890719045  0.00262776201591 0.00597170253946  -0.178227209789 -0.0515471075198 0.00181335584555 9
58.438455 1 -0.00174548003625  0.00855492271063  0.00390678894749 -0.00155168122477   0.0266945526667  0.00262073528754 0.00597383885589  -0.178219890792 -0.0515414013312 0.00181335584555 9
58.490538 1 -0.00174346159406  0.00855871582959  0.00389920039416 -0.00154541124702   0.0266995589328  0.00260991220464 0.00597548276172  -0.178208647568 -0.0515326099605 0.00181335584555 9
58.542621 1 -0.00174593277719  0.00855873854179  0.00389536623531 -0.00154435357923   0.0266989044677  0.00260444398366 0.00597423798561   -0.17820335407 -0.0515270070349 0.00181335584555 9
58.594705 1 -0.00174474985578  0.00856078743067  0.00389124886454 -0.00153923185036   0.0267023534575  0.00259856833948 0.00597610863816  -0.178197843346 -0.0515200326549 0.00181335584555 9
58.646783 1 -0.00174329844217  0.00856103389735  0.00389028168051 -0.00153484147032   0.0267028528835  0.00259718636285 0.00597635015548  -0.178197370375 -0.0515155690248 0.00181335584555 9
58.698871 1 -0.00173645122275  0.00856038258038  0.00388391302447 -0.00152743926028   0.0267016972667  0.00258811185584 0.00597498043573  -0.178187086559  -0.051511229502 0.00181335584555 9
58.750955 1 -0.00174371458226  0.00856196153486  0.00388162184004 -0.00153103307605   0.0267025846162  0.00258484088252  0.0059741458055  -0.178184228036 -0.0515067521663 0.00181335584555 9
58.803038 1 -0.00174740741874  0.00856854444865    0.003879909651 -0.00153058624686   0.0267103379013   0.0025823911041 0.00597678417895  -0.178182646767 -0.0515011384465 0.00181335584555 9
58.855122 1 -0.00174891620426   0.0085712105781  0.00388014708264 -0.00153157674743   0.0267127848698  0.00258272833908 0.00597698865551  -0.178183183044  -0.051500758407 0.00181335584555 9
58.907205 1 -0.00175074939399  0.00857206339927  0.00387976833734 -0.00153181959686   0.0267126211405  0.00258218791596 0.00597568769245  -0.178183092223 -0.0514988095998 0.00181335584555 9
58.959288 1 -0.0017445027806 0.00857283890446 0.00387905094485 -0.00152358245555   0.0267124992311  0.00258116661586 0.00597441458237  -0.178182983519 -0.0514947941459 0.00181335584555 9
59.011371 1 -0.00174644375326  0.00857289752947  0.00387569161106 -0.00152253530232   0.0267135953706  0.00257637261345 0.00597558516992  -0.178178240042 -0.0514897815801 0.00181335584555 9
59.063455 1 -0.0017446959952 0.00857085753761 0.00387079275314 -0.00151860877944   0.0267114612359  0.00256938904107 0.00597464650502  -0.178170755607 -0.0514846839298 0.00181335584555 9
59.115539 1 -0.00174857424882  0.00857218454041  0.00386568621424 -0.00151821894606   0.0267129986758  0.00256210410256 0.00597475981571  -0.178163415685 -0.0514776049532 0.00181335584555 9
59.167621 1 -0.00174770423743  0.00857286089421   0.0038588335275 -0.00151425503102    0.026712944187  0.00255233517704 0.00597326253337  -0.178152877889 -0.0514706203715 0.00181335584555 9
59.219705 1 -0.00174876716173  0.00856822907157  0.00385370325044 -0.00151160359005    0.026709216821    0.002545017734 0.00597323906634  -0.178145402013 -0.0514638007168 0.00181335584555 9
59.271788 1 -0.00174494370715    0.008566625702  0.00384873952504 -0.00150558468296   0.0267084747595   0.0025379403805 0.00597370977414  -0.178137864156 -0.0514581795925 0.00181335584555 9
59.323871 1 -0.00174212824894  0.00856671425972  0.00384667902131 -0.0014999314765  0.0267082939172 0.00253500172286 0.00597309946073   -0.17813556938 -0.0514530323993 0.00181335584555 9
59.375954 1 -0.0017399866457 0.00856106908148 0.00384187650103 -0.00149286812065   0.0267035475642  0.00252815120084 0.00597284894168  -0.178129302715 -0.0514440371546 0.00181335584555 9
59.428038 1 -0.00173197720477  0.00856263410047   0.0038331574689 -0.00148255153787   0.0267057337037  0.00251572247913 0.00597324204668  -0.178115513944 -0.0514359049643 0.00181335584555 9
59.480121 1 -0.00173422049535  0.00856235162968   0.0038290286697 -0.00148133721814   0.0267059476979  0.00250983228248 0.00597355102598  -0.178109588988 -0.0514299013335 0.00181335584555 9
59.532204 1 -0.00173213819644  0.00856239006953  0.00382673525516 -0.0014768605324  0.0267053548501 0.00250656263826 0.00597239478984  -0.178106697563 -0.0514253142015 0.00181335584555 9
59.584288 1 -0.00173490071999  0.00855587879788  0.00382348612922 -0.0014767088515  0.0266998752826 0.00250192685533  0.0059723936802  -0.178102051802 -0.0514205011181 0.00181335584555 9
59.636371 1 -0.00173637295376   0.0085568782484  0.00381947769756 -0.00147415530116   0.0267004694746  0.00249620926801 0.00597161795133  -0.178096633406 -0.0514135382949 0.00181335584555 9
59.688454 1 -0.00173636559264  0.00855458555776  0.00381448009034 -0.00147002909416   0.0266984171511  0.00248908157461 0.00597107032735  -0.178089591752 -0.0514057670671 0.00181335584555 9
59.740538 1 -0.00173592364864  0.00855485068809  0.00380806909078 -0.00146673314461   0.0266974820498  0.00247994329371 0.00596879811583  -0.178079623785 -0.0513991476117 0.00181335584555 9
59.792621 1 -0.00173150720903  0.00855051191976  0.00380881803428 -0.00146147541853   0.0266923839227  0.00248101343027 0.00596683695084  -0.178081551524 -0.0513975310624 0.00181335584555 9
59.844704 1 -0.00173479736347  0.00854546858652  0.00380807266897 -0.00146458595957    0.026687258069  0.00247995103873 0.00596572531235  -0.178080153398 -0.0513976552762 0.00181335584555 9
59.896787 1 -0.00173784144958  0.00854247019545  0.00381189213014 -0.00146773758148    0.026683593095  0.00248539585459 0.00596447861231  -0.178086681788 -0.0513999146383 0.00181335584555 9
59.948871 1 -0.00173396281516  0.00854529608272  0.00381300903914 -0.0014632001883  0.0266876628664 0.00248698520864  0.0059669153408  -0.178089074747 -0.0513986304965 0.00181335584555 9
60.000954 1 -0.00172898628199  0.00854675542224  0.00381172397964  -0.001460013927  0.0266892042772 0.00248515679009 0.00596720672446  -0.178086328347  -0.051399775986 0.00181335584555 9
60.053037 1 -0.00172962672631   0.0085437480974  0.00381183228041 -0.00145933164428   0.0266859517027  0.00248531051269 0.00596624588117  -0.178087043353  -0.051398104585 0.00181335584555 9
60.105121 1 -0.0017275996135 0.00854282297163  0.0038085809656 -0.00145815580197   0.0266852138606  0.00248067795137 0.00596610014408  -0.178081053361 -0.0513976978913 0.00181335584555 9
60.157204 1 -0.00172632256524  0.00854308755309  0.00380653241398 -0.00145609714293   0.0266862540733  0.00247775616091 0.00596714524728  -0.178077805395 -0.0513954863268 0.00181335584555 9
60.209288 1 -0.00172585546523  0.00853700966681  0.00380514347691 -0.00145436912269   0.0266812911428  0.00247577428696 0.00596752610226  -0.178075882468 -0.0513930410592 0.00181335584555 9
60.261371 1 -0.00172642364378  0.00853541522997   0.0038026644345 -0.0014538103677  0.0266792136816 0.00247224077831 0.00596627012543  -0.178071958804 -0.0513905596662 0.00181335584555 9
60.313454 1 -0.00172959785485  0.00853496295741  0.00380319362607 -0.00145630029123   0.0266791772796  0.00247299255812 0.00596688241028  -0.178072995688 -0.0513903589279 0.00181335584555 9
60.365538 1 -0.00173032902605  0.00852890169674  0.00380144549818 -0.00145640852449   0.0266730927784   0.0024705013212 0.00596552074633  -0.178070128862 -0.0513889741197 0.00181335584555 9
60.417621 1 -0.00172630278265  0.00852572791007  0.00380070593925 -0.00145179279444   0.0266697410341  0.00246944877046 0.00596450993831  -0.178069300495 -0.0513871097559 0.00181335584555 9
60.469704 1 -0.00171832983364  0.00852353942128  0.00379921423744 -0.00144223005973   0.0266679277476  0.00246732298593 0.00596442758028  -0.178067767707 -0.0513826553154 0.00181335584555 9
60.521785 1 -0.00171163706941  0.00852014858906  0.00379771823954 -0.0014344737572  0.0266638659484 0.00246519357087 0.00596250382093  -0.178065961621 -0.0513792954836 0.00181335584555 9
60.573871 1 -0.00170513856346   0.0085193138667  0.00379375478009 -0.0014262883828  0.0266637467969 0.00245954339939 0.00596304970382  -0.178059963554  -0.051373936603 0.00181335584555 9
60.625954 1 -0.00169964414975  0.00851878359668  0.00379141316101 -0.00142000734321    0.026663876284  0.00245620555695 0.00596372503382  -0.178056411141 -0.0513707490996 0.00181335584555 9
60.678037 1 -0.00169347990243  0.00851892581964  0.00378925165267 -0.00141117746309   0.0266646628271  0.00245312235322 0.00596448049604  -0.178054036381 -0.0513646505242 0.00181335584555 9
60.73012 1 -0.00169214521388  0.00851819804709  0.00378937636133 -0.00140825445076   0.0266651445588  0.00245329649345 0.00596621405704  -0.178054977883 -0.0513620383973 0.00181335584555 9
60.782204 1 -0.00168933106168  0.00851386813488  0.00378463138598 -0.00140181534515   0.0266612770307  0.00244653026961 0.00596560980291  -0.178048229329 -0.0513540906192 0.00181335584555 9
60.834287 1 -0.00168558525238  0.00851418401311  0.00378054682136 -0.00139590015756   0.0266618033246  0.00244070684241 0.00596560744582   -0.17804206701 -0.0513483871524 0.00181335584555 9
60.88637 1 -0.00168178075103  0.00851494303287  0.00377932142402 -0.00139093890954   0.0266630718884  0.00243895901025 0.00596641517146   -0.17804057424 -0.0513453573863 0.00181335584555 9
60.938454 1 -0.00167329536174  0.00851668251938  0.00377183313504 -0.00138076654202   0.0266637092568   0.0024282886061 0.00596428834354  -0.178028391025 -0.0513380696377 0.00181335584555 9
60.990536 1  -0.001669205423 0.00852102611539 0.00376743053736 -0.00137373464847   0.0266670185463  0.00242201271224 0.00596305122673  -0.178022050603 -0.0513309016417 0.00181335584555 9
61.042621 1 -0.00165865147954  0.00851672893399  0.00376453890962 -0.00136083813598   0.0266632650791  0.00241789166105 0.00596267226305  -0.178018483925 -0.0513240757713 0.00181335584555 9
61.094704 1 -0.00165286516051   0.0085124449773  0.00376266461064 -0.00135147627971   0.0266594530125  0.00241521783394 0.00596228338435  -0.178017042822 -0.0513166360816 0.00181335584555 9
61.146787 1 -0.00165406308869  0.00850779984492  0.00375889618124 -0.00135108872436   0.0266554334752  0.00240984432843 0.00596204354594  -0.178010872968 -0.0513128734374 0.00181335584555 9
61.19887 1 -0.00164896528196  0.00850613943134  0.00375724974377 -0.00134441635342   0.0266544121981  0.00240749653628 0.00596253322374   -0.17800888175 -0.0513087326925 0.00181335584555 9
61.250954 1 -0.00164772839312  0.00850864119101  0.00375158272105 -0.00133920442411   0.0266568987442  0.00239941484766 0.00596248278281  -0.178000495085 -0.0512998758944 0.00181335584555 9
61.303036 1 -0.00165631972059  0.00850932362486  0.00374966756626 -0.0013456114419  0.0266579009139 0.00239667938804 0.00596305067307  -0.177997499145 -0.0512973395153 0.00181335584555 9
61.35512 1 -0.00165693877201  0.00851037700239  0.00374785706481 -0.00134259798856   0.0266588797308  0.00239409450605 0.00596293438355  -0.177995839971  -0.051290959389 0.00181335584555 9
61.407203 1 -0.00165735049458  0.00851190416373  0.00374586096291 -0.00133908003461   0.0266596152807  0.00239124610352 0.00596170338542  -0.177994023075 -0.0512839828756 0.00181335584555 9
61.459288 1  -0.001651887235 0.00850907998552 0.00374355864135 -0.00133018746485    0.026657146768  0.00238796224856 0.00596140072146  -0.177991729087 -0.0512764997205 0.00181335584555 9
61.511371 1 -0.00165640660994  0.00851218194367    0.003743061861 -0.00133106707074   0.0266605164639  0.00238724751248 0.00596242447477  -0.177992227086 -0.0512713177968 0.00181335584555 9
61.563453 1 -0.00165871167181   0.0085076903107  0.00373573766745 -0.00133123946423   0.0266563566156  0.00237680570384  0.0059614612366  -0.177979702764 -0.0512654123708 0.00181335584555 9
61.615536 1 -0.00165901835755  0.00850537586031  0.00373291207277 -0.00132934356933   0.0266551380046  0.00237277418913 0.00596255947188  -0.177975510635 -0.0512607448021 0.00181335584555 9
61.66762 1 -0.00165049056307  0.00850626615106  0.00373118923179 -0.00131881077436   0.0266551563936  0.00237032046641  0.0059610048466  -0.177973830814 -0.0512551136107 0.00181335584555 9
61.719703 1 -0.00164715445851  0.00850747447065  0.00372533589396 -0.00131292050474   0.0266555508312  0.00236197729839 0.00595933000801  -0.177964542608 -0.0512478646474 0.00181335584555 9
61.771786 1 -0.00163888540529  0.00850398440751  0.00372105183047 -0.00130310266848   0.0266531928398  0.00235587059545 0.00596006594655  -0.177957864338 -0.0512419162479 0.00181335584555 9
61.82387 1 -0.00163356818638  0.00850108174758  0.00371846217903 -0.0012945368546  0.0266502294826 0.00235217820782 0.00595902376929  -0.177954972081  -0.051234497429 0.00181335584555 9
61.875953 1 -0.00163255136681  0.00850405582112  0.00371573585215 -0.00128992959135   0.0266542201008  0.00234828610049 0.00596109223868  -0.177951667932 -0.0512272164031 0.00181335584555 9
61.928036 1 -0.00162826231159  0.00850334156589  0.00370831664072 -0.00128312979269   0.0266555062418   0.0023377064226 0.00596369362422  -0.177939390744 -0.0512190216175 0.00181335584555 9
61.980119 1 -0.00162772879807  0.00850155950687  0.00370652931191 -0.00127968443977   0.0266548400422  0.00233515399653 0.00596503144122  -0.177937483871 -0.0512133213244 0.00181335584555 9
62.032203 1 -0.00163246562961  0.00850127700101  0.00370463007361 -0.00128233168719   0.0266550588333  0.00233244232702 0.00596569791095  -0.177934675582 -0.0512100178488 0.00181335584555 9
62.084286 1 -0.0016350446433  0.0084993135421 0.00369903475107 -0.00128189982112   0.0266530816981  0.00232446365961 0.00596477955716  -0.177925645671 -0.0512031891093 0.00181335584555 9
62.136369 1 -0.00162592299768  0.00849487672317  0.00369393438946 -0.00127007194156   0.0266493021407   0.0023171935487 0.00596442286755   -0.17791804431 -0.0511947232452 0.00181335584555 9
62.188452 1 -0.00163010267576  0.00849305519477  0.00368818830483 -0.00127021602427   0.0266487598627  0.00230899580355 0.00596577427621  -0.177909070283 -0.0511863311793 0.00181335584555 9
62.240537 1 -0.00162148861761  0.00849229448001  0.00368409426237 -0.00125806857112   0.0266474441294  0.00230316045372 0.00596414517592  -0.177903750234 -0.0511769093677 0.00181335584555 9
62.29262 1 -0.00162106321132  0.00849196378241  0.00368025694082 -0.00125381694946   0.0266471284008  0.00229768700683 0.00596371262859  -0.177898520144 -0.0511687511332 0.00181335584555 9
62.344703 1 -0.00162357861768   0.0084895275524  0.00367732502453 -0.00125286508674   0.0266441120351  0.00229350509887 0.00596188788582  -0.177894642517 -0.0511622317901 0.00181335584555 9
62.396786 1 -0.00162453838169  0.00849184805269  0.00367314088024 -0.00125183382497   0.0266472365715  0.00228753698463 0.00596345085196  -0.177887736411 -0.0511572078033 0.00181335584555 9
62.448869 1 -0.0016212344637  0.0084868840241 0.00366897214124 -0.00124671073437   0.0266431502755  0.00228159362935 0.00596353726889  -0.177881030958 -0.0511517244534 0.00181335584555 9
62.500952 1 -0.00161976103129  0.00848475190566  0.00366891533852 -0.00124167707597   0.0266413813885  0.00228150874248 0.00596363034718  -0.177882759843  -0.051145347914 0.00181335584555 9
62.553036 1 -0.00162087805296  0.00848353551286  0.00366782200009 -0.00123966633096   0.0266404283384  0.00227994623845 0.00596369862248  -0.177882190536 -0.0511397675521 0.00181335584555 9
62.605119 1 -0.00161983774897  0.00848507920019  0.00366543994455 -0.00123617670704   0.0266409776152  0.00227655028238 0.00596199519806  -0.177879061805 -0.0511343265829 0.00181335584555 9
62.657202 1 -0.00162114241048  0.00848616047936  0.00366096186947 -0.00123467253253   0.0266420132434  0.00227016408541  0.0059617492051  -0.177871996014 -0.0511278313576 0.00181335584555 9
62.709285 1 -0.00161817704597  0.00848915489911   0.0036579542001 -0.00123156514778   0.0266438740199  0.00226587970109 0.00596007985124  -0.177866647916 -0.0511256966794 0.00181335584555 9
62.761369 1 -0.00161596034896  0.00849188447347  0.00365684695766 -0.00122844080982   0.0266456816655   0.0022643024551 0.00595887326151   -0.17786519702  -0.051123176498 0.00181335584555 9
62.813452 1 -0.00161882010053  0.00849038786908  0.00365623304834 -0.00122874124446   0.0266435767813  0.00226342514169 0.00595736708689  -0.177865180045 -0.0511191261194 0.00181335584555 9
62.865535 1 -0.00161691429421   0.0084905884706  0.00365390220428 -0.00122457495768   0.0266442335707  0.00226010013268 0.00595799334517  -0.177862029671  -0.051113767733 0.00181335584555 9
62.917619 1 -0.00161072609345  0.00849485885759  0.00365081949036 -0.00121773427677    0.026649344609  0.00225570511022 0.00596015339703    -0.1778568844 -0.0511099097295 0.00181335584555 9
62.969702 1 -0.00161171760527  0.00849304236424  0.00364935492919 -0.00121766661238   0.0266480983782  0.00225361546679 0.00596067403511  -0.177854573191 -0.0511076436698 0.00181335584555 9
63.021786 1 -0.00161559611311  0.00849279473789  0.00365283294523 -0.00122152396935   0.0266489571829   0.0022585692912  0.0059629861537  -0.177860851085 -0.0511099313371 0.00181335584555 9
63.073868 1 -0.00161750189769   0.0084925017436  0.00365231682831 -0.00122146745102   0.0266477482119  0.00225783267421  0.0059611609328  -0.177860807849 -0.0511066646951 0.00181335584555 9
63.125952 1 -0.00162090486651  0.00849661374459  0.00365281175785 -0.00122273207099   0.0266514895512  0.00225853450325 0.00596142323572  -0.177862631292 -0.0511037834132 0.00181335584555 9
63.178035 1 -0.00162480273953  0.00849818167987  0.00365068779278 -0.00122530891118   0.0266523017607  0.00225550574234 0.00596020853234  -0.177859069471  -0.051101351503 0.00181335584555 9
63.230118 1 -0.00162628762779  0.00849640631992  0.00365022005836 -0.00122591149624   0.0266516509583  0.00225483581227 0.00596187745014  -0.177858495887 -0.0510998753729 0.00181335584555 9
63.282202 1 -0.00162578581466  0.00849469824701   0.0036444552594 -0.00122504387254    0.026650382026  0.00224661866947 0.00596184313483  -0.177847741022 -0.0510966173388 0.00181335584555 9
63.334285 1 -0.0016206166511 0.00849215010631  0.0036408001016 -0.00121972734522   0.0266487302606  0.00224140926742 0.00596260590746  -0.177841154384 -0.0510936455965 0.00181335584555 9
63.386368 1 -0.0016241783032 0.00849187274689 0.00363848281786 -0.00122279848493    0.026647863343  0.00223810608554 0.00596127185946  -0.177836789674 -0.0510925674603 0.00181335584555 9
63.438451 1 -0.0016167590909 0.00849211519356 0.00363545783386 -0.00121541619437   0.0266493448736   0.0022337945483 0.00596335865741  -0.177831399997 -0.0510896981448 0.00181335584555 9
63.490535 1 -0.00161918330719  0.00849218977969  0.00363401707424 -0.00121700158832   0.0266504145618  0.00223173744398 0.00596516321838  -0.177828889928 -0.0510880187443 0.00181335584555 9
63.542618 1 -0.0016170174429 0.00849409215589 0.00363346159502 -0.00121415940998   0.0266526706474  0.00223094456264  0.0059661903846  -0.177828298485 -0.0510860397928 0.00181335584555 9
63.594702 1 -0.00161799988688   0.0084915652694  0.00363191081871 -0.00121276255393   0.0266511367553  0.00222872984558 0.00596735590014  -0.177826483776  -0.051081222669 0.00181335584555 9
63.646785 1 -0.00161989783797  0.00849324356813  0.00363139859726 -0.00121475274459   0.0266523997258  0.00222799981519 0.00596692470297  -0.177825333096  -0.051081616258 0.00181335584555 9
63.698868 1 -0.00161842821369  0.00848875396699  0.00363064392874 -0.00121350049478   0.0266479907095  0.00222692563838 0.00596597944838  -0.177823871199 -0.0510814240977 0.00181335584555 9
63.750951 1 -0.00161065992795  0.00848538717062  0.00362956958933 -0.00120592695017   0.0266449865736  0.00222539698515 0.00596574606757  -0.177822178932 -0.0510796963303 0.00181335584555 9
63.803035 1 -0.00161394188179  0.00848084597159  0.00362906678073 -0.00120916900163   0.0266409504653  0.00222467924377 0.00596567934412  -0.177820999098 -0.0510801982449 0.00181335584555 9
63.855118 1 -0.00161176391783  0.00847903812889  0.00362656314964 -0.00120774591165   0.0266399607657  0.00222111121833 0.00596664790537  -0.177815868441 -0.0510800279972 0.00181335584555 9
63.907201 1 -0.00162112611692  0.00847609744476  0.00362537018562 -0.00121660665917     0.02663906603  0.00221940415171 0.00596996733729  -0.177813132134 -0.0510806105235 0.00181335584555 9
63.959284 1 -0.00161942806051  0.00847535788207  0.00362621291583 -0.00121398326911   0.0266385985362  0.00222060433731 0.00597036146444  -0.177815361154 -0.0510788773143 0.00181335584555 9
64.011368 1 -0.00161549205251  0.00847451398304  0.00362796569969 -0.00120939026788   0.0266376894164  0.00222310326154 0.00597012600334  -0.177819363062 -0.0510775945912 0.00181335584555 9
64.063451 1 -0.00161188442063  0.00846846027502  0.00362611186042 -0.00120517925867   0.0266323172578  0.00222046133383 0.00596986205044  -0.177816316917 -0.0510749052556 0.00181335584555 9
64.115534 1 -0.00161120722498  0.00847074787579  0.00362458440859 -0.00120339834045   0.0266344376309  0.00221828310901 0.00596990815397  -0.177814011705 -0.0510719368538 0.00181335584555 9
64.167618 1 -0.00161460618347  0.00847220516652   0.0036246353641 -0.00120574808503   0.0266357940126  0.00221835341249 0.00597006930388  -0.177814459625 -0.0510707270047 0.00181335584555 9
64.219701 1 -0.00159904554817  0.00847337971848  0.00362348975043 -0.00119154955779   0.0266379368624  0.00221672479128 0.00597204389462  -0.177812452882 -0.0510692788021 0.00181335584555 9
64.271784 1 -0.00158855496558  0.00847324145339  0.00362347386092 -0.00118084927728   0.0266383673307  0.00221670402622 0.00597303415872   -0.17781319216 -0.0510665340873 0.00181335584555 9
64.323867 1 -0.00158712545461  0.00847097256429  0.00362088469516 -0.00117781703449    0.026636946302  0.00221301118722 0.00597394456488  -0.177809088713 -0.0510619948741 0.00181335584555 9
64.37595 1 -0.00158739142345  0.00846968983699  0.00361493338902 -0.00117655149798   0.0266364683201  0.00220452584329 0.00597474536325  -0.177798282402 -0.0510563874801 0.00181335584555 9
64.428035 1 -0.00158496887809  0.00846929233931  0.00361250420641 -0.00117298022854   0.0266351343762  0.00220106491561 0.00597250776647  -0.177794387122 -0.0510525726792 0.00181335584555 9
64.480118 1 -0.00157724349998  0.00846993240154  0.00361228995191 -0.00116433800695   0.0266359353963  0.00220076039277 0.00597286566269   -0.17779498914 -0.0510489282352 0.00181335584555 9
64.532201 1 -0.00157703620895  0.00846657090548  0.00361063346566 -0.00116245440164   0.0266331145947  0.00219839722312  0.0059729958521  -0.177792678153 -0.0510449212929 0.00181335584555 9
64.584284 1 -0.00157111754532  0.00846283782234  0.00360778157085 -0.00115665569402   0.0266296986243    0.002194334574 0.00597245739785  -0.177787407507 -0.0510425620188 0.00181335584555 9
64.636367 1 -0.00157168481089  0.00846242013508  0.00360499796174 -0.00115516596646   0.0266289234602  0.00219036542062 0.00597135777817  -0.177783093761 -0.0510374047615 0.00181335584555 9
64.688451 1 -0.00156996243034  0.00846259209364  0.00360367023255 -0.00115214041539   0.0266294915293  0.00218847128564 0.00597206007726  -0.177781313832 -0.0510338485539 0.00181335584555 9
64.740534 1 -0.00156871466524  0.00846106882203  0.00360005807301 -0.00114890629204   0.0266276524752  0.00218332201412 0.00597069194402  -0.177775433942 -0.0510280640242 0.00181335584555 9
64.792617 1 -0.00156331974636  0.00845712549933  0.00360093998648 -0.00114135225433   0.0266235203896  0.00218457926504 0.00596932118284  -0.177778797218 -0.0510230143794 0.00181335584555 9
64.8447 1 -0.00156353609767  0.00845941082336  0.00360038392404 -0.00114005520345    0.026626263923  0.00218378357958 0.00597074820125  -0.177778527914 -0.0510197413526 0.00181335584555 9
64.896784 1 -0.00156245766636  0.00845756616698  0.00359799646091 -0.00113742109962   0.0266252118868  0.00218037817459 0.00597171092775  -0.177774749032 -0.0510152823284 0.00181335584555 9
64.948867 1 -0.00156705221562  0.00845541749018  0.00359618708882 -0.0011394160359  0.0266227176686 0.00217779604541 0.00597031335859  -0.177772385824 -0.0510103638945 0.00181335584555 9
65.00095 1 -0.00156138983421  0.00845638052251  0.00359130661254 -0.00113245088989   0.0266240567581  0.00217083937622 0.00597084357685  -0.177763834171 -0.0510041816756 0.00181335584555 9
65.053033 1 -0.00155376725078  0.00845557821323  0.00358854210961 -0.00112372268128   0.0266237634887  0.00216689944032 0.00597138452035   -0.17775949018 -0.0509989119766 0.00181335584555 9
65.105117 1 -0.00155461446633  0.00845774211531  0.00358585599572 -0.00112117168352   0.0266271035454  0.00216306413914 0.00597410945398  -0.177756020236 -0.0509909137442 0.00181335584555 9
65.1572 1 -0.00155649524612  0.00845700133779  0.00358610114306 -0.00112187068706   0.0266276868081  0.00216340918656  0.0059767467444  -0.177757011022 -0.0509890028697 0.00181335584555 9
65.209284 1 -0.00155476338461  0.00845449809116  0.00358525744613 -0.00111857996004   0.0266257334828  0.00216220484913 0.00597717838702  -0.177756351396 -0.0509850363707 0.00181335584555 9
65.261367 1 -0.0015543996249   0.008449550066 0.00358585472118 -0.00111838668086   0.0266218608761  0.00216305535599 0.00597830928169  -0.177757405397 -0.0509856690201 0.00181335584555 9
65.31345 1 -0.00155984011384  0.00844765953449  0.00358560264471 -0.00112343903754   0.0266201665011  0.00216269397535 0.00597829213186  -0.177756753734 -0.0509860479772 0.00181335584555 9
65.365533 1 -0.00156222643865  0.00844825379292  0.00358555891301 -0.00112491364631   0.0266202211902  0.00216263080849 0.00597728643546  -0.177757061972 -0.0509847590924 0.00181335584555 9
65.417616 1 -0.00155645557274  0.00844434586275  0.00358384271409 -0.0011188318688  0.0266179226561  0.0021601838273 0.00597957186898  -0.177754136127 -0.0509819611691 0.00181335584555 9
65.4697 1 -0.00155044738241  0.00844333132744  0.00358160672889 -0.00111245097675   0.0266168407824  0.00215699867914   0.005978915004  -0.177750302873 -0.0509787513944 0.00181335584555 9
65.521783 1 -0.00155342477701  0.00844049850838  0.00358015981542 -0.00111498423759   0.0266153944882  0.00215493291676 0.00598111761823  -0.177747387528 -0.0509778633529 0.00181335584555 9
65.573866 1 -0.00155771289821  0.00843784545882  0.00358192303096 -0.00111950265806   0.0266130887084  0.00215744480276 0.00598141383909  -0.177750466841 -0.0509802554564 0.00181335584555 9
65.625945 1 -0.00155387145774  0.00843677374211  0.00358123316111 -0.00111633751863   0.0266118044755  0.00215646412766 0.00598059867896  -0.177748949947 -0.0509804717179 0.00181335584555 9
65.678033 1 -0.00155393525042  0.00843765426383  0.00358361249659 -0.00111554557802   0.0266120404237  0.00215985538246  0.0059795926478  -0.177754284968 -0.0509798349803 0.00181335584555 9
65.730116 1 -0.00156120099394  0.00843596714163  0.00358238214586 -0.00112103786591   0.0266102827822   0.0021580980375 0.00597895382588   -0.17775237475 -0.0509773187527 0.00181335584555 9
65.782201 1 -0.00156369826833  0.00843210969082  0.00358139612763 -0.00112163927084   0.0266061888108  0.00215669099202 0.00597736966413   -0.17775137889 -0.0509735654354 0.00181335584555 9
65.834283 1 -0.00156368525783  0.00843075648962  0.00357768730544 -0.00111873185926   0.0266053490576  0.00215140088135 0.00597778906908  -0.177745629754 -0.0509656974809 0.00181335584555 9
65.886366 1 -0.00156022755201  0.00842767262663   0.0035771435204 -0.00111378510847   0.0266024150343   0.0021506255046 0.00597722882587  -0.177745683184 -0.0509615143063 0.00181335584555 9
65.938449 1 -0.00155486339667  0.00842698155615  0.00357417090744 -0.00110718969547       0.026601573  0.00214638936733 0.00597638089363  -0.177740817645 -0.0509561840472 0.00181335584555 9
65.990533 1 -0.00155118142204  0.00842958057513  0.00357666561046 -0.00110338633328   0.0266045835673  0.00214994466458 0.0059781305662 -0.177746173011 -0.050956198886 0.00181335584555 9
66.042616 1 -0.00155332330764  0.00842754934181  0.00357633817555 -0.00110428955675   0.0266027436904  0.00214947593565 0.00597801054331  -0.177746120554   -0.05095392712 0.00181335584555 9
66.094694 1 -0.00155130099746  0.00842175953013  0.00357358092855 -0.00110104633333   0.0265969918592  0.00214554641155  0.0059763390958  -0.177741426308 -0.0509496119158 0.00181335584555 9
66.146783 1  -0.001544752623 0.00842223648245 0.00357176541361 -0.00109306881943   0.0265971920185  0.00214295960027 0.00597558303517  -0.177739103536  -0.050944078721 0.00181335584555 9
66.198866 1 -0.00154469989378  0.00842240630478  0.00357175758223 -0.00109161602857   0.0265965741867  0.00214294833715 0.00597381837037  -0.177740006049 -0.0509410868452 0.00181335584555 9
66.250949 1 -0.00153361156933  0.00841567933898  0.00356986589392 -0.00107988650271   0.0265902925485  0.00214025526735 0.00597280427736  -0.177737343659 -0.0509361553112 0.00181335584555 9
66.303037 1 -0.00153346360613  0.00841423469357  0.00356871773646 -0.00107937512333   0.0265886928009  0.00213861905948 0.00597197495205  -0.177735241497  -0.050934836056 0.00181335584555 9
66.355126 1 -0.00153378086279  0.00840958181276  0.00356692793922 -0.00107746172029   0.0265837333032  0.00213606696161   0.00596987738 -0.177733002927 -0.050929254342 0.00181335584555 9
66.407216 1 -0.00152906389205  0.00841171846101  0.00356373128732 -0.00107095696803   0.0265864045751  0.00213150879749 0.00597129169252  -0.177727889249 -0.0509225846762 0.00181335584555 9
66.459306 1 -0.0015290843732 0.00841301420831 0.00356144745959 -0.00106951251633   0.0265880692712  0.00212825107573   0.005972249341  -0.177724104862 -0.0509182450241 0.00181335584555 9
66.511396 1 -0.00153269442873  0.00841055069408  0.00356154489297 -0.00107161639445   0.0265870659806  0.00212838479814  0.0059749902674  -0.177724911547 -0.0509158919722 0.00181335584555 9
66.56348 1 -0.00153280953923  0.00840984859337   0.0035598143579 -0.00107039582391   0.0265867955542  0.00212591607412 0.00597563316373  -0.177722160668 -0.0509121738022 0.00181335584555 9
66.615575 1 -0.00153749267172   0.0084051851732  0.00355838449951 -0.00107383324137   0.0265822481792   0.0021238759971 0.00597458833233   -0.17771967399 -0.0509099776748 0.00181335584555 9
66.667664 1 -0.00153135707566  0.00840631729273   0.0035556231078 -0.00106760080836   0.0265830973038  0.00211994235478 0.00597392254973  -0.177714500971  -0.050906899989 0.00181335584555 9
66.719754 0 -0.00159485956086  0.00987555915335  0.00366139579784 -2.1972762007e-05   0.0145077249072  0.00185762413835 0.00597392254973  -0.177714500971  -0.050906899989 0.00181335584555 10
66.771844 1 -0.00158243699299  0.00984498565702  0.00365329637578 -1.13689979869e-05    0.0144806769974   0.00184608904279 0.00597099866428  -0.177699280126 -0.0509023711979 0.00181335584555 10
66.823934 1 -0.00160125040507   0.0098443586216  0.00363952019006 -2.04922197341e-05    0.0144825641825   0.00182644520305 0.00597072440983  -0.177676628594 -0.0508828278018 0.00181335584555 10
66.876024 1 -0.00157610389143  0.00982287356216  0.00365529521635 1.08200989447e-05   0.0143914422181  0.00184844066753 0.00584276143593  -0.177702828846 -0.0509179414839 0.00181335584555 10
66.928113 1 -0.00160002122025  0.00983238824783  0.00369004143438 -3.96021011832e-05     0.014422365876   0.00189816906404 0.00589943783575  -0.177756651826  -0.050973193215 0.00181335584555 10
66.980203 1 -0.00160776344631  0.00982251363121  0.00366012681668 -3.08661253464e-05    0.0143981000943   0.00185538739197 0.00586306566848  -0.177705318458 -0.0509411635741 0.00181335584555 10
67.032288 1 -0.00159229531257  0.00982572906736  0.00367373392145 -2.89882375405e-05    0.0144081552304   0.00187486179609  0.0058824152713  -0.177726728718 -0.0509622688962 0.00181335584555 10
67.084383 1 -0.00157994884852  0.00982410027484  0.00367376652438 -1.94496133687e-05    0.0143956322909   0.00187484046931 0.00586418169838  -0.177725117194 -0.0509699978515 0.00181335584555 10
67.136472 1 -0.00156899451145  0.00982084560613  0.00368209491297 -1.91964232468e-05    0.0143878815531   0.00188670210793 0.00586115436801  -0.177736077577 -0.0509920158885 0.00181335584555 10
67.188562 1 -0.0015672278867 0.00981095936617 0.00368883828933 -1.85079340457e-05    0.0143741543142   0.00189628583498 0.00585231604652  -0.177747948024 -0.0510002426601 0.00181335584555 10
67.240652 1 -0.00155688843312  0.00980916253233  0.00369169612646 -5.86074578761e-06    0.0143823563252   0.00190042536444  0.0058665829804   -0.17775657289 -0.0509895128421 0.00181335584555 10
67.292741 0 -0.00151058778134   0.0106585398141  0.00375751748602 0.00068801276068   0.014567557243 0.00104690457472  0.0058665829804   -0.17775657289 -0.0509895128421 0.00181335584555 11
67.34483 1 -0.00149331536219    0.010658554273  0.00376766673979 0.000675823737722   0.0145636297022  0.00106134322107 0.00587445893789  -0.177765270268 -0.0510263244701 0.00181335584555 11
67.39692 1 -0.0014915993858  0.0106510451327 0.00376642023274 0.000679341692956    0.014549422646  0.00105953312584 0.00586319541598  -0.177763030195 -0.0510269270553 0.00181335584555 11
67.44901 1 -0.00149058248496   0.0106469399427  0.00378339092558 0.000666411385499   0.0145479500755  0.00108366532239 0.00587209144623  -0.177788612646 -0.0510511753832 0.00181335584555 11
67.501099 1 -0.00148395089699   0.0106493253002  0.00377624874424 0.000669071647167   0.0145442337397  0.00107349978181 0.00586646861253  -0.177774443243 -0.0510528356516 0.00181335584555 11
67.553188 1 -0.00147146588476   0.0106480399487  0.00378900918195 0.000662061336813    0.014551373143   0.0010916925689 0.00588479424961  -0.177792134092 -0.0510753919202 0.00181335584555 11
67.605278 1 -0.00146587289012   0.0106398428123  0.00379321432995 0.000664849722332   0.0145413723191  0.00109765591859 0.00588116082831  -0.177798790517 -0.0510810475308 0.00181335584555 11
67.657366 1 -0.00145789363311   0.0106395738825  0.00379340675136 0.000663332597851   0.0145413165669  0.00109794464177 0.00588514149731   -0.17779640844 -0.0510901289285 0.00181335584555 11
67.709456 1 -0.00144692113676   0.0106396386369  0.00380852846297 0.000653286797309   0.0145400755896  0.00111944557958 0.00589282411462  -0.177816766459 -0.0511208300624 0.00181335584555 11
67.761546 0 -0.0014177317215  0.0113895296094 0.00387335254831 0.00110194516953  0.0156507155054  0.0010166024916 0.00589282411462  -0.177816766459 -0.0511208300624 0.00181335584555 11
67.813635 1 -0.00140952394257   0.0113840517935  0.00387468295156 0.00110367426313   0.015666288186 0.00101854213727 0.00591196301819  -0.177819417057 -0.0511179725337 0.00181335584555 11
67.865724 1 -0.00140919315083   0.0113843675656  0.00389098056854 0.00108610367243  0.0156626686071 0.00104153217031 0.00591547327877  -0.177841866749 -0.0511424027711 0.00181335584555 11
67.917813 1 -0.00140163406329   0.0113812398847  0.00389879575666  0.0010750531381  0.0156638363028 0.00105258501669 0.00592485963648  -0.177850978356 -0.0511590515807 0.00181335584555 11
67.969898 1 -0.00140579696013   0.0113836929903  0.00390620937487 0.00106703931313  0.0156543926995 0.00106301075251 0.00591672781909  -0.177861293954 -0.0511709740311 0.00181335584555 11
68.021992 1 -0.00139849223688   0.0113749571558  0.00390292176494 0.00106956760553  0.0156513209282 0.00105839380743 0.00592054640092  -0.177855314146 -0.0511704780669 0.00181335584555 11
68.074081 1 -0.0014012623342  0.0113735001392 0.00391709964832  0.0010652263886  0.0156351380638 0.00107834530125 0.00590799058432   -0.17787752474 -0.0511846471019 0.00181335584555 11
68.126171 1 -0.00140970673169   0.0113760509834  0.00392790513614 0.00103980702511  0.0156505680215 0.00109363545838 0.00592770617528  -0.177891646126 -0.0512020149383 0.00181335584555 11
68.17826 1 -0.00139917291835   0.0113789219852  0.00393150714808 0.00103957940347   0.015624152047 0.00109865047929 0.00590464944379  -0.177893564197 -0.0512206655382 0.00181335584555 11
68.23035 1 -0.00139532975894    0.011375424399  0.00393859987164 0.00102571294567  0.0156315380748 0.00110870066809 0.00592004740442  -0.177901904932 -0.0512351270044 0.00181335584555 11
68.282438 1 -0.00139491753282   0.0113730357175  0.00393589870748 0.00102831800289  0.0156128417257 0.00110484431947 0.00590340971944  -0.177896684599  -0.051237796775 0.00181335584555 11
68.334527 1 -0.00137645489008   0.0113658058672  0.00395351127474 0.00101715089723  0.0156216749992 0.00112975631288 0.00592602521679  -0.177921175328 -0.0512627000721 0.00181335584555 11
68.386616 1 -0.00137812668755   0.0113597375801  0.00394166895477 0.00102130082235  0.0156111627094 0.00111303705808 0.00591791241558  -0.177902010183 -0.0512543896234 0.00181335584555 11
68.438705 1 -0.00136908506877   0.0113530511198  0.00396296065595 0.00100862328808  0.0156232667338 0.00114313332669 0.00594140429285  -0.177934425098 -0.0512755719581 0.00181335584555 11
68.490794 1 -0.00135531391062    0.011350001658  0.00395910247506 0.00101731892397  0.0156208530349 0.00113770207967 0.00594167004001  -0.177927532281 -0.0512747482773 0.00181335584555 11
68.542883 1 -0.00135187369586   0.0113499507002  0.00397344724203 0.000992406017256    0.015629381589  0.00115798520812 0.00596014663314  -0.177945234321 -0.0513032052929 0.00181335584555 11
68.594973 1 -0.00135484487306   0.0113510416669  0.00399019968795 0.00097221597318  0.0156280797842 0.00118161968089 0.00596523356568  -0.177968817416 -0.0513283323785 0.00181335584555 11
68.647061 1 -0.00135364703581   0.0113428683563  0.00400516934148 0.000956931242121   0.0156169705873  0.00120273493295  0.0059665905514  -0.177989698094 -0.0513519180548 0.00181335584555 11
68.69915 1 -0.00135614131747   0.0113361599321  0.00402111177658 0.000941291462675   0.0156293537273  0.00122527756657 0.00598836880211  -0.178014541814 -0.0513659952458 0.00181335584555 11
68.751239 0 -0.00128213981578   0.0122195798898  0.00407201916602 0.00186562989494  0.0154337159897  0.0007331367974 0.00598836880211  -0.178014541814 -0.0513659952458 0.00181335584555 11
68.803328 1 -0.00126883338626   0.0122185879667  0.00409195520291  0.00184734743774   0.0154378726529 0.000761035612583 0.00600017250403  -0.178041356821 -0.0513912417183 0.00181335584555 11
68.855417 1 -0.00126319491292   0.0122281231317  0.00410154245325  0.00183178212581   0.0154300530498 0.000774419428162 0.00599603736367  -0.178051993842 -0.0514123057344 0.00181335584555 11
68.907501 1 -0.00126127264634   0.0122304363154   0.0041093442229  0.00181591014084   0.0154180037751 0.000785308114752 0.00599146968756  -0.178060250854 -0.0514310017527 0.00181335584555 11
68.959595 1 -0.00126542855685   0.0122312654807  0.00411661550318  0.00179476340092   0.0154053181639 0.000795455220324 0.00598736013959  -0.178067404777 -0.0514503184648 0.00181335584555 11
69.011683 1 -0.00125062767127   0.0122283433862  0.00412697702244  0.00178876617847   0.0153836949443 0.000809913203627  0.0059781594588  -0.178079800155 -0.0514707515725 0.00181335584555 11
69.063772 1 -0.00125040844346   0.0122270489846  0.00411832739382  0.00180190182634   0.0153820165146 0.000797813838867 0.00597363609568  -0.178068468046 -0.0514583661019 0.00181335584555 11
69.115861 1 -0.00124465675956   0.0122175910824  0.00411739919938  0.00180524732928    0.015391090839 0.000796557536723 0.00598478552607  -0.178067782119 -0.0514539383562 0.00181335584555 11
69.16795 1 -0.0012456529402  0.0122096761107 0.00413681800213  0.00178837101859   0.0154087003434 0.000823756067384 0.00600646747531  -0.178097209847 -0.0514670621704 0.00181335584555 11
69.22004 1 -0.00122535036157   0.0122179057476  0.00415479148054  0.00177564409224   0.0153850546238 0.000848838105084 0.00599358346445  -0.178119282125 -0.0515007720234 0.00181335584555 11
69.272128 1 -0.00118162534354   0.0122580643576  0.00419268667068  0.00174967862172    0.015374595013 0.000901767266888  0.0059841020662  -0.178167222581 -0.0515654088554 0.00181335584555 11
69.324217 0 -0.000966503878415    0.0131262841289   0.00406465261519  0.00691398926109   0.0194821297558 -0.00662444485331  0.0059841020662  -0.178167222581 -0.0515654088554 0.00181335584555 11
69.376307 1 -0.000944819122065    0.0131318679818   0.00387911416401  0.00701141847711   0.0196636352416 -0.00688080161399 0.00616912251903  -0.177942073145 -0.0512761293876 0.00181335584555 11
69.428394 0 -0.000597287864564    0.0143215197534   0.00338820017918  0.00321959183153   0.0161041870875 -0.00830354673657 0.00616912251903  -0.177942073145 -0.0512761293876 0.00181335584555 11
69.480482 1 -0.000542635883535    0.0143651783841    0.0034295350997  0.00318713498911   0.0160237046898 -0.00824739937111 0.00611491337512   -0.17797640926 -0.0513809824787 0.00181335584555 11
69.532571 1 -0.000464605110856     0.014412131657   0.00340803051871  0.00312182529316   0.0159986912847 -0.00827669779858 0.00613727067862  -0.177933630636 -0.0514125364397 0.00181335584555 11
69.584661 0 -0.000315447776771    0.0150747683741   0.00279139039569 0.00493691739548 0.00952294210073 -0.0156412439893 0.00613727067862  -0.177933630636 -0.0514125364397 0.00181335584555 11
69.636749 0 -0.000154300578303    0.0155675207463   0.00242800341731 0.000988032471132   0.0106144515152   0.0203229760683 0.00613727067862  -0.177933630636 -0.0514125364397 0.00181335584555 11
69.688837 0 8.37145707004e-05   0.0162583664311  0.00527510641735 0.00868163465994  0.0125556171402  0.0960976880436 0.00613727067862  -0.177933630636 -0.0514125364397 0.00181335584555 11
69.740925 0 0.000905179291858   0.0170111408595   0.0122654143646 0.0250112525563 0.0142984412799  0.163926720332 0.00613727067862  -0.177933630636 -0.0514125364397 0.00181335584555 11
69.793015 0 0.00276139956018  0.0178718937036  0.0218701461805 0.0478267428659 0.0172233018722  0.208744288447 0.00613727067862  -0.177933630636 -0.0514125364397 0.00181335584555 11
69.845097 0 0.00601458027117  0.0189555451507  0.0337309509415  0.077384026289 0.0247489878028  0.250600172593 0.00613727067862  -0.177933630636 -0.0514125364397 0.00181335584555 11
69.897191 0 0.0109379482093  0.020526415259 0.0482531741976  0.110403945722 0.0342629978631  0.307290276585 0.00613727067862  -0.177933630636 -0.0514125364397 0.00181335584555 11
69.94928 0 -0.0362128891057 -0.0524790187282   0.107256745546   0.111689157256 0.00889145740404   0.356776569286  0.0060419621629  -0.178291994384 -0.0516635972701 0.0156097411926 11
70.001368 0 -0.0289774077043 -0.0488620429896   0.129640746235     0.136830037 0.0325323692293  0.368879858803 0.00604346940273  -0.178267290078 -0.0516964151209 0.0167313072249 11
70.053457 0  0.0408207145632 -0.0302684475254   0.162639007413  0.175896131155 0.0560979328996  0.393317040514 0.00594340548997  -0.178211725047 -0.0525376779111 0.014450878194 11
70.105545 0  0.0555018539379 -0.0136628096057   0.181310940885  0.177909214829 0.0803047416066  0.387154946207 0.00553595218496  -0.177924533573 -0.0538896526218 0.0130750206935 11
70.157634 0   0.0831094037089 0.000689536185821    0.206620054508  0.181809149967 0.0988732551785  0.379927231872 0.00461293858905  -0.177645809634  -0.055797559099 0.00717888650902 11
70.209723 0  0.0912232781456 0.00724396703526   0.230092180824  0.17322161322 0.109386610294 0.372795982737 0.00388354127954  -0.177418492873 -0.0572963149471 0.00460417557492 11
70.261811 0 0.0848747115994 0.0108309059779  0.261942866947 0.152238063466 0.117217195503 0.379738919966  0.0026155635923  -0.177318989109 -0.0587167512397 0.00347880750627 11
70.313894 0 0.095379551208 0.020500764156 0.285462934997 0.139639640589  0.13562499889 0.381395159425 0.00123842495644  -0.177025276579 -0.0611993281281 0.0017232258803 11
70.365988 0 0.0862565424108 0.0297802428431  0.312610952205 0.116974729863 0.162503804258  0.39105769677 -0.00191200135188   -0.176547618276  -0.0654607359918 0.000409770396832 11
70.418076 0  0.100626356193 0.0401471931087  0.331268774555 0.108742328719 0.185255929738 0.387391267285 -0.00168342063457   -0.176664834224   -0.064772574257 0.000300952242674 11
70.470164 0   0.10080909027 0.0517178673866   0.34973722528 0.0955612690996  0.210166425546  0.376746591055 -0.00390751963909   -0.176485187101  -0.0668750751037 0.000606745062126 11
70.522252 0  0.103187347622 0.0628683725462  0.370840825445 0.0896035442417  0.223512047894  0.376042528725 -0.00604783507857   -0.176396411577  -0.0688489713798 0.000349030687061 11
70.57434 0  0.107774249488 0.0747988312376  0.390345192022 0.0850457283411  0.230092376596  0.372733587226 -0.00629461195785   -0.176407211558  -0.0690354480952 0.000400808688285 11
70.626429 0  0.106567042715 0.0893096822138  0.408874415472 0.0733513219268  0.241427417477  0.382519080615 -0.00785016308618   -0.176142365501  -0.0708954029732 0.00045452507487 11
70.678517 0 0.104868545283  0.10484483693 0.431063858579 0.0633426618504  0.247864938821  0.393304686333 -0.0119522859422  -0.176055976429 -0.0745373709585 0.000494827592251 11
70.730605 0 0.107807493978 0.118494570645 0.450539337729 0.0591268482123  0.239579421117  0.391724152629 -0.0135863358113   -0.17596731138 -0.0763913484364 0.00109196324288 11
70.782689 0 0.110910392746 0.130859019563 0.472199996963 0.0525365151819  0.230515383813  0.393252877422 -0.0142724065714  -0.175961072083 -0.0769708876389 0.00125497338956 11
70.834782 0 0.114809892902 0.142317836815  0.49073041887 0.0380000914507  0.231073132423  0.399601550757 -0.0142958050528   -0.17613844626 -0.0770451150569 0.00136009215069 11
70.88687 0 0.118474067959 0.153105055544 0.510245395908 0.0212681426033  0.228669839993  0.404326694784 -0.0155168551775  -0.176617373353 -0.0780563853959 0.00144927600611 11
70.938959 0   0.1197174703 0.163942610274 0.532110272795 -0.000485134391117     0.215305225391      0.39864379691 -0.0158869380042   -0.17716151542 -0.0784178429152 0.00115075985489 11
70.991046 0 0.119238592231 0.173539777849 0.553328682786 -0.0204466601441   0.198543625402   0.391874085088 -0.0152913720137  -0.177487573285 -0.0785750336564 0.000767719436202 11
71.043135 0 0.119012475603 0.181388023052 0.572839280778 -0.0431560070863   0.180533069537    0.39045662023 -0.0140517731996  -0.178058801095  -0.079154068715 0.000587201225982 11
71.095223 0 0.116626318638 0.189472167254 0.591693697657 -0.0611021781433   0.158837640897   0.389715092057 -0.0123767348892  -0.178583546231 -0.0799813326527 0.000740112304724 11
71.147311 0 0.112521402421 0.196503049146 0.610005011932 -0.077694463096  0.131397024802  0.388326688447 -0.00984414550013   -0.179197900823  -0.0809528728957 0.00103653991258 11
71.199399 0 0.106826206488 0.202911899614 0.629520040569 -0.0900890235739   0.105069575113   0.388402510327 -0.0073536637299  -0.179911609211 -0.0819141706177 0.00120928074432 11
71.25149 0 0.0995964636809  0.208110785215  0.649633582213 -0.101648205387  0.078450279798  0.386309535687 -0.00447907646315   -0.180755144402  -0.0829804405749 0.00117095023356 11
71.303576 0 0.0932448865399  0.212155095771  0.669593202551 -0.108669483073 0.0577052149347  0.385724106415 -0.00271212629123   -0.181109424103  -0.0841070559901 0.0012650382019 11
71.355663 0 0.0866900885086  0.215131995054  0.689882592753 -0.112974402863 0.0397257851519  0.384290014951 -0.00095293776729   -0.181399879219   -0.085073202605 0.00127190491694 11
71.407752 0 0.0803611528834  0.217672354668  0.708974626415 -0.110124596211 0.0253466261166  0.384754426919 -9.55044461423e-05    -0.181406462806   -0.0862985322839 0.00157500252384 11
71.45984 0 0.0746654262448  0.219004294888  0.727708705274  -0.10666362042 0.0100279394616  0.387747506798 0.00247362605138  -0.181717775343 -0.0869567722389 0.00192674850419 11
71.511928 0 0.0691453779433  0.218469141225  0.747213596458  -0.105596204117 -0.0054515927542   0.382101314377 0.00492939802022  -0.182123837695 -0.0868780104106 0.00199863908114 11
71.564016 0 0.0634870594508   0.21762843646  0.766604172164  -0.105548210141 -0.0169172793153    0.37889601732 0.00644208809244  -0.182346786987 -0.0868835024765 0.00205660404303 11
71.616104 0 0.0578786649459  0.216843134619  0.786885008892  -0.105041901165 -0.0251597945797   0.367495148656 0.00901721957455  -0.182698315027 -0.0870454173816 0.00199230645992 11
71.668192 0 0.0521281933402  0.214772616257    0.8060162332    -0.1075824748 -0.0356275549917   0.353312369115 0.0104313986956 -0.182880789995 -0.087097183907 0.00189493735949 11
71.720276 0 0.0465650916915  0.211974546019  0.824897023863  -0.110036510977 -0.0443792633368   0.342325820065  0.0133048379215  -0.183152251367 -0.0874993876646 0.00177773407177 11
71.772368 0 0.0407516027898  0.208949161111  0.842407416809 -0.114377746878 -0.057772547367  0.329179734353   0.013949713063  -0.183207764705 -0.0876792195444 0.00176993293749 11
71.824456 0 0.0344967482984  0.204891793493  0.859078876886  -0.118185751576 -0.0712090447499   0.319732773113  0.0144219219695  -0.183242628901 -0.0879526943347 0.00179532699105 11
71.876543 0 0.0284711545596  0.200801496028  0.874871037337  -0.115618012901 -0.0829095241735   0.306816723701  0.0140166995517  -0.183195618525 -0.0880175387641 0.00186659682204 11
71.928632 0 0.0241049469009  0.194788166288  0.891010529419  -0.109473748161 -0.0906056992359   0.296087731114  0.0152804013985  -0.183186198016 -0.0892101952243 0.00184581111997 11
71.98072 0 0.0193867360361  0.188920364192  0.906451484198  -0.098662819002 -0.0966997221866   0.292051503623   0.015662146118  -0.183125625379 -0.0900084232744 0.00185801666788 11
72.032807 0 0.0147029668979  0.183295387787  0.921475949392 -0.0862476281281 -0.0989865851327   0.287677231318  0.0159384984337  -0.183114692337 -0.0902994538317 0.00183011785089 11
72.084895 0 0.0104682492459  0.177861409537  0.936662522448 -0.0748424253472  -0.099969614458     0.2882175816  0.0165785889896  -0.183116256207 -0.0908060722374 0.00182329209467 11
72.136983 0 0.0068075776467  0.171419785382  0.952608631938 -0.0627184034787  -0.104810892634    0.27786048521   0.017351728025   -0.18294055127 -0.0922850620847 0.00171706605797 11
72.189066 0 0.00275676256468   0.165683081898   0.967467624373 -0.0543836203051  -0.104642597313   0.268290098909  0.0179298132684  -0.182904610961 -0.0925521356739 0.00163545464025 11
72.241159 0 6.72775386043e-05    0.159790648932    0.981788091417 -0.0456311489487   -0.10683648606   0.263370770493 0.0189222429237 -0.182811704851 -0.093668273611 0.0016236232912 11
72.293247 0 -0.00264941277252    0.153858966754    0.996215275908 -0.0398029145148  -0.107931602086   0.255422464047  0.0202540747589  -0.182664808692 -0.0953008927702 0.00159747911782 11
72.345335 0 -0.00500213053445    0.147726225574     1.01133801876 -0.0364814355921  -0.109354962367   0.251825376843  0.0216418712081  -0.182463129208 -0.0974886145765 0.00152518748699 11
72.397423 0 -0.0072597436601   0.141630883838    1.02567029168 -0.0381984011376  -0.113088750958   0.247803338337  0.0229161066499  -0.182297607921 -0.0993145850043 0.00149873016879 11
72.44951 0 -0.00953545117378    0.136397681422     1.03929376248 -0.040805801294 -0.112062409539  0.239549449415 0.0240035670878 -0.182144576508 -0.100934883779 0.00146071327989 11
72.501597 0 -0.0116313442781    0.13089169693    1.05336111599 -0.0438405722784  -0.110874358053   0.242495973662 0.0248201416851  -0.18186614596 -0.103545270094 0.00143073954457 11
72.553685 0 -0.0139568223032   0.125762988974    1.06685169178 -0.0451777664793  -0.104008567139   0.241322450527 0.0254175640902 -0.181570260396 -0.106081980228 0.00145158686437 11
72.605773 0 -0.0161324862144   0.119961325413    1.08141428986 -0.0468172797638  -0.104611118228   0.236556980851 0.0259088687618 -0.181297954309  -0.10873623296 0.00137539911642 11
72.657856 0 -0.0186328202998   0.115095705605    1.09493804776 -0.049057972026 -0.101250353115  0.232819490201 0.0264559106679 -0.181018463683  -0.11111820215 0.0013722301286 11
72.709948 0 -0.0207294628186   0.110498390813    1.10820716692 -0.0503864578243  -0.100189608755   0.231851376606 0.0270157715335 -0.180652079654 -0.114096402245 0.00138593198319 11
72.762036 0 -0.0234192417892    0.10582388869      1.121437302 -0.0519481870748  -0.097638691372   0.231454202631 0.0273883927263 -0.180330439607 -0.116626540865 0.00138602778459 11
72.814123 0 -0.024925286636  0.100612822754   1.13547666051 -0.0505002772151 -0.0994276075929   0.229747844069 0.0273734586708 -0.180004886352 -0.119873696713 0.00139117873039 11
72.866211 0 -0.0271669418485  0.0953903903854    1.14851198587 -0.0496357650127 -0.0987168766558   0.228750642093 0.0274955372724 -0.179818916472 -0.121587188645 0.0013700760631 11
72.918298 0 -0.0292463960904  0.0912176403866     1.1608862089 -0.046992821984 -0.095315786661   0.22712268868  0.027622741452 -0.179403946444  -0.12438079554 0.00133087996621 11
72.970386 0 -0.0303682383482  0.0868370467812    1.17358308058 -0.0436356939957   -0.08879407104    0.23234533624  0.027480217964 -0.178912352911 -0.128051335161 0.00135177973652 11
73.022474 0 -0.0315532658062  0.0825846166959    1.18678765854 -0.0391576072828 -0.0801665328874   0.237752869593 0.0276669063793 -0.178712316571 -0.129958453065 0.00135226891243 11
73.074562 0 -0.0317109791711  0.0790732360923    1.19948506861 -0.0389427273417 -0.0737112719792   0.235466190962 0.0277619933416 -0.178357644003  -0.13269362044 0.00138264841903 11
73.126648 0 -0.0314598496764  0.0755611688197    1.21169956666 -0.0421166618349 -0.0637020861571   0.242121242295  0.028053073234 -0.177930473866 -0.135720521669 0.0014981945925 11
73.178737 0 -0.0310242270563   0.072800622368    1.22346807381 -0.0473759358074 -0.0529538349954   0.245477702181  0.028316221749 -0.177456149328 -0.139124139842 0.00176201684169 11
73.230824 0 -0.0320402468095  0.0703604754497    1.23723713432 -0.0540501553274 -0.0482086106603   0.250583786801 0.0290181605483 -0.177215947397 -0.141274776712 0.00181743110289 11
73.282912 0 -0.0341970064785  0.0678943307638    1.25171161347 -0.0647227579978 -0.0502438407222   0.253233921217 0.0298007884407 -0.177128042493 -0.143001395903 0.00181196282712 11
73.335 0 -0.037295284832 0.0654741202867   1.26565522028 -0.0782400585022  -0.052610734393   0.247446844007 0.0302044921935 -0.176987346906 -0.143866220976 0.00178825364369 11
73.387087 0 -0.0410319753352  0.0632725881059    1.27978805563 -0.0930615218271 -0.0599876999007   0.239859425906 0.0305513379387   -0.1767940995 -0.145358495359 0.0017263343402 11
73.439174 0 -0.0450633289449  0.0599481082797    1.29267622219  -0.107818236438 -0.0687743374682   0.232230604992 0.0309791751959   -0.1767178291 -0.145979663592 0.00181108467463 11
73.491262 0 -0.0496695244557  0.0570564939138    1.30524925741  -0.121358096301 -0.0740614714936     0.2280264342 0.0315352286779 -0.176449919046 -0.147445523802 0.00181852464979 11
73.543349 0 -0.0546479099246  0.0533920277101    1.31711435377    -0.1326728928 -0.0793465259704   0.217895964444 0.0319929122223   -0.1762846777 -0.148376452363 0.00186913178777 11
73.595433 0 -0.060618352995 0.0506971308157   1.32799873722 -0.139000544231 -0.078421829442  0.210357093577 0.0327248176519 -0.176029689636 -0.149373635539 0.00190344197483 11
73.647524 0 -0.0651489173795  0.0469160488829     1.3386627615  -0.139750396693 -0.0773207762257   0.206585109866 0.0333221040608 -0.175803136416 -0.150455836289 0.00193837834883 11
73.699611 0 -0.0693808159073   0.042741714038    1.34902951354 -0.134084623854   -0.0735179921   0.20325978978 0.0338804432217 -0.175645233924 -0.151306741138 0.00198231588685 11
73.751698 0 -0.0735382922207  0.0391103372501     1.3595193387  -0.125246069093 -0.0705816243539   0.204083589819 0.0342941334145 -0.175387890055 -0.152926572593 0.00204051057376 11
73.803786 0 -0.0768233576823  0.0340435068161    1.37081080071  -0.113048727899 -0.0687066570829   0.204607877245 0.0346975872548 -0.175343867426 -0.153578126333 0.00204159790057 11
73.855873 0 -0.080527428712 0.0305728883663   1.38200246032 -0.0995817463433 -0.0672471230166   0.208489791895 0.0356083763576 -0.175318494982 -0.153515682274 0.00198606417451 11
73.90796 0 -0.0828517418525  0.0274976935181    1.39327190637 -0.0843999956068 -0.0597681851465   0.212501066212 0.0365434907846 -0.175218538047 -0.153858257367 0.00195162580367 11
73.960048 0 -0.0842252834232  0.0246868944906    1.40516022194   -0.06946271641 -0.0542275329564   0.216623901139 0.0373676714817 -0.175025137479 -0.154898970248 0.00195194327021 11
74.012136 0 -0.0853992420215  0.0218424876326    1.41745354541 -0.0567861054681 -0.0499292022239   0.215505116173 0.0386120379489 -0.175063547299 -0.154614964601 0.0018839673906 11
74.064218 0 -0.0860480418792  0.0198860527653    1.42920713511 -0.0461891719761 -0.0433561997941   0.209793260328  0.039309893005   -0.1749133855 -0.155287527459 0.00187840100296 11
74.11631 0 -0.0864675097031  0.0179517638853    1.44045276451 -0.0383345823536 -0.0381316330382    0.20242285146 0.0400581415781 -0.174886929349 -0.155413922833 0.00187533858707 11
74.168398 0 -0.0863837812981  0.0167248373292    1.45119290045 -0.0291849542777 -0.0316775038313   0.193753140265 0.0405399259902 -0.174747275981 -0.156121304143 0.00187775429041 11
74.220485 0 -0.0857999670727  0.0158157004231    1.46121098834 -0.0176739236365 -0.0258196187926   0.190300482212 0.0410573323706 -0.174675656897 -0.156520937588 0.00189558751957 11
74.272572 0 -0.0840554604076  0.0147468487066    1.47092705456 -0.0025858968531  -0.020664869398   0.182850052848 0.0414826930097 -0.174634454846 -0.156820081517 0.00190145434753 11
74.324659 0 -0.0822470681785  0.0143912261552     1.4802165106  0.0130166412993 -0.0158579602846   0.181306558627 0.0419037518295 -0.174600056958 -0.157057800137 0.00186842487639 11
74.376747 0 -0.0789480062799  0.0135279305284    1.48925154735  0.0300409522085 -0.0132730753979   0.183460688147 0.0422826062006 -0.174663809765 -0.156921128039 0.00188277833044 11
74.428833 0 -0.0753910533598  0.0130966654236    1.49843730137   0.0459773525375 -0.00749897977724    0.187425147916 0.0429141800622 -0.174859282205 -0.156131859755 0.00185250655544 11
74.480921 0 -0.0701756349159  0.0129786703245    1.50793942036   0.0611802549345 0.000342660973742    0.183822111783 0.0432298389432 -0.174805341462 -0.156540360302 0.00185889565539 11
74.533002 0 -0.0647859640734  0.0132514530998    1.51722712242   0.074500172762 0.00712618334895   0.183832298225 0.0439113150128 -0.175020777222 -0.155698820243 0.00182876187983 11
74.585095 0 -0.0582507983483  0.0146760056906    1.52647779075 0.0864584751649 0.0182428931819  0.183961077841 0.0442826379312 -0.175006500068  -0.15586944546 0.00182815868832 11
74.637182 0 -0.0517730807108  0.0164845907626    1.53645411214 0.0942829322019 0.0260015643379  0.189409688287 0.0446771883415 -0.174980948191 -0.156108790015 0.00182645746517 11
74.689269 0 -0.0453742402669  0.0193197836086    1.54565064209 0.0981131070241 0.0385709894933  0.188336191746 0.0454311231065 -0.175310797232 -0.154693431244 0.00182888970949 11
74.741356 0 -0.0377709062928  0.0228786473439    1.55530628012  0.102691493064 0.0487670108667  0.195072091097 0.0455431506288 -0.175197667769 -0.155366631844 0.00186624707466 11
74.793444 0 -0.031364990868 0.0257267480566   1.56601790021  0.105182515715 0.0546765006252  0.193981579439 0.0458541448818 -0.175252433912 -0.155201373066 0.00186982949751 11
74.845531 0 -0.0240724122854  0.0296809547053    1.57633162476  0.108029341339 0.0631521847831  0.189363635324 0.0457141614752 -0.175040721209 -0.156292479361 0.00189528518814 11
74.897618 0 -0.0172274933393  0.0332673680345    1.58646496098  0.111370739172 0.0634243656735  0.186085446175 0.0458200964015 -0.175105736973 -0.156096505229 0.00193334102815 11
74.949705 0 -0.00969308293966   0.0374648099601     1.59650228554  0.117935364405 0.0626691498961  0.187276249494 0.0458241787421 -0.175048277984 -0.156466143602 0.00192610799927 11
75.001787 0 -0.0011961932752  0.0409863249776     1.6062546564  0.126277581733 0.0591516250456  0.181575682316 0.0459299399728 -0.175138872229 -0.156214949274 0.00193102305966 11
75.053879 0 0.00778022698744  0.0440063151101    1.61594072295  0.135737216362 0.0555138143504  0.181370994549 0.0458698428777 -0.175056843252 -0.156689277757 0.00195156075671 11
75.105966 0 0.0169227684171 0.0481869054065   1.62584992827  0.145299826639 0.0537997093514  0.190771113881 0.0462685595961 -0.175337363421 -0.155531686289 0.00191939007268 11
75.158054 0 0.0265902706966  0.051500803787   1.63648910197  0.153395908078 0.0507972371434  0.196230787681 0.0464683056229 -0.175417925091 -0.155219221392 0.00189727885087 11
75.21014 0 0.0370740556553 0.0543336097031   1.64767220704  0.160145392212 0.0465781310393   0.20626238058 0.0463995443973 -0.175160642042 -0.156446641236 0.00190997756474 11
75.262228 0 0.0467561793457 0.0567001073305   1.65918753628  0.161391676046 0.0406021900296  0.205959095457 0.0465787351938 -0.175125327575  -0.15658941461 0.00191124933225 11
75.314315 0 0.0570851328842 0.0588475338554   1.67122323998  0.160740009565 0.0356606444733  0.210769218388 0.0467536184851 -0.175053014948 -0.156934260705 0.0019031759485 11
75.366402 0 0.0676396134981 0.0621254326525   1.68331135279  0.157561692393 0.0354742060494  0.218411962265  0.046724210926 -0.174654755767 -0.158695667688 0.00191165775548 11
75.418489 0 0.0778175062292 0.0650554793544   1.69598986671  0.151345710272 0.0366430681677  0.217671602701  0.046720566668 -0.174116078572 -0.161122984211 0.00188964700393 11
75.470575 0 0.0883628509483 0.0676678525718   1.70889402896  0.146134721445 0.0366659228256  0.221474328781 0.0466854424558  -0.17341028052 -0.164357982381 0.00184361329939 11
75.522663 0 0.0978229288649 0.0701106934158   1.72143135866  0.140560198787 0.0325858179644  0.224787306421 0.0467147526862 -0.172880987116 -0.166805261038 0.0018426760946 11
75.574749 0  0.107072109028 0.0741131141519   1.73462349025  0.137008406379 0.0390564461667  0.225403431236 0.0468302139358 -0.172365279465 -0.169124261418 0.00183417640138 11
75.626836 0   0.11633951818 0.0777887642218   1.74767447287 0.133901838811 0.045543346298 0.233368357862 0.0468972035797 -0.171883271532 -0.171360726755 0.00182550564689 11
75.678923 0  0.124577291007 0.0807266769103   1.76053545936  0.130231587959 0.0505926654549  0.233476235926 0.0469304643318  -0.17178624408 -0.171720645019 0.00180396256133 11
75.73101 0  0.132484180836 0.0856160915156   1.77376891004  0.126811359962 0.0545410604917  0.239231238961 0.0469604708774 -0.171601385001 -0.172473202373 0.00180447822475 11
75.783097 0  0.139722343911 0.0875982382503   1.78646613044 0.119411900102 0.051565503832 0.246053944973  0.046909894695 -0.171469131623 -0.173060319956 0.00180645414891 11
75.835183 0   0.14627351785 0.0909574612223   1.79934648882  0.111317611496 0.0507624525161   0.24336293527  0.046792008199 -0.171520391693 -0.172533737357 0.0018243471555 11
75.887271 0  0.152568723445 0.0931874229164   1.81224418081  0.102725359152 0.0501967814599  0.243702239916 0.0467845018717 -0.171472788235 -0.172614213543 0.00183095978597 11
75.939357 0  0.157978654623 0.0961873970291   1.82475738139 0.0939271036064 0.0468081362075  0.241086109583 0.0467260091847 -0.171514594681 -0.172107518509 0.00185771707068 11
75.991444 0  0.163176723364 0.0990260052185   1.83713661357 0.0861938477714 0.0468489064766  0.237667357665 0.0467631268209 -0.171467052801 -0.172193333665 0.0018998602909 11
76.043531 0 0.168802533489 0.101169091884  1.85009391762 0.0832218441116 0.0477652719561  0.235360149079 0.0467258971828 -0.171355008601 -0.172521477033 0.00187474364668 11
76.095618 0 0.173788218714 0.104041250857   1.8621858585 0.0817975232916 0.0440500905867  0.230718864748 0.0466403730407 -0.171325342903 -0.172395820997 0.001887529079 11
76.147705 0 0.179628542321 0.107148853074  1.87522880993 0.0850906385737 0.0379193414706  0.235267898242 0.0465635865564 -0.171172978182 -0.173130266591 0.00187883988785 11
76.199792 0 0.185724179339 0.108910134785  1.88783913199 0.0938912080175 0.0307498160669  0.228171141877 0.0464811231294 -0.171029327702  -0.17378335194 0.00189429674213 11
76.251878 0 0.19104508903 0.11092369977 1.89876436274  0.103460397397 0.0287936733719   0.20875406155 0.0464916337526 -0.171062345057 -0.173414006722 0.00193983805702 11
76.303965 0 0.198098078603 0.113147926642   1.9098794205  0.116696572236 0.0325136400694  0.210362384131 0.0464110132655 -0.170954187029 -0.174018311958 0.00195470358944 11
76.356052 1 0.196572629198 0.113399994945  1.90912711002  0.115100655639 0.0331735384088  0.209603875076 0.0469182271464 -0.171501649109 -0.171447887404 0.0019559026134 11
76.408139 0  0.20901843206 0.117253023931   1.9216123512  0.131923064407 0.0304174261526  0.237956694789 0.0469264840955   -0.1709290564 -0.176293394632 0.0027357148498 11
76.460226 0 0.217606466294   0.1188020003  1.93522618749  0.140525535392 0.0292284233626  0.251116103818 0.0473850795826 -0.170610123089 -0.178518421162 0.00287246106771 11
76.512312 0 0.224660793571 0.119917677409  1.94862174345  0.140439594395 0.0283029457062  0.240697854435 0.0478593352337 -0.170382145228 -0.179655524394 0.00285337846944 11
76.564398 0 0.232294002792 0.120865404177  1.96125977355  0.136794378438 0.0268666175871  0.230772755078  0.048179279646 -0.170235952495 -0.180501335853 0.00285187216535 11
76.616486 0 0.240271311681 0.121383183802  1.97386285595  0.131822235601 0.0218222053456  0.231068977576 0.0483637314841 -0.170059098557 -0.181568284437 0.00284645730688 11
76.668572 0  0.24702486204 0.120929341995  1.98609772421  0.121300544569 0.0162928372454  0.231672142886  0.048781186831 -0.169861145134 -0.182772379906 0.00283492637406 11
76.720659 0 0.252696685149 0.120657835079  1.99801312486 0.108084146723 0.013083058612 0.233904571207 0.0491230176455 -0.169764298355 -0.183294891789 0.00282922578353 11
76.772745 0 0.257890926881 0.120588265687  2.00993312682  0.0946460773467 0.00846193691013   0.228245880914 0.0494694052225 -0.169688299335 -0.183836639528 0.00283681069247 11
76.824832 0 0.263257646566 0.120387179125  2.02289510895    0.0811677531058 -0.000736086706147     0.227364839392 0.0497236347697 -0.169593499316  -0.18470755355 0.00282293037104 11
76.876918 0  0.26784822232 0.118425352605  2.03518193877  0.0680356371175 -0.0131426914658   0.234455556662 0.0500299728093 -0.169459439371  -0.18566464386 0.00282978394874 11
76.929005 0 0.271310992838 0.117388889714   2.0477334619  0.0570289263574 -0.0137920623548   0.235982555874 0.0502702321218 -0.169393309557  -0.18616043448 0.00283973679523 11
76.981092 0 0.274843206131 0.117511053367  2.06131140913  0.0487639073999 -0.0140193820799   0.233394267218 0.0505302586552 -0.169383098905 -0.186818348785 0.00284854348154 11
77.033179 0 0.278062448794 0.116850837598  2.07458371899  0.0427799019506 -0.0206530830318   0.239497636931 0.0507727692246 -0.169365855155 -0.187398117099 0.00285933571621 11
77.085265 0  0.28198513442 0.114779481967  2.08816415994  0.0415414154769 -0.0296849047504   0.244411699743 0.0508304345514 -0.169300219633 -0.188242535344 0.00286623192043 11
77.137352 0 0.285670238185 0.114949403335  2.10308743875  0.0418100151248 -0.0338089272987   0.245685728655 0.0512646833895 -0.169472500109 -0.188647566762 0.00286566030112 11
77.189439 0 0.290109753848 0.112791083083  2.11713248987  0.0430397862612 -0.0419756889166   0.250113832876 0.0513853095147   -0.1695262416 -0.189455131478 0.00292906343192 11
77.241525 0 0.293180163185 0.113029431575  2.13159076487  0.0441283548967 -0.0443792543476   0.249742430514 0.0515581369594 -0.169787818531   -0.1894139663 0.00296554171118 11
77.293612 0 0.296577552431 0.112190428071  2.14623213427  0.0447411144109 -0.0472330253021   0.250217620004 0.0518414297889 -0.170077904315 -0.189484127937 0.00301075829617 11
77.345698 0 0.299033494791 0.109221823717  2.15988315485  0.0410098276237 -0.0521678831863    0.25121931194  0.052350856993 -0.170129164174  -0.18985223035 0.0030179391096 11
77.397785 0 0.301136774123 0.107082700225  2.17360763043  0.0352108210613 -0.0548860607881   0.251577429876 0.0527087369805 -0.170295027902  -0.18975075029 0.00302092353822 11
77.449871 0 0.302493322346 0.105279497197  2.18794685664  0.0262310678494 -0.0568651146251   0.254983187302 0.0532508634998 -0.170587104247  -0.18936938855 0.00299522233952 11
77.501957 0 0.303298764445 0.102551727218  2.20192068605  0.0160401420344 -0.0613459550269   0.263407672515 0.0538130794401 -0.170744006381  -0.18929565849 0.00299290762453 11
77.554044 0 0.302444179886 0.101884564759  2.21696822442 0.00659951897026 -0.0583475388455   0.261878805875 0.0542516884455 -0.171252239909  -0.18826525191 0.00290417893108 11
77.60613 0  0.303096475455 0.0989789741691   2.23230601125 -0.00196662286244  -0.0552440571292    0.259278999504 0.0544500798594 -0.171479135659 -0.188318377827 0.00285695767461 11
77.658217 0  0.302589660715 0.0960710037787   2.24628122725 -0.0127496223895 -0.0491860474304   0.264492483036 0.0548123739371 -0.171602929918 -0.188327073278 0.00285282141293 11
77.710303 0  0.300711745832 0.0949352178874   2.26042238039 -0.0223343047476 -0.0423733749591   0.269874091895 0.0553874262575 -0.171989840249 -0.187554401356 0.00287139989621 11
77.762389 0   0.29901755336 0.0928808915147     2.275087779 -0.0309888458729 -0.0338760433825   0.275431474657 0.0557949898533 -0.172191604536 -0.187354358291 0.00287216025446 11
77.814476 0  0.297921252067 0.0900370508029   2.29035314217 -0.0387229305094 -0.0294057980948   0.285312281828 0.0557312884178 -0.172118031315 -0.187910971796 0.00285928787639 11
77.866561 0  0.295534359626 0.0895606320136   2.30508679232 -0.0477685015741 -0.0204023768349   0.283211404145 0.0558607644295 -0.172193311944 -0.187588335295 0.00287063233285 11
77.918649 0 0.293462625098 0.088917522298  2.32051653967 -0.0551411192362 -0.0144095426362   0.279882088632 0.0557202243095 -0.172350041976 -0.187458674271 0.0028680671029 11
77.970735 0  0.290751150026 0.0889725433525   2.33569099186  -0.0626749225941 -0.00921704109189    0.278531577221 0.0555952603172 -0.172547683247 -0.187148762838 0.00287714733559 11
78.022822 0   0.28749543906 0.0901354212416   2.35098851404  -0.0715709672409 -0.00531585021638     0.28330415709 0.0554252787735 -0.172901749998 -0.186321761628 0.00288017032105 11
78.074908 0  0.283843420906 0.0916221571076   2.36687018079  -0.0812993130148 -0.00358675708076    0.287141546181 0.0550998935767 -0.173287503365 -0.185536816771 0.00287544079783 11
78.126995 0  0.279641090275 0.0934927723436   2.38317378327  -0.0907988286768 0.000414106682367    0.289177749867 0.0546769544284 -0.173774920902 -0.184515783538 0.00285656899021 11
78.179081 0 0.274643208722 0.095205415373  2.39889209432  -0.101783601402 0.00218854617287   0.293119751749 0.0544463289452 -0.174134803681 -0.183697103494 0.00286055680551 11
78.231168 0  0.269327742078 0.0960397894452   2.41429546804  -0.110540676666 0.00523946385701   0.280539683164 0.0543017007282 -0.174290789862 -0.183360928171 0.00285439384018 11
78.283254 0  0.262572106086 0.0992721105329   2.42884361908   -0.12076627234 0.00943912747699   0.274766535362 0.0543656750539 -0.174699245911 -0.182023036267 0.00282884521126 11
78.335337 0 0.256166780407 0.100734453344  2.44295807768 -0.126567527463 0.0069930089504  0.267062570254 0.0543000161697 -0.174847099545 -0.181600080025 0.00282804252162 11
78.387426 0 0.249939180645  0.10405630283  2.45778529018  -0.128575092031 0.00963295369944     0.2673244617 0.0538991900052 -0.175369306575 -0.180272480974 0.00277723242356 11
78.439513 0 0.244886022323  0.10485561612  2.47300222908 -0.127053765693 0.0126323819718  0.274581234664 0.0532022026404 -0.175653525879 -0.179960264835 0.00279145351464 11
78.491599 0 0.239582602162 0.108125306055  2.48758604039 -0.121578465672 0.0182461388809  0.276875896888 0.0527674683024 -0.176138893743 -0.178781551058 0.0028354001291 11
78.543685 0 0.234775256256 0.109078057687  2.50294249147 -0.115069061988 0.0170541760082  0.277517617652 0.0521752230805 -0.176382454211 -0.178555195478 0.0028484412408 11
78.595772 0 0.229944956674 0.111366909302   2.5179031904  -0.11027249175 0.0173851638982  0.279966422576 0.0518140214931  -0.17674939185 -0.177751329546 0.0028770125585 11
78.647858 0 0.224267113542 0.112315010479   2.5326181203 -0.108115042616 0.0140106904446  0.276721539819 0.0518484001659  -0.17682447112 -0.177563155415 0.00287560371208 11
78.699944 0 0.219021719849 0.113174081471  2.54757243218  -0.10674363644 0.0115638869096  0.271538542905 0.0516879851979 -0.176963815623 -0.177388603737 0.00287812719476 11
78.75203 0 0.213355421756  0.11481635858  2.56169575869 -0.107478399047 0.0107710181888  0.264016617478 0.0516707721423 -0.177161145567 -0.176863825617 0.00287533096866 11
78.804114 0 0.207434699097 0.115456437638  2.57544998828  -0.108421312615 0.00934069446236   0.256786592161 0.0517674074595  -0.17723448756 -0.176728002715 0.00287529703937 11
78.856203 0  0.20075568772 0.115472870497  2.58801711091  -0.111777083726 0.00740716855089   0.254858363956 0.0520719376634 -0.177130808767 -0.176768566583 0.00288139406585 11
78.908289 1 0.200839018678 0.115644076831  2.58809327814 -0.111619156827 0.0076596505086  0.254925592655 0.0521323103567 -0.177134554342 -0.176812549402 0.00288156891221 11
78.960375 0 0.192115464038 0.117930372164  2.60190141983 -0.114981623299 0.0128626829659  0.251598436707 0.0528498948379 -0.177548035502 -0.175996817405 0.00289672788904 11
79.012461 0  0.18410230118 0.117707028181  2.61552438922 -0.117782068411 0.0123771074567  0.248400013008 0.0535366866183  -0.17769891588 -0.175962745999 0.0028878895172 11
79.064548 0 0.175341745216 0.118328699463  2.62777044415 -0.120192257446 0.0119452040248  0.248264930453 0.0541678594633 -0.177800335826 -0.175654210988 0.00289130467145 11
79.116634 0 0.166805733332  0.12048324985  2.64076317517  -0.12267966124 0.0131565762149  0.248155953795 0.0546860604432 -0.178007839288 -0.175165941369 0.00289584802866 11
79.16872 0 0.158363895959 0.120735470823  2.65343153634 -0.125834556307 0.0109728339693  0.252212703047 0.0551275885184 -0.178066052048 -0.175018281669 0.0028877522441 11
79.220807 0 0.150437313884 0.120275761565  2.66672461392  -0.129891617164 0.00481345420669    0.25614781786 0.0555252166323 -0.178110065923  -0.17507495382 0.00288601808402 11
79.272887 0 0.142165222766 0.121830949451  2.67996652346   -0.13500783435 0.00293722896085   0.251087740931 0.0557667227218 -0.178227942266 -0.174732089769 0.00288495068067 11
79.324979 0 0.134079177929 0.121708482324  2.69345560185  -0.139272232461 0.00105097097864    0.24678485103  0.056101177929 -0.178305132693 -0.174737376367 0.00288250999564 11
79.377065 0 0.126219225532 0.121364929603   2.7067645757   -0.138686080544 -0.00231201993044    0.238735015839 0.0564282134219 -0.178381514832 -0.174784174782 0.00287035937854 11
79.429151 0 0.118911262083 0.122540835357  2.72053298518   -0.134223855087 -0.00631936435276    0.235168678926 0.0568287528915 -0.178519713584 -0.174761051635 0.00286052496606 11
79.481237 0 0.112671058031  0.12369155516  2.73510512115  -0.123758851905 -0.0102232342713   0.238111445469 0.0574434919412 -0.178670880381 -0.175018325393 0.00284886760781 11
79.533323 0 0.106680425962 0.123624635667  2.74892937243   -0.11125093466 -0.0128008897562   0.243144548971 0.0578528953564 -0.178757359384 -0.175239653715 0.00285440481154 11
79.585409 0 0.100764403919 0.123874853813  2.76258519316  -0.096340642387 -0.0124625063628   0.247911192186 0.0581627822464 -0.178825407408 -0.175349104268 0.00285840060744 11
79.637495 0 0.0950898566528  0.125197691009   2.77634926149 -0.0829555610691 -0.0120200544161   0.249710377974 0.0584621034698 -0.178911812016 -0.175353449903 0.0028641949549 11
79.689581 0 0.0904616705753  0.125259182941   2.79002091958 -0.0721642232986 -0.0172910844187    0.24763072528 0.0587161795494 -0.178967470081 -0.175418794106 0.00286053166474 11
79.741664 0 0.086155300005 0.124310771649   2.8032238961 -0.0603932548951 -0.0219489126694   0.244097373744 0.0589044711614 -0.178993798319 -0.175510522632 0.00286432191901 11
79.793753 0 0.0828218248319  0.124528807922   2.81639045137 -0.0468448685364  -0.022831922439   0.234624945417 0.0591082964398 -0.179058340134 -0.175499218916 0.00285931460374 11
79.845839 0 0.0801805474217  0.122239561481   2.82915846757 -0.0314248227021  -0.026797092689   0.233403535526  0.059357010947 -0.179039258442  -0.17584190274 0.00286565894473 11
79.897925 0 0.0776575422952  0.120903558049    2.8416030559   -0.01458503692 -0.0280485958839   0.233231776939 0.0594643477313 -0.179052671116 -0.175879100055 0.00286257852793 11
79.950011 0 0.0759083701898  0.120120425369    2.8540950252 0.00236328958405 -0.0326244639459    0.23472257124 0.0595255829554 -0.179091175738 -0.175755716284 0.0028523383262 11
80.002098 0 0.0753733719364  0.118814000925   2.86715978212  0.0189616499321 -0.0351736983406   0.246757583483 0.0596734919585 -0.179103201607 -0.175814844488 0.00283250142138 11
80.054184 0 0.0753393854519  0.117850586872   2.88053275682  0.0335608722176 -0.0339220618222   0.249815934645 0.0597698890618 -0.179133004234 -0.175725447788 0.00281167490989 11
80.10627 0 0.0763894594123  0.116362568877   2.89434012066  0.0475716996911 -0.0360864968707   0.246225600926 0.0600662605619 -0.179115072025 -0.176016311319 0.00280737795293 11
80.158355 0 0.0790400770294   0.11520687479   2.90815722824   0.065490142587 -0.0350845963689   0.241434897791 0.0604203497724 -0.179099128637 -0.176409806583 0.0028022305471 11
80.210436 0 0.0834394498458  0.111010158352   2.92132203742  0.0831101951348 -0.0433657617261   0.236442604936 0.0608759782493 -0.178964446175 -0.177215482098 0.00277764704479 11
80.262528 0 0.088524744519 0.107157210644  2.93439273635  0.0981534352377 -0.0549767617087   0.243933505949 0.0612347321622 -0.178881516512 -0.177785544192 0.00278423702653 11
80.314614 0 0.0940189408097  0.103368668892   2.94786349432   0.108090224257 -0.0662274191227   0.244643416155 0.0614466996153 -0.178856635372 -0.178049353023 0.00278235942151 11
80.366699 0   0.1001883781 0.100815622464  2.96244698801   0.112625817231 -0.0729481366059   0.244963427992 0.0617831062721 -0.178835637738 -0.178513031247 0.00274791764707 11
80.418786 0  0.107175658187 0.0979574969946   2.97708259422   0.112546065021 -0.0743518995023    0.24297173793 0.0622416498656 -0.178774105117 -0.179263318339 0.00271557029829 11
80.470871 0  0.113398877427 0.0944753473048   2.99093048389   0.109502493146 -0.0732462286947   0.241455892262 0.0625538319093 -0.178721148996 -0.179826111673 0.0026961305403 11
80.522957 0 0.119199201075 0.091827290214  3.00484660509   0.102847009557 -0.0649192457887   0.251658273695 0.0628135970133 -0.178688164391 -0.180285181251 0.00269510042678 11
80.575043 0 0.124755038872 0.089198582022  3.01949627857   0.094618891763 -0.0573452218386   0.257826717598  0.063170562677 -0.178645321273 -0.180834971312 0.00269704406144 11
80.627129 0  0.129705550304 0.0868384966701   3.03437273446  0.0818699264353 -0.0512100372708   0.266380116279 0.0635371484997  -0.17860953792 -0.181355639324 0.00269935967052 11
80.67921 0  0.132866724629 0.0848271958992   3.04911965784  0.0641203204565 -0.0500459277887    0.27044466718 0.0637877325079 -0.178586808976 -0.181649977281 0.00270174859961 11
80.731301 0  0.135745560007 0.0833643608719   3.06458771868   0.045577381419 -0.0509384867371   0.268338075789  0.064116125834 -0.178593400375  -0.18201909859 0.00268867272961 11
80.783387 0   0.13788890434 0.0822563063094   3.08026679357  0.0256904872122 -0.0500725304192   0.267109683325 0.0644833638753 -0.178622187784  -0.18242625029 0.00267637693499 11
80.835473 0  0.140044291855 0.0804243357056   3.09448360126 0.00517344320576 -0.0459125714669   0.265390512671 0.0644731276711 -0.178664051909 -0.182466085438 0.00266625526866 11
80.887559 0  0.141659988073 0.0783235895563   3.10936360711 -0.0147738787824 -0.0457986278122   0.268209486523 0.0645174399265 -0.178724899517  -0.18258785962 0.00264333788634 11
80.939644 0  0.142999458616 0.0759590061048   3.12482011542 -0.0348450419446 -0.0453611302637   0.272803263448 0.0646092671576 -0.178815649355 -0.182753363826 0.00261486306507 11
80.991731 0 0.144509634387 0.073128469426  3.14122405689  -0.052930187894 -0.0478607043084   0.274557876863 0.0647646031289 -0.178958660406 -0.182958865509 0.00257396242196 11
81.043816 0  0.145457930032 0.0708547524088     3.157757313 -0.0688996592089 -0.0496996078631   0.273459762561 0.0649200551763 -0.179122002789 -0.183063260503 0.00252967464392 11
81.095902 0  0.146444190873 0.0691405027826    3.1746796039  -0.081805533907 -0.0484214624114   0.279344342147 0.0651246198729 -0.179325374201 -0.183142687593 0.00249531622998 11
81.147988 0  0.146863614918 0.0688378136256   3.19187700969 -0.0920689142317 -0.0415348517092   0.284540497336 0.0653565929198 -0.179541639689 -0.183134679933 0.00248082061289 11
81.200074 0 0.146296744774 0.067482680579  3.20910884641  -0.100147773446 -0.0396926225735   0.287005843456 0.0655223883208 -0.179742132671 -0.183127653817 0.0024785055545 11
81.25216 0  0.144351869274 0.0676066669354    3.2257841534  -0.106571086494 -0.0353715792991   0.282505265475 0.0656892407751 -0.179884503195 -0.183102319899 0.00247106767926 11
81.304245 0  0.142220454945 0.0665347773085   3.24273773325  -0.108436463452 -0.0292104808485   0.295820942177   0.06579660525  -0.18002869629 -0.183086743494 0.00246980943724 11
81.356331 0  0.138502671874 0.0663162406477   3.25956010229  -0.109022774563 -0.0235183793428   0.312636301024  0.065892397519 -0.180095182207 -0.183094649797 0.00247351847976 11
81.408417 0  0.135047028529 0.0666654497609   3.27723804609  -0.107482460321 -0.0178585139133   0.320757467538   0.06600269614  -0.18016475439 -0.183109593905 0.00247909111209 11
81.460503 0  0.132120974622 0.0655919031467   3.29524834023  -0.105356031867 -0.0141106221377   0.322113995232 0.0660935508595 -0.180259342767 -0.183094083912 0.00248125887321 11
81.512588 0  0.130626092693 0.0656227815814   3.31407423071    -0.10017043207 -0.00550784670522    0.327336230793 0.0662500179191 -0.180406795324 -0.183090119084 0.00249109787705 11
81.564674 0   0.12911825392 0.0648613087622   3.33313646165 -0.0961035578566  -0.001146804414   0.340155333957 0.0663912948336   -0.1805553822 -0.183050357901 0.00250359112747 11
81.61676 0  0.128016370333 0.0652321155469   3.35284991937 -0.0933889234762 0.00132987067843   0.352816480249  0.066566600637 -0.180690177079 -0.183065862874 0.00252250220136 11
81.668845 0  0.125643440299 0.0656396110709   3.37236591413 -0.0929730396421 0.00352216779453   0.351538751958 0.0666907479437 -0.180779396179 -0.183089595974 0.00253431041255 11
81.720931 0  0.124238622139 0.0672184088152    3.3920723858 -0.0946774937149 0.00499326056523   0.348458186833 0.0668772694639  -0.18085476675 -0.183241581583 0.00253938333552 11
81.773017 0   0.12188089772 0.0684729528856   3.41135482261 -0.0998951528044 0.00546721892848   0.347576686159 0.0670484678499 -0.180908919669 -0.183388287469 0.00254414039018 11
81.825103 0  0.11946441998 0.067679869634  3.43106851109  -0.105803591276 0.00449608774457   0.344923274704 0.0672781468465 -0.181056973999  -0.18333749186 0.00253783272377 11
81.877188 0  0.116085033759 0.0688064637442   3.45019089908  -0.113529801586 0.00181483451808   0.338615425307 0.0674943173476 -0.181085196771 -0.183541190143 0.00252839527982 11
81.929274 0 0.113820353634 0.068821129353  3.46986334116   -0.119159004573 0.000781356033314    0.335250589725 0.0678981223434 -0.181188789743 -0.183685693738 0.00251303105123 11
81.98136 0  0.111147690055 0.0679605979728   3.48953250138   -0.120716991882 -0.00137780974783    0.329087640628  0.068335649748 -0.181320133549  -0.18374655183 0.00249245897414 11
82.033446 0   0.10789326021 0.0646484440628   3.50883316566  -0.118833253748 -0.0077983847983   0.326574232251 0.0686868436919 -0.181549113289  -0.18346158178 0.00247361410576 11
82.085531 0  0.103110771041 0.0631851798887    3.5268153193  -0.113560533061 -0.0110429706778    0.32864173465 0.0688626565102 -0.181631579514 -0.183394885567 0.00246996381461 11
82.137617 0 0.0989425240525 0.0618412812032   3.54530911198    -0.1045577776 -0.0152025467944   0.329672263439 0.0691030971529 -0.181706019461 -0.183386506067 0.00247040834148 11
82.189703 0 0.093819072209 0.059691527412  3.56273025803 -0.0933397135494  -0.018983419574   0.332039461062 0.0690900595112 -0.181787999125 -0.183178025457 0.00247028231982 11
82.241788 0 0.0894716591285  0.057919589128   3.58010489973 -0.0784602338552 -0.0222227875434   0.332884882925 0.0691053507279 -0.181821819232 -0.183074312788 0.00246980212682 11
82.293874 0   0.08610433493 0.0554889891562   3.59780530019 -0.0607412324974 -0.0274505783504   0.332754684653 0.0691320596729 -0.181898474028 -0.182877869845 0.00247118904619 11
82.345959 0 0.0820764304014 0.0520038837725   3.61389900195 -0.0443525860931 -0.0289771190485   0.330549230254 0.0688216438695 -0.181994140888 -0.182404856138 0.00246859443977 11
82.398044 0 0.0798734275341 0.0500949822291   3.63041684731 -0.0256099785719 -0.0268116704379   0.328152614553 0.0687371060041  -0.18198804329 -0.182301104637 0.00246784111308 11
82.450131 0 0.0785418765048 0.0456845662124   3.64668141351 -0.00712294655381   -0.025546003715    0.330240402458 0.0685199812493 -0.182160085356 -0.181606505816 0.00246339781211 11
82.502217 0 0.0764109052617  0.044358655216   3.66166647294  0.0106498712366 -0.0218588219241   0.324886063448 0.0681402326882  -0.18210653202 -0.181435077956 0.00244442180052 11
82.554301 0 0.0764286317491 0.0410830732079   3.67743761081   0.024269492023 -0.0195840241106   0.321053955324 0.0679327957387   -0.1822353766 -0.180844191337 0.00244201703594 11
82.606384 0 0.0767291009391 0.0385503818413   3.69304165924   0.035093413788 -0.0164534003675   0.327377252936 0.0677069426849 -0.182328233346 -0.180329467416 0.00244055108213 11
82.658473 0 0.0780402811253 0.0355853468565   3.70905999766  0.0424472026123 -0.0131043635324   0.324384912923 0.0675807543552 -0.182486954468 -0.179657670121 0.00245325228084 11
82.710558 0 0.0786844010414 0.0326710793907   3.72435342166   0.0443052113436 -0.00651238031595    0.324025629718 0.0673814898764  -0.18267520322 -0.178747188022 0.00246558025798 11
82.762644 0 0.0799788435901 0.0321751252017   3.73996763053  0.0447406934143 0.00561193514889    0.31839797007 0.0673285117629 -0.182711230348 -0.178387117346 0.00246600794342 11
82.814729 0 0.0812670384825 0.0296289833142    3.7557691959   0.04678800072 0.0143395405338  0.318314801145 0.0672878849468 -0.182941811299 -0.177458268487 0.00246463780437 11
82.866815 0 0.0834684400147 0.0283829939348   3.77211473797 0.0488992561858 0.0248883595166  0.323406518796 0.0673822429894 -0.183085275747 -0.176860057232 0.00245609628468 11
82.918901 0 0.0853911714839 0.0295408610809   3.78831179785 0.0494326029542 0.0336366165086   0.33396618977 0.0674648245457 -0.183109928156  -0.17652970196 0.00245337991499 11
82.970986 0 0.0885824520843 0.0304041047002   3.80546593867 0.0491200133317 0.0414059194758  0.336802981035 0.0677151334673 -0.183152066703 -0.176252023398 0.00245015630825 11
83.023072 0 0.0915238838617 0.0315309876634   3.82243200501 0.0460109537693 0.0430126986726  0.335448337766 0.0679607130202 -0.183199927639 -0.175927243326 0.00244842912896 11
83.075154 0 0.0955391183623 0.0329933028655   3.83983877183 0.0431179169648 0.0453101803896   0.32825246392 0.0683487461738 -0.183196154684 -0.175859186498 0.00244697031004 11
83.127243 1 0.0988070616449 0.0301255274816    3.8417723901 0.0478472767358 0.0426583159245  0.328929202381 0.0702663895344 -0.183474145197 -0.174971795355 0.0024466679959 11
83.179328 1  0.101429422691 0.0275896994488   3.84334474874 0.0516276334578 0.0401551822669  0.329512716575 0.0715403224357 -0.183694512295 -0.174370868916 0.00244660706083 11
83.231414 0  0.110034463817 0.0265713856177   3.86320111781  0.053325745854 0.0407877174638  0.332343482968 0.0720369492199 -0.183713824762 -0.174814663637 0.00244330758142 11
83.2835 0  0.117453911534 0.0286830682202    3.8820849592   0.05618628494 0.0416386620102  0.319394158712 0.0724030971273 -0.183549518552 -0.175712520461 0.00241584870231 11
83.335585 0  0.125009732507 0.0288897146857   3.90008633855 0.0642067866222 0.0416051533697  0.308442073337 0.0727506517103 -0.183492311994 -0.176215297368 0.0023926773801 11
83.38767 0  0.132548993039 0.0312473182641   3.91699477003 0.0772315847176 0.0470250743049  0.307300131791 0.0731350971939 -0.183336589432  -0.17691567464 0.00239248805028 11
83.439756 0  0.140302540929 0.0358080237382   3.93373938855 0.0926675361228 0.0548799792594  0.307997996878 0.0735171067249 -0.183098997815 -0.177808958253 0.00239755477009 11
83.491842 0   0.14867320275 0.0388443035688   3.95068737587  0.106859755542 0.0588764377731  0.317708058798 0.0738697522026  -0.18298263176 -0.178318583654 0.0024082687149 11
83.543923 0  0.156990854035 0.0417893064751   3.96741969615  0.118197402214 0.0616646681351  0.314982332429 0.0742624077407   -0.1829055275 -0.178592540615 0.00240975937574 11
83.596012 0  0.164850680198 0.0439080012217   3.98423159826  0.128077854556 0.0674877833082  0.315566817962 0.0745419538307 -0.182941839006 -0.178484393439 0.00241082968376 11
83.648098 0 0.173424897047 0.047170828912   4.0004764981  0.136152765296 0.0705767908885  0.309249941332 0.0749667996922 -0.182916465691 -0.178500987445 0.00241129812428 11
83.700183 0  0.182863503939 0.0520682829508   4.01645939336  0.144613391551 0.0727753562409  0.305469494426 0.0754152546024 -0.182772203989 -0.178925870959 0.00241597278489 11
83.752268 0  0.193056100486 0.0569493569798     4.032331737  0.152202871903 0.0748087114017  0.304210416862 0.0759769142527 -0.182621619766 -0.179342737076 0.00241779802709 11
83.804354 0  0.203733291897 0.0600503180695   4.04841595106  0.158566782101 0.0748717343834  0.303025485481 0.0765611461448 -0.182610860373 -0.179338823961 0.00241757477379 11
83.85644 0  0.214998659267 0.0624688253601   4.06476569065  0.166178374646 0.0729092756262  0.306956710637 0.0771432689572 -0.182637533397 -0.179243284852 0.00241548775885 11
83.908525 0 0.227021933389 0.066779668562  4.08123887341 0.172618142556 0.072485026223 0.312235044262 0.0779003227356 -0.182525149587 -0.179543337765 0.00241873853908 11
83.96061 0  0.239740487379 0.0713863493301   4.09791200023 0.178523981132 0.075387870784  0.31103727465  0.078671321293   -0.1823854958 -0.179974536789 0.00242614745965 11
84.01269 0  0.251669734277 0.0751842955833   4.11378983169   0.18414737711 0.0780569086074  0.302069628134 0.0794131881913 -0.182350734257 -0.179956463454 0.00242808207124 11
84.064781 0  0.265255990375 0.0795362887367   4.12994663625  0.189308897919 0.0790523575176  0.304740733531 0.0803244031079 -0.182243335008 -0.180244734812 0.00243023671259 11
84.116866 0  0.279374241154 0.0842658177756   4.14646148481 0.195764845093 0.079254028545 0.304047436582  0.081222662126 -0.182112907608  -0.18064300698 0.00243102440899 11
84.168952 0  0.294156963264 0.0887832467562   4.16311996275  0.200983297739 0.0803437977955  0.300759428821 0.0821475896905 -0.181998201058 -0.181008891795 0.00243158815003 11
84.221038 0  0.311225062231 0.0962625390405   4.17908111561  0.208970905733 0.0835014815389  0.293014154931 0.0846201514919 -0.181718445862 -0.181585723331 0.00242203699598 11
84.273123 0 0.32671613041 0.10060479333 4.19465780417  0.214853171938 0.0858728644384  0.291721333285 0.0857494163125 -0.181645239943 -0.181735397708 0.00242453871051 11
84.325208 0 0.344892940235 0.106099950494  4.21085667406  0.223700869634 0.0909742762619  0.291353793268 0.0874140874975  -0.18147981817 -0.182199243598 0.00242390261593 11
84.377293 0 0.361561641397 0.111634633868  4.22620490158  0.230060698034 0.0941268888837  0.287532266807 0.0887617162882 -0.181387749421 -0.182341077597 0.00241985535624 11
84.429378 0 0.378129421033 0.115662230856  4.24215251552   0.23823318186 0.0949083816508  0.283675167086 0.0896052663725 -0.181368016703 -0.182444659239 0.00241268021296 11
84.481458 0 0.396744986671 0.119292639991  4.25844913544   0.25077678672 0.0946676245225  0.279571213476 0.0904417016807 -0.181318980325 -0.182741027435 0.00240515382597 11
84.533549 0 0.420865849328 0.119234721938  4.27368259506 0.272371848002 0.090437536738 0.274992661437 0.0941828197807 -0.181748137706 -0.180907777306 0.00239914926377 11
84.585635 0 0.442579134868 0.122289734557   4.2891355915  0.290517794241 0.0879938351047  0.274797044233 0.0955846571653 -0.181798569266 -0.180740924107 0.00239839664703 11
84.63772 0 0.464247165104 0.124133239984  4.30375483246  0.308202839123 0.0816445871242  0.274768453755 0.0970209868317 -0.181940969555 -0.180171223211 0.00240299339859 11
84.689805 0 0.490640221751 0.125188871016  4.31899519375  0.331436113762 0.0753773999287  0.275288002853  0.098940396272 -0.182113883245 -0.179549398796 0.00241145804248 11
84.74189 0 0.514283131343 0.127073744819  4.33348319771  0.350945145878 0.0714798550544  0.279553576086  0.100384425462  -0.18228615094 -0.178825050162 0.00241771422201 11
84.793976 0 0.534275954018 0.131248603166  4.34787913529  0.363995053153 0.0741931312115  0.281110232334  0.100830162522 -0.182319892953 -0.178623897303 0.00241511905783 11
84.846061 0  0.55480824579 0.136149953678  4.36245000043  0.375242208884 0.0835944885035  0.293188302781  0.101297522227 -0.182355923387 -0.178399560151 0.0024141429378 11
84.898146 0 0.576011741188 0.141471603377  4.37792241526  0.382395373752 0.0897503099239   0.30385642215   0.10157739631  -0.18236278273 -0.178332696929 0.00241585928001 11
84.950231 0 0.598609312914 0.143669131584   4.3937451349   0.38337561048 0.0938457790374  0.316120422265    0.1025514082 -0.182578997141 -0.177417871946 0.00242028426319 11
85.002317 0 0.618434271691 0.148745740437  4.41029173322 0.376120941546 0.100650816384 0.319056629261    0.1025514082 -0.182578997141 -0.177417871946 0.00242028426319 11
85.054402 0 0.637678552551 0.154147681535  4.42694909981 0.362532894797 0.106514596803 0.321085852922    0.1025514082 -0.182578997141 -0.177417871946 0.00242028426319 11
85.106487 0 0.656159417845 0.159909975959  4.44368773476 0.346902075603 0.113534459392 0.321309673961    0.1025514082 -0.182578997141 -0.177417871946 0.00242028426319 11
85.158573 0 0.673799954476 0.165938340169  4.46055223498 0.329400688983 0.116289803913 0.328107008417    0.1025514082 -0.182578997141 -0.177417871946 0.00242028426319 11
85.210658 0 0.690479196154 0.172085722708  4.47771236621 0.310746550832  0.11911268948 0.334344556367    0.1025514082 -0.182578997141 -0.177417871946 0.00242028426319 11
85.262743 0 0.706175113557 0.178289189718  4.49538356737 0.291691537288 0.119181998424 0.340771477457    0.1025514082 -0.182578997141 -0.177417871946 0.00242028426319 11
85.314828 0 0.729409414331 0.170409303308  4.51630688169  0.284503441041 0.0999648349275  0.351829114061  0.103828134888  -0.18290730732 -0.176220517215 0.00236026794952 11
85.366913 0 0.745331432447 0.172181363467  4.53480658534 0.269046920193 0.088686426233 0.354115742529  0.104030508871 -0.182968527476 -0.175994382194 0.00234997786164 11
85.418998 0 0.781120205434 0.183432045257  4.55537905709  0.270769699276 0.0877468892398  0.357614252124  0.106710689702 -0.183607477181 -0.173217481047 0.00238049545942 11
85.471084 0 0.798348638418 0.191733046391  4.57428123362  0.256369162961 0.0800551866629  0.359055443934  0.107275070112 -0.183739359841 -0.172632052399 0.00239034482656 11
85.523169 0 0.812260607492  0.19692275002  4.59321668809  0.239776866955 0.0695876627952  0.365009331199  0.107421450729 -0.183776906131 -0.172486336777 0.002392660873 11
85.575254 0 0.826095708547  0.20177185438  4.61298870828  0.224459149818 0.0604481511418  0.365868141636  0.107476454431 -0.183795384295 -0.172471356788 0.00238799354524 11
85.627339 0 0.840176763059  0.20735184667  4.63332840313  0.213664184162 0.0532649033602  0.370693735292  0.107522157026 -0.183801565699 -0.172512715822 0.00238390282549 11
85.679425 0 0.855031534351 0.212990528742  4.65474971336  0.204953630931 0.0479463589921  0.376992155522  0.107470460055  -0.18379073792 -0.172699576159 0.00237694463475 11
85.73151 0 0.869225914623 0.217124124552  4.67652306068   0.19755948662 0.0401841172834  0.385523092264  0.107346512812 -0.183772178589 -0.172939385109 0.00238168870934 11
85.783595 0 0.884369766157 0.222995282392   4.6988158363  0.193804409408 0.0378421280488   0.38771670464  0.107223349918 -0.183743735196 -0.173211245209 0.00237983671363 11
85.83568 0 0.899764285826 0.226682253246  4.72175389052  0.190812981683 0.0357881277893  0.403460735714  0.106988483003 -0.183722826234 -0.173530584761 0.00239604781188 11
85.887765 0  0.91286360133 0.229088964736  4.74442413078  0.183570931261 0.0349422653833  0.415146073778  0.106826406411 -0.183714754215 -0.173717058632 0.00240315011918 11
85.93985 0 0.954065326925 0.220335678299  4.77214395887  0.19838175195 0.024274973744 0.412651350473  0.106875221761 -0.183853498281 -0.173388290458 0.00239665043043 11
85.991935 0   0.9667296875 0.222653672539   4.7939841139  0.191728941972 0.0233052661641  0.408021091966  0.106892039712 -0.183869176579 -0.173376243825 0.0023928398902 11
86.044021 0 0.980508329355 0.225250652599  4.81613352634  0.188029183496 0.0202939774896   0.41099443906  0.106825553779 -0.183876083718 -0.173454072146 0.00239495978673 11
86.096106 0 0.994259907683 0.228100257549  4.83883495857  0.184875504707 0.0187589292023  0.420863114845  0.106710398287  -0.18387375311 -0.173564851014 0.00240189793468 11
86.148192 0  1.07065173947 0.206067032988  4.87046414306  0.229630959939 -0.003845904883  0.438567729495  0.106825419347  -0.18407121865 -0.172656159022 0.00237614642986 11
86.200276 0  1.09254429424 0.204323854607  4.89259295423   0.228339621374 -0.0098396829363   0.450631638273  0.107260195521 -0.184188403137 -0.171947272636 0.00238614537192 11
86.252362 0  1.11556117899 0.199569931006   4.9157015164    0.22565897968 -0.0177190953997   0.454903757854  0.107569972582 -0.184268346981 -0.171375207521 0.00238408910722 11
86.304447 0  1.13919631799 0.198414404721  4.94069601516   0.218966494204 -0.0231700240496   0.458634637277  0.107537949715 -0.184264614441 -0.171242012427 0.00238325609652 11
86.356532 0  1.15688709954 0.194910275576  4.96448558146   0.205043481863 -0.0322894581586   0.451467877113  0.107599758326 -0.184293595454  -0.17102709408 0.00238261076781 11
86.408617 0  1.17506730022 0.192338506719  4.98850945338   0.191717672666 -0.0381712579183   0.438912423332  0.107480385012 -0.184285735582  -0.17100904925 0.00238181936656 11
86.460701 0 1.19875812036 0.18642270462 5.01188968954   0.183738366009 -0.0478093101027   0.413146011666  0.107358992768 -0.184272932347 -0.170882739219 0.00236704195291 11
86.512787 0  1.22405731421 0.185526333412  5.03617030395   0.180668522678 -0.0501373374558   0.386999650921  0.106709927486 -0.184202314414 -0.171252125957 0.00234785616081 11
86.564872 0 1.25074344463 0.19039237457 5.06051747873  0.180540841621 -0.049466008234  0.353294779464  0.105576000002 -0.184091298261 -0.171975822751 0.00232130913196 11
86.616957 0  1.27821689144 0.183942584047  5.08191343565   0.184543673247 -0.0595881469853    0.31355291363  0.104678863921 -0.184044416923 -0.172436245953 0.00226650570641 11
86.669042 0  1.31099459475 0.179288597263  5.10283366195   0.196928963785 -0.0702284475509   0.282462581333  0.103173965484 -0.183946647261 -0.173300581996 0.00222338916639 11
86.721127 0  1.34059628467 0.173273998683  5.11990511918    0.21268049587 -0.0763703072419   0.248265039064  0.101915139803 -0.183933641058 -0.173785708046 0.00218118679088 11
86.773212 0  1.36937063908 0.169857847683   5.1369904945   0.232294446343 -0.0781605068107    0.22168154736  0.100503629063 -0.183964949914 -0.174386589923 0.00216625808605 11
86.825297 0  1.39783493509 0.170870418275  5.15288088361   0.256525520458 -0.0743200965232   0.203130708192 0.0991304798268 -0.184015372561 -0.174897836951 0.00216760548392 11
86.877381 0  1.42330487359 0.167782986977  5.16459380676   0.279325101451 -0.0742638610474   0.195526541313 0.0982496630473 -0.184042616008 -0.175066280762 0.00221150424104 11
86.929467 0  1.44671394195 0.165885781177  5.17421995157   0.301531886651 -0.0655830270011   0.178801111336 0.0978530604912 -0.184038376471 -0.175036103407 0.00221927252992 11
86.981552 0  1.46924434831 0.163537627665  5.18181695191  0.318334586901 -0.054246886699  0.171072754621 0.0976928009103 -0.184024881062 -0.174839481805 0.00222520419102 11
87.033637 0 1.49089664115 0.16246714986 5.18881707655   0.331443536967 -0.0414251809909   0.164435812969  0.097606046465 -0.184024894599 -0.174607740011 0.00222838982612 11
87.085722 0  1.51158908103 0.157713929033  5.19561962473   0.340271832953 -0.0308051323234    0.15771372055 0.0975688506102 -0.183923201957 -0.174646471458 0.00221733281995 11
87.137807 0  1.52759939066 0.155257487663  5.19783161544   0.339863235443 -0.0164568544887   0.155096472883 0.0983000350874 -0.183866121616 -0.174035967191 0.00220242436749 11
87.189892 0  1.54376214839 0.152903709041   5.2003419675     0.33709039553 -0.00398074614463    0.148415533756 0.0988614084102 -0.183797539909 -0.173579571593 0.00219480476179 11
87.241978 0  1.56260160726 0.151777113268  5.20530877647  0.333053336029 0.0103359490227  0.142879917045 0.0989571021505 -0.183730391889 -0.173448728695 0.00219391289467 11
87.294063 0   1.5808917027 0.152294987133  5.20955586525  0.327994923004 0.0248060175934   0.13141799221 0.0990900796199 -0.183685938336 -0.173217812038 0.0021989492673 11
87.346142 0  1.59629448789 0.151476371679  5.21220092111 0.319240206547 0.036902554139 0.126245038116 0.0995187882301 -0.183606345433 -0.172990098769 0.00220756956931 11
87.398232 0  1.6162766233 0.15665827919 5.21918623679  0.313287429963 0.0533448802758  0.118039255677 0.0991474469227 -0.183648976402 -0.172930709601 0.00220139353252 11
87.450318 0  1.63743205621 0.156906711342  5.22723436204  0.308961570686 0.0648421552613  0.114467086281 0.0985731054102 -0.183524737836 -0.173491960509 0.00219332924161 11
87.502402 0  1.65753950525 0.159866499034  5.23405156208  0.307341709733 0.0775817441626  0.118309727219 0.0981543640742 -0.183462090247 -0.173743403113 0.00218870023128 11
87.554488 0  1.67995461655 0.166648856727  5.24253418435  0.309735012306 0.0922143543408  0.117059034462 0.0973095453453 -0.183484667365 -0.173975369795 0.00218127973737 11
87.606572 0  1.70438702351 0.170615524711  5.25331486002 0.314982495572 0.104082220423 0.121760222748 0.0960025873412 -0.183427609452 -0.174727504798 0.00217885644879 11
87.658658 0  1.72986053513 0.175730244379  5.26507957617 0.324002578676  0.11436971113 0.126621510616 0.0942548421626  -0.18343361291 -0.175505146791 0.00218311706504 11
87.710742 0   1.7520479012 0.183552657988  5.27378030646 0.330246309706  0.12717192102 0.136737994071 0.0932043826063 -0.183504801913 -0.175686457122 0.00220519023493 11
87.762827 0  1.77403688281 0.192623013083  5.28163004112  0.33636573409 0.137011189245 0.141204927573 0.0924785730428  -0.18357184524  -0.17569184997 0.00220923950806 11
87.814917 0   1.7989837607 0.201077780023  5.29322232702 0.343590698912 0.144922118868 0.145168811268 0.0909877968614 -0.183665973177 -0.176097513981 0.00221654685252 11
87.866997 0  1.82365467958 0.207253997558  5.30459862948 0.351398620736 0.147195307234 0.139865950978 0.0897360859971 -0.183682195115  -0.17664126448 0.00219633310438 11
87.919082 0  1.84641160545 0.218071322444  5.31229612746 0.359909463464 0.153195427804  0.13398833447  0.089154051658 -0.183773483403 -0.176574080719 0.00217629057378 11
87.971167 0  1.87382297156 0.227137751485  5.32376182106 0.374393060544 0.153029291428   0.1338807063 0.0878339711385 -0.183848712657 -0.177066724996 0.0021437480846 11
88.023252 0  1.90108603859 0.236462174018  5.33476436275 0.393704955854 0.149244954225 0.130650772983 0.0866103037894 -0.183925471273 -0.177531926933 0.00208309432577 11
88.075337 0   1.9283978399 0.243728345022  5.34487567425  0.41572326203 0.139196101148 0.127596532289 0.0858131335516 -0.183950403678 -0.177976772398 0.00205736337048 11
88.127422 0  1.95440687141 0.250612955885  5.35198155623 0.441895322199 0.127299145038  0.12461475614 0.0859168665105 -0.183912695238 -0.178093042173 0.00205223982047 11
88.179507 0  1.98155498517 0.260386867434  5.35838636757 0.474515810685 0.115847214685 0.123172052932 0.0863401141327 -0.183877084532 -0.178087495756 0.0020586606963 11
88.231592 0   2.0076005054 0.265882778581  5.36332838705  0.511954298459 0.0982524466893  0.119725588923 0.0870143688085 -0.183852693614 -0.177809241149 0.00206044332032 11
88.283672 0  2.03618964172 0.271633563678  5.36866128672 0.555099255874 0.080864502736 0.117617419481  0.087514338941  -0.18382965534 -0.177667630236 0.00206167641484 11
88.335761 0  2.06518544592 0.276078297168   5.3726757751 0.600620803775 0.065877949315 0.118702257346 0.0881556641103 -0.183826680795  -0.17729188464 0.00205111359775 11
88.387846 0  2.09473161233 0.276430347546  5.37641647835  0.646163500728 0.0468155314164  0.122716843723 0.0887865189832  -0.18391219494 -0.176592843057 0.00204159351118 11
88.439931 0  2.12398344995 0.277554533977  5.37773854457  0.688109058573 0.0287372904863  0.124982353574 0.0895152468562 -0.183985190073 -0.175643616622 0.00199704310652 11
88.492016 0  2.15376216306 0.281458829511  5.37765658887 0.729157476378 0.017565076025 0.120006885249 0.0905195359571 -0.184023143018 -0.174695548652 0.00194876998247 11
88.544101 0  2.18527728285 0.280708795865  5.37678595242   0.766169085658 0.00818348880783   0.116405774564 0.0910285809385 -0.184144765899 -0.173588147351 0.0019074928792 11
88.596186 0  2.21898534491 0.278979909776  5.37624402689    0.799474501997 0.000768401832156    0.113000792779 0.0914233756556  -0.18430345696 -0.172488747427 0.00189128941766 11
88.64827 0   2.2542163177 0.275284591486   5.3756586135   0.825576025354 -0.0084335347141   0.109714787261 0.0915923044373 -0.184571664556 -0.171098898313 0.00186264247661 11
88.700355 0  2.28900485334 0.272923922985  5.37340974427   0.843986817976 -0.0133924829344   0.101907593763 0.0918973790331 -0.184819902784 -0.169543461454 0.0018583128705 11
88.75244 0  2.32776016382 0.273287735866  5.37258832874    0.858713019121 -0.00967843209687   0.0994235495222 0.0920522070498 -0.184853821211 -0.168778642138 0.00186903775811 11
88.804525 0  2.36777927397 0.272818912415  5.37309849875    0.868566355056 -0.00544465930696    0.103128747422  0.091962890387 -0.184969036743 -0.167920208902 0.00187156416829 11
88.85661 0  2.40901813148 0.271676512172  5.37396997215    0.873932592821 -0.00396856179822   0.0959929146755 0.0916858895218 -0.185218767863 -0.166716570772 0.00189787172328 11
88.908694 0  2.45193159776 0.273494462634  5.37526733206   0.880290439155 0.00152180716281  0.0924498232249  0.091545438675 -0.185211416603 -0.166307190974 0.0019165881733 11
88.960779 0   2.5038581427 0.274965349223  5.38232251305   0.887044451981 0.00419399660527  0.0872286925442 0.0908970225496 -0.185081606008 -0.166896711185 0.00192448236238 11
89.012864 0 2.56130916472 0.27663100991 5.39245343642  0.895296839854 0.0139945857012 0.0906709582119 0.0898447276605  -0.18487048001 -0.168023577481 0.00192319988589 11
89.064949 0 2.61062932688 0.28011588171 5.39879596771  0.902113123789  0.022573519672 0.0925097875556 0.0896333279082  -0.18472337512 -0.168608378349 0.00192128764554 11
89.117034 0  2.65815840569 0.280473141292  5.40336252835  0.908754069617 0.0282437703246 0.0959527432844 0.0896361211185 -0.184892636586 -0.167964673027 0.00193256983514 11
89.169118 0  2.70875722671 0.283200553352  5.41009365889  0.914868162667 0.0393504840283 0.0935411802107 0.0893730581338 -0.184814697908 -0.168344802417 0.00193292969322 11
89.221204 0  2.75974701137 0.284845212699  5.41675230664  0.920733617654 0.0519842777259 0.0933045275898 0.0891450715303  -0.18479199703 -0.168649053927 0.00193889889598 11
89.273289 0  2.81055792415 0.287383420346  5.42318095874  0.924220600993 0.0641803161136 0.0982528378321 0.0888872177912 -0.184787538876 -0.168819938181 0.00195030107711 11
89.325373 0  2.86151483251 0.291046775986  5.42995418292  0.926602858379 0.0794010707219  0.101409960613 0.0886525875218 -0.184736210654 -0.169237036577 0.00195423350784 11
89.377458 0  2.90712285888 0.296777194975   5.4337806055   0.92271021403 0.0961896698918  0.101456954489 0.0890032643235 -0.184809097033 -0.168655097512 0.00194049396665 11
89.429543 0   2.9583911205 0.303534885437  5.43908251285  0.920497955713  0.113275173667 0.0969959054828 0.0891236388296  -0.18466789924 -0.169229602673 0.00194537237659 11
89.481628 0  3.00586959839 0.306923727383  5.44558742475  0.913771542584  0.120015900353 0.0990790928459 0.0893579844917 -0.184804686949 -0.168805358838 0.00193173332259 11
89.533712 0  3.05082725913 0.310544425073  5.45137829383  0.905434636752  0.122079045328 0.0997956964919 0.0900727022771 -0.184998804512 -0.167995303794 0.00192417658069 11
89.585797 0  3.09927979204 0.317919363857  5.45623832593  0.894092475458  0.127387296724 0.0997153577144 0.0906920286233 -0.184990037338 -0.167838360078 0.00194158999276 11
89.637882 0   3.1555683204 0.325598302641  5.46480258508  0.886682809738  0.127185860261 0.0958628449346 0.0911328258701 -0.184858902556 -0.168513521092 0.00192040417878 11
89.689967 0  3.20785014944 0.330310275856  5.47391882867  0.874853428245  0.115926707344 0.0941406161708 0.0910398442456 -0.184865126057 -0.169067895794 0.00191097388272 11
89.742051 0   3.2582244591 0.336937094518  5.48133440958   0.86160326116  0.104820519968 0.0827048976685 0.0913212495496 -0.184784335403 -0.169585516102 0.00189636446745 11
89.794136 0 3.31425829423 0.34623898674 5.49203878001  0.851708722717  0.091397387736 0.0836383943944 0.0914272317889 -0.184608762639 -0.170823193827 0.00188813675688 11
89.846221 0  3.36527501665 0.353032697054  5.50075111512  0.836469286104 0.0727919875182 0.0832139726148 0.0914955450262 -0.184529454548 -0.171557389125 0.0018959714045 11
89.898306 0  3.41744007377 0.359961847254  5.51055463788  0.822554760173 0.0550258992738  0.083285987786 0.0917204430738 -0.184406674538 -0.172427739972 0.0018994766101 11
89.95039 0  3.47147194886 0.363713258382  5.52193885859  0.809973775265 0.0357224577484 0.0725131270597 0.0918372150489 -0.184386941637 -0.173129631127 0.00185252527696 11
90.002475 0  3.5224617523 0.36983670995 5.53178823998   0.79741548747 0.0234038224633 0.0703812447441 0.0921052618869 -0.184191305319   -0.1742083976 0.00180494646489 11
90.05456 0  3.57744544107 0.376484374149  5.54395082935  0.790390652429 0.0149606255026 0.0648187939708 0.0923129314008 -0.184002567844 -0.175554238504 0.00174267761694 11
90.106645 0  3.63203485108 0.381424884678  5.55520425082  0.785764416922  0.012198445196 0.0632919750483 0.0925217705666 -0.183887722212 -0.176711484601 0.001700935444 11
90.158729 0  3.68424051958 0.387493765683  5.56500074012  0.782847738406 0.0135950117277 0.0602941701056 0.0927836032733  -0.18377424207 -0.177735276072 0.00169931577927 11
90.210809 0  3.73771063246 0.396031558704  5.57475861666   0.78417919873 0.0163250130851 0.0566747185726 0.0930718418671 -0.183666636994  -0.17877787133 0.00171245711548 11
90.262899 0  3.79380856708 0.403986203915  5.58557614672  0.791193356518 0.0241614216635 0.0553083493756 0.0932123378822 -0.183655409471  -0.17974648365 0.00170178048585 11
90.314983 0  3.84630876283 0.406791138074  5.59297847969  0.797832676939 0.0288325070048   0.05103385762 0.0933258424895 -0.183704046931 -0.180111932806 0.00167922115368 11
90.367068 0  3.90489824788 0.413267068581   5.6028017142  0.813145844932 0.0413107320582 0.0491368354296  0.093427288108 -0.183746807684  -0.18072248137 0.00168003976355 11
90.419153 0  3.95525696193 0.413880158557  5.60833624075  0.828997255941 0.0559499825717 0.0472382769486 0.0933599037083 -0.183859574326 -0.180694084044 0.00167837400239 11
90.471238 0   4.0057956213 0.421265279707  5.61200027883  0.848822078747 0.0768339844944 0.0465954666816  0.093715691551 -0.183778051104 -0.180894207506 0.00169133678741 11
90.523322 0  4.05606790493 0.426029399127   5.6154516062  0.870611859966 0.0959034424559 0.0461691449034  0.093903317447 -0.183775337529 -0.180878675129 0.00169225277315 11
90.575407 0  4.09962758673 0.430649002828  5.61494739316  0.889935452973  0.114329736294 0.0410548517966 0.0943588564343 -0.183659133396 -0.180797725512 0.00167761483259 11
90.627491 0  4.14436721834 0.435191238113  5.61547366813  0.910918640338  0.131470272423 0.0407693327127 0.0945997091772 -0.183618940984 -0.180689886851 0.00166885060415 11
90.679575 0  4.17964339783 0.439729053251  5.61159125248  0.927426658876  0.144750371601 0.0310075560645 0.0951119649814 -0.183491616668 -0.180482414321 0.00166309888217 11
90.731661 0 4.22105639609 0.44794094225 5.60896243415  0.946086000061  0.163043902004 0.0263567882428 0.0955846579753 -0.183396162507 -0.180321981198 0.00165065357522 11
90.783745 0  4.25594017247 0.453482003815  5.60556196443  0.960019362945  0.178964249393 0.0208073547572 0.0960051472961 -0.183310285437 -0.180120975051 0.00165126090245 11
90.83583 0  4.28794714177 0.458361560801  5.60062691805  0.969924947225  0.194894240016 0.0151267574101 0.0965189643137 -0.183170866324 -0.179979525953 0.00165985349963 11
90.887915 0  4.32597332904 0.465671394419   5.5967813555   0.98135314166  0.210173599415 0.0190639435744  0.096992025511 -0.183061703355 -0.179845307377 0.00165392575339 11
90.939999 0  4.36495321961 0.473726567586  5.59342293232  0.991057404468  0.224557632797 0.0157734539248 0.0974549671574 -0.182970499064 -0.179694483405 0.00165371066299 11
90.992084 0  4.40949449119 0.483169763639  5.59331539375  0.999137940623  0.239443672724 0.0172222304863 0.0974309491145 -0.182983583193 -0.179653632125 0.00164671980896 11
91.044169 0  4.45602954244 0.494178623413  5.59319899539   1.00572308017  0.249542609325 0.0192584809433 0.0975998004132 -0.182971120397 -0.179591650235 0.00163750574141 11
91.096253 0  4.50355948677 0.505822327156   5.5936428624   1.00940349331   0.25608002924 0.0210295197292 0.0977576384631 -0.182956834166 -0.179558170625 0.00163600667451 11
91.148336 0  4.55006273867 0.517106250511   5.5929535742   1.00949827933  0.258454585993 0.0156485575057 0.0981744289924 -0.182900891215 -0.179460723545 0.00163938758877 11
91.200422 0  4.59778685709 0.530209716085  5.59135820358    1.00783195374   0.261012848171 0.00644195955105 0.0985397913472  -0.18285800227 -0.179307606911 0.00164910012002 11
91.252507 0 4.64847923117 0.54190416782 5.59184593426   1.00471491615  0.256373530605 0.0024343783257 0.0986788041281 -0.182832606513 -0.179313686577 0.00165107198283 11
91.304592 0    4.699612693 0.554005504094  5.59215411586      1.00233915678     0.254157476117 -0.000702260526343 0.0986924105121 -0.182833464243 -0.179313695535 0.00165377545215 11
91.356676 0  4.74906986371 0.564402632927  5.59194562757   0.997456660616    0.24754212023 0.00243130076028 0.0988368963651 -0.182819133705 -0.179253352088 0.00165805992973 11
91.408761 0  4.80136581496 0.576496424905   5.5926447705   0.993814729205   0.240724258711 0.00346269573522 0.0987914107607 -0.182834358572 -0.179258082384 0.00165924386784 11
91.460845 0  4.85325982941 0.589160779415  5.59241213206    0.986123523635     0.23453344884 0.000399848376477 0.0988788483534 -0.182807123832 -0.179243772358 0.00165240751853 11
91.51293 0  4.90909003811 0.600432552638  5.59476939052    0.982361644306     0.22452477126 -0.00124950029483 0.0987539562139 -0.182817111265 -0.179335010543 0.00164454132548 11
91.565015 0  4.96162185532 0.610344504425  5.59583015249    0.974641448244    0.217391877164 5.42878736919e-05 0.0986570985751 -0.182849007532 -0.179309714288 0.0016451764112 11
91.617094 0 5.01345131696 0.62287463582 5.59545052345     0.967426615247     0.213742953041 -0.000831053126978 0.0988193730398 -0.182762132965 -0.179383148712 0.00165630708494 11
91.669184 0  5.06608779892 0.635163320435  5.59618157648    0.961576602218    0.210535772801 -0.00205554798483 0.0988945319066 -0.182718423414 -0.179514431092 0.0016570369096 11
91.721268 0   5.1180872521 0.647178894368  5.59675995191    0.958280421271    0.209126374413 -0.00527870156323 0.0989750760788 -0.182666200674 -0.179630600308 0.0016644697573 11
91.773353 0  5.17269868195 0.653514593201  5.59904596636    0.958380413149    0.205883701971 -0.00316098272864 0.0988981039318 -0.182758667623 -0.179568656906 0.00165890165863 11
91.825437 0  5.22488929729 0.662425376123  5.60008891005   0.961605668342   0.207054083871 0.00130227750108 0.0988819483607 -0.182789303418 -0.179537592026 0.00166041451179 11
91.877522 0  5.27678690352 0.674203083248  5.60025321183    0.966669026236    0.207212930266 0.000983476101487 0.0989422898655 -0.182731979432 -0.179607667126 0.00167295871978 11
91.929606 0  5.33023434015 0.686664156213  5.60112159636   0.978848034494    0.20568553486 0.00320620989494 0.0990129478135 -0.182667305475 -0.179748645074 0.00167987862896 11
91.981691 0  5.38441437902 0.696828401434   5.6022437419   0.996463705407   0.200914500152 0.00736556744838 0.0989867344377 -0.182646169684 -0.179793390701 0.00169095552122 11
92.033775 0  5.43972004146 0.707649265178  5.60335637194    1.01772824053   0.194177246626 0.00735174160953 0.0989952701109 -0.182609509169 -0.179876959363 0.00169255267528 11
92.08586 0  5.49672950208 0.716231808205  5.60549829794    1.04128792713   0.183263076426 0.00836240047313 0.0990989232192 -0.182646448668 -0.179956611001 0.00169802146301 11
92.137945 0  5.55161989792 0.722862408721  5.60572749947    1.06281764028   0.171666488098 0.00104284638173 0.0989499717002 -0.182665791637 -0.179841919429 0.00170843080322 11
92.19003 0  5.61221328563 0.734267212738  5.60624810118     1.09102928968    0.167356527487 -0.00185178033321  0.099034873744  -0.18261421619 -0.179919267354 0.0016950905167 11
92.242114 0  5.67030796578 0.739455399434  5.60686696123     1.11994163985    0.158020051458 -0.00242674977959 0.0990071187341 -0.182668608963 -0.179873315563 0.0017002718584 11
92.294199 0  5.73070470029 0.747763903186  5.60688230547    1.14958613121   0.156206733001 0.00093751024635 0.0989706421119 -0.182662317495 -0.179840575855 0.00169484895318 11
92.346283 0  5.79265949677 0.756049929784  5.60750606323     1.18227390157    0.153060730905 -0.00185681543929 0.0989629706912 -0.182661919823 -0.179926510269 0.00169533182504 11
92.398367 0  5.85492739939 0.761920039987  5.60724520373    1.21438861965   0.150008344429 0.00567404253884 0.0988822997043 -0.182752187045 -0.179574495233 0.00170218456174 11
92.450452 0   5.9201905988 0.769952113705  5.60744310956     1.2436767273   0.149540118355 0.00742226647807 0.0987351812208 -0.182781418508 -0.179321795679 0.00168743448385 11
92.502536 0    5.988148607 0.779285894167  5.60817106768   1.27503247097  0.155194746938 0.0094909294316 0.0987497566622 -0.182733305666 -0.179608295294 0.00169461770645 11
92.554621 0  6.05572490416 0.785988928588  5.60984422567    1.30037236337   0.154133600332 0.00831520387473 0.0988057090691 -0.182752549461 -0.179713317548 0.00169158396195 11
92.606706 0  6.12663723046 0.793259270352   5.6108525921    1.32305259613   0.151970437775 0.00476013108416 0.0987962604682 -0.182806868661  -0.17939352834 0.00170037856965 11
92.65879 0  6.19946391026 0.800455496429  5.61152439589      1.3454682405    0.150488865858 -0.00375022590597 0.0989024343588 -0.182798112203 -0.179407763272 0.00170879201042 11
92.710874 0   6.2732694093 0.807455717592  5.61241180892     1.36780159194    0.152540869958 -0.00095613285574 0.0990818840407  -0.18275259316 -0.179734490286 0.00170816419543 11
92.762959 0  6.34460109809 0.811997325236  5.61407516385    1.38952977714   0.151978580112 0.00157799201684 0.0993639716829 -0.182627284666 -0.180600927374 0.00170866830545 11
92.815044 0  6.42108533059 0.818589802547  5.61519144892    1.4095268834  0.150740635417 0.0101340209866 0.0995592510195 -0.182609361034 -0.180639514279 0.00170767314723 11
92.867128 0  6.50406356489 0.828670896719  5.61636300588   1.43130498328  0.156290848705 0.0100080418044 0.0997607276768 -0.182598148116 -0.180533939461 0.00170722045441 11
92.919212 0  6.58737462042 0.838532836887  5.61764080614   1.45158892116  0.160781968517 0.0102605501997  0.100106898178 -0.182495065526  -0.18092210926 0.00171383046647 11
92.971297 0  6.66792924395 0.846242935106  5.61930684211    1.47054884539   0.163161938519 0.00899752143422  0.100576023044 -0.182282522198 -0.181962660937 0.00171490755718 11
93.023381 0  6.75022816156 0.852446262196   5.6210981843    1.48813234975   0.162716997651 0.00733546237746  0.100762453787 -0.182271250947 -0.181981786812 0.00171816190183 11
93.075466 0  6.84043901888 0.861247416709  5.62285100569    1.50651987298   0.165571116231 0.00962407860808  0.101320557726 -0.182098484953 -0.182593847029 0.00171009715172 11
93.12755 0  6.92940992464 0.872296479622  5.62418799152   1.52466422408  0.170651456393 0.0144429846756  0.101663364701 -0.182004434007 -0.182858440824 0.0017175687372 11
93.179635 0  7.01162416943 0.881216195803  5.62544171824   1.54130282586  0.172487777083 0.0160849338704  0.102165682183 -0.181656355724 -0.184479102659 0.00171027598576 11
93.231719 0  7.09698488105 0.888822522362  5.62769378752   1.55792776504  0.175051362033 0.0165374781587  0.102553104621 -0.181422535013  -0.18559961829 0.0017054311617 11
93.283804 0  7.18356372856 0.897907044464   5.6295502557   1.57344983025  0.178933681684 0.0217032588309  0.102863489758 -0.181268558334  -0.18626456062 0.0017050319118 11
93.335888 0  7.27320644449 0.909698126163  5.63167854583   1.58777424951  0.185735307669 0.0276006893013  0.103179646999 -0.181109050116 -0.186871447989 0.00168380475624 11
93.387972 0  7.36271154501 0.921254624876  5.63330952616   1.60168151082  0.192100092926 0.0266597971641  0.103779972961 -0.180767987271 -0.188275763162 0.00170578213739 11
93.440057 0   7.4523844072 0.931917459252  5.63553066026   1.61523330798  0.195614039966 0.0256344097717  0.104350728825 -0.180438486498 -0.189709994471 0.00170148099582 11
93.492141 0 7.53953428797   0.942718825 5.63730375061   1.62932240685  0.198534477039 0.0271718437585  0.104673628429 -0.180207648504 -0.190778640772 0.00170341990137 11
93.544221 0  7.62964454858 0.954045738168  5.63901793802   1.64452659243   0.19845808194 0.0237394806808  0.105049272792 -0.179971483854 -0.191784940037 0.00168552143447 11
93.59631 0  7.72114827776 0.964163230644  5.64118400223   1.66128258886   0.19591659165 0.0182242925299   0.10542662634 -0.179702890592 -0.192950435115 0.00167333437555 11
93.648394 0  7.81400825856 0.976414476135  5.64287982612   1.67955966534   0.19628148329 0.0174572946422  0.105877935311 -0.179481594659 -0.193868902798 0.00166901515803 11
93.700479 0  7.91191646589 0.990918113606   5.6440752472   1.70223181183  0.198879341413 0.0263807360802  0.107015222391 -0.178801234761 -0.196581595151 0.00170420487651 11
93.752564 0 8.00525617083 1.00297998577 5.64545262127   1.72309653246  0.198361060689 0.0330082288936  0.107542546201 -0.178503961103 -0.197753102902 0.0017018657945 11
93.804648 0 8.10170280617 1.01712005264 5.64654883456   1.74478306248  0.201068105768 0.0311630578453  0.108356868354 -0.178066515233 -0.199450666771 0.00170629479057 11
93.856733 0  8.1983408771 1.02912712663 5.64915336265   1.76919880775  0.202063889618 0.0310793467925  0.108614355672 -0.177881187131  -0.20030522466 0.001713482166 11
93.908817 0 8.29708050088 1.04113520299 5.65108072754    1.7939981473  0.202248476304 0.0322105873947   0.10926980063 -0.177518732617 -0.201759285928 0.00171483523785 11
93.960901 0 8.39651917357 1.05124083993 5.65363298554   1.81893378515  0.199921534132 0.0404127200212  0.109868531076 -0.177136636627 -0.203285013139 0.00172097972902 11
94.01298 0 8.49764796322 1.06293344257 5.65637183301    1.8429182056  0.199375228456 0.0466450004117  0.110398686562 -0.176822829493 -0.204513230538 0.00171474684835 11
94.06507 0 8.60072405674 1.07222542503 5.65915449472   1.86539747137  0.199503623797 0.0489776727829  0.111277309906 -0.176295663656 -0.206583316616 0.00171124835335 11
94.117154 0 8.70119520812 1.08187015003 5.66167080052  1.88333679882 0.201570419121 0.053415565592  0.111644664303 -0.176131783271   -0.2071758461 0.00170715246469 11
94.169239 0 8.80525653999 1.09052918339 5.66458122774   1.90030863727   0.20533622532 0.0580366148061  0.112373067279 -0.175658587816 -0.209055137224 0.00171018966446 11
94.221323 0  8.9066104585  1.1004449932 5.66652887996   1.90855753942  0.211274394307 0.0657586277122   0.11291884257 -0.175403276011  -0.21002169319 0.00176643254131 11
94.273408 0 9.01440989717 1.11534080901 5.66694753233   1.91769396044  0.217652806775 0.0723598308828  0.113889627088 -0.175041911812 -0.211496611822 0.00188212467527 11
94.325492 0 9.11968985408 1.12968973897 5.66927451562   1.92203599008  0.219756544755 0.0881211583149  0.114451698267  -0.17491248137 -0.212075309434 0.00193311936006 11
94.377576 0 9.21935825778 1.14348170646  5.6700403309  1.91437880812 0.212111935227 0.112297206317  0.115474555182  -0.17464347564 -0.213229612171 0.00201319531796 11
94.429661 0 9.31856006313 1.15361309772 5.67338788604  1.89125374436 0.194790199436  0.11322110113  0.115696902456 -0.174691971604 -0.213083053366 0.00203515312034 11
94.48174 0 9.42408459408 1.16956137909 5.68018331759  1.86000414728 0.168907223317 0.121672096551  0.115877786442 -0.174643215171 -0.213428039006 0.00203302518962 11
94.533829 0 9.51703525172 1.18167708654 5.68785173727  1.80794599245 0.126812698304 0.139329701286  0.116076579481 -0.174622934619 -0.213503108617 0.0020393479907 11
94.585914 0 9.61197224575 1.18527828458 5.69554897563   1.73884821232 0.0742687233734  0.151612633595  0.115715038551 -0.174647775402 -0.213307869924 0.00202876730571 11
94.637998 0 9.71128231875 1.18415138699 5.70514803916   1.66223574096 0.0171607954798  0.129975125823  0.115160771157 -0.174623383692 -0.213262148821 0.0020416675636 11
94.690082 0 9.81831107834 1.18489603039 5.71595885963    1.58203178215 -0.0385027636004   0.106757864022  0.115118048723 -0.174517737583 -0.213696203435 0.00198561075998 11
94.742166 0 9.91777269457 1.18178198383 5.72808769318    1.50174093616 -0.0912762833686  0.0828338328321  0.116455315902  -0.17429617827 -0.214817674584 0.00181053642513 11
94.79425 0  10.037869296  1.1841428751 5.74479438669   1.43210131612 -0.129600142092 0.0759678530086  0.117435392765 -0.173914904938 -0.216595455179 0.00159796002514 11
94.846335 0 10.1582163726 1.18775232744 5.76816141399   1.37581023201 -0.151789516208 0.0806468716501   0.11844690144 -0.173219685554 -0.219776839756 0.00152482880966 11
94.89842 0 10.1912543813  1.1680499194 5.78761941395   1.31059877862 -0.160120874965 0.0780805510528  0.123707944718 -0.172434760461 -0.223840882703 0.00130428728928 11
94.950504 0 10.3815237928 1.17253355569 5.81925380664   1.30347610154 -0.154284057402  0.071147347626  0.129192929948 -0.172032217397 -0.226285124064 0.00118136151454 11
95.002588 0 10.3228513929 1.15994812964 5.82250960889   1.24861825496 -0.137971062877 0.0851173384016   0.13489048102 -0.171228523495 -0.230180147701 0.00126385731819 11
95.054673 0 10.6520829727 1.18597211717 5.86917759641   1.31428045613 -0.109225454243  0.107610627255   0.14431076812 -0.171320313206 -0.231258227451 0.0014226364246 11
95.106757 0 10.5329639791 1.17540088894 5.85825861443    1.27614086323 -0.0857517978397   0.128504388381  0.146576573802 -0.170984437548 -0.233118402367 0.00165274392574 11
95.158841 0 10.7099902997 1.18924779573  5.8794643517    1.32540089209 -0.0574385279382   0.151915563521  0.150497449461 -0.171196905229 -0.233166293078 0.00178792815144 11
95.210926 0 10.8034518075 1.19330457892 5.88784134962    1.35869743701 -0.0320149168603   0.171662843528  0.150596729204 -0.171220763464 -0.233277586046 0.00182161500934 11
95.26301 0 10.8852805896 1.19233457681 5.89781299815    1.38876930458 -0.0107116010572    0.18910246581  0.151449933265 -0.171271893683 -0.233406166715 0.00185730426373 11
95.315094 0 10.9655114457 1.18783881026 5.90818692031    1.41541799588 0.00168778979837   0.183657345609  0.151874495084 -0.171184800621 -0.233881507881 0.00185988504102 11
95.367179 0 11.0508980453  1.1870239627 5.91607778586   1.43830068812 0.0183281592737   0.15609817522   0.15080815335 -0.170936296006 -0.234585799265 0.00185570939513 11
95.419263 0 11.1474304937  1.1894265542 5.92459710656   1.46441189961 0.0351007343283  0.118781186166  0.150788608927 -0.170854003004 -0.234994052603 0.00185004546993 11
95.471347 0 11.2449249761 1.19225733972 5.92871360202   1.48774412697 0.0519426906171 0.0749402668802  0.149456450384 -0.170548579452 -0.235856777977 0.00185168731649 11
95.523432 0 11.3204821324 1.19332248168 5.93036785395   1.50895666732 0.0665314843993 0.0461904806404  0.149420418065 -0.170267263273  -0.23699537654 0.0018498631599 11
95.575516 0 11.4154048958 1.19970829649 5.93052483804   1.53223591025 0.0852564670579 0.0203060636535  0.148045392193 -0.170052762258 -0.237522503198 0.00184648632078 11
95.6276 0 11.5173292857 1.20712639128 5.93281270704     1.55960369608    0.103769442275 -0.00551534800487  0.148430839505 -0.170020258049 -0.237911913077 0.00184305942849 11
95.679684 0 11.6110988721 1.22196222733 5.92992094698   1.58267472302  0.125140454604 -0.042148067792  0.147504605665 -0.170065333746  -0.23780151499 0.0018324756999 11
95.731768 0 11.7063729914 1.22837387496 5.92807750317    1.60183005109   0.134323964878 -0.0674858751713  0.147370369398 -0.169938242104 -0.238310009577 0.00183419450755 11
95.783853 0 11.8044207465  1.2397484051 5.92448757684    1.62038838193   0.146704972964 -0.0908385812217  0.147108882187 -0.169897946668 -0.238563448003 0.001834325994 11
95.835937 0 11.9007031965 1.24960308223 5.92333343621    1.6364140175  0.151546836808 -0.102138339803  0.148052499466  -0.16989779178 -0.239000994722 0.00184076663097 11
95.888022 0 12.0034350593 1.26612912493 5.91797757405  1.64879155564 0.147830852613 -0.12068781562  0.149232832343 -0.170132343054 -0.238525377887 0.00187557185874 11
95.940108 0 12.0970990859 1.27720605558 5.91331465913   1.64920557426  0.128156488054 -0.145941302531  0.149619304771 -0.170141858195 -0.238675778806 0.0018739024627 11
95.99219 0 12.2029354379 1.29497131474 5.90826901632   1.65279366573 0.0897574825827 -0.166513981191   0.15221273697 -0.170293299121 -0.238544912816 0.00186597559531 11
96.044274 0 12.2940240466   1.308216983 5.90654108175   1.65157623792 0.0250958568089 -0.179125310249  0.155502346566 -0.170102158164 -0.239766457086 0.00182578956289 11
96.096358 0  12.399405597 1.31775823158 5.89890691131    1.64746616702 -0.0555427846871  -0.195028534396  0.156990501839 -0.170169520185 -0.239671496357 0.00178722555653 11
96.148443 0 12.5037459222 1.31878028823 5.89569985526   1.64316507649 -0.159041390759 -0.203415201165  0.160589436124 -0.170080549546 -0.240250367981 0.00176529708848 11
96.200527 0 12.5967398888 1.30675020702 5.88902538958   1.63166894785 -0.283875950208 -0.217441216211  0.162507400656 -0.169938322894 -0.240868924418 0.00175840456492 11
96.252611 0 12.6988493631 1.29274842582  5.8817584979   1.62289964122  -0.41987061257 -0.229531559526  0.162749446645 -0.169888473887 -0.241109597342 0.00174563227923 11
96.304695 0 12.8141425096 1.27317326556 5.87603571764   1.61619024231 -0.569061570642 -0.231272281143  0.165135504442 -0.169823918985  -0.24143596059 0.00172543865188 11
96.356779 0 12.8989528336  1.2370033556 5.87004695262   1.60014672648  -0.73293169559 -0.238319695828  0.168465999042 -0.169647244285  -0.24217962377 0.00172524861431 11
96.408859 0 12.9832372302 1.19221829787 5.86252511123   1.58057665431 -0.900435627243  -0.24566717881  0.169921566018 -0.169565573795  -0.24254005671 0.00174044645449 11
96.460949 0 13.0941299924 1.13992717337 5.85543728617   1.56858318063  -1.07194550594 -0.250197061652  0.174689465565 -0.169464468588 -0.242902114687 0.00174334864845 11
96.513033 0  13.190626296 1.07892670821   5.847373465   1.55174227262  -1.24437210369 -0.252795439296   0.17654599426 -0.169426698726  -0.24309440137 0.00174723027186 11
96.565116 0 13.3056333834 1.01134158841 5.83953673757   1.54083472188  -1.40850741873 -0.256998472409  0.178888457841 -0.169404643962 -0.243189274545 0.00175662710159 11
96.617201 0  13.4111667614 0.930664750633  5.82669482987   1.52824795757  -1.55776000016 -0.252142020156  0.182222348179 -0.169451356928 -0.242952637668 0.00182801917251 11
96.669285 0  13.5138132861 0.844428132255  5.80756075684   1.52011805496  -1.67374530787 -0.254927616123   0.18823443293 -0.169638846258 -0.242071279658 0.00194373107841 11
96.721369 0  13.6018749431 0.754307403551  5.78541457902  1.51050762949 -1.74770657216 -0.26321438608  0.190210680646 -0.169951848836 -0.240893507899 0.00193384557238 11
96.773453 0   13.685516661 0.660865880462  5.76790523068  1.50668466888 -1.78158194091 -0.27567664951  0.191951612338 -0.170008975834 -0.240644885053 0.00192295424968 11
96.825538 0  13.7864163107 0.569883007203  5.74919908727   1.50780815375  -1.78835974034 -0.272995087731  0.195552904736 -0.170058091277 -0.240472298292 0.00193058309384 11
96.877617 0  13.8979582077 0.475847787654  5.72955894073   1.51624427086  -1.77608382674 -0.243825765397  0.201313346133 -0.170191013891 -0.239946215552 0.00195517966521 11
96.929706 0 13.9809430095 0.38141217342 5.71755764332   1.50355257664  -1.75110228513 -0.208081914444  0.204912997561 -0.170175115946 -0.239955956888 0.00193561429132 11
96.98179 0  14.0574939313 0.293202523492  5.70853820953   1.46818407843  -1.72170620562 -0.180819366832  0.209662479544 -0.170105550185 -0.240136674738 0.0019011156422 11
97.033875 0  14.1283927193 0.208786777538  5.69953179068   1.40313439418  -1.68082762082 -0.175877863317  0.208302070074 -0.169805449455 -0.241179584114 0.00187551741615 11
97.08596 0   14.211663113 0.135295788325   5.6865951935   1.32335860482  -1.62683139606 -0.190791429476   0.20594869092  -0.16936188352 -0.242769417926 0.0018619764015 11
97.138043 0   14.2859068614 0.0531406049726   5.67494054849   1.22408955885  -1.57629954749 -0.218917645017  0.206558541351 -0.169088513333 -0.243646494627 0.00192452255064 11
97.190127 0    14.3696620305 -0.0251309436976    5.66861424491   1.11509153684  -1.51845265434 -0.232724204412   0.20806026502 -0.169020126409 -0.243885749774 0.00196298575229 11
97.242211 0   14.4357839986 -0.102589292176   5.66160999506   1.00251567202  -1.46216836971 -0.256388329149  0.210363957583 -0.168934916971 -0.244181548607 0.00198479596121 11
97.294295 0   14.5018095108 -0.177440363514   5.65638466969  0.892546660878  -1.40605140568 -0.283456914573  0.213111418164 -0.168880048526 -0.244461170234 0.00199316499559 11
97.346375 0   14.5530247767 -0.258480119927    5.6509444483  0.785044880744  -1.35674354756 -0.300810625248  0.217673253795  -0.16896475004 -0.244296664302 0.00198157408539 11
97.398464 0   14.6137527619 -0.334760672907   5.64898140373  0.691529359288  -1.30534879534 -0.303162806464  0.224530380074 -0.169363319599 -0.243214890008 0.00195470376113 11
97.450548 0   14.6645061891 -0.405801298326   5.64260055321  0.604147098144  -1.25523796736 -0.295087621749  0.229350904628 -0.169721599713  -0.24222704232 0.00195301572684 11
97.502635 0   14.7161491057 -0.478969134825   5.64388134402   0.53472407543   -1.2119467004 -0.282746346111  0.236607367511 -0.170467386412 -0.240242308643 0.00195827523118 11
97.554716 0   14.7526911331 -0.546948653138   5.64170433775  0.471547653623  -1.16900549162 -0.266131285463  0.241207471607 -0.171164656769 -0.238394968689 0.00196891527584 11
97.6068 0   14.8049799679 -0.609595015014   5.64642678647   0.42274996418  -1.12867688353 -0.243968303925  0.246761073795 -0.172529111409 -0.234593354068 0.00203820502937 11
97.658884 0  14.8407242495 -0.66979018521  5.64885578636  0.380048231538  -1.08618492403 -0.240173912489  0.251389467842 -0.173912750588 -0.230683182016 0.00205577993538 11
97.710969 0  14.8722419402 -0.72482225895   5.6461829553  0.338828054198  -1.04869488497 -0.234356818766  0.254616662947 -0.174892095229 -0.227878073638 0.00205958107151 11
97.763053 0   14.9027573277 -0.779305256889   5.64799435924  0.300784504656   -1.0136322684 -0.223232547426  0.258006152154 -0.176349444903 -0.223760421162 0.00206839687095 11
97.815137 0   14.9306047361 -0.836884819109   5.65178565227  0.264567205698 -0.980358325408  -0.21473767512  0.261094808633 -0.177910235946 -0.219427143796 0.00209087271991 11
97.867221 0   14.9492528556 -0.892072256117   5.65092292726  0.230675395934 -0.947216443006 -0.211221860178  0.263452480278 -0.178899580199 -0.216690800148 0.00208801131951 11
97.919305 0   14.9638064204 -0.939395793645   5.64886431182  0.199518765455  -0.91671607252 -0.205351995363  0.266084867459 -0.179922531125 -0.213788964483 0.00208270841205 11
97.971389 0   14.9834492295 -0.987251344778   5.64935412749  0.173928122184 -0.887957470501 -0.207491309385  0.267492452726 -0.181242014292 -0.210119974728 0.00207393211058 11
98.023474 0  15.0081012472 -1.04134129863  5.64868805964  0.154613825207 -0.868591381757 -0.210994951257   0.26770323914 -0.182309445834 -0.207240154474 0.00207763271475 11
98.075557 0  15.0332066206 -1.09170616048  5.64459670469  0.139387882812 -0.846543324023 -0.208341787885   0.26742128666 -0.182972283676 -0.205474999194 0.00208078631506 11
98.127642 0  15.0511470138 -1.13599665535  5.63836155922  0.126387504885  -0.82207828679 -0.213259407336   0.26786501206 -0.183502057733 -0.204009115391 0.00208169322611 11
98.179726 0  15.0708366659 -1.18097505173  5.63253742945  0.113837740129 -0.800526624381 -0.209233402322  0.268094857951 -0.184075328443 -0.202440879476 0.00208066631476 11
98.23181 0  15.0895264482 -1.22294971271  5.63019122249  0.102176990426 -0.777961534778  -0.20598965163  0.268552128713 -0.185143059098 -0.199507735316 0.00208145801195 11
98.283894 0  15.1105445562 -1.26956794463  5.62781212035 0.0934278889754 -0.759642183826 -0.208855423549  0.268427479114 -0.186144828607 -0.196815376268 0.00207765097359 11
98.335978 0  15.1342586521 -1.31508171461  5.61816898038 0.0846056048608 -0.745020501499 -0.214001143414  0.267723911506 -0.186160461301 -0.196830476763 0.00207768427291 11
98.388062 0  15.1594417218 -1.36140495067  5.61485553704 0.0784446822801 -0.731013487492  -0.21319168075  0.266751996109 -0.187106568523 -0.194353836157 0.00209113755705 11
98.440146 0  15.1751628466 -1.40248863548  5.60514062329 0.0727400830811 -0.712191405915 -0.223649747043  0.266581197028 -0.187195015806 -0.194156471027 0.00209202613033 11
98.492231 0  15.1869001447 -1.43799878555  5.59679854306 0.0654275656164 -0.692194866182 -0.233463353763  0.266825214484 -0.187636652747 -0.192959029743 0.00208682743285 11
98.544315 0  15.1988796079 -1.47403784557   5.5885652223 0.0569684271878 -0.671069212658 -0.231893979269  0.266853385433 -0.188081560969 -0.191784777259 0.00208507422161 11
98.596399 0 15.2128858773 -1.5135898917 5.58266385574 0.0476610202522 -0.655247924031 -0.226459953395  0.266587242913 -0.188814421391 -0.189864946034 0.00209219068893 11
98.648483 0  15.2262570273 -1.54945253844  5.57081860603 0.0346154862135 -0.632276104537 -0.217523634797  0.266367682191 -0.188638367494 -0.190384465398 0.0020966307524 11
98.700568 0  15.2372962773 -1.58193197847  5.55699549236  0.015541792245  -0.60805767471 -0.204568975177   0.26640026923 -0.188105492233 -0.191849308989 0.002092282911 11
98.752652 0   15.251220851 -1.61616561522  5.54379424162 -0.00984622458755   -0.589465165838   -0.197618217356  0.266581344599 -0.187390156583 -0.193823609958 0.00208335156591 11
98.804731 0  15.2578832063 -1.64615772588  5.53155860427 -0.0483050267403  -0.568859038006  -0.184938884231  0.266857242728 -0.186707671428 -0.195721807877 0.00207043123544 11
98.85682 0  15.2636976357 -1.67439803826  5.51813707314 -0.100063548014 -0.549051346862 -0.188570103721  0.267417873972 -0.185732070393 -0.198422295948 0.00206417613598 11
98.908904 0  15.2657221869 -1.69937048209  5.49867621202 -0.163883959965 -0.530081327515 -0.211926395391  0.268367625083 -0.183817754454  -0.20371853534 0.00208676842373 11
98.960988 0   15.263649576 -1.72593201287  5.48239218207 -0.233843753522 -0.513749662183 -0.236290860257  0.269129134118 -0.182682314904 -0.206867399624 0.00211189761638 11
99.013072 0 15.2585592887  -1.753858563 5.47649047569 -0.311924327257 -0.500935286396  -0.25478555221 0.268664699255 -0.18334411239 -0.20515401703 0.00209577585263 11
99.065156 0  15.2448440276 -1.78106689082    5.465161599 -0.392331073188 -0.486445593001 -0.276038134647  0.269022587322 -0.183459211441 -0.204868166554 0.00208859918602 11
99.11724 0  15.2292983075 -1.81077159352  5.45297411094 -0.473067134205 -0.468183692338 -0.287461981771  0.268964626989 -0.183694523662 -0.204282029765 0.00207725886828 11
99.169324 0  15.2089448744 -1.83815435113  5.44094442357 -0.550787694139 -0.446184962207 -0.288945856213  0.268924468529 -0.184036723125 -0.203395275499 0.00206996027473 11
99.221408 0  15.1844467985 -1.86217341048  5.42702246244 -0.625369869678 -0.423039274982 -0.283879170759  0.269232224172 -0.184075438175 -0.203298211968 0.00207009263138 11
99.273487 0  15.1570204299 -1.88617495991  5.41747678728 -0.698489219014 -0.398596732462  -0.28116422813  0.268942949477 -0.184837851736 -0.201238514111 0.00207859575201 11
99.325576 0  15.1291817908 -1.91510637466  5.40510463195 -0.768047427832 -0.377026481817 -0.278745784017  0.268433675287 -0.185110296526  -0.20055746035 0.00207705319177 11
99.37766 0 15.0972801456 -1.9415766213 5.38962253927 -0.837227470151 -0.346462117966 -0.263621338871  0.268423876978  -0.18479125628 -0.201480899514 0.00207275708603 11
99.429744 0  15.0600149705 -1.96348800561  5.37979778578 -0.907003340584 -0.322980907231 -0.253541096979  0.268109645615 -0.185354478932  -0.19994342138 0.00208204075239 11
99.481829 0  15.0174175827 -1.98111465367  5.36818979594 -0.975626286817 -0.299463649835 -0.252350933657  0.268260384517 -0.185583920998  -0.19928310326 0.00208420475443 11
99.533913 0  14.9731939129 -2.00008238152  5.35424465196  -1.04541728961 -0.279833433171 -0.256339534931  0.268695050368 -0.185390467206 -0.199806779579 0.00208218158527 11
99.585997 0  14.9241601542 -2.01903788495  5.34625932265   -1.1250820924 -0.259304008469 -0.234163807613  0.268490119104  -0.18613971912 -0.197715446999 0.00210312799388 11
99.63808 0  14.8701409107 -2.03677074569  5.34037201612  -1.21025625768 -0.239901521111 -0.225199104305  0.268203347788 -0.187049019546 -0.195158295372 0.00212193543107 11
99.690165 0  14.8126971695 -2.05360021992  5.32994268288  -1.29790305708 -0.233944031461 -0.244408609439  0.268815465618 -0.187090193882  -0.19502802806 0.00211584715001 11
99.742243 0   14.747258632 -2.06900573067  5.32370307197  -1.39099201457 -0.230549514419  -0.26446848743  0.268629039166  -0.18808686852 -0.192219914168 0.00209832597138 11
99.794333 0  14.6778532521 -2.08411876197  5.30999335525  -1.49052528242 -0.238485555442 -0.269107873887  0.269204740568  -0.18799413638 -0.192477879474 0.00209887593617 11
99.846417 0  14.6040849612 -2.09955513145  5.29255454414   -1.5877760108 -0.243379097783 -0.271861286393  0.269254447784 -0.187554962036 -0.193700097274 0.00210048507725 11
99.898501 0  14.5237111656 -2.11438245341  5.28553472957  -1.67633709029 -0.247415411182 -0.284633230214  0.267945071241 -0.188851369325 -0.190061717309 0.00207538389661 11
99.950585 0  14.4406954582 -2.12913528474  5.26943499002  -1.75714517173 -0.259624301668 -0.283917279755  0.267837974205 -0.188815768394 -0.190135299768 0.00206870175209 11
100.002669 0  14.3527637374 -2.14824765441  5.25253017605  -1.82610295194 -0.276473719894 -0.280688801731  0.267147555769    -0.188690715 -0.190519816996 0.00206722889127 11
100.054753 0  14.2633794529 -2.16759404804  5.24275387415    -1.880256581 -0.286524724219 -0.293485790392  0.265759992478 -0.189647236879 -0.187870913366 0.00203964970959 11
100.106837 0 14.1721296547 -2.1825565166  5.2305484128  -1.92113985171 -0.310152750756 -0.299892141932   0.26580351935 -0.190089030776 -0.186575181616 0.00201521652971 11
100.158921 0  14.0803909658 -2.20838081285  5.22170949311  -1.94166835379  -0.33549782818 -0.316835170542  0.263321658602 -0.191225917291 -0.183581131558 0.00193690812587 11
100.211 0 13.9918119798 -2.2313353083 5.21777351683  -1.93809535348 -0.355301115369 -0.299399673706  0.261120391333 -0.192702620641 -0.179688357063 0.00191856566788 11
100.263089 0  13.8992619358 -2.25401096034  5.21027350946  -1.90583591727 -0.363023083128 -0.287447319304  0.259905301654 -0.193300607328  -0.17816893604 0.00194025595704 11
100.315173 0  13.8049718726 -2.28078080285  5.19210446823  -1.84879566082 -0.364584249478 -0.261763663062  0.258848786115 -0.193256311038 -0.178324027545 0.00195474553098 11
100.367257 0  13.7138128993 -2.30241046746  5.17462361732  -1.77312129396 -0.354129242191 -0.234119277334  0.259407370319 -0.192787749035 -0.179554725633 0.00195573050492 11
100.419341 0  13.6274102147 -2.32198734195  5.15506822749  -1.68693048648 -0.325234756245 -0.199381157696  0.261120942335 -0.191839458692 -0.182012558395 0.00194094992177 11
100.471425 0  13.5464591557 -2.33978429697  5.13922797963  -1.60098605896 -0.276713771649   -0.1917716891  0.262455567983 -0.191269055698 -0.183449545276 0.0019394334181 11
100.523509 0  13.4689838179 -2.35297301443  5.12356370201  -1.51685243025 -0.199686938998 -0.196709291193  0.264511048763 -0.190287634609 -0.186014693314 0.0019384311145 11
100.575594 0 13.3955710592 -2.3622041218  5.1065570073  -1.43828348801 -0.109036152544 -0.216277690368   0.26660446273 -0.189355501162 -0.188437401561 0.00193487852631 11
100.627677 0  13.3269694407 -2.36911607737  5.09376839691   -1.36601820382 -0.0167029047448  -0.228839901326  0.266674082639 -0.189435684958 -0.188161838935 0.00192243279312 11
100.679761 0  13.2606151122 -2.36992183082  5.07989240671  -1.29327493714 0.0673998954376 -0.235630251129  0.267105471935 -0.189038835872 -0.189235422218 0.00192687122976 11
100.731845 0   13.199448896 -2.36800015701  5.06340071851  -1.21621259192  0.136063056824 -0.234528265432  0.268098102142 -0.188399034778 -0.190840171496 0.00193125673787 11
100.783929 0  13.1351035367 -2.36417180233  5.05462126699   -1.1368817577  0.182895729193 -0.229993080546  0.265980612641   -0.1888466755 -0.189783797539 0.00193942798893 11
100.836013 0  13.0741825874 -2.35762411359  5.04361286002   -1.0544997776  0.216489477738 -0.233841236253   0.26550637288  -0.18831854068 -0.191459177149 0.00194497658878 11
100.888098 0  13.0164341048 -2.34977276865  5.03125541849 -0.968673090608  0.229570554557 -0.231891350362  0.265594076911 -0.187752101452 -0.193126133716 0.00194141090736 11
100.940181 0  12.9620285446 -2.33743212788  5.01578941777 -0.884422155402   0.23050417159 -0.231725200313  0.266792405997 -0.187211367302 -0.194477722294 0.00193397591996 11
100.992266 0  12.9145270791 -2.32923813463  5.00339977534  -0.80606919817  0.223887980992 -0.226784141469  0.267426353727 -0.186716904734 -0.195806658099 0.00192623916495 11
101.044349 0  12.8714183718 -2.32132742859  4.99031528543 -0.736137736109  0.217905155661 -0.248279656973  0.268534406171 -0.186145407257  -0.19727301879 0.00192544246025 11
101.096434 0  12.8289636026 -2.31084561489  4.97800341934 -0.672953523787  0.219401099122 -0.282821616877  0.268319918173 -0.185997618665 -0.197815370762 0.00192498648496 11
101.148518 0  12.7896281506 -2.29970462362  4.96207611753 -0.618716549807  0.218794300727 -0.329404462142  0.268877193176 -0.185634829613 -0.198802948984 0.00192417794095 11
101.200602 0  12.7402064723 -2.27699758106  4.94685299667 -0.560350657194  0.224075553389 -0.373921910678  0.269600970883 -0.184588058299 -0.201742461773 0.0019137461199 11
101.252686 0  12.7068574911 -2.26654424038    4.927350515 -0.516772964108  0.215110100855 -0.413736894977  0.269920969669 -0.184289620149 -0.202585955551 0.00191627097641 11
101.30477 0  12.6749044861 -2.25684401163  4.90584499785 -0.477928642134  0.203542660157 -0.447171109609  0.270230497757 -0.183922337516 -0.203618822414 0.00191746462139 11
101.356854 0  12.6440977644 -2.24690916816  4.88278396372 -0.442773366765  0.192446814565 -0.474888289879  0.270391605921 -0.183614181324 -0.204519501079 0.00191724126614 11
101.408937 0  12.6131456685 -2.23595785203  4.85932409286 -0.412071278795  0.176991416576 -0.504091237601  0.270139136812 -0.183397757377 -0.205277923313 0.00191753391877 11
101.461021 0 12.5852564299 -2.2251282878 4.83382372742 -0.385695834115  0.152955982509 -0.543317875026  0.269625181948 -0.183354817187  -0.20561535952 0.00191521871677 11
101.513105 0   12.558267129 -2.21733531609  4.80627624654 -0.363839982775  0.117682391007 -0.558635536161  0.269592491212 -0.183160737698 -0.206232693835 0.00191563938839 11
101.565189 0  12.5303026701 -2.21275371203  4.77898307139 -0.347197155964 0.0864137120088 -0.562525853549  0.269076116962  -0.18288900256 -0.207210364544 0.00192222837098 11
101.617273 0  12.5051901121 -2.20901851871  4.75127610451 -0.337235618914 0.0653216346045 -0.571245144681  0.268940173144  -0.18271241091 -0.207796038482 0.00192118237436 11
101.669355 0  12.4813529911 -2.20494559838  4.72345674329 -0.332234305132 0.0452042960706 -0.587953989111  0.268463685001 -0.182680546311 -0.208068393405 0.00192159471414 11
101.721441 0  12.4583753283 -2.20139534113  4.69477964335 -0.333449051225 0.0222765866546 -0.607696008139  0.267930029614 -0.182687780572 -0.208239856229 0.00192251598513 11
101.773526 0  12.4338725709 -2.20146205161  4.66388495619   -0.341078879353 -0.00497858890652   -0.635249391999  0.267914356026 -0.182485647167  -0.20884661287 0.00192417588635 11
101.825609 0  12.4076821521 -2.20089496129  4.63243944841 -0.349182921498 -0.032922066933 -0.659401014779  0.267744359356 -0.182400477015 -0.209135301786 0.00192455563703 11
101.877693 0  12.3832426281 -2.20307575741  4.59906940261  -0.360174646016 -0.0642545114414  -0.678029915199  0.267654997136 -0.182321848586 -0.209373902121 0.00192760258776 11
101.929777 0  12.3601442104 -2.20548413685   4.5676011499  -0.368810376934 -0.0923931625671  -0.674990212786  0.266541252029 -0.182501031719 -0.209380769882 0.001923280263 11
101.981861 0    12.33643148 -2.20985384297  4.53576621885 -0.376124967319 -0.127555556941   -0.6540848654  0.265728136835 -0.182607590471   -0.2094528806 0.00192253503804 11
102.033945 0  12.3101732828 -2.21741684645  4.50446919695 -0.382637998295 -0.168226541169 -0.617551458351  0.265042574179 -0.182593156804 -0.209725778994 0.00192436462324 11
102.086029 0  12.2851163032 -2.22796809665  4.47447436266 -0.387036840745 -0.210728387737 -0.578213890074  0.264703954558 -0.182541011215 -0.209953042984 0.00192590834588 11
102.138107 0   12.260972566 -2.23918057354  4.44802865524 -0.387202099666 -0.252019414007 -0.538769430061  0.263970235323 -0.182680070253 -0.209937005366 0.00192760141037 11
102.190197 0  12.2348908973 -2.25452080908   4.4227187684 -0.384892893922 -0.291840064898 -0.505047065115  0.263057013156 -0.182627828397 -0.210540898153 0.00193379979082 11
102.242281 0  12.2129484839 -2.27142936454  4.39886431299 -0.385263267283 -0.331443488532 -0.465405507814  0.262930067216 -0.182684261083 -0.210440470143 0.00193369096229 11
102.294365 0  12.1889342383 -2.29086780677  4.37715229844 -0.386662905386 -0.368182677771 -0.431513899758  0.262143893253 -0.182757593605 -0.210600401674 0.00193968847486 11
102.346449 0  12.1659340847 -2.31275361143  4.35622746216 -0.390614549103 -0.398405272687 -0.384223071314  0.262532022013 -0.182648138339 -0.210699610648 0.00193614725136 11
102.398532 0  12.1424604313 -2.33494660188  4.33922056213 -0.402005901574 -0.422005565667  -0.31704258937  0.262247046262 -0.182756947452  -0.21058313588 0.00195219164469 11
102.450617 0  12.1188633511 -2.35874614164  4.32456348391 -0.424190626992 -0.429711917928 -0.273668396877  0.262409353879 -0.182438575874 -0.211369776354 0.00194010912213 11
102.5027 0  12.1012474288 -2.38240921499  4.30779893069 -0.466838999067 -0.421619035852 -0.249201824031  0.264352061103 -0.182108614005 -0.211757191468 0.00192705370927 11
102.554785 0  12.0781716339 -2.40471025634  4.29420721853 -0.515216815799 -0.401171613376 -0.251837172912  0.265659395766 -0.181984552872 -0.211767883957 0.00193608176317 11
102.606873 0  12.0514890252 -2.42384020884  4.28013325663 -0.573149938397 -0.360385977862 -0.255442698298  0.266930834228 -0.181913702672 -0.211652373816 0.00195422222281 11
102.658952 0 12.0191589403 -2.4409013563 4.26679802287 -0.634965059519 -0.307597798916 -0.270921365217  0.267316274268 -0.181774582391 -0.212015530878 0.00196937562608 11
102.711037 0   11.983983021 -2.45622055334  4.25231864946 -0.699950655089 -0.237310890329 -0.279789612056   0.26783073223 -0.182203212326 -0.210603822166 0.00196670968854 11
102.76312 0  11.9454723682 -2.46676081995   4.2380033627  -0.75778999467  -0.15129151969 -0.292103599973   0.26786480304  -0.18235942422 -0.210154610828 0.00196293691107 11
102.815204 0   11.907585564 -2.47324313641  4.22074189503  -0.809430529747 -0.0468573738672  -0.299572633066  0.267140271001 -0.182897626383 -0.208785625342 0.00194273433682 11
102.867288 0  11.8646659699 -2.47205896676  4.20634128746 -0.846947257224  0.064226025704 -0.299427388148  0.267092086556 -0.182824918557 -0.209100056187 0.00194687587469 11
102.919372 0  11.8173315485 -2.46906768455  4.18923313873 -0.876237677167  0.174804478507 -0.297893165577  0.267321682725 -0.182939763775  -0.20852024568 0.0019401376288 11
102.971456 0  11.7709485256 -2.45790905398  4.17445485114 -0.897470652018  0.278691766806 -0.301707900597  0.266947107938 -0.182967697641 -0.208575394587 0.00194795470881 11
103.02354 0 11.7197412471  -2.447134915 4.15745725001 -0.912812729718  0.368378421295 -0.303393585802  0.267068612467 -0.182799758073 -0.208741715435 0.00194129778867 11
103.075619 0  11.6717249159 -2.42755265934  4.14249220145 -0.919220170931  0.440502590173 -0.289818757913  0.266673254255 -0.182854228376 -0.208683128801 0.00193976077866 11
103.127708 0  11.6201454332 -2.40914288004  4.12653539918 -0.918129818902  0.488662207149  -0.28118206496  0.266860836336  -0.18270270932 -0.208837171021 0.00193694496193 11
103.179792 0  11.5688786544 -2.38705793956  4.11212198926 -0.910700051774  0.523954945905 -0.279569197197   0.26680430964 -0.182705715045 -0.208723659975 0.00193935510576 11
103.231876 0  11.5129099675 -2.36662019183  4.09558929692 -0.90586826827 0.540136840061 -0.27613087798  0.262851009026 -0.183249962565 -0.207554763482 0.00193843888278 11
103.28396 0  11.4644912709 -2.34044663106  4.08201746776 -0.891643580231  0.558063259567 -0.270219813923  0.263219503079  -0.18341570031 -0.206921284524 0.00194211563848 11
103.336044 0 11.4162449856 -2.3137881714 4.06978703309  -0.87545288781  0.568779096165 -0.262511705455  0.262931804798  -0.18374277021 -0.205905164091 0.00195058502081 11
103.388128 0  11.3692158826 -2.28590680567   4.0570742809 -0.859903555613  0.577251983552  -0.26362195003  0.262276725341 -0.184032010063 -0.205084819266 0.00195584303827 11
103.440211 0 11.3200393029 -2.2612583143 4.04330583568 -0.846020183169  0.580217732664 -0.263411637136   0.26181910181 -0.184516198902 -0.203377544533 0.00196072211283 11
103.492295 0  11.2742979219 -2.23363941321  4.03099195917 -0.829905528145  0.583195779301  -0.25378551685  0.261100244729 -0.184844032591 -0.202416463359 0.00196218412158 11
103.544379 0 11.2298922341 -2.2044766304 4.01895972664 -0.813269343086  0.586496169117 -0.238657930316  0.260016054419 -0.185086924739 -0.201843200711 0.00196919138393 11
103.596463 0  11.1852242763 -2.17860459078  4.00658833892 -0.801781403337  0.581493602953 -0.215972020629  0.260189288051 -0.185293820186 -0.200955810927 0.00197357711814 11
103.648547 0   11.138629084 -2.15451018633   3.9957901715 -0.799316140642  0.567158933805 -0.199798388564  0.258923001958 -0.185932053504 -0.198816110692 0.00198510102186 11
103.700631 0  11.0935458501 -2.12894314766  3.98659320114 -0.803152183966  0.555988812304 -0.186981083528  0.259096503844 -0.186249527145 -0.197632901088 0.00199272399521 11
103.752715 0  11.0489431646 -2.10632476664  3.97542815578 -0.818866954367  0.542252800423 -0.188886608918  0.260324839642 -0.186210801807 -0.197178290017 0.00199633467396 11
103.804799 0  11.0035393062 -2.08189609474   3.9636892795  -0.84392416289  0.526643041401 -0.198026990819  0.259406692431 -0.186352396893 -0.196634360513 0.00200041271556 11
103.856882 0  10.9463297852 -2.06600333574  3.94753977366 -0.885747106249  0.499474899126 -0.209141718319  0.256855802397 -0.187511631422 -0.192259548406 0.00201565697329 11
103.908967 0  10.8974927806 -2.04160196357  3.93902736482 -0.919544186479   0.48575077642 -0.207335212508  0.255566353332 -0.187987990071   -0.1909810011 0.00201823189424 11
103.96105 0  10.8478211771 -2.01851946263  3.93002107877 -0.950870392377  0.479313339642 -0.208292420123  0.255533401934 -0.188287535645 -0.190037867675 0.00201900663779 11
104.013134 0  10.7964087056 -1.99544752155  3.92108156927 -0.980570108688  0.484045294383 -0.210598371381  0.255146517279 -0.188639416535 -0.188996953331 0.00201792790861 11
104.065218 0  10.7422011487 -1.97446149904  3.91031455698  -1.00875948283  0.493517995777 -0.216605608208  0.255873345196 -0.188909103502 -0.187777009953 0.00201842641551 11
104.117303 0  10.6879866373 -1.94978843213  3.89963398476  -1.03489070066  0.507428218589 -0.230008229475  0.255411181899 -0.188986654578 -0.187599314956 0.00202054599784 11
104.169386 0   10.631804413 -1.92555551972  3.88753670842  -1.05760874459  0.519856887393 -0.236088796316  0.255282581259  -0.18906323968 -0.187231859098 0.00202482451174 11
104.22147 0  10.5738563158 -1.90098117357   3.8738863786 -1.07265964483 0.534239391244 -0.25061608282   0.25548892153 -0.189022754866 -0.187080194863 0.002038907208 11
104.273553 0  10.5144579205 -1.87610265236  3.85873560642  -1.07705707768  0.550548625267 -0.258677015704  0.256057232102 -0.188922109631 -0.186986820713 0.00205689398709 11
104.325638 0  10.4566069669 -1.85115076428  3.84683936435  -1.06819807377  0.565180290257 -0.249654844201  0.255352892877 -0.189281418668 -0.185890259403 0.00205382981225 11
104.377721 0  10.4011197085 -1.82455952014  3.83833233904  -1.04824402469  0.576099292297 -0.224269173618  0.253726871608 -0.189825623502 -0.184652690726 0.0020679682995 11
104.429805 0  10.3455522679 -1.79744595039  3.83147290386  -1.01963474875  0.574614063545 -0.196775785692  0.251711275067 -0.190410547246 -0.183259382976 0.00209242976913 11
104.481889 0  10.2882836622 -1.77584699722  3.82490618444 -0.993477561964  0.561889879034 -0.165035884288  0.247202202675 -0.191526568545 -0.180033848748 0.00209387238693 11
104.533968 0  10.2367013699 -1.74666475313  3.81643977836 -0.959381816227  0.555557889097 -0.154458073222  0.246096410285 -0.191462409879 -0.180330127106 0.00209352086431 11
104.586056 0 10.1854728993 -1.7205387795 3.80936925318 -0.925448422878  0.543176341668 -0.154872385441  0.245981461458 -0.191614843448 -0.179787020295 0.00209647941259 11
104.63814 0  10.1369301439 -1.69355656711   3.8003638967 -0.891716100306  0.532680893422 -0.152590440838  0.245741078074 -0.191569235015 -0.179746493611 0.00210082725089 11
104.690225 0 10.0899084417 -1.6675801005 3.79101766504  -0.85756668458  0.521209355293 -0.146737652212  0.245665405571  -0.19145817801 -0.179788726892 0.00210211887546 11
104.742308 0  10.0443089612 -1.64230804566  3.78250497965 -0.821619696185  0.510757682967 -0.140097187256  0.245496283946 -0.191483212167 -0.179454518172 0.00210293055796 11
104.794392 0  9.99997453667 -1.61859562186  3.77475387792  -0.78580859037  0.497999632739 -0.131160725887  0.245600753854  -0.19158841487 -0.178719150725 0.00209868561137 11
104.846476 0  9.95820975846 -1.59467212832  3.76712111072 -0.750817985917  0.484383731934  -0.12677385389  0.245303634164 -0.191577454996 -0.178478622892 0.00209617921548 11
104.898559 0 9.91793674852 -1.5710129839 3.76090752815  -0.71876843036   0.46718041943 -0.117700432051  0.244641589689 -0.191697773841 -0.178069891278 0.00209721347435 11
104.950644 0  9.87901011911 -1.54776491356  3.75527849572 -0.692052069398  0.438707972614 -0.115071701886  0.244245190455 -0.191892744019 -0.177507283058 0.00209846634181 11
105.002724 0  9.84105325815 -1.52716057165   3.7494785793  -0.67624788903  0.391330100209 -0.111413497528  0.243559501042 -0.192160682566 -0.176689402786 0.00209814339602 11
105.054811 0  9.80507658848 -1.51045707601  3.74314648621 -0.664979666253   0.32972244656 -0.114622554908  0.243188183325 -0.192223251138 -0.176199815871 0.00209925666312 11
105.106895 0  9.75015297119 -1.50826644244  3.73120647987  -0.66995866135  0.242150972516 -0.112411994781   0.24100675306 -0.194811016909 -0.167454957231 0.00209174329943 11
105.158979 0  9.71309564152 -1.49797372339  3.72442022301 -0.667291647101  0.163030880796 -0.108749726327  0.240947134302 -0.195248334813 -0.166004519862 0.00209130425314 11
105.211062 0  9.67705492742 -1.49116857063  3.71966164301 -0.668724554845 0.0827227847681 -0.108878772672  0.240829520116 -0.195550005769 -0.165117625259 0.0020971843073 11
105.263147 0   9.6418959021 -1.48776758434  3.71450839558  -0.671587653242 0.00977414991189  -0.113666508718  0.240294941848 -0.195659306715 -0.164939427572 0.00209167043651 11
105.31523 0  9.60685028524 -1.48840516017  3.70922278847  -0.674863296011 -0.0495672242688  -0.115137358167  0.239821884197  -0.19601562586 -0.163930562582 0.00209014789581 11
105.367314 0  9.57127166675 -1.49228406779  3.70424034046  -0.678504802266 -0.0931334265024  -0.117273307878  0.238957354858 -0.196180557983 -0.163766642611 0.00208384764162 11
105.419398 0  9.53526471835 -1.49747466813   3.6975363759 -0.681536604939 -0.117498786174 -0.121762813722  0.238281477803 -0.196491880308 -0.162832385213 0.00208263767427 11
105.47148 0  9.49880236178 -1.50365297784  3.69072525716 -0.682490243811 -0.123587826583  -0.12707268626  0.237380191493 -0.196479747405 -0.163110131176 0.00208308617308 11
105.523566 0  9.46216589942 -1.50980060415  3.68316881024 -0.681015528233 -0.117532875861 -0.130496889831  0.236576437825 -0.196523153171 -0.163086068162 0.00208337768267 11
105.575649 0  9.42566272077 -1.51572968123  3.67568040308 -0.680364861097 -0.108110655677 -0.133776673518  0.235876674708 -0.196575056308 -0.163128586736 0.00208415283428 11
105.627733 0  9.38861466429 -1.52124678894  3.66819699384  -0.680428388964 -0.0947631961407  -0.135555819978   0.23538613332 -0.196711276259 -0.162817737675 0.00208584706176 11
105.679818 0  9.35165980575 -1.52587917378   3.6596693679  -0.679504869347 -0.0768627036041  -0.140385286896  0.234718864868 -0.196676423059 -0.162901296755 0.00208761901473 11
105.731901 0  9.31392229305 -1.52980987824  3.65152964256  -0.677175349647 -0.0589016695023  -0.144023722918  0.234301186553 -0.196743485711 -0.162826410478 0.00208992057396 11
105.783985 0  9.27727953957 -1.53263935612  3.64249656738  -0.672970157954 -0.0396420428614   -0.14259355773  0.233717677814 -0.196711863968 -0.162640589466 0.00209465775796 11
105.836069 0  9.24030197824 -1.53492863241  3.63404654651  -0.667302191028 -0.0216663914166   -0.14132328728  0.233217920744 -0.196687876857 -0.162648527777 0.00209356099188 11
105.888153 0  9.20323938679 -1.53659964771  3.62540792155   -0.662311256089 -0.00766459215446   -0.139702198522  0.232768571978 -0.196712888787 -0.162375702285 0.00209389242802 11
105.940231 0   9.1672006942 -1.53713598047  3.61717100736  -0.656111456416 0.00938305351942  -0.134006229474  0.232437058998 -0.196685663036 -0.162307598335 0.00209315061636 11
105.99232 0  9.13072290932 -1.53747338359   3.6084952295 -0.651499660881 0.0234178956487 -0.132796291044  0.231931657099 -0.196665046025 -0.161963203929 0.00209141760637 11
106.044404 0  9.09533487932 -1.53660428917  3.60026205144 -0.647636104566 0.0338872559882 -0.135073558694  0.231640148721 -0.196611328383 -0.161869856988 0.00209123023337 11
106.096487 0  9.05940333447 -1.53600139036  3.59186497704 -0.644790483498 0.0419209073794 -0.140057616348  0.231503893006 -0.196611940453 -0.161529193579 0.00209208396228 11
106.148571 0  9.02328711142 -1.53517058429  3.58306646441 -0.643381072083 0.0483530106656 -0.133314363219  0.231483810158 -0.196498893313 -0.161583980197 0.00209183415327 11
106.200655 0  8.98803783675 -1.53318246158   3.5763046689 -0.645087148443 0.0506971337709 -0.102291328066  0.231755658604 -0.196523726227 -0.161357063907 0.00209845051632 11
106.252739 0  8.95146758784 -1.53206763634  3.57093126346  -0.660532139042  0.0439088009248 -0.0681801409193   0.23222172033 -0.196407882622 -0.161370855824 0.00209115454402 11
106.304823 0  8.91516060659 -1.53185244244  3.56629025413  -0.690125748039  0.0363460466918 -0.0628762496244  0.232518781293 -0.196132328954 -0.161651083674 0.00207911389818 11
106.356906 0  8.87415771537 -1.53474685243  3.56007934551   -0.73281033233  0.0199895852043 -0.0814108920022  0.233439929636 -0.196192003261 -0.160963143759 0.00208784915598 11
106.40899 0  8.83306599176 -1.53473385804   3.5543149453 -0.784059310482 0.0113583571436 -0.101187475932  0.234000548737 -0.196141596553 -0.160752986783 0.00209530980691 11
106.461075 0  8.78922183975 -1.53516608547  3.54737742958   -0.84477120513 0.00284920479986  -0.110667833782  0.234476550909 -0.196081219922 -0.160585032964 0.00210381190336 11
106.513158 0  8.7420261699 -1.5358527636 3.54051086295   -0.911522661671 -0.00310565436926   -0.112095399507  0.235070211188 -0.196061260138 -0.160329421918 0.00210718630666 11
106.565242 0  8.69124260416 -1.53694410881  3.53378647036   -0.98299570857 -0.0069881355695  -0.116735640363  0.235948441419 -0.196194335063 -0.159634509217 0.00210964286754 11
106.617325 0  8.63699087467 -1.53790931391  3.52633721989    -1.04865665029 -0.00210072369747   -0.129067334086  0.236545309435 -0.196166483098 -0.159467504929 0.00211095775878 11
106.669409 0  8.57957547284 -1.53877347342  3.51866555594   -1.10903249989 0.00899581701011  -0.149635127469  0.237324046764 -0.196296910822 -0.158946594646 0.00210375678758 11
106.721493 0  8.51926746158 -1.53958802611  3.50917745258  -1.15948371629 0.0234560120121 -0.177239610856  0.237718158021 -0.196364411273 -0.158483489481 0.00210077732491 11
106.773577 0  8.45579242728 -1.53953294059   3.4976468423 -1.20043704408   0.0365496723 -0.20111478182  0.238101514929 -0.196267511437 -0.158416591373 0.00211042752218 11
106.825661 0  8.39156100647 -1.54015034889  3.48609946708  -1.22730978733 0.0466248373787 -0.225653052787 0.238351856042 -0.19637832047 -0.15789967109 0.00210593958717 11
106.877744 0  8.32759971696 -1.54124834377  3.47441860823  -1.23713079938 0.0567184840033 -0.237567854549  0.238683927653 -0.196600229535  -0.15732290268 0.00209063343108 11
106.929828 0  8.26491685912 -1.54152416999  3.46349258255  -1.22650655353 0.0636696489888  -0.22783926774  0.239534924868 -0.196805234035 -0.156961684856 0.00209223554254 11
106.981912 0  8.20154653118 -1.53833498325  3.45087285415  -1.19571701266 0.0691600470549 -0.213576046921  0.238870343695 -0.196722819359  -0.15683071524 0.0021006675016 11
107.033996 0   8.1378658484 -1.53857955994  3.43789418559  -1.15026726232 0.0693681186468 -0.198257184874  0.239098916953 -0.196575324314 -0.156964427398 0.00209768551314 11
107.08608 0  8.07703327533 -1.53804414273  3.42576837895  -1.09382427633 0.0629668599161 -0.187785292222  0.239245173708 -0.196452408914 -0.156991551004 0.00209297609863 11
107.138164 0  8.01921435339 -1.53795262641  3.41389528843  -1.03307944158 0.0538893923471 -0.181426465015  0.239387884954 -0.196274711992 -0.157130435584 0.00208423976261 11
107.190247 0  7.96434314842 -1.53862938586   3.4017623346 -0.970182169835 0.0453491107787 -0.183675239907  0.239442908639 -0.196097948374 -0.157225956493 0.00207849768443 11
107.242331 0 7.91367627805 -1.5388769384 3.39023136897 -0.907092848029 0.0353349692376 -0.176198488387  0.239531729628 -0.195905453009 -0.157425918332 0.00207365932391 11
107.294415 0 7.86551320056 -1.5411665823  3.3787685865 -0.847169085459 0.0209424062558 -0.168914100047  0.239587897922 -0.195698927706 -0.157655907652 0.00206530563851 11
107.346498 0  7.82128838228 -1.54281056359  3.36769683327  -0.79231687495 0.0103290992905  -0.17638101422  0.239811438238 -0.195522322523 -0.157783590193 0.00206334514212 11
107.398578 0  7.78040237675 -1.54412883833  3.35719009609    -0.744098716541 -0.000543914626317    -0.180950627341  0.239943941563   -0.1954381464 -0.157735744719 0.00206233550072 11
107.450666 0 7.74098412803 -1.5469608372 3.34575597113  -0.697898152688 -0.0160431099088  -0.182071856191  0.240078879884 -0.195310405196 -0.157675282073 0.00206331275748 11
107.50275 0  7.70469815539 -1.54994564447  3.33494735659  -0.657182424506 -0.0275141715871  -0.171260706312  0.240144499315 -0.195204157869 -0.157583775748 0.00206353040308 11
107.554833 0  7.67116634486 -1.55294022724  3.32498441529   -0.61603594256 -0.0390421744005  -0.163066766666  0.240064982415  -0.19513739993 -0.157393460151 0.0020628918117 11
107.606917 0  7.64174380466 -1.55433145485  3.31546387544  -0.575977285102 -0.0450532773718  -0.167537773055  0.239286371051  -0.19491454052 -0.157567239112 0.0020637176016 11
107.659001 0  7.61237720375 -1.55935640501  3.30532322203   -0.53621649837 -0.0548743567855  -0.164229824952  0.238876152227 -0.194741890097 -0.157430165595 0.00206615271408 11
107.711085 0  7.58567389076 -1.56273317039  3.29646817732  -0.499292341932 -0.0621616258376  -0.160062887265  0.238518248203 -0.194709512782   -0.1571916048 0.00206481089004 11
107.763168 0  7.56103047356 -1.56658362933  3.28802828135  -0.463086610435 -0.0701361755773  -0.151547359572  0.238254989016 -0.194738211889 -0.156821165608 0.00206469648596 11
107.815252 0  7.53839932671 -1.57070536719  3.28015200639 -0.426725266055 -0.077448084347 -0.138588735052  0.237814566824 -0.194769874086 -0.156351822169 0.00206371158164 11
107.867333 0  7.51848706043 -1.57441400525  3.27396266232  -0.391224772439 -0.0886761475827  -0.120302083645  0.237372506803 -0.194836055827 -0.155986954284 0.00206292777845 11
107.919419 0  7.49967911164 -1.57946720106  3.26821763599 -0.358538515418 -0.104208799972 -0.113363149483  0.236898645666 -0.194898013004 -0.155644467006 0.00206101515138 11
107.971503 0  7.48252438063 -1.58535558323  3.26284343749 -0.328289951372 -0.129540232981 -0.110665664487  0.236288295899  -0.19487649418 -0.155517399427 0.00206182228689 11
108.023587 0  7.46731882719 -1.59244115379  3.25794510232 -0.300711427475 -0.170025568498 -0.107222049266  0.235591175778 -0.194872196337 -0.155368817511 0.00206386192725 11
108.075671 0  7.45381937859 -1.60176857715  3.25334584136  -0.276921382018  -0.221791112426 -0.0913331943489  0.235134202036  -0.19496010354 -0.155016114676 0.00206242046368 11
108.127754 0  7.44100987518 -1.61465583418  3.24892068594  -0.257650561213  -0.278911566093 -0.0878477321541  0.234686022989 -0.194999968451 -0.154768823472 0.00206224534845 11
108.179838 0  7.42967726512 -1.62963298923  3.24552535038  -0.240687261903  -0.334485114508 -0.0751160124434  0.234080612284  -0.19506938887 -0.154479429079 0.00206333326163 11
108.231922 0 7.41903327584 -1.6481669329 3.24227474109  -0.232603479803  -0.392393604002 -0.0623452043308  0.233316302319 -0.195152869896 -0.154027078519 0.0020635563242 11
108.284006 0   7.4089302294 -1.66900612507  3.24026708033  -0.235213110819  -0.443076177396 -0.0405394375433  0.232254390847 -0.195230555405 -0.153550695307 0.00206012226334 11
108.336084 0   7.3987473909 -1.69301949506  3.23901204316  -0.252269490106  -0.486718068641 -0.0200675839163  0.230770080671 -0.195188873262 -0.153354455581 0.00204596985001 11
108.388173 0  7.38781628182 -1.71879299413  3.23840679914   -0.291384112881   -0.517760213035 -0.00505634024189  0.229477516237 -0.195050717099 -0.153291781605 0.00202654954716 11
108.440257 0  7.37474928666 -1.74586142868  3.23828259444   -0.354584853322   -0.535308461926 0.000542472405489  0.228303488534  -0.19484757327 -0.153427390994 0.00201399289842 11
108.49234 0  7.35723354626 -1.77402998099  3.23779837183   -0.43812514725  -0.540169505394 -0.0137633032247  0.227178300314 -0.194691025276 -0.153544703418 0.0020157781073 11
108.544424 0  7.33444156261 -1.80168863733  3.23531777516 -0.532637137832 -0.539224187189 -0.047460884857  0.226434938734 -0.194519616375 -0.153666397529 0.00202500834068 11
108.596508 0 7.30562729113 -1.8286188326 3.23166088205  -0.633462425484  -0.531588391122 -0.0890018455146  0.226213322246 -0.194496371396 -0.153493445883 0.00202541622868 11
108.648592 0  7.27130365011 -1.85497452767  3.22503591423  -0.73737929234 -0.513185645491 -0.128507859955   0.22546840293 -0.194316603014 -0.153613757777 0.00205294555507 11
108.700675 0  7.23082883151 -1.88029758118   3.2160194363 -0.837274031507 -0.490621332537 -0.164559510872  0.224475341897 -0.194173329764 -0.153632428403 0.00207835025012 11
108.75276 0  7.18429491152 -1.90467217963  3.20461546245 -0.924901112215 -0.465099030843  -0.19682757881  0.223374877161 -0.194040288672 -0.153561553205 0.00210307350169 11
108.804837 0   7.1326459654 -1.92796411737  3.19100479325 -0.994013456035 -0.441611189956 -0.229412672021  0.221943133796 -0.193878442874 -0.153495699002 0.0021248913777 11
108.856927 0  7.07730834128 -1.94928832595  3.17690444882   -1.0436547286 -0.420220900059 -0.246012148274  0.219747697643 -0.193705841739 -0.153385593519 0.00213296849349 11
108.90901 0  7.02265300926 -1.97075525822  3.16374093084  -1.07022511302 -0.404353319847 -0.249265360513   0.21991073021 -0.193636405596 -0.153380683112 0.00213175447613 11
108.961094 0  6.96765790464 -1.99300778344  3.15112700196  -1.07545049987 -0.390752923775 -0.244160897709  0.221383288052 -0.193678718251 -0.153390604512 0.00214818325044 11
109.013178 0  6.91268013858 -2.01519345942  3.13892223847  -1.06158920492 -0.380172553289 -0.234951155161  0.223037489786 -0.193758971666 -0.153324874927 0.00217703681123 11
109.065261 0  6.85791938925 -2.03711058481  3.12679058584  -1.02932447778 -0.375260021531 -0.230925797492  0.224387075627 -0.193807860221 -0.153264718414 0.00219561941382 11
109.117345 0  6.80465654173 -2.05815116844  3.11397939756 -0.984120574831 -0.366656090248 -0.226285911232  0.225933554739 -0.193803918139 -0.153220698126 0.00220416857605 11
109.169429 0  6.75448196043 -2.07529469228  3.10121230332 -0.933111632908 -0.352970859169 -0.232363163256  0.226158562662 -0.193502543105 -0.153749019108 0.00220200942266 11
109.221513 0  6.70573406717 -2.09455172209  3.08723319581 -0.876805928187 -0.332140174091 -0.241557142523   0.22706015904 -0.193166485056  -0.15457226634 0.00219807118815 11
109.273596 0  6.66014680683 -2.11254482511  3.07280765671 -0.819970617121 -0.312002071861 -0.246702929588  0.227777700492 -0.192700526406 -0.155736080661 0.00219485679922 11
109.32568 0  6.61692980623 -2.13014187718  3.05833902921  -0.76466361164 -0.296437374738 -0.251670150198  0.228699031748 -0.192296689001 -0.156766639777 0.00219448461078 11
109.377764 0  6.57631889213 -2.14713331965  3.04374086138 -0.711009204051   -0.2858048215 -0.252779895434  0.229693209746 -0.191938325352 -0.157681189915 0.00219421605175 11
109.429847 0  6.53884108013 -2.16351634932  3.02892723318 -0.659907584227 -0.280151661934 -0.256595626697  0.230653697498 -0.191595302242 -0.158515869182 0.00219402307332 11
109.481931 0 6.50543402195 -2.1781405775  3.0135286681 -0.612267906801 -0.278704897854 -0.261105455653  0.231205278062 -0.191074446279 -0.159705186108 0.00219491576875 11
109.534015 0  6.47142220589 -2.19703072768  2.99866260853 -0.569632165741 -0.281510941163 -0.263750468947  0.232707228033 -0.190986027627 -0.159886562803 0.00219479556822 11
109.586099 0  6.44103636659 -2.21470492352    2.983659317 -0.530167552973 -0.281393644026 -0.253008333345  0.233699197504 -0.190779018171 -0.160350815307 0.0021947963358 11
109.638182 0  6.41313822705 -2.23170475331  2.96986769769 -0.493913986124 -0.277579324747 -0.243969279588  0.234653457761  -0.19070998257 -0.160474125084 0.00219528997603 11
109.690266 0  6.38800559137 -2.24428971163  2.95959273098 -0.464787090549  -0.25861358467 -0.233577920069  0.234802524318 -0.191034202337 -0.160011545273 0.00220228341833 11
109.74235 0  6.36374675052 -2.25705023837  2.94729376372 -0.444734086929    -0.228753142 -0.229591214282  0.235221329256 -0.191116431866 -0.159778475005 0.00220311002657 11
109.794434 0  6.34036824176 -2.26857908935  2.93489909065 -0.435957802289 -0.187577155473 -0.234443850419  0.235730829181  -0.19111814084 -0.159771900628 0.00220372888149 11
109.846517 0  6.31746933352 -2.27712127255  2.92275705319 -0.432886265863 -0.134677877582 -0.240235069461  0.235986553562 -0.191225807746 -0.159562430425 0.00220088954015 11
109.898601 0 6.29492890823 -2.2826155355 2.91027084953  -0.430917830486 -0.0811611884229  -0.250031492511  0.236242478978 -0.191303491671 -0.159414556465 0.00219857003243 11
109.950684 0  6.27296304751 -2.28523321265  2.89788796272  -0.429074327586 -0.0257884230454  -0.248658846769  0.236355458951 -0.191369770054 -0.159345290767 0.00219457752361 11
110.002768 0  6.25265575762 -2.28416268187  2.88589403824 -0.427335658632 0.0252870502757 -0.254741314924  0.236410605395 -0.191456084044 -0.159172358882 0.00219411711153 11
110.054852 0 6.23316827927 -2.2797636428 2.87434708539 -0.425868453804 0.0689878682494 -0.258252514728  0.236249360651 -0.191665363153 -0.158823257339 0.00219141699844 11
110.106935 0  6.21449953413 -2.27240833413  2.86351546532 -0.422574152604  0.103325215881 -0.254648450392  0.235868597397 -0.191943102842 -0.158434893118 0.00218552115347 11
110.159019 0  6.19599529593 -2.26293264414  2.85314893104 -0.418654578933  0.126279219015  -0.24180820083  0.235294799391 -0.192113063128  -0.15830946639 0.00218528016864 11
110.211103 0  6.17823879354 -2.25242133908  2.84354550907  -0.41380296296   0.13940597392 -0.235002461659  0.234625102559 -0.192360189739 -0.158001278228 0.00218559953919 11
110.263186 0  6.16059836903 -2.24157797978  2.83418595083 -0.406785758802  0.145786787219  -0.23405813188  0.233831635201 -0.192620170844 -0.157654416698 0.00218698493352 11
110.31527 0  6.15373099575 -2.21752606031  2.82981645978 -0.39376087636 0.156982105447 -0.23813120204  0.231759842713 -0.192913814546 -0.156810130938 0.00219028029399 11
110.367354 0 6.13885974472 -2.2044168383 2.82105362111 -0.383439367423  0.157981491518 -0.237511914394  0.230731095137 -0.193143413282 -0.156453963107 0.00219043920852 11
110.419438 0  6.12269288651 -2.19286246467  2.81155202013 -0.374118241707  0.152900847446 -0.232924938148  0.229781764368 -0.193364081228 -0.156192465627 0.00219017170033 11
110.471521 0  6.10645628787 -2.18221589142   2.8020838743 -0.363853866482  0.144039750107 -0.228003843607  0.228928030703 -0.193537579178  -0.15599070296 0.00219077711388 11
110.523605 0  6.09132213352 -2.17145075509  2.79307177087 -0.353268318407  0.135665173017  -0.22024052193   0.22794468151 -0.193727976981  -0.15573272059 0.00219270949374 11
110.575689 0  6.07724901706 -2.16066835449  2.78462492984  -0.34339691653  0.126289058334 -0.217951020944  0.226739729087 -0.193976996566 -0.155386300381 0.00219463714801 11
110.627772 0  6.06283070258 -2.15086294745  2.77604936798 -0.336590500044  0.114175131033 -0.206847514106  0.225774715398 -0.194149499639 -0.155110974902 0.00219754789246 11
110.679856 0  6.04893156557 -2.14144174208  2.76871986331 -0.337450373074  0.102369437407 -0.166291174557  0.224876995141 -0.194315067412 -0.154780496112 0.00220244119931 11
110.731934 0   6.0359919305 -2.13257893441  2.76453578979 -0.354922136014 0.0932267257002 -0.137298803124  0.223701641032 -0.194489347455 -0.154488050106 0.0021910705695 11
110.784023 0   6.0223326867 -2.12484035655  2.76148013739 -0.395539475283 0.0847071438166 -0.121202632163   0.22226829177 -0.194582537508 -0.154460008835 0.0021771504334 11
110.836107 0  6.00603180539 -2.11867049309  2.75836244823 -0.461339721304 0.0838605748614 -0.117394793096  0.220736291592 -0.194541714464 -0.154793354996 0.00216884295201 11
110.888191 0  5.98471524322 -2.11317774576  2.75414436387 -0.546441888905 0.0876351053131 -0.142328876628  0.219476010465 -0.194520633931 -0.155046375603 0.00217498739632 11
110.940274 0  5.95981910316 -2.10528503667  2.74946246239 -0.637797365681 0.0952733397124 -0.186661816131  0.217949338722 -0.194719668052 -0.154598908281 0.00217500509188 11
110.992358 0  5.92588170833 -2.09975114371  2.74102900481 -0.744690755457  0.100754355217 -0.223360152882  0.216966949575 -0.195034827526 -0.153849584815 0.00217335579522 11
111.044441 0  5.88697687326 -2.09396308075  2.73011518435  -0.85965774085  0.111026472728 -0.249008849465  0.216318892622 -0.195120742132 -0.153639365769 0.00218369102157 11
111.096525 0  5.84148164486 -2.08762901656   2.7178597524 -0.975216915355  0.124981381835 -0.274358905495   0.21577035534 -0.195244690267 -0.153302435485 0.00218887655018 11
111.148609 0  5.78962476934 -2.08045072185  2.70421727058 -1.08814621249 0.142169111722 -0.29901516003  0.215258183696 -0.195404874082 -0.152866934434 0.00219155000675 11
111.200693 0  5.73149873186 -2.07224542755  2.68903731849  -1.19599282214  0.159073773647 -0.326337994074  0.214639760718 -0.195559802764 -0.152453585128 0.00219381127097 11
111.252776 0  5.66742676967 -2.06337112397  2.67154175696   -1.2992675797  0.173667330929 -0.357177538992  0.214096920378 -0.195472553538  -0.15266353442 0.0021959858983 11
111.30486 0  5.59834982393 -2.05270733303  2.65275863044  -1.38903953143  0.185735623187 -0.407740731674  0.213627960936 -0.195641469076 -0.152234594166 0.00220363431957 11
111.356944 0     5.52460169 -2.04223833469  2.62985368378  -1.46415948441   0.19381663427 -0.473958505307  0.213209441071 -0.195638925668 -0.152223167696 0.00221529072942 11
111.409027 0  5.44703846876 -2.03084108078   2.6039723917   -1.5287845432  0.204292354892 -0.526045917281  0.213136629761 -0.195722221742 -0.151924787176 0.00221512697765 11
111.461111 0  5.36598153085 -2.01927534928   2.5762287973  -1.57714323131  0.213022423268 -0.567238980305  0.213005233456 -0.195958915923 -0.151278304945 0.00221678733842 11
111.513195 0  5.28280794301 -2.00784776311  2.54588029628  -1.60745217203  0.214198972852 -0.607791202474  0.213279395175 -0.196167441527 -0.150651381131 0.00221620359596 11
111.565278 0  5.19919850579 -1.99459644421  2.51253862111    -1.615842898  0.211534280072 -0.653558152096  0.213387496427 -0.196400036078  -0.14988260103 0.00221588989114 11
111.617362 0  5.11510206658 -1.98381679782  2.47867706689  -1.60705573834  0.205805669548 -0.689875629915  0.213645519719 -0.196932948334 -0.148394644182 0.00222123255127 11
111.669445 0 5.03217694826 -1.9731090318 2.44385396775  -1.58089614215  0.200619088708 -0.724326301342  0.214221194736 -0.197643194075 -0.146442642076 0.00223963111002 11
111.721529 0  4.95059736851 -1.96150337305   2.4043181781  -1.54022530373  0.186355604564 -0.767824657916  0.214347735898 -0.197473481213 -0.146871922994 0.00223987563827 11
111.773613 0  4.87144079683 -1.95228298295  2.36231333948  -1.48792355935  0.166831787988 -0.804728767261    0.2145066727 -0.197154039677 -0.147704220664 0.00223698801392 11
111.825696 0  4.79543144099 -1.94324497931  2.31971639717  -1.42659895641  0.144045497543 -0.831094606202  0.214960517345 -0.196963671473 -0.148247980851 0.00223291998941 11
111.87778 0  4.72262519819 -1.93567335494  2.27481577181  -1.35904414632  0.124157683313 -0.869276607998  0.215169473361 -0.196620025434 -0.149205996781 0.00222794240365 11
111.929864 0 4.65381516388 -1.9282184494 2.22772207711  -1.28704110476  0.105425073545 -0.906695743715  0.215449927036 -0.196301077997 -0.150040119468 0.00222562719295 11
111.981947 0  4.58846747426 -1.92277582551  2.17920504483   -1.2143784116 0.0842392136798 -0.936371778423   0.21558509133 -0.195986281327 -0.150912621107 0.00222233082503 11
112.034031 0 4.52734063181 -1.9183333799 2.12893740458  -1.14030912003 0.0585492616859 -0.958181384035  0.215652082984 -0.195550133664 -0.152111726884 0.00221979322711 11
112.086115 0  4.47041270461 -1.91469498661  2.07759962289  -1.06742476196 0.0273079432957 -0.975880592725  0.215565861629 -0.195033520786 -0.153514810942 0.00221702857138 11
112.138199 0 4.41701253512 -1.9132257504 2.02547831472   -0.994493096991 -0.00335770564076    -1.00365111089  0.215660450879 -0.194670732731 -0.154476535825 0.00221864356332 11
112.190282 0  4.37340285696 -1.90256658388  1.96969538187  -0.917112180511 -0.0219705826415    -1.0349626787  0.215017768042 -0.193305201636 -0.157913625858 0.00222776148374 11
112.242366 0  4.32610621079 -1.90377306893  1.91467755044  -0.837095926294 -0.0481922060149   -1.03973979906  0.215417310461  -0.19314281564 -0.158326582664 0.00222656595877 11
112.294449 0  4.28422323199 -1.90573533546  1.85986592861  -0.751056131222 -0.0680374429677   -1.03507848894  0.215547544457 -0.192899052053   -0.1589418026 0.002221414082 11
112.346533 0   4.2471080591 -1.90898723482  1.80569116511 -0.662298580023 -0.090344757118   -1.0275604098   0.21559014544 -0.192772033274 -0.159226141129 0.00221815040715 11
112.398617 0  4.21439487876 -1.91358191948  1.75177950504 -0.579359988675  -0.11042254095  -1.01626732366  0.215648417878 -0.192640855029 -0.159527676988 0.00221552007927 11
112.4507 0  4.18588672509 -1.91951088966  1.69825243101 -0.499443036597   -0.1364057167 -0.998374573739  0.215589681692 -0.192463171231 -0.159910744839 0.00221147611294 11
112.502784 0  4.16123629101 -1.92693335982  1.64647247032 -0.426667690248 -0.179331904116 -0.967211889301   0.21576012795  -0.19233372745 -0.160229122343 0.00221712091649 11
112.554868 0   4.1328226448 -1.94049353565  1.59321340774 -0.366558652509 -0.233935772584 -0.921492792165  0.217005798849 -0.191937599228 -0.161378228223 0.00223714564906 11
112.606952 0   4.1136350638 -1.95319215783  1.54589678056 -0.307259980957 -0.288308403356 -0.870340111087  0.217255848479 -0.191798106001 -0.161681085482 0.00224956521255 11
112.659039 0  4.09745646797 -1.96872003858  1.50204853422  -0.25157175034 -0.326882588414 -0.807026826807  0.217212322731  -0.19177585673 -0.161468497868 0.00225874700973 11
112.711119 0  4.08320281605 -1.98584406509  1.46164146558 -0.189619537141  -0.34761507439 -0.724902887343  0.216911511409 -0.191818768684 -0.161229812798 0.00225819923011 11
112.763203 0  4.07266674869 -2.00671537481  1.43131013914 -0.125421679715 -0.370258427373 -0.621535691494   0.21560537018 -0.192201975841 -0.160008413845 0.0022382353892 11
112.815286 0  4.06319576622 -2.02610849528  1.40051301627 -0.059365553298 -0.377284693671  -0.50780754796  0.214427858074 -0.192279577288 -0.159619823207 0.00222255144007 11
112.86737 0  4.06047240341 -2.04657601035  1.37779008915 0.00782310648957  -0.388213359919  -0.383602363108   0.21436485745  -0.19219321869 -0.160234665386 0.00222823549718 11
112.919453 0  4.06185560444 -2.06673811261  1.36133181303 0.0685270335282 -0.415738626064 -0.246205973461  0.214679420422 -0.192085143687 -0.160875717659 0.00222398051606 11
112.971537 0  4.06623266379 -2.08837347234  1.35249788382  0.117664481007 -0.458774746097 -0.108261518979 0.215167723329 -0.19193137557 -0.16188006412 0.00222395130133 11
113.02362 0  4.07443863067 -2.11126912176  1.35223640775  0.163933488698  -0.49109708065 0.0258737248473  0.215628508021 -0.191826783052  -0.16281201859 0.0022255729922 11
113.075704 0  4.08263131894 -2.13650128371  1.35678731205  0.206569322488 -0.509631519567  0.154203362066  0.215515659734 -0.191603505081 -0.163799732965 0.00222458561146 11
113.127783 0 4.09442842016  -2.161107713 1.36947574123  0.247483043259 -0.524886021905  0.273204894616   0.21591715214 -0.191495518389   -0.1647866812 0.00222492350232 11
113.179871 0  4.11056958521 -2.18459818701  1.39117550366  0.285303469271 -0.536024745124  0.394059218216  0.216389410657 -0.191576243753 -0.165620697461 0.00222733065417 11
113.231955 0  4.12672786416 -2.20960170745  1.41782588416  0.314994102027 -0.536969206602  0.514800251698   0.21671387413 -0.191702975724 -0.166050810544 0.00223263488656 11
113.284039 0  4.14411734122 -2.23260095446   1.4513013292 0.336056196071 -0.50903995823 0.626403411482  0.216403988106 -0.191884566152 -0.166326963459 0.00223937611262 11
113.336122 0   4.1626582226 -2.25200232385  1.49118560414 0.345005071094 -0.44565254675 0.703902911898  0.215381415108 -0.192209863808 -0.166554427099 0.00223179747381 11
113.388206 0  4.18196155026 -2.26707494167  1.53557430531  0.336581931947 -0.357712282607  0.746805981201  0.212591176186  -0.19296660073 -0.165234184961 0.00223001499014 11
113.44029 0  4.19873323315 -2.27742644698  1.58045663942  0.312118384252 -0.259111530428  0.754347671109  0.208580666827 -0.193531673124 -0.164621390529 0.00222059387519 11
113.492373 0 4.21332676332 -2.2854094937 1.62309076381  0.273214725701 -0.155188165912  0.741161362218  0.204955562782 -0.194102833049 -0.163777045923 0.00221471316494 11
113.544457 0  4.22436895669 -2.28955364581  1.66227954904   0.230272432174 -0.0242006703031   0.724701819541  0.203026723958 -0.194395674886 -0.163370993797 0.00221637321656 11
113.596535 0  4.23392939822 -2.28590731411  1.70202337756 0.183485234222 0.129857440152 0.702562489798  0.201018153305 -0.195046950169 -0.161836597089 0.00221053957112 11
113.648624 0 4.24066514317 -2.2738423715 1.73960134885 0.133735986042 0.278835023685 0.650778691321  0.198845935366 -0.195541385084 -0.160799458379 0.00220665958149 11
113.700708 0   4.2454684332 -2.25393770064  1.77442554241 0.0886679952386  0.408317647884   0.56282306001  0.196372059919 -0.196044621195  -0.15996219534 0.00220241319548 11
113.752791 0  4.24778857109 -2.22812289342  1.80395272067 0.0412277537627  0.517698961642  0.483437997923   0.19354806434 -0.196315466155 -0.159689138896 0.00221088066664 11
113.804875 0  4.24796129317 -2.19730518468  1.82997745966 -0.00196273605676    0.593260095627    0.399387659402  0.191224798366  -0.19670550793 -0.159126056585 0.00221399529756 11
113.856959 0 4.24626432276 -2.1624343574  1.8529137131 -0.0389405066473   0.642763611531    0.30988256222  0.188167724945 -0.197347822612 -0.158251668576 0.00221745882534 11
113.909042 0  4.24309306429 -2.12416988925  1.87184020048 -0.0692750741649   0.674650143138   0.207747738395  0.182077434186 -0.197964902118 -0.157986229835 0.00222896939096 11
113.961126 0  4.23771719413 -2.08650461324  1.88336307389 -0.0941813599868   0.690441026928  0.0946303121213    0.1782455673 -0.198483799836 -0.157208266206 0.0022282946495 11
114.01321 0  4.23191808174 -2.04876149052  1.88707383047  -0.110802647193    0.69753845876 -0.0294521218757  0.176317911493 -0.198515199868 -0.157513025584 0.00222336196452 11
114.065288 0  4.22511173897 -2.01112977404  1.88383603877 -0.123660810945  0.698498290694  -0.16930921599   0.17410465092 -0.198770433406 -0.157165472163 0.00222363216641 11
114.117376 0  4.21801682455 -1.97266026687  1.87266483623 -0.134777153348  0.698006181932 -0.326278892748  0.171684656209 -0.198707365496 -0.157702036861 0.0022243702856 11
114.16946 0 4.21047899852  -1.935126847 1.85331040076 -0.142664095044  0.693367893106 -0.469805547332  0.170172664842 -0.198702861465 -0.157889591298 0.00222457551458 11
114.221544 0  4.20246471968 -1.89760002739  1.82662171517  -0.14770626655  0.687777769568 -0.598766276696  0.168662669197 -0.198665708894 -0.158046850424 0.00222344105892 11
114.273627 0  4.19449515345 -1.86022806515  1.79369412795 -0.148987483396  0.682801402634 -0.710031329398  0.167149533706 -0.198515478637 -0.158571186705 0.00222374303163 11
114.32571 0  4.18630098693 -1.82281934477  1.75513920187 -0.145878599422  0.678974135181 -0.819543005159  0.164911923285  -0.19842948371 -0.159050115782 0.002223182666 11
114.377794 0  4.17826624732 -1.78594825291  1.71086847437 -0.140870999972  0.676677049926 -0.910545026537  0.162692184211 -0.198349319832 -0.159592481584 0.00222244542219 11
114.429878 0  4.16978360431 -1.74915890658   1.6638460938 -0.133087051296  0.667548590657 -0.977324670608  0.157865867353 -0.198510218084 -0.159833017717 0.00222123443332 11
114.481962 0  4.16221343786 -1.71314231537  1.61291290456 -0.119990619406  0.661443585181  -1.03051611001  0.154724322156 -0.198665258682 -0.159873739298 0.00221992520642 11
114.534045 0 4.15337059329 -1.6761573072 1.56072693634 -0.105617467762   0.65740382852  -1.06445354616  0.147076306452 -0.199026799222 -0.160250016142 0.00221965892444 11
114.586129 0  4.14758301582 -1.64086577797  1.50531542149 -0.0863137412058   0.649618816254   -1.08322995486  0.144587688418 -0.199085190812 -0.160434288551 0.00221905954414 11
114.638213 0 4.14326667111 -1.6063310458 1.44909213494 -0.0627453240498   0.639610882995   -1.08924738675  0.142971175229 -0.199106585034  -0.16043085318 0.00221852414044 11
114.690296 0  4.14060585754 -1.57181256978  1.39279214299 -0.0375022819506   0.626785665359   -1.07416174199  0.141962987481 -0.199054598269  -0.16034576345 0.0022175365847 11
114.74238 0   4.1398234801 -1.53874859105   1.3379266471 -0.00723000960433    0.613453470455    -1.04555133832  0.140865120501 -0.199036245264 -0.159960171739 0.00221671347775 11
114.794463 0  4.14056472229 -1.50594364939  1.28447922097 0.0299456025256  0.598878215669  -1.00082078625  0.140196169828 -0.198977527278 -0.160009351237 0.00221605441095 11
114.846546 0  4.14145095236 -1.47245011754  1.23578611894  0.066681558147  0.581065694951 -0.934791679535  0.134864895266 -0.199016188925 -0.160363055383 0.0022155588603 11
114.898631 0  4.14646079407 -1.44161295809  1.18899594881  0.11343326167 0.561660508289 -0.85943069983   0.13446573576 -0.198761702021 -0.160978368587 0.00221586333335 11
114.950713 0  4.15351140682 -1.41168616965  1.14745635832  0.165795287222  0.537963189978 -0.767540813002  0.132938960772  -0.19897976371 -0.160239562459 0.00221439640558 11
115.002797 0  4.16352337068 -1.38304876985  1.11126262201  0.221813241707  0.509257608829 -0.655160773424  0.131489266095 -0.199289885196  -0.15893244242 0.0022117127528 11
115.054881 0   4.1755115806 -1.35558611681  1.08196131955 0.281654976998 0.480477230495 -0.51868654816  0.127972874889 -0.199473133814  -0.15834200004 0.00220843038491 11
115.106964 0  4.19073708622 -1.32846488391   1.0592761432  0.345097293328  0.450583948325 -0.379954258854  0.124907843938 -0.199350807823  -0.15925179705 0.00220742519068 11
115.159048 0  4.21069415702 -1.30543998334  1.04432093054  0.410630495167  0.414267969968 -0.244434960409  0.124504106956 -0.199980726923 -0.157085234849 0.00220663918998 11
115.211132 0  4.23338742708 -1.28359988425  1.03576260762  0.472596063691  0.379850950822 -0.113617743172  0.123130114823 -0.200071145958 -0.157109825066 0.00220694269391 11
115.263215 0  4.25949720399 -1.26370935654  1.03249261827   0.529734970885   0.342832108712 0.00323835586053  0.122528857562 -0.199785633067 -0.157948508677 0.00220350400244 11
115.315299 0  4.28810667263 -1.24565738698  1.03669045455  0.58045551146 0.295890431749 0.109196162228  0.120867708066 -0.200060709174 -0.157295301366 0.00220270427732 11
115.367383 0  4.31866868254 -1.23036679796  1.04747188823 0.618776994417 0.230591095346 0.226092123405  0.119809233235 -0.200488685821 -0.156240665208 0.00220256532839 11
115.419466 0  4.35115092828 -1.21839908744  1.06255367784 0.640665271697 0.153155751805 0.329023154795  0.118130385244 -0.200490900374 -0.156332147638 0.00220154866569 11
115.47155 0  4.38496257871 -1.21266589446  1.08386882392   0.64795031065 0.0621138390597  0.397597736919  0.118418487452 -0.200814430911 -0.155734510372 0.00220178578723 11
115.523629 0  4.41862628661 -1.21071511307  1.10674590594   0.645393646124 -0.0273351654077   0.440258444039  0.117594287381 -0.200903597337 -0.155698677106 0.00220226506711 11
115.575717 0   4.4523453154 -1.21351097695  1.13297502315 0.636170834113  -0.1137099675 0.467361266133  0.115939750197 -0.201509975784 -0.154138530559 0.00220631921515 11
115.627801 0  4.48563776826 -1.22072749934  1.15999232987  0.629724601523 -0.180524749777  0.490548730211  0.114227880668 -0.202002544515 -0.152966774838 0.00221137320148 11
115.679884 0  4.51905774272 -1.23123937185  1.18902909165   0.62804922033 -0.230339400058   0.50401875347  0.111656337389 -0.202747583835 -0.151187021735 0.00221370933967 11
115.731968 0  4.55274004561 -1.24557577648  1.21850410145  0.630622117489 -0.265550140759  0.507805278268   0.11053150438 -0.203786734905 -0.148014605003 0.00221563701221 11
115.784051 0  4.58584486185 -1.26022666718  1.24823249435   0.62917254942 -0.285680106956  0.533109701775  0.108276447888 -0.204503342778 -0.146077778649 0.00221391219499 11
115.836134 0  4.61828353934 -1.27522989885  1.27826134767  0.616400445207 -0.288457585769  0.562129627552   0.10696596213  -0.20472394104 -0.145794039654 0.00221706440856 11
115.888218 0  4.64907064506 -1.28961606032  1.31169550846  0.572633707452 -0.279023473257  0.570674231993  0.106379059942 -0.205785013509 -0.142932242191 0.00223961893172 11
115.940302 0     4.67624001 -1.30282358069  1.34394309924  0.488694336835 -0.257149200597  0.549132305536  0.105609752303 -0.206699916866 -0.140263907976 0.00224588517249 11
115.99238 0  4.69725921136 -1.31470396092  1.37491462429  0.372370417079 -0.225795388043  0.488431991639  0.105345340139 -0.208200860435 -0.135688932619 0.0022402524773 11
116.044469 0  4.71217025168 -1.32558953519  1.39919196802  0.23666382537 -0.19307679712 0.402145933716  0.104301154366 -0.208815025993 -0.133745426524 0.00223327707971 11
116.096553 0  4.71943330848 -1.33506384198  1.41869421663 0.0800765929337 -0.154649241712  0.324965850812    0.1027593478 -0.209243732373 -0.132388224837 0.00223072317475 11
116.148636 0 4.71869526452 -1.3424344154  1.4348985968 -0.079143853813 -0.118248220388  0.242129893249  0.101249848829 -0.209852177278 -0.130473959182 0.00222650077853 11
116.200741 0  4.70997660383 -1.34831541485  1.44698833203  -0.234075443186 -0.0819780106487   0.164684585398 0.0996782641698 -0.210485482389 -0.128615151978 0.00221859232435 11
116.252803 0  4.69313856995 -1.35239290482  1.45549924512  -0.389380763877 -0.0473321220615   0.116690820388 0.0981615311055 -0.210890804434  -0.12746379392 0.00221486216807 11
116.304887 0  4.66917258875 -1.35499279542  1.46256424431  -0.51823548332 -0.014309972854 0.0681797865646 0.0964306401883 -0.211564843049  -0.12564948569 0.00220896768879 11
116.35697 0  4.63911014457 -1.35505934233  1.46674926916  -0.62495470319 0.0181620266183 0.0444761551022 0.0946966740263 -0.211900972247 -0.124830280187 0.00220582579097 11
116.409053 0  4.60391106237 -1.35389500281  1.47077046469 -0.700060972785 0.0438233130848 0.0455650516734 0.0927548273893 -0.212334221582 -0.123758853725 0.00220647684679 11
116.461132 0  4.56559886361 -1.35121070752  1.47560444196 -0.738545306269 0.0646383230751 0.0587728282006 0.0901195093482 -0.212932279412 -0.122136755188 0.00220705409156 11
116.513221 0  4.52622360608 -1.34717679348  1.48069199736 -0.743957476969 0.0810576806649 0.0759228317234 0.0882546936149 -0.213254568321 -0.121218733139 0.0022036919397 11
116.565304 0  4.48729728461 -1.34210336712  1.48645959171 -0.726526363035 0.0938410374978 0.0995221680431 0.0867440063609 -0.213366842078 -0.120906779145 0.00219680257808 11
116.617389 0  4.44974444961 -1.33670956328  1.49365254423 -0.694431872852 0.0961603155418  0.113808957796 0.0852585721702 -0.213716519653 -0.119968358607 0.00219301360769 11
116.669471 0 4.41389461217  -1.330612181    1.50190778 -0.654928395189 0.0921255429798  0.124110222283 0.0838145218774 -0.214295026122 -0.118366186776 0.00219101827442 11
116.721555 0  4.38040240303 -1.32477239837  1.50982487298 -0.607180326925 0.0846761509487  0.135516553863 0.0826576441348 -0.214422480442 -0.118104702601 0.00218739316867 11
116.773638 0  4.34960296958 -1.31988895535  1.51768033188 -0.558405935882    0.0731358571  0.144467514415  0.081627025306 -0.214303713586 -0.118567413244 0.00218412641042 11
116.825722 0  4.32167891274 -1.31629650946  1.52804279444 -0.507579953758 0.0560991681577  0.154247064401 0.0814153001845 -0.215056065486   -0.1164998238 0.00218492768333 11
116.877806 0  4.29613679547 -1.31307920214  1.53666026352 -0.458412268004 0.0421399719339  0.167271604023 0.0805452580238 -0.214942550017 -0.116933689135 0.00218191662955 11
116.929889 0  4.27321627294 -1.31148232956   1.5482321873 -0.413319376455 0.0278591581227  0.194393240349 0.0803231114849 -0.215467377572 -0.115543102663 0.00218124012571 11
116.981973 0  4.25269842729 -1.31164180165  1.56224039222  -0.37963437019 0.0105173367487  0.212227327612 0.0807989310666 -0.216435931116 -0.112852016883 0.00218133340579 11
117.034056 0  4.2332895853 -1.3115923083 1.57484032782   -0.358885567548 -0.00304664343124     0.22074702952  0.080266343902 -0.216647580434 -0.112254613222 0.00218008464456 11
117.08614 0  4.21533455631 -1.31389885589  1.58932258197   -0.34581657771 -0.0147347750678   0.224450425361 0.0810701165136 -0.217422476922 -0.110196499294 0.00217852952556 11
117.138223 0   4.1970327705 -1.31460232845  1.60270786938   -0.34784345316 -0.0223044166491   0.222497611069 0.0802389969235 -0.217933590774 -0.108724990227 0.00217807014797 11
117.190307 0  4.17848223247 -1.31572048509  1.61626394192  -0.360706601476 -0.0247624484129   0.231877521696 0.0799397300384 -0.218303132473 -0.107777089106 0.00217697508607 11
117.24239 0  4.15903990254 -1.31725685423  1.62977720739  -0.386833993116 -0.0256171844082   0.247573164548 0.0798306674879 -0.218551617511 -0.107204626325 0.00217720571231 11
117.294474 0  4.13795350667 -1.31909827531  1.64406988294  -0.427862619784 -0.0327301476603   0.252343995095 0.0798455251993 -0.218833336805 -0.106481502553 0.00217520406775 11
117.346557 0  4.11450487018 -1.32176392872   1.6579662485  -0.481844938256 -0.0463717577105   0.240650242058 0.0800534846745 -0.219078299832 -0.105860592321 0.00217289392853 11
117.398641 0   4.0881874097 -1.32567291343  1.67107567454 -0.545089948684 -0.071134258772  0.216742788518 0.0806348743277 -0.219351179409   -0.1051961602 0.00216850181326 11
117.450724 0  4.05862509256 -1.33095807599  1.68250837365 -0.613499968187 -0.102075472514  0.193610431277 0.0815727005784 -0.219559746621 -0.104763547117 0.00216395110357 11
117.502808 0  4.02522331836 -1.33809269642  1.69343227213 -0.686650090957 -0.141597372991  0.191281438041 0.0824437617312 -0.219809251329 -0.104253533673 0.0021613863034 11
117.554891 0 3.98831427246 -1.3473887073 1.70564432668 -0.758490600098  -0.18388412508  0.206892399237 0.0835053118786 -0.220272270265 -0.103251606051 0.00216314323072 11
117.606975 0  3.94800833587 -1.35903393047  1.71772276815 -0.820466932442 -0.227079384892  0.209313264398 0.0845798827659 -0.220527025252 -0.102728554997 0.00216384291648 11
117.659058 0  3.90398486888 -1.37186004893  1.72912500868 -0.873890724793 -0.268780006136  0.205797777223 0.0850126366467  -0.22060654675  -0.10262244331 0.00216261490219 11
117.711142 0 3.85815440213 -1.3872841797 1.74089750407 -0.914216026715 -0.311389298108  0.194314748161 0.0854303018775 -0.220984376068 -0.101802975993 0.00215638090936 11
117.763226 0  3.81050598748 -1.40439638839  1.75242152019 -0.934795247432 -0.343206626133  0.195357242544 0.0857955052226 -0.221389082384 -0.101069111879 0.0021480614617 11
117.815309 0  3.76160671544 -1.42207832861  1.76355434205 -0.938179389139 -0.368598591068  0.217801559862 0.0867619749504 -0.221523811498 -0.101016240188 0.00214794460456 11
117.867393 0  3.71359891161 -1.44171606792  1.77637979253 -0.921962212695 -0.392341355054   0.23950703296 0.0868989575601 -0.221838117083 -0.100246219074 0.00214829526566 11
117.919476 0  3.66701037955 -1.46248526239  1.79050470332  -0.89202752705 -0.412723220213   0.25906157731  0.0875147400547  -0.222274045725 -0.0992602991121 0.00215164634902 11
117.97156 0  3.62174159862 -1.48411524869  1.80447420233 -0.851293875415 -0.434739803716  0.271917315702 0.0883623060522 -0.222368259273 -0.099147492402 0.00215317611172 11
118.023644 0   3.5789571011 -1.50693536666  1.81839252225 -0.803653657262  -0.45866314867    0.2747772208  0.0880072272043  -0.222296808428 -0.0990562136568 0.00215039356574 11
118.075727 0  3.5387119662 -1.5309993306 1.83228834957   -0.7533025625 -0.472857923512  0.260566867721  0.0880513699051  -0.222312872523 -0.0988582549304 0.0021498646762 11
118.12781 0  3.50093755562 -1.55549840672   1.8442713906 -0.703579444677 -0.482686083122  0.224629578443  0.0878627654985  -0.222118473156 -0.0991765685541 0.00214851980776 11
118.179894 0  3.46592373733 -1.58068924737  1.85451863524  -0.65711333333 -0.490175329683  0.174692031583  0.0878317514258  -0.222029999758 -0.0992395386279 0.00214755183008 11
118.231977 0  3.43334643475 -1.60652928825  1.86246606589 -0.617238229687 -0.500703446683  0.126067443651  0.0884641180606  -0.222059196533 -0.0990773184287 0.0021467868416 11
118.284061 0  3.40258229277 -1.63270672474  1.86680972666 -0.583973873325 -0.507159565224 0.0616714203498 0.0883549149141 -0.221904548292 -0.099146255802 0.00214557636508 11
118.336145 0  3.37412105196 -1.65987866688  1.86920732672  -0.554873225696  -0.505339685955 0.00664689480461   0.089481096526  -0.222079430985 -0.0984346639962 0.00214467920421 11
118.388227 0   3.3463836948 -1.68615214786  1.86663509675  -0.531288960469  -0.493984247733 -0.0470516059518  0.0888420809405  -0.221749861787 -0.0986645340556 0.00214413248136 11
118.440312 0    3.319767102 -1.71206108789   1.8617198911 -0.511663182272 -0.481586488496 -0.104402961237  0.0890753757913  -0.221501296532 -0.0990748353676 0.00214582148357 11
118.492395 0  3.29381736638 -1.73709804611  1.85462805389 -0.498496855297 -0.471067727618 -0.159317872061  0.0890366072829  -0.221494827851 -0.0987883126213 0.00214653867654 11
118.544478 0  3.26856708643 -1.76158890121  1.84428365757 -0.488986358912 -0.458596970455  -0.21264330162   0.089059956485  -0.221435458512 -0.0985200385972 0.00214877483633 11
118.596562 0  3.24346704314 -1.78526265212  1.83224829184 -0.482311160515  -0.44206367586 -0.243620391766  0.0890314269477  -0.221447832957 -0.0982962382541 0.00214959096814 11
118.648646 0  3.21858550658 -1.80772316608  1.81908873023 -0.474412138875 -0.426083401525 -0.266748973923   0.088763748815  -0.221569354933 -0.0976915494756 0.00215064755111 11
118.700729 0  3.19411415273 -1.82948361787  1.80424962426 -0.467006745164   -0.4112379532 -0.281224206371  0.0884601274092  -0.221473963452 -0.0976381166525 0.0021519179344 11
118.752813 0  3.17000573956 -1.85065367303   1.7887311616 -0.462079262417 -0.399216104811 -0.281881779306  0.0881879865059  -0.221334758576 -0.0976751764127 0.00215232412513 11
118.804897 0  3.14603738537 -1.87097845505  1.77406776922 -0.456851726082 -0.386658176787 -0.268851250896  0.0878937413025   -0.22134717949 -0.0972855421462 0.00215291138738 11
118.856975 0  3.12202340712 -1.89067654869  1.76082039146 -0.449623702952 -0.369490997795 -0.240432585559  0.0871149145943  -0.221361644652 -0.0970599835095 0.00215342960877 11
118.909064 0 3.09804626999 -1.9081447936   1.749023624 -0.439987443365 -0.350626967403 -0.194703693352  0.0860060223734  -0.221285825409 -0.0970420994859 0.00215329884042 11
118.961147 0  3.07515247287 -1.92601167863  1.74101129887 -0.427005030191 -0.331660199069 -0.128827548587  0.0854700157889  -0.221469033658 -0.0961640499235 0.0021507589986 11
119.013231 0  3.05270137485 -1.94289610496  1.73661731953  -0.411913354203  -0.309824614585 -0.0405239055394  0.0850184133455  -0.221446200381 -0.0962870827763 0.00215057672837 11
119.065314 0  3.0307758131 -1.9588905489 1.73617918809 -0.395467832443 -0.286133294037 0.0438481566979  0.0843131906073    -0.2211698078 -0.0972478483662 0.00215258423674 11
119.117398 0  3.00938918588 -1.97370901103   1.7410251422 -0.379369619683 -0.261755682964   0.12472351842  0.0833529092184  -0.221205955779 -0.0973082019726 0.00215296973895 11
119.169481 0  2.98839086751 -1.98634629069  1.75089629689 -0.363852175111 -0.240917416237  0.193090329562  0.0821728337567  -0.221594792157 -0.0962873237819 0.00215251658359 11
119.221564 0   2.9698257649 -2.00098144112  1.76501935165 -0.344171075183 -0.223365932149  0.260071949997  0.0825461348193  -0.221983328733 -0.0957139965547 0.00215291825733 11
119.273648 0  2.95087161721 -2.01242231264  1.78030572952 -0.331169521713 -0.201496670554  0.323194853312  0.0815594985191  -0.222008067702 -0.0956850588431 0.00215063894626 11
119.325732 0  2.93185083787 -2.02158129917  1.79985872182 -0.324185099273 -0.179262991973  0.384748773105  0.0801737279659    -0.2222835883 -0.0949859831864 0.00215205102383 11
119.377816 0  2.91350213287 -2.03048893377  1.82287638692  -0.33223128074 -0.149741568581   0.47421016016  0.0789949576761  -0.222360806091 -0.0949523728119 0.00214401899974 11
119.429899 0  2.89318545957 -2.03654569753  1.85068489876 -0.366849852643 -0.119067656638  0.510998469913  0.0772494281891  -0.222713079166 -0.0942769657077 0.00214828023133 11
119.481982 0  2.87014630427 -2.04048583754  1.87943994207  -0.422894055111 -0.0859890554707   0.504025128825 0.0749399926211 -0.223143428454 -0.093312984434 0.00214509489998 11
119.534066 0   2.8451034979 -2.04374494629  1.90684704259  -0.487766926066 -0.0546470198734   0.477039096346 0.0735277448825  -0.22343102983 -0.092722803127 0.00215199658591 11
119.586149 0  2.81640114569 -2.04502625933  1.93231374681  -0.548234349794 -0.0248605187295   0.415911611038  0.0717604309805  -0.223822843182 -0.0918563055572 0.00215320419925 11
119.638233 0 2.78503918897 -2.0452338038 1.95404855685    -0.604590894557 -0.000515611589248     0.360892900082 0.0705519857171 -0.224034623523 -0.091486138608 0.00216098273242 11
119.690316 0   2.7502958742 -2.04395140846  1.97296171243 -0.652425638458 0.0194161694542  0.324853115468  0.0689079801917  -0.224292953268 -0.0906573258574 0.00216710008898 11
119.7424 0  2.71361250168 -2.04156893071  1.99021346329 -0.686945899269 0.0308342829179  0.311907618519  0.0676739643473  -0.224369613292 -0.0903433846181 0.00216475495679 11
119.794483 0  2.67564815208 -2.03877794137  2.00769317763  -0.70966456023 0.0311601324542  0.319800353896  0.0662055580928  -0.224485920807 -0.0902133267953 0.00216271000644 11
119.84657 0  2.63650617598 -2.03573511373  2.02633001298 -0.725114563945 0.0275619238872   0.33206551101  0.0643666991989   -0.22467317152 -0.0899359589559 0.00215931711086 11
119.89865 0  2.5970790521  -2.032806843 2.04522364901 -0.739189563818 0.0251385708468  0.323450602727  0.0628471283453  -0.224890828369 -0.0897333479475 0.00216155748256 11
119.950734 0  2.55676731001 -2.03002798278  2.06252757605 -0.757640916133 0.0214915698502  0.270075551698  0.0613227333122  -0.225045213911 -0.0895153584237 0.00216091021041 11
120.002817 0  2.51556729567 -2.02731824653  2.07600306359 -0.775991925246 0.0197719068799   0.18618488364  0.0597172042551  -0.225194779354 -0.0893887639345 0.00216223846346 11
120.054901 0  2.47346091547 -2.02480459119  2.08488031311 -0.793550285693 0.0192211870806  0.106374113206  0.0581351615363   -0.22530109292 -0.0893924760459 0.0021656935149 11
120.106984 0   2.4299052029 -2.02156103344  2.08996324581 -0.809358237852 0.0205897509341 0.0496299176624  0.0559092545224  -0.225398152628 -0.0892860388474 0.0021665319592 11
120.159068 0 2.38616276176 -2.0187904241 2.09301000831 -0.817222383314 0.0199581898211 0.0089900403308  0.0543430951319  -0.225578913843 -0.0892462917574 0.00216639823223 11
120.211151 0  2.34224432799 -2.01618745516  2.09359730575  -0.816289664029   0.017292137305 -0.0255357588756  0.0528241936403  -0.225617823773 -0.0894295992675 0.00216666915489 11
120.263235 0  2.29858539089 -2.01363120332  2.09278606628  -0.808827936296 0.00891373287848 -0.0521309302751 0.0510949558352 -0.225716628201 -0.089316222299 0.00216476032845 11
120.315314 0  2.25551048936 -2.01170429529  2.09111950043   -0.795717598456 -0.00359331793088  -0.0719953732739  0.0495011483914  -0.225919687211 -0.0890263682445 0.00216443916562 11
120.367403 0   2.2130963305 -2.01043745896  2.08808298326  -0.779676434658 -0.0155597791358  -0.090961059168  0.0479476432806  -0.226010146239 -0.0891010120791 0.00216396764036 11
120.419486 0  2.17171481619 -2.01001414589  2.08382508177  -0.76113088714 -0.027075970172 -0.108820658019  0.0464431148754  -0.226036609198 -0.0892615468941 0.00216278128555 11
120.47157 0  2.13127812952 -2.01007438156  2.07894322386  -0.744711659152 -0.0461901099374  -0.122147752371  0.0448256736312  -0.226089228535 -0.0893047746564 0.00216165565573 11
120.523652 0  2.09154128011 -2.01092668568  2.07350534791  -0.729147871455 -0.0643793292138  -0.139015393056  0.0431881531333  -0.226183574916 -0.0893154473916 0.00216097326086 11
120.575736 0  2.05280342229 -2.01343714812  2.06727337358  -0.716935228226 -0.0886928917755  -0.148577696974   0.041847413569  -0.226314973332 -0.0891677980624 0.00216060962521 11
120.627819 0  2.01465915932 -2.01842263376  2.06152730785 -0.706528911647 -0.116119890681 -0.154148368635  0.0407931998101  -0.226615353182 -0.0885657922205 0.00216061926351 11
120.679903 0  1.97656349473 -2.02390025382  2.05508358587 -0.698622529359 -0.140298816409 -0.163896011944  0.0394373566346  -0.226865212751 -0.0883373674315 0.00216036112989 11
120.731986 0  1.93871852018 -2.03043022472  2.04854217319 -0.691222917475 -0.163006346685 -0.171872913182  0.0379246622005  -0.227183200148 -0.0879442524377 0.00216038041189 11
120.784066 0  1.90146909002 -2.03793977825  2.04111732073 -0.685335191449 -0.184750189166 -0.181393653713  0.0365866062333   -0.22741792414 -0.0875977545335 0.00216033231526 11
120.836153 0  1.86241581591 -2.04422471085  2.03363181877 -0.682954121174 -0.204625605794 -0.186412848523  0.0335885933438  -0.227725709714 -0.0876033047871 0.00216012853791 11
120.888237 0    1.825804304 -2.05443407046  2.02536131932 -0.678779104328 -0.235942364773 -0.174405012208  0.0324644054052  -0.227865046661 -0.0873932140632 0.00216070763371 11
120.94032 0  1.78944634034 -2.06635609306  2.01804980038 -0.673852843726 -0.266055217162 -0.150711020818  0.0313446295652  -0.228007954596 -0.0871477569818 0.00216067471819 11
120.992404 0  1.75335956169 -2.07974426606  2.01164608819 -0.667148548533 -0.290428119787 -0.136966939001  0.0303245200713  -0.228120609431 -0.0870159572592 0.00216048307831 11
121.044488 0   1.7178025182 -2.09413308804  2.00610818083  -0.66215164827 -0.318332957406 -0.123564488455  0.0293103237702  -0.228295632188 -0.0865190549522 0.00215956926037 11
121.096571 0  1.68218833909 -2.11031867482  2.00116450386 -0.657506868529 -0.343868821323 -0.116668005225 0.0282706961139 -0.228455680998 -0.086390031508 0.00215955368125 11
121.148654 0   1.6468618311 -2.12776699545   1.9965048593 -0.654755252397 -0.362303022181 -0.106009384208  0.0272446423933  -0.228579059218 -0.0860862839767 0.0021600594998 11
121.200738 0  1.61078703751 -2.14567459709  1.99224764509  -0.654247197284  -0.376225009713 -0.0973151810292  0.0258123292085  -0.228711024457 -0.0859967994361 0.00216011735093 11
121.252821 0  1.57551883324 -2.16461199443  1.98908917655 -0.653238825474 -0.387115439072 -0.092993692935  0.0248478728756  -0.228939276763 -0.0856867463657 0.00216024042404 11
121.304905 0  1.53991862086 -2.18356665834  1.98588929503  -0.650476973583  -0.390932591146 -0.0844063960157  0.0235381917533   -0.22911438898 -0.0854860539712 0.00216027805023 11
121.356989 0  1.50190901152 -2.19932736111  1.98161744721   -0.64979119783  -0.386231155269 -0.0782893240716  0.0203892164715  -0.229086845731 -0.0856350814203 0.00216042370059 11
121.409072 0  1.46636288804 -2.21809997116  1.97895958928  -0.644886188625  -0.382207268261 -0.0680987958009  0.0191300110735  -0.229197873616 -0.0856859706208 0.00216083911103 11
121.461155 0  1.42957881211 -2.23465578395  1.97644731077  -0.642885583611  -0.375917275073 -0.0506081719639  0.0168066243308   -0.22922565039 -0.0858732543018 0.00216070218856 11
121.513239 0  1.39401651847 -2.25227213332  1.97596666645 -0.641321746306 -0.370305913677 -0.042314568293  0.0153932477573  -0.229453290761 -0.0858322147161 0.00216046089378 11
121.565322 0  1.35909879924 -2.27063700281  1.97539258106 -0.639426567157 -0.365488299516 -0.038405876417  0.0142865376433  -0.229699687506 -0.0853924044653 0.00215995660123 11
121.617417 0  1.32429730736 -2.28910254028  1.97507226425  -0.638144491665   -0.35957796449 -0.0291112694792  0.0132702591109  -0.229904971537 -0.0851021701919 0.00215969717451 11
121.66949 0  1.28944749266 -2.30711248997  1.97504716765   -0.63858346195  -0.354214470837 -0.0224425699298 0.0122125847589 -0.230122800991 -0.084684227635 0.00215969789569 11
121.721573 0  1.2546807057  -2.324920593 1.97522411241 -0.637375243515 -0.344720873339  -0.01370743106  0.0112318081639  -0.230266235737 -0.0845312235488 0.00215965890991 11
121.773657 0  1.22009630611 -2.34225829308  1.97629958277   -0.634482345959   -0.336402439501 -0.00423346983494  0.0103659587553  -0.230450948101 -0.0845083394752 0.00215939454004 11
121.82574 0  1.18578362535 -2.35967913708  1.97778603032   -0.63165078109   -0.32896240708 0.00316146746278  0.0096080960477  -0.230647147936 -0.0843246978543 0.00215941588644 11
121.877823 0  1.15163498664 -2.37659217286  1.97973316706 -0.628582992626 -0.322703002329  0.016040867189 0.00889516145269  -0.230879342567 -0.0839706770089 0.00215981879567 11
121.929907 0  1.11784165145 -2.39340833986  1.98213184121 -0.623555962705 -0.317738160321 0.0241623614702 0.00821815254605  -0.231172787453 -0.0831891525225 0.00215921717629 11
121.98199 0  1.08442411213 -2.40987200965   1.9845729426 -0.619071043321 -0.312563876137 0.0256857919569  0.0075245879512  -0.231318247066 -0.0829834198788 0.00215932087669 11
122.034074 0  1.05101062418 -2.42601806198  1.98754368502 -0.615264653047 -0.309857415472  0.037426549903 0.00683727410732  -0.231510156347 -0.0827646733511 0.00215988451147 11
122.086158 0  1.01699814484 -2.44095815646  1.99021923244 -0.612896227123 -0.309186910374 0.0466994276006 0.00560248918321   -0.23166767051 -0.0820593884863 0.00215986931975 11
122.138241 0 0.98405163027 -2.4567961156 1.99286708196 -0.608583729329 -0.307495169225 0.0470092321057 0.00479467375196  -0.231685642583 -0.0819221590168 0.00215967813116 11
122.190324 0 0.951190248107 -2.47227363669  1.99573570168 -0.605603829867 -0.307771121965 0.0384894171085 0.00393780105052  -0.231783291059 -0.0816780239305 0.00215988052562 11
122.242404 0 0.918533747909 -2.48793246326  1.99781923426 -0.603149651169 -0.306679117988 0.0266822648716 0.00305128544307  -0.231833865505 -0.0814945231579 0.00216000267055 11
122.294492 0   0.8857250439 -2.50403678758  1.99962563002 -0.599610143771 -0.306442554234 0.0184728082605 0.00199590233223   -0.23196553509 -0.0810292617319 0.00216061990383 11
122.346575 0 0.852992415882 -2.51955421133  2.00059558737 -0.595643867366 -0.308535400578 0.0131429296044 0.000921323647587   -0.232101984913  -0.0803140104797 0.00216097026421 11
122.398659 0 0.820696333452 -2.53601079021  2.00206486503 -0.590557497204 -0.312543737313 0.0125640319589 -7.94650056066e-05    -0.232275606682    -0.079621224896 0.00216105255223 11
122.450742 0 0.788702055642 -2.55188771991  2.00330682286  -0.582764753043  -0.315073393898 0.00508758831401 -0.00133605834114   -0.232367330646  -0.0794079789048 0.0021610220931 11
122.502825 0 0.757333360705 -2.56870931146  2.00443693616   -0.571289054139   -0.317907772641 0.000744692729596 -0.00223042067172   -0.232543053471  -0.0788728139825 0.00216076121172 11
122.554909 0 0.726762918299  -2.5856235546  2.00539898044   -0.557955866401   -0.320493049259 0.000564161215041 -0.0031888809708  -0.232645626536  -0.078753587077 0.00216087523741 11
122.606993 0 0.697001005018 -2.60285320959  2.00640649456   -0.544290738753   -0.326760062693 -0.00612459100006 -0.00385909897809   -0.232864762005  -0.0780220374143 0.00216068350919 11
122.659076 0 0.670340283968 -2.62450841701  2.00894831945   -0.525675335622     -0.3350261686 -0.00566293961575 -0.00295343608885   -0.233164014308  -0.0777727617845 0.00216012559899 11
122.711158 0 0.643433082037 -2.64331988745   2.0099240483     -0.5093975656   -0.342918487134 -0.00539773527548 -0.00314167704869   -0.233296496089  -0.0777336909372 0.00215989579033 11
122.763243 0 0.617122089164 -2.66189711844  2.01081207348   -0.494831612285   -0.346797838355 -0.00349725348076 -0.00349777550606   -0.233424466973  -0.0776592669982 0.00215994532971 11
122.815326 0 0.591307871987 -2.68086717107  2.01150138599   -0.482615978689   -0.352381252235 -0.00612537243508 -0.00383443625285   -0.233562446276  -0.0772819834866 0.00216025221548 11
122.86741 0 0.566434992136 -2.70031804482  2.01179389332   -0.470868503032   -0.356995712178 -0.00684434001482 -0.0040657355333  -0.233682142147 -0.0769522939526 0.00216022607396 11
122.919493 0 0.542375606905 -2.71984868027  2.01203619384    -0.46011497429   -0.361735508718 -0.00697458772856 -0.00421297534227   -0.233782400846  -0.0767915627977 0.00216018860751 11
122.971577 0 0.517702840932 -2.73942828497  2.01299750597   -0.452727079415   -0.366118983087 -0.00672070082155 -0.00470066139317   -0.233997205048  -0.0762527789293 0.00216065766189 11
123.02366 0 0.494390700788 -2.75908369813  2.01305955525   -0.446115638451   -0.367479107543 -0.00288819787514 -0.00494485226073   -0.234055582935  -0.0761370848722 0.00216056755067 11
123.075744 0 0.470210089047 -2.77917482379  2.01442720136  -0.441494974591  -0.367614993324 -0.0016759253069 -0.00572600453726    -0.23422312398  -0.0757483202457 0.00216066348753 11
123.127827 0 0.446017490749 -2.79895799218  2.01640184283    -0.437671463074    -0.366496095195 -0.000499842150532 -0.00669892592861   -0.234398143762  -0.0756280595932 0.00216062791515 11
123.179906 0 0.422028482856  -2.8186506089  2.01783924716  -0.433678476939  -0.359817108389 0.00151556082412 -0.00744760887495   -0.234528336536  -0.0753099811683 0.00216100512519 11
123.231994 0 0.398017873308  -2.8374855491  2.02014114168  -0.430361427264  -0.351509619683 0.00852682071998 -0.00843691263697   -0.234688124495  -0.0752270265654 0.00216086431004 11
123.284078 0  0.37183365614 -2.85244100536  2.02039059698  -0.432280741712  -0.336025910821 0.00711435706216 -0.0109659313099  -0.234691244879 -0.0752069969202 0.00216132812977 11
123.336162 0 0.348009560594 -2.86982538404  2.02255085438 -0.431356101911 -0.325315782846 0.0116539398391  -0.011945028113  -0.234803018033 -0.0751050308472 0.00216136543118 11
123.388245 0 0.324054644877 -2.88662554332  2.02504818065 -0.429591047271 -0.309337849611 0.0102005750271  -0.013173246534  -0.234923413887 -0.0752381488605 0.00216141903689 11
123.440328 0 0.301197939955 -2.90191318648  2.02681252834  -0.428490628913  -0.290050221426 0.00620776502797 -0.0138709234432  -0.235003585998 -0.0752663435048 0.00216146462968 11
123.492411 0 0.277770324223 -2.91668018088  2.02904300498  -0.431060177114  -0.271180139455 0.00761174680899 -0.0148862609978  -0.235134292097 -0.0752803198633 0.00216129598412 11
123.544495 0 0.254050281292 -2.93048031099  2.03182531407 -0.437282633291 -0.249366844526 0.0131134109748 -0.0160827997942   -0.23528086932 -0.0754667568681 0.00216150573247 11
123.596578 0 0.229913916686 -2.94287445619  2.03490933995 -0.443780340944 -0.224387593574 0.0194554449229 -0.0172810223087  -0.235449516499 -0.0755416921819 0.00216165159855 11
123.648662 0 0.205420874379 -2.95401379741  2.03856674249  -0.44792865443 -0.194954993733  0.026321443767 -0.0184005391044  -0.235629819572 -0.0755468272921 0.00216076027204 11
123.700745 0 0.180211572559 -2.96541114407  2.04555750654 -0.452095187978 -0.165486321413  0.036346697882 -0.0198095355655  -0.235899209869 -0.0763641555535 0.0021596226452 11
123.752829 0 0.155800009829 -2.97263916928  2.04950612742 -0.455802216008 -0.127899485275 0.0397209137746 -0.0209204949657  -0.236029707889 -0.0765852545693 0.00215888022711 11
123.804912 0 0.131688253843 -2.97809710479  2.05349792694  -0.457697225999 -0.0912774520838  0.0371209805026 -0.0219670750143  -0.236123368461 -0.0770342177202 0.00215857213533 11
123.856996 0 0.106762769558 -2.98155128323  2.05762651517  -0.459479567753 -0.0543509260466  0.0455042822779 -0.0229789187943  -0.236244936074 -0.0772624916872 0.00215942415998 11
123.90908 0 0.0817551918121  -2.98277871896   2.06159948544  -0.460721507455 -0.0197628588727  0.0564065420301 -0.0237998211876  -0.236320379354 -0.0774739331191 0.00216050335712 11
123.961162 0 0.057104367148 -2.98327107573   2.0659691758  -0.461494211748 0.00540510705299  0.0643534395923 -0.0243989351651  -0.236404942042 -0.0775166023204 0.00216036846641 11
124.013246 0 0.032167264467 -2.98241562701   2.0711693398 -0.462140340662 0.0246590381683 0.0719754275939 -0.0250516250166  -0.236501797248 -0.0776668741324 0.0021601525952 11
124.06533 0 0.00767816003799   -2.98060758395    2.07609261195 -0.463695863765 0.0405749759798 0.0766911389101 -0.0254742706917   -0.23657029682 -0.0778165075386 0.0021609642162 11
124.117413 0 -0.0162050575438   -2.97828426898    2.08074715995 -0.464592246409 0.0523916171019 0.0794986317214 -0.0257159386409  -0.236612670124 -0.0779046995077 0.00216098160473 11
124.169496 0 -0.0405156383741   -2.97556077984    2.08560149055 -0.466238463036 0.0606416044774 0.0835325041095 -0.0259391471182  -0.236672061401 -0.0778804195854 0.00216087343392 11
124.22158 0 -0.0654520388687   -2.97216805137    2.09096708285 -0.468383158328 0.0683436609143 0.0924156162539  -0.026239300889  -0.236763003675 -0.0777958267934 0.00216162883347 11
124.273663 0 -0.0895030895643   -2.96821817059    2.09593191331 -0.468207320443 0.0745917753378 0.0880954098101 -0.0263531682983   -0.23679841272 -0.0778567799591 0.00216098614956 11
124.325747 0 -0.11305568813 -2.96350236612  2.09983978268 -0.468461662586 0.0804010224793 0.0904382578376 -0.0261355473255  -0.236758798909 -0.0778195491374 0.00216084179453 11
124.37783 0 -0.136946800648   -2.9600666185   2.10371725963   -0.4662032751 0.0864514337525  0.096297346923 -0.0254938581597  -0.236721652908 -0.0776597748477 0.002160697068 11
124.429914 0 -0.160892934407  -2.95526345155   2.10836393452 -0.464811507613 0.0876484563279  0.103188226886 -0.0253347560986  -0.236730408213 -0.0775057058624 0.00216093396116 11
124.481997 0 -0.184663335721   -2.9508920455   2.11298624697 -0.463598668364  0.084673216052  0.104889240836  -0.025056261732  -0.236724098525 -0.0772883158573 0.00216099156952 11
124.534081 0 -0.20828053117 -2.94682094032  2.11700352071  -0.46100621878 0.0835131048013  0.108371659641 -0.0245223188792  -0.236682240067 -0.0768663693485 0.0021614709305 11
124.586164 0 -0.231869654436  -2.94261204571   2.12154492965 -0.458855096437  0.081041932058  0.106217925383 -0.0241088949499  -0.236677318781 -0.0764892530504 0.00216128402979 11
124.63825 0 -0.255044277553    -2.938402225   2.12598698042 -0.454998198386   0.07781774541  0.110710600834 -0.0236110805713  -0.236655690131 -0.0761240295886 0.00216125287161 11
124.690331 0 -0.277544444304  -2.93496804895   2.12990826373 -0.451671896449 0.0727422560561  0.113889251155 -0.0229671857124  -0.236572088801  -0.075798711415 0.00216091933775 11
124.742414 0 -0.299985650766  -2.93169605042   2.13429033685 -0.448965129661 0.0685048951783  0.114220817513 -0.0223728677705   -0.23650152923 -0.0755483452275 0.00216102392428 11
124.794498 0 -0.322341527446  -2.92884156482   2.13898701848 -0.444868998715 0.0600710501599  0.120858251564 -0.0217675073348  -0.236447878623 -0.0752719689363 0.00216086421463 11
124.846581 0 -0.344503227574  -2.92662609258   2.14349487285 -0.441592651788  0.051294230856  0.118816726314 -0.0211753081875  -0.236385213784 -0.0748960451348 0.00216113293648 11
124.898665 0 -0.36674097646 -2.92416383576  2.14843828277 -0.439140851746 0.0412573287283  0.112428029516 -0.0206771246172  -0.236382503542 -0.0744478867042 0.00216140378284 11
124.950748 0 -0.388552362524  -2.92271376067   2.15251827638 -0.434320122781 0.0302938994314  0.104116016094 -0.0201555912893  -0.236343735481 -0.0740152723969 0.00216201557152 11
125.002832 0 -0.409960617984  -2.92115739794   2.15520727108 -0.429339533062  0.017979753313  0.100401326324 -0.0194608897637  -0.236238237891 -0.0734881107129 0.00216212463208 11
125.054915 0 -0.430897632709  -2.92115025371   2.15899636956  -0.422577026224 0.00566900529534   0.100702243109 -0.0189330466768  -0.236184237013 -0.0732463809056 0.00216199112895 11
125.106997 0 -0.451867929762  -2.92130013676   2.16328765676   -0.415942972353 -0.00840546843962     0.10079163595 -0.0186029051469  -0.236185298392 -0.0728777161106 0.00216225756265 11
125.159082 0 -0.47245673625 -2.92219029539  2.16735588144  -0.407127966405 -0.0218259123994   0.107306206255 -0.0182857177196  -0.236189576015 -0.0722489514998 0.00216094505403 11
125.211166 0 -0.492691440143  -2.92337667941   2.17250967824  -0.399305682189 -0.0362945987187   0.110706451662 -0.0180143428236  -0.236243341149 -0.0717800956027 0.00216113816341 11
125.263249 0 -0.512453636523  -2.92590518513    2.1773658809  -0.391069257111 -0.0477254711091   0.111668372524 -0.0177994950852  -0.236214988573 -0.0715047002017 0.00216077130983 11
125.315332 0 -0.531869984208  -2.92895589231   2.18264992229  -0.384597794941 -0.0576855497583   0.114244369569 -0.0175757360249  -0.236198056234 -0.0713825757256 0.00216078629425 11
125.367416 0 -0.551214911449  -2.93214335089   2.18834644417  -0.382400925833 -0.0690383926032   0.115516406146 -0.0174530610308  -0.236230559045  -0.071007989906 0.0021609943123 11
125.419499 0 -0.570343904643   -2.9360086635   2.19359693333  -0.381181134213 -0.0794168007531   0.110903421695 -0.0172796155752  -0.236229342667 -0.0705968429814 0.00216095478792 11
125.471582 0 -0.589684209879  -2.94051051812   2.19930488939  -0.382032857878 -0.0873420701318   0.107994191738 -0.0172000840192  -0.236247000959 -0.0705357422457 0.00216081119431 11
125.523666 0 -0.609065418888  -2.94553068553   2.20475982734  -0.386321243147 -0.0952101830337   0.107902490418 -0.0171198106896  -0.236265356843 -0.0703834704417 0.00216085298765 11
125.57575 0 -0.628672523316  -2.95046080029   2.20988425811  -0.389908214835 -0.0992023181468   0.101049764072 -0.0171071854789  -0.236286884162 -0.0699576295382 0.00216263705618 11
125.627833 0 -0.648462152104  -2.95559238146   2.21506330643 -0.392621393993 -0.100796386179 0.0950902961861 -0.0171773150866   -0.23631838195 -0.0696047985915 0.00216415098817 11
125.679916 0 -0.668529503666  -2.96097913925   2.21993820261 -0.394482250233 -0.103518683104 0.0949071584417 -0.0172458880254  -0.236337527158  -0.069464803107 0.00216450977427 11
125.732 0 -0.688632244848  -2.96644345149   2.22506092645 -0.392881097842 -0.101287081345  0.101411550654 -0.0173662992245  -0.236354658148  -0.069311340662 0.00216478168853 11
125.784083 0 -0.708697831461  -2.97167865782   2.23036991197 -0.390191559105  -0.10333095539 0.0996827703434  -0.017634288679  -0.236411337597 -0.0689366601544 0.00216560724394 11
125.836167 0 -0.728657587444   -2.9766873543   2.23584104505 -0.385830106682 -0.104525248383 0.0987342622529 -0.0179372204087  -0.236479698414 -0.0686073786439 0.00216570005002 11
125.88825 0 -0.748377264646  -2.98169305636   2.24109332474 -0.378881923468 -0.100556366665 0.0982858163033 -0.0182081621056  -0.236519207137 -0.0684251454739 0.00216572094197 11
125.940334 0 -0.767707865379  -2.98651136509   2.24626895107  -0.368865854317 -0.0936935755771  0.0965185392362  -0.018442939004  -0.236527707192 -0.0683224516662 0.00216587889601 11
125.992417 0 -0.786665368326  -2.99083104876   2.25210384884 -0.355690593942 -0.083631393067  0.100203500602 -0.0188354089651  -0.236576750352 -0.0683471069994 0.00216609895323 11
126.0445 0 -0.804967002315  -2.99446407638   2.25855296534  -0.339307502251 -0.0705527919247   0.107276207364 -0.0192573548016  -0.236624691002 -0.0686145659071 0.00216738203649 11
126.096584 0 -0.822284229612  -2.99762183113   2.26495489187  -0.322628542535 -0.0554997971827     0.1108310086 -0.0195952509944  -0.236662241533 -0.0687993418079 0.00216867059872 11
126.148668 0 -0.838760792589  -2.99985476542    2.2716539817  -0.307272636247 -0.0430788657135   0.118171346323 -0.0199718942944  -0.236717867525 -0.0687852527385 0.00216912943312 11
126.200751 0 -0.854614668429  -3.00105562572   2.27889375761  -0.292595246128 -0.0293091043215   0.127306148836 -0.0203197268001  -0.236776106484 -0.0688595656291 0.00217046515726 11
126.252834 0 -0.869052069439  -3.00207055335    2.2858836155  -0.277533966974 -0.0152187588563   0.124323224181 -0.0204543857095  -0.236804696678 -0.0689983284788 0.00217100781436 11
126.304918 0 -0.883131480682  -3.00196566092   2.29261004556    -0.264736713745 -0.000732612028584     0.124653814179 -0.0207286765825  -0.236843173517 -0.0688486195797 0.00217101849999 11
126.357001 0 -0.896410063152   -3.0012195031   2.29910116293  -0.253105061474 0.00979321818993   0.125675929698 -0.0209833281528   -0.23687376997  -0.068722631765 0.00217108183333 11
126.409085 0 -0.908979125551  -3.00003609191    2.3051896665 -0.244889489846 0.0215785207912    0.1198402932 -0.0211977482949   -0.23690205498 -0.0684710366487 0.00217095101736 11
126.461168 0 -0.921494119214  -2.99803599065   2.31143612769 -0.237771266349 0.0314728227052    0.1168401187 -0.0214983783087  -0.236939408894 -0.0682858020522 0.00217104544309 11
126.513251 0 -0.933622973517  -2.99541685429   2.31762969391 -0.232939692081  0.041587709656  0.121567090062 -0.0217595555905  -0.236970269842 -0.0680592822301 0.00217101910271 11
126.565333 0 -0.945730022063  -2.99246911438   2.32395053029  -0.22889164343 0.0522716533091  0.119576190706 -0.0220608298509  -0.237005488918 -0.0677865988849 0.00217132620574 11
126.617418 0 -0.957452448289  -2.98855691815    2.3305198032  -0.22821215358 0.0651123993169  0.120731586786 -0.0222825258457  -0.237028776172 -0.0677469996698 0.00217130983961 11
126.669502 0 -0.969406334903  -2.98389887903   2.33698718017 -0.229760352834 0.0753968362634  0.118456468282 -0.0225713830301  -0.237069359247 -0.0675916917644 0.00217124766835 11
126.721585 0 -0.981096618337  -2.97875566589   2.34301785334 -0.231058813736 0.0858309478224    0.1119436515 -0.0227970213983  -0.237105017909  -0.067423248894 0.00217170175414 11
126.773669 0 -0.992968861528  -2.97322409276   2.34881735529 -0.234811607917 0.0933085687528  0.106806101926 -0.0230221981867  -0.237141894123 -0.0672601548843 0.00217192544919 11
126.825752 0  -1.0054334963 -2.96685458308  2.35434379844 -0.238719331525 0.0976034753503 0.0940769760823 -0.0233544161831  -0.237165045942 -0.0671714639885 0.00217261005459 11
126.877836 0 -1.01759375854 -2.96086880114  2.35924457376 -0.242531515844  0.100978431561 0.0872632848706 -0.0235557277527  -0.237215963467 -0.0669928250376 0.00217242134189 11
126.929919 0 -1.03024730592 -2.95447616841  2.36395875512 -0.245564681994 0.0998339330587 0.0833893611319  -0.023794513373  -0.237239991078 -0.0669694606754 0.00217257755221 11
126.982002 0 -1.04310167606 -2.94793184527  2.36845850691 -0.247220185626  0.098495873902 0.0775509591165 -0.0240741367872  -0.237256862148 -0.0669157164343 0.00217288148187 11
127.034091 0 -1.05582449944   -2.942008967  2.37261532939 -0.249493836087 0.0927952379875 0.0714439940928  -0.024306627769  -0.237304594434 -0.0667946385972 0.00217282537244 11
127.086169 0 -1.06892050129 -2.93577435926  2.37654972436 -0.251492535405 0.0878438306204 0.0667400420449 -0.0245627974113  -0.237321321703 -0.0667610398352 0.00217292261979 11
127.138253 0 -1.08223591241 -2.93016377178  2.38015750491 -0.252900420005  0.081573499635  0.057249021588 -0.0248515152639  -0.237336981366 -0.0666813608825 0.00217302456095 11
127.190336 0 -1.09564503571 -2.92473067145   2.3835375496 -0.254481054493 0.0770711175497  0.050901546791 -0.0251633666816  -0.237374384587 -0.0666895177127 0.00217302549423 11
127.242419 0 -1.10916740471 -2.91969058574  2.38633297175 -0.254010583035 0.0731216181935 0.0408512927888 -0.0254982791919  -0.237398680181 -0.0666423739597 0.00217284060722 11
127.294503 0 -1.12248724526 -2.91516734341  2.38845148525 -0.254798467437 0.0702013458493 0.0297695978167  -0.025777772087  -0.237455511358 -0.0665142659145 0.00217348489421 11
127.346587 0  -1.1360645097 -2.91059575075  2.39005110961 -0.256789378371 0.0639423442428 0.0193657715558 -0.0260999694519   -0.23749611909 -0.0664455504492 0.00217359780786 11
127.39867 0 -1.14984219782 -2.90603096004  2.39128762071 -0.257992705386  0.059343578412 0.0111721202282 -0.0264886262933  -0.237516662386 -0.0664114813593 0.00217324795599 11
127.450753 0 -1.16371437589 -2.90186762476  2.39181196767   -0.257890388922    0.053821455223 -0.00629393646444 -0.0268955186424  -0.237533377195 -0.0663223971254 0.00217337140366 11
127.502837 0 -1.17771851659   -2.898228239  2.39198239225  -0.259397628068  0.0500699856294 -0.0147213404636 -0.0272963574137   -0.23759243228    -0.0663412345 0.00217338308027 11
127.55492 0 -1.19170114839 -2.89466264717  2.39123590193 -0.260513206016 0.0437159654779 -0.026996474373 -0.0276306377472  -0.237653032369 -0.0662401855209 0.00217353459236 11
127.607004 0 -1.20569286868 -2.89131603446  2.38971466676  -0.263381521242  0.0394892115736 -0.0385225281849 -0.0280320408143  -0.237670510369 -0.0660579528599 0.00217357300472 11
127.659087 0 -1.22001704498  -2.8880269352  2.38789125404   -0.26458572914  0.0334732661528 -0.0508165595101 -0.0285260621705  -0.237681930324 -0.0660246642229 0.00217277858532 11
127.71117 0 -1.23452643234 -2.88513883388  2.38567346643 -0.265434112905 0.0301526095747 -0.063294282111 -0.0289810799575   -0.23772460884 -0.0660840883589 0.00217273906083 11
127.763254 0  -1.2488972429 -2.88261685189  2.38242746497 -0.267770317232 0.0291423971316 -0.078024270191 -0.0293675756339  -0.237771351635 -0.0659627241377 0.00217244307382 11
127.815337 0 -1.26361870953 -2.88004558686  2.37866785599  -0.270173961503   0.023173246186 -0.0944937884189  -0.029869184912  -0.237802801692 -0.0660130399579 0.00217243405773 11
127.867421 0 -1.27844463119 -2.87813676479  2.37386890978 -0.272571784131 0.0207142707182 -0.114305098035 -0.0302586508846  -0.237872280289 -0.0659928671654 0.00217233286557 11
127.919504 0 -1.29339707032 -2.87618010683  2.36808257243 -0.274396327385 0.0199972683728 -0.124007594641 -0.0306464732405  -0.237928706322 -0.0659203788057 0.00217228026005 11
127.971588 0 -1.30832297564 -2.87430392268  2.36167979548 -0.275574322226 0.0177743098853  -0.13212212975 -0.0310811185577   -0.23795525085 -0.0658279433379 0.00217208263888 11
128.023671 0 -1.32337927575 -2.87221015658  2.35492370976 -0.275783856377  0.015970695783 -0.145140038239  -0.031575490173  -0.237957722341 -0.0657976760507 0.00217230801467 11
128.075755 0 -1.33857511591 -2.87052822538  2.34772724667 -0.276835382566 0.0128268809061  -0.15558753543 -0.0320836952901  -0.237989071457 -0.0657800660898 0.00217293231182 11
128.127838 0 -1.35452360373 -2.86953000986  2.34085746088 -0.275066949559   0.01573275469 -0.155589033662 -0.0326609598467  -0.238038991645 -0.0660532345575 0.00217286697012 11
128.179922 0 -1.36955045701 -2.86748765771  2.33306686869  -0.27039614543 0.0209191862182 -0.162936182832 -0.0331260064335  -0.238072330192 -0.0660078893263 0.00217285404618 11
128.232005 0 -1.38438298615 -2.86520424951  2.32487141448 -0.265564165406 0.0275915593647 -0.174310531266 -0.0336186239563  -0.238072125383 -0.0660011826115 0.00217325748775 11
128.284088 0 -1.39922327211 -2.86280112848   2.3163609764 -0.260660422313 0.0328713128549 -0.182371108447 -0.0341134016869   -0.23811919476 -0.0660562110696 0.00217324420992 11
128.336172 0  -1.4135432038 -2.86012212257  2.30692802098 -0.252921954455 0.0375356202084 -0.197335318683 -0.0345915288018  -0.238138573584 -0.0660430517611 0.00217372598321 11
128.388255 0 -1.42753717896 -2.85726495565  2.29725286058 -0.244159368077 0.0435463788623 -0.197410840199 -0.0350838376204  -0.238161706149 -0.0660465702528 0.00217357138104 11
128.440339 0 -1.44112008197 -2.85375387407  2.28788662594 -0.232404555719  0.050677107375 -0.188864594316 -0.0356365707098  -0.238179572543 -0.0661066497057 0.00217306343009 11
128.492422 0 -1.45354063134  -2.8521988793  2.28000241486 -0.216003151402 0.0595547214063 -0.183252766703 -0.0360961898634  -0.238212519889 -0.0664376217463 0.00217309613217 11
128.544506 0 -1.46521162144 -2.84991284355  2.27202490247 -0.200177502032 0.0644749792854 -0.189023725688 -0.0366670848346  -0.238202598794 -0.0667598620125 0.00217294071026 11
128.596589 0 -1.47610972364 -2.84773231009  2.26400110738 -0.183425232195 0.0704702492911 -0.193369134898 -0.0371712395543   -0.23824023743 -0.0671451868188 0.00217295044603 11
128.648672 0 -1.48607340544 -2.84472115839  2.25515903199 -0.164094581298 0.0779991602524 -0.195599900843 -0.0376919877008  -0.238235705106 -0.0673584331028 0.00217277517208 11
128.700755 0 -1.49727315939 -2.84138435475  2.24844547019 -0.146144757828 0.0866966838192 -0.188006536313 -0.0385669778423  -0.238297837675 -0.0683955412118 0.00217255784601 11
128.752838 0 -1.50902101111   -2.838357726  2.24220416552 -0.129635057804 0.0915329512942 -0.185906528442 -0.0398238352902  -0.238264809447 -0.0697093453279 0.00217264892489 11
128.804922 0 -1.51567189393 -2.83394851567  2.23356479644 -0.105430676363 0.0988932387423 -0.193977836396 -0.0401989423122  -0.238305790387 -0.0699228709129 0.0021726044102 11
128.857005 0 -1.52106484813 -2.82906131985  2.22433673012 -0.0778822896582   0.107380169952  -0.196605515598  -0.040602514238  -0.238325570269 -0.0699733856013 0.0021727801631 11
128.909089 0 -1.52512676709 -2.82369249469  2.21539080979 -0.0498078180285   0.112560423198  -0.188710393375 -0.0410208188498  -0.238348365654 -0.0701304448757 0.00217257469721 11
128.961168 0 -1.52766207567 -2.81821437076  2.20637908296 -0.0224516744561   0.115471681303  -0.186119322653 -0.0413520664598  -0.238370211135 -0.0701424771166 0.00217214452882 11
129.013255 0 -1.52930816686  -2.8123991722  2.19808582359 0.00582019842346   0.117007384473  -0.184426833421 -0.0418735636037  -0.238352387073 -0.0704740472613 0.00217230162153 11
129.065339 0 -1.52939584069 -2.80670739674  2.18945544663 0.0306325658349  0.116697939207 -0.185259981703 -0.0422849496766  -0.238361514019 -0.0706408115816 0.00217199551375 11
129.117423 0 -1.52803907284 -2.80094937438  2.18109630411 0.0545758498529  0.116582290783 -0.180788635933 -0.0427091781942  -0.238388985217 -0.0708565233152 0.00217175754945 11
129.169506 0 -1.52579314136 -2.79515263376  2.17267043875 0.0764875373739  0.115768924762 -0.181250922079 -0.0431624420906  -0.238379558114 -0.0710163707345 0.00217046637552 11
129.221589 0 -1.5223628235 -2.7894090597 2.16442951082 0.0926158399046  0.111388749382 -0.180023459321 -0.0436071532489  -0.238398482635 -0.0712467767926 0.00217034254156 11
129.273673 0 -1.51805941081 -2.78391364297  2.15581950524  0.109223376246  0.111856447258 -0.176734508539  -0.044036110657  -0.238422823093 -0.0713332036037 0.00217041126506 11
129.325756 0 -1.51400123331 -2.77809826163   2.1475617873  0.121924380085  0.115510618446 -0.184452826424 -0.0446436090584  -0.238429791013 -0.0715244575566 0.00217069634617 11
129.37784 0 -1.51047217294 -2.77201600139  2.13824802729  0.134795907314  0.124474646163 -0.182071157745 -0.0453368330131  -0.238413420979 -0.0715910235221 0.00216993094135 11
129.429918 0 -1.50423589773 -2.76486558556  2.12978972201  0.151233938264  0.133587016318 -0.183438321405  -0.045827792946  -0.238441460251 -0.0718137366379 0.00216988575797 11
129.482006 0 -1.49702292008 -2.75748742013  2.12130872159  0.166320408327  0.140970706284 -0.170887226042 -0.0463439531279  -0.238491881939 -0.0718032322575 0.00216975911864 11
129.53409 0 -1.48910955595 -2.74971180627  2.11346788402  0.178953085023  0.138746506584 -0.165346896388 -0.0468264574769  -0.238513041727 -0.0719393050923 0.00216993373026 11
129.586173 0 -1.48086566986 -2.74184445015  2.10542679199  0.190430119823   0.13727490991 -0.174406605242   -0.04737030829  -0.238533988811 -0.0720360486538 0.00217090879064 11
129.638256 0 -1.47183965917 -2.73443450067  2.09667693961  0.202347668335  0.133752100348 -0.193612343839 -0.0478367210288  -0.238576603694 -0.0721310222632 0.00217162240307 11
129.69034 0 -1.46197843559 -2.72723505499  2.08685257203  0.215336462555  0.131339576931 -0.200547680067 -0.0482132036029  -0.238621055477 -0.0721006690641 0.00217166465993 11
129.742424 0 -1.45172336762 -2.72006220209  2.07699241285 0.229902119938 0.125138411986  -0.1957924825 -0.048692634278 -0.238631603629 -0.072150813756 0.00217140936201 11
129.794507 0 -1.44079607942 -2.71309456674  2.06790137465  0.246403046165  0.118883589591 -0.195139843255 -0.0492202075414   -0.23861955395 -0.0725187912652 0.00217133519997 11
129.84659 0 -1.42908501734 -2.70646283338  2.05856212735  0.261022309329  0.104803818658 -0.190120294198 -0.0497499150153  -0.238606095521 -0.0726473813665 0.0021712521617 11
129.898673 0 -1.41659390103 -2.70050126716  2.04915982366  0.272565608215 0.0897378193306 -0.189344802485 -0.0502175693864  -0.238601396471 -0.0727297844213 0.00217082817744 11
129.950757 0  -1.4043633911 -2.69538318917  2.03957049247  0.283625637086 0.0780550546339  -0.18543783271 -0.050736240238 -0.238568262878 -0.072884089309 0.002170734399 11
130.00284 0 -1.39207565708 -2.69024477439  2.03013505043  0.292284853342 0.0661202043692 -0.186784076497 -0.0512689211768  -0.238504116451 -0.0731491108333 0.00217054450842 11
130.054924 0 -1.37722908276 -2.68656525535  2.02137674836  0.302565228849 0.0558095792811 -0.185779229011 -0.0516455451919  -0.238506879713 -0.0732451092638 0.00217046132316 11
130.107007 0 -1.36213605869 -2.68332992045  2.01273676788  0.312136066725 0.0470468216244 -0.177813809013 -0.0520455806665  -0.238526119064 -0.0734549619613 0.00216928584513 11
130.15909 0 -1.34669869557 -2.68044124823  2.00474275811  0.319343131418 0.0349370540037 -0.176626659428 -0.0525149488187  -0.238511998178 -0.0738601139992 0.00216913524175 11
130.211173 0 -1.33075579543 -2.67815318273  1.99667937069   0.32119114912 0.0204361502402 -0.160945067737 -0.0529524845745  -0.238580809365 -0.0738292199802 0.00216836902212 11
130.263257 0 -1.31526056633 -2.67701581741  1.99033905514    0.312214092191 -0.00335532438247   -0.139105254598 -0.0532917480034   -0.23856063616 -0.0743463805492 0.00216885170972 11
130.315338 0  -1.3001782916 -2.67710423945  1.98426772943   0.290267327827 -0.0300968507709  -0.129958275223 -0.0537358670746  -0.238632053839 -0.0743406731162 0.00216809706297 11
130.367419 0 -1.28670754422 -2.67872319355  1.97876136038    0.25658048195 -0.0559579571772  -0.128436061691 -0.0540219983523  -0.238715938002 -0.0745592579356 0.00216859685154 11
130.419496 0 -1.27508800126 -2.68151347517  1.97310409494    0.20860285433 -0.0807435281121   -0.13255548625 -0.0543248919042  -0.238740818793 -0.0747159646456 0.00216820068966 11
130.471583 0 -1.26650786979 -2.68539552606  1.96719359868   0.153946757007 -0.0985981469321   -0.14929505652 -0.054557921541 -0.238869087901 -0.074827955118 0.00216523067839 11
130.523664 0 -1.26064401892 -2.69034790608  1.95996926012 0.0933064898353 -0.113596441944 -0.164694223034 -0.0548443172312  -0.238927655072 -0.0749056089024 0.00216517773867 11
130.575745 0 -1.25766756075 -2.69588891319  1.95217805783 0.0369412846405 -0.124860382848 -0.183700036943  -0.055187968491  -0.239029378507 -0.0750090012789 0.00216164255536 11
130.627827 0 -1.25776687994 -2.70182314567  1.94290879182 -0.00953013776635   -0.125618792118   -0.195273094863 -0.0553707321508  -0.239050828821 -0.0751198605272 0.00216203248101 11
130.679908 0 -1.25957461603 -2.70795440969  1.93340762934 -0.0467275101656  -0.123774071626   -0.20080443269 -0.0559505357963  -0.239101362059 -0.0751121742008 0.00216221019706 11
130.731989 0 -1.26336035312  -2.7140228635  1.92333658389 -0.0757861312339  -0.123667005552  -0.199517461102 -0.0563593538853  -0.239086469536 -0.0750367571198 0.00216284632001 11
130.784071 0 -1.26815440002 -2.72035140361  1.91393988727 -0.0930266185237  -0.124844772439  -0.186722201038 -0.0567715653284  -0.239106003942 -0.0751307344417 0.00216277587559 11
130.836153 0 -1.27342491527 -2.72661258357  1.90515774812 -0.0985905218722  -0.126226905926  -0.175889120811 -0.0573239557484  -0.239105242748  -0.075234386895 0.00216224788719 11
130.888234 0 -1.27892577251 -2.73322314933  1.89670922636 -0.0950910723931  -0.126187849008  -0.166835831196 -0.0576554623262   -0.23903810287 -0.0753697869994 0.00216022867254 11
130.940316 0 -1.28389980643  -2.7396188401  1.88901061769 -0.0860526732063  -0.126690580733  -0.160665743804 -0.0580903679841  -0.239054808689 -0.0754767163632 0.00216009395969 11
130.992397 0 -1.28841835088 -2.74628553998  1.88164102498 -0.0746844781652  -0.125719910696  -0.149987929865 -0.0584136650909  -0.239034020715  -0.075618006425 0.00215856672015 11
131.044478 0 -1.29219252608 -2.75280450606  1.87477929032 -0.0596964467959  -0.123036720146  -0.145858023941 -0.0587680971539  -0.239061102224 -0.0757155469193 0.00215831272927 11
131.09656 0 -1.29493522776 -2.75940417934  1.86804317655 -0.0418970713057  -0.117425407162  -0.143066507225 -0.0591016958679   -0.23904872861 -0.0758592172638 0.00215704488783 11
131.148641 0 -1.29670491787 -2.76561354949  1.86149905957 -0.0242861709362  -0.113389999035  -0.142720494013 -0.0594120599002  -0.239092240137 -0.0759384010314 0.00215665097464 11
131.200723 0 -1.29757715169 -2.77121683982  1.85501615282 -0.00804432503345    -0.10896508787   -0.135336257897 -0.0596646481081  -0.239170401207 -0.0758385439724 0.00215610453111 11
131.252804 0  -1.2974615175 -2.77645893232  1.84917276349 0.00884802563609  -0.103928626899  -0.120054374881 -0.0598711465104   -0.23923303163 -0.0758272468635 0.00215478378148 11
131.304886 0 -1.29655986033 -2.78146780021  1.84403377652 0.0223593732097 -0.100513797798 -0.114660786134 -0.0600789945362  -0.239307877328 -0.0758105869435 0.00215426226938 11
131.356962 0 -1.29505829131 -2.78647103037  1.83904183855  0.0274036876633 -0.0995210585148   -0.11081474386 -0.0603012045041  -0.239382022256 -0.0757569805457 0.00215273880124 11
131.409049 0 -1.29355227733 -2.79121967992   1.8343992555  0.0262197536119 -0.0979479939411   -0.11097952198 -0.0604249473589  -0.239520279215   -0.07564765762 0.0021527864488 11
131.46113 0 -1.29207965118 -2.79612400614  1.82905247069  0.0168213191764 -0.0963303650049  -0.115637962196 -0.0607391370671  -0.239606436242 -0.0754429311576 0.00215383011275 11
131.513211 0 -1.29145473974 -2.80085003626  1.82317636266 0.00149930102607 -0.0989175793042  -0.135305692076 -0.0609376228937  -0.239657918757 -0.0753742802513 0.00215576776259 11
131.565293 0 -1.29171186851 -2.80564548068  1.81680397995 -0.0139874083461 -0.0999714649207  -0.148443214666 -0.0610887561132  -0.239765060415 -0.0752856127808 0.00215552585804 11
131.617375 0 -1.2927981287 -2.8106885133 1.80938682212 -0.0284364160533  -0.101550702969  -0.159327689132 -0.0612686509028  -0.239825553751 -0.0751854948049 0.0021568992574 11
131.669456 0 -1.29467752774 -2.81571080473  1.80196268583 -0.0391296103737    -0.1034297461  -0.160769763899 -0.0615772796021  -0.239927547692 -0.0750313213337 0.00215725646815 11
131.721537 0  -1.2970546857 -2.82093054633  1.79440658085 -0.0457297142521  -0.100726780287  -0.157152634226 -0.0618782177047  -0.239988709416 -0.0748675235651 0.00215672073459 11
131.773619 0 -1.29969773821  -2.8259988393  1.78716525527  -0.050402282417 -0.0991947176473   -0.15481920726 -0.0621776266105  -0.240067934371 -0.0747447284799 0.00215638472467 11
131.8257 0  -1.3025288669 -2.83107246869  1.77977255359 -0.0542508058041 -0.0950945187374  -0.146042455498 -0.0624016354748  -0.240085372602  -0.074690811111 0.00215539058731 11
131.877782 1 -1.30257598172  -2.8306467882  1.77984682913 -0.0541403671623 -0.0951078998726  -0.145953132059 -0.0622794684955  -0.240046830639 -0.0746791376672 0.00215537110069 11
131.929863 1 -1.30260983814 -2.83044935831  1.77996714387 -0.0540475577346 -0.0951357081167  -0.145819900257 -0.0622461941922  -0.240080362306 -0.0746915239434 0.00215535455167 11
131.981945 0 -1.30640287129 -2.83720479075  1.77173753698 -0.0605207574477  -0.097107082107  -0.150049838138 -0.0626462217064  -0.239984195476 -0.0746993241065 0.00215378838737 11
132.034026 0 -1.31061516224 -2.84334851296  1.76375256758 -0.0662389167081  -0.100697221944  -0.155043980228 -0.0631325803537   -0.23997059533 -0.0746075839762 0.00215369089805 11
132.086108 0 -1.31486910914 -2.84959054684  1.75519052706 -0.0694070786809  -0.100712366583  -0.163123044594 -0.0635533497234  -0.239917469339 -0.0745496080608 0.00215406974431 11
132.138189 0 -1.31926012138 -2.85556775283  1.74658756682 -0.0704639901427 -0.0977973224918  -0.171646120126 -0.0639509878923  -0.239922556867 -0.0744800436753 0.00215445009093 11
132.190271 0 -1.32355483439 -2.86115691017   1.7377821522 -0.0678602513712 -0.0926431464437  -0.175026597892 -0.0643462416847  -0.239937912873 -0.0743744617437 0.0021547400292 11
132.242352 0 -1.32766614957 -2.86648462518  1.72880602281 -0.0644199003027 -0.0914299004987  -0.183463044159 -0.0647784097812   -0.23998040419 -0.0742368343946 0.00215473761708 11
132.294434 0 -1.33160698728 -2.87122352194  1.71952754235 -0.0587571832963  -0.089992682605   -0.19232091011 -0.0652012650435  -0.240031915769  -0.074131233855 0.00215458153675 11
132.346515 0 -1.33504809475 -2.87606813197  1.70944935385 -0.0524246694311 -0.0918936801095  -0.202317893888 -0.0655605303957  -0.240037991073  -0.074026129219 0.00215455469199 11
132.398597 0 -1.33829752247 -2.88068871541  1.69949801673 -0.0441091975236 -0.0933039205025   -0.20938875894 -0.0659773423629   -0.24012210319 -0.0739345501298 0.00215457510052 11
132.450679 0 -1.34081439474 -2.88541432625  1.68882270809 -0.0351059649016 -0.0948871169894  -0.212467476175 -0.0663347449349  -0.240144346016 -0.0738050134352 0.00215394210782 11
132.50276 0 -1.34288891101  -2.8901781759  1.67844732061 -0.0257858826465   -0.09795506416  -0.217348768976 -0.0666620794449  -0.240221481099 -0.0737358324927 0.00215366857125 11
132.554841 0 -1.34466625904   -2.894372199  1.66781094791 -0.0176713205773  -0.104419093214  -0.223053079489 -0.0670302052809  -0.240293746742 -0.0736527666938 0.00215364520497 11
132.606922 0 -1.34592932819 -2.89991198463  1.65652760268 -0.00989575798987   -0.112659808237   -0.236658145921 -0.0674374969481  -0.240359507014 -0.0735859300795 0.00215316379584 11
132.659005 0 -1.34707539066  -2.9059370178  1.64503248891 -0.00308563027847   -0.120257942647   -0.237377368642 -0.0677854133681   -0.24041712081 -0.0736006495548 0.00215333740658 11
132.711086 0  -1.3477521391 -2.91258664695  1.63321876553 0.00231027935835  -0.129233537548  -0.240926414318 -0.0681192937934  -0.240437296622 -0.0736191891144 0.0021528254222 11
132.763168 0 -1.34817272101 -2.91945121094  1.62144389813 0.00851587020433  -0.134869909433  -0.245619533952 -0.0684693324069  -0.240501921065 -0.0736830416722 0.00215253552974 11
132.815251 0 -1.34847550764 -2.92628241471  1.60937141564 0.0126142094805 -0.142446646904 -0.254220568017 -0.0688162757736  -0.240556586246 -0.0736559884412 0.00215392369137 11
132.867331 0 -1.34844549502 -2.93315868571  1.59717001482 0.0204458911292 -0.142044036838 -0.255488034699 -0.0691937419793  -0.240622651939 -0.0736735974491 0.00215442731566 11
132.919412 0 -1.34786105979 -2.94003173972  1.58496381559 0.0298482979799 -0.139783330147  -0.25188586519 -0.0695399929668  -0.240675028725 -0.0737594666185 0.00215431243813 11
132.971494 0 -1.34673287458 -2.94684433113    1.572776196 0.0402933531738 -0.139580455413 -0.254980238141 -0.0699031798432  -0.240732377151 -0.0738555208768 0.00215445418357 11
133.023575 0 -1.34523532297  -2.9535876877  1.56100312299 0.0481148275916 -0.142156926974 -0.254524246431 -0.0703535881053  -0.240808602335 -0.0740514519332 0.00215443284829 11
133.075658 0 -1.34318724538 -2.96072151011  1.54934776641 0.0561350987108  -0.14488005998 -0.251312670404 -0.0707567190294  -0.240875097885 -0.0742130416585 0.00215430190725 11
133.127739 0 -1.34089110225 -2.96772798003  1.53777680869 0.0623410788819 -0.149648576677 -0.246431616249 -0.0711554551935  -0.240920271429 -0.0743767722172 0.0021535181837 11
133.17982 0  -1.3393372529 -2.97268248251  1.52560480352 0.0651651641681 -0.152229471393 -0.245639695457 -0.0717566792659   -0.24090037483 -0.0746411734034 0.00215361562826 11
133.231902 0 -1.33687083497 -2.98059456919  1.51457970857 0.0668630821063 -0.157952823623 -0.245150342281  -0.072286538431  -0.240958314316 -0.0748872920458 0.00215315606599 11
133.283978 0 -1.33388090806 -2.98839194983  1.50333127866 0.0634587025826 -0.165623383232 -0.250467543136 -0.0726133977616  -0.241028353432 -0.0750679251108 0.0021528787801 11
133.336065 0 -1.33105651484 -2.99582318942  1.49163569115 0.0560467155655 -0.172879111304   -0.2555412902 -0.0728803408825  -0.241103026157 -0.0752300574481 0.00215284091116 11
133.388147 0 -1.32871663157 -3.00449363046  1.47963998574 0.0452846062222 -0.181123528881 -0.265361697446 -0.0732410739592  -0.241172371692 -0.0753715723174 0.00215290581554 11
133.440228 0  -1.3271472424 -3.01369340696  1.46704857829 0.0333100223605   -0.1867590835 -0.277101941425 -0.0736252590566  -0.241232843162 -0.0754923953848 0.00215351487056 11
133.49231 0 -1.32629730628  -3.0231314479  1.45408157007 0.0217007483798 -0.189350441207 -0.284300676914 -0.0739998963135   -0.24129617266 -0.0756893413796 0.00215351434544 11
133.544391 0 -1.32598471069  -3.0326247141  1.44057627426 0.0121881134511 -0.189334386247 -0.295112142516 -0.0743842485524  -0.241361686158 -0.0758413652738 0.00215433980759 11
133.596473 0 -1.32648249755 -3.04145393281  1.42659122617 0.0034102903857 -0.191793246898 -0.301206464322 -0.0748433930689  -0.241409812394 -0.0760176516421 0.0021546030649 11
133.648555 0  -1.3268635201 -3.05125736662   1.4121897814 -0.00439565929074   -0.199262856869   -0.306445009133 -0.0751129642859  -0.241444464177 -0.0761824681874 0.00215555330377 11
133.700637 0 -1.32772257418 -3.06123350847  1.39803285978 -0.00715202076047   -0.207066756091   -0.305711208597 -0.0754816583927  -0.241494711509 -0.0764428659984 0.00215569067678 11
133.752718 0 -1.32871961004 -3.07185488349  1.38363017441 -0.00666803684147   -0.219484849056   -0.304391811005 -0.0758752923596  -0.241530277315 -0.0766326802068 0.00215537719675 11
133.8048 0 -1.33448208765 -3.07475230413  1.36662224471 -0.0105636484741  -0.220943961926  -0.301082576953 -0.0767891306971  -0.241326571155 -0.0768493012467 0.00215563412968 11
133.856882 0 -1.33567379094 -3.08576247066   1.3525832231 -0.00664913976889   -0.236308680233   -0.298289609051  -0.077218568916  -0.241354476947 -0.0771867513028 0.00215543421523 11
133.908963 0  -1.3370757292 -3.09824134747  1.33866167219 -0.00259521776818   -0.253620053334   -0.295994905903 -0.0777234207146  -0.241334554275 -0.0776322391652 0.00215533678099 11
133.961044 0 -1.33723054409 -3.11050419172  1.32439368119 0.00323259984455  -0.272378730641  -0.292397787876 -0.0779717680156  -0.241343169184 -0.0777420267216 0.00215554064929 11
134.013126 0 -1.33693229815 -3.12420633119  1.31007258922 0.00918022550878  -0.287133234853  -0.293919475212 -0.0781815559904  -0.241333884914 -0.0779198827232 0.00215540235964 11
134.065208 0 -1.33628891613 -3.13856580627  1.29603928689 0.0136201672649 -0.305556216849 -0.294487374232 -0.0783856563482  -0.241348860482 -0.0781429026814 0.00215529104247 11
134.117289 0 -1.33547739634 -3.15434698824  1.28168693389 0.0183783349651 -0.323789904803 -0.299330659864 -0.0785716797011  -0.241341823751 -0.0783267409849 0.00215566721132 11
134.169371 0 -1.33460610841 -3.17075601539  1.26729949804 0.0222978426903 -0.342459966235  -0.29703970076 -0.0787668793949  -0.241353701519 -0.0785075478618 0.00215573120671 11
134.221452 0 -1.33345425573 -3.18798286353  1.25244022479 0.0274684448363 -0.358224712243  -0.29463238196 -0.0789108894096  -0.241267043417 -0.0787143990513 0.00215613286016 11
134.273532 0 -1.33234024962 -3.20477950563  1.23846884365 0.0332110140608 -0.375424409674 -0.289742239935 -0.0791438457858  -0.241274233337 -0.0790269963043 0.00215586553135 11
134.325616 0  -1.3307946832 -3.22259674761  1.22473784226 0.0400899234107 -0.392239024248 -0.287606870423 -0.0793182943013  -0.241275877116 -0.0793928175888 0.00215582233182 11
134.377698 0 -1.32850302609 -3.24138430715  1.21174192283 0.0453575094187 -0.409094724718  -0.28049067944 -0.0794789518746  -0.241292594117 -0.0797614355839 0.00215528039768 11
134.429779 0 -1.32679954885 -3.26230032416  1.19745874577 0.0485218064585 -0.430196949756 -0.280080295569 -0.0796552310271  -0.241318349522  -0.079885242484 0.00215522742696 11
134.481861 0 -1.32485262108 -3.28452292063  1.18328584284 0.0480078309591 -0.450594643251 -0.275419475324 -0.0798634425134  -0.241316331206 -0.0800408872233 0.00215490252593 11
134.533942 0 -1.32242844571 -3.30796116395  1.16964185656 0.0462348859201 -0.469500083577 -0.278026304613 -0.0799866994947  -0.241340290044 -0.0801691693515 0.00215493981255 11
134.586024 0 -1.32071948657 -3.33215596047  1.15592998827 0.0419963247747 -0.487610228875 -0.276781105581 -0.0800792597847  -0.241404003974 -0.0802655887247 0.00215485290672 11
134.638106 0 -1.31931924679 -3.35735298786  1.14161112571   0.03419902549  -0.50978472755 -0.289951761269  -0.080159967853  -0.241450289704 -0.0803843564317 0.00215458650693 11
134.690187 0 -1.31841477025 -3.38350651596  1.12668229497 0.0277052222916  -0.52735442111 -0.290824217656 -0.0802684383978  -0.241462252347  -0.080476296932 0.00215478309424 11
134.742264 0 -1.31774762764 -3.41082237744  1.11224405613 0.0191860810558 -0.542376545563 -0.284943209553 -0.0803571370945  -0.241457112251 -0.0806892595497 0.00215478786756 11
134.794351 0   -1.317612911 -3.43921491135  1.09809655776 0.00825247926054  -0.559860801638  -0.280182917078 -0.0805459924285  -0.241499507917  -0.080729537344 0.00215458491058 11
134.846432 0  -1.3179340508 -3.46834482735  1.08441084169 -0.00516371008698   -0.575893123109   -0.275981012769 -0.0806703686088  -0.241559639521 -0.0808266790679 0.00215484104054 11
134.898514 0 -1.31909325635 -3.49839620535   1.0706692165 -0.0213277031033   -0.58900171304  -0.280505412556 -0.0808107759315  -0.241609417719 -0.0809817251187 0.00215499288296 11
134.950595 0 -1.32141703758 -3.52898440118  1.05703521156 -0.0389869720837  -0.598114039368  -0.280017135819 -0.0809109253162  -0.241700655913 -0.0810312329516 0.00215465243453 11
135.002677 0 -1.32459814419 -3.55973168514  1.04315844634 -0.0570328331079  -0.603554566676  -0.280240510415 -0.0809268046967  -0.241765245066 -0.0812579911593 0.00215512027767 11
135.054759 0 -1.32873564623 -3.59096957915  1.02973163812 -0.0753709131634  -0.611846233064  -0.279134365975 -0.0806082446177  -0.241993588601 -0.0814351352828 0.00215618481053 11
135.10684 0 -1.33330331206 -3.62227363395  1.01578371084 -0.0969858022653  -0.616914628187  -0.281208307922 -0.0806212055395  -0.242063760727 -0.0814595694299 0.00215642422817 11
135.158922 0 -1.33966997637 -3.65456975259  1.00198221608 -0.119318785911 -0.620079534404 -0.277496372084 -0.0802307916732  -0.242213811486 -0.0814793515366 0.00215611627942 11
135.210999 0 -1.34764400669 -3.68733091659 0.986588104064 -0.139619835003 -0.624684550137 -0.281512055124 -0.0786589684287  -0.242394485157 -0.0812238110022 0.00215583168768 11
135.263085 0 -1.35576715801 -3.72000578023 0.971567062874 -0.166077183665 -0.626093012485 -0.282825138939 -0.0784722918771  -0.242340905759 -0.0813758612288 0.0021561714391 11
135.315167 0 -1.36549698495 -3.75268683702  0.95626715254 -0.192081284969 -0.627638564027 -0.290222732085 -0.0781681972604  -0.242313312445 -0.0815327003037 0.00215517484165 11
135.367249 0  -1.3770581055 -3.78552667676 0.940901474301 -0.220849247923 -0.626952726358 -0.287633490242 -0.0777331257954  -0.242368534383 -0.0815634747851 0.00215482359717 11
135.419331 0 -1.39034743342 -3.81861126945 0.924935087193 -0.249682983134 -0.629184697209  -0.29018075297 -0.0772363376931  -0.242436031209 -0.0812739666059 0.00215475556962 11
135.471412 0 -1.40461162675 -3.85154377499 0.909003490555 -0.275495882867 -0.629905887938 -0.289434451803 -0.0767018217784  -0.242415957396 -0.0812990092517 0.00215461820125 11
135.523494 0 -1.42036073908 -3.88430513282 0.892958889352  -0.29923230672 -0.629635698857 -0.299873222234 -0.0761004064301  -0.242413414288 -0.0813764665051 0.0021533670069 11
135.575575 0 -1.43788851962 -3.91770460872 0.875944988083 -0.323758575983 -0.632852012288  -0.30743114588 -0.0755552572922  -0.242414120884 -0.0811198870869 0.00214999248346 11
135.627657 0 -1.45758451874 -3.95264178949 0.858262084944 -0.349124305521 -0.639075560735   -0.3166398016 -0.0757094959789  -0.242594821563 -0.0800806563372 0.00215025828363 11
135.679739 0 -1.47722991136 -3.98513656304 0.839492855675 -0.370389341007 -0.646447363789 -0.319257239441 -0.0749391005927  -0.242540023344 -0.0793470084833 0.0021552363843 11
135.731821 0 -1.49641180367 -4.01690485589 0.821520371354 -0.385639688767 -0.645058947291 -0.312154288652 -0.0741888455253  -0.242486895212 -0.0791861979473 0.00215565179732 11
135.783902 0 -1.52010193222 -4.05248788113 0.803752954485 -0.402728130194 -0.650630279243 -0.303019415925 -0.0736055315783  -0.242666992763 -0.0781806829159 0.00215723540656 11
135.835984 0 -1.53997704574 -4.08975640338 0.784089226563 -0.403535438402 -0.644858641189 -0.296805465795 -0.0716199357044  -0.242581187461 -0.0786237708235 0.00214958446492 11
135.888065 0 -1.55788343044 -4.12251681192 0.767963054762 -0.408235827325 -0.629219438486 -0.292201427982 -0.0710984185307  -0.242182110752 -0.0799644899546 0.00216101507225 11
135.940147 0 -1.58152856224 -4.15675428691 0.750743499781 -0.418136436445 -0.621828704018 -0.292558242611 -0.0704649424098  -0.242052761682 -0.0795523591309 0.00216490164148 11
135.992229 0 -1.60314939185 -4.18891746752 0.734849995037 -0.426101001095 -0.605648446893 -0.291367648128 -0.0698922870293  -0.241930676316 -0.0795924467238 0.00216613385485 11
136.044311 0 -1.62692002053 -4.22153038771 0.718164186404 -0.432341577062 -0.588502057733 -0.288372547796 -0.0692540941193  -0.241861199107 -0.0792827287782 0.00216576592735 11
136.096392 0 -1.65128672298 -4.25298422781 0.700786826017 -0.437777073703 -0.576592811801 -0.286874969399 -0.0685730637326  -0.241709002831 -0.0790945587199 0.00216552887756 11
136.148474 0 -1.67609607342 -4.28443237772 0.684370146755 -0.445609735043 -0.565902316511 -0.276715787727  -0.068089023801  -0.241523720443 -0.0790758252176 0.00216367757269 11
136.200551 0 -1.69856367219 -4.31285663974 0.661658456313 -0.444023873194 -0.555874479939  -0.27403028151 -0.0651176545422  -0.241068138883 -0.0780065505676 0.00216931582835 11
136.252638 0 -1.72137779568 -4.34174939925 0.645614515444 -0.448918489429  -0.54859796655  -0.28119878989 -0.0644465832178  -0.240914999359 -0.0776561831582 0.00216947138422 11
136.304719 0 -1.74281720695 -4.36927858285 0.629266670798 -0.452843847649 -0.544596470472 -0.283839004147 -0.0634638336945  -0.240676620382 -0.0774440812828 0.00217226817351 11
136.356801 0 -1.76355262933 -4.39583497804 0.612681460602 -0.450783364182 -0.542629512618 -0.285864894704 -0.0622455799981  -0.240590781629 -0.0767883117956 0.00217338996027 11
136.408883 0 -1.78591021502 -4.42363361234  0.59671053223 -0.450247620716 -0.540248988862 -0.280444603851 -0.0613983061768  -0.240596288565  -0.075911762612 0.00217375828498 11
136.460965 0 -1.80830312287 -4.45080662231  0.58109113671 -0.444484782428  -0.54122836315 -0.276390827027 -0.0604750344389  -0.240408039139 -0.0756327023474 0.00217404872391 11
136.513046 0 -1.82969127337 -4.48025339573 0.565983828948 -0.443174561887 -0.544943705925 -0.277741235472  -0.059889031531  -0.240228612034 -0.0757160259772 0.00217338334161 11
136.565128 0 -1.84650125539 -4.50234370442  0.54883270072 -0.429890153356 -0.537385528066 -0.290367692559 -0.0579468222599  -0.240252648632 -0.0740666839444 0.00217253774632 11
136.617209 0 -1.86665810104 -4.52894776071 0.533069334466 -0.429465092196 -0.538222293606 -0.299559261297 -0.0574925801127    -0.2402318064  -0.073640179434 0.00217303860268 11
136.669293 0  -1.8870934421  -4.5546477103 0.517711566633 -0.431154495399 -0.540939670882 -0.303448293419 -0.0573069320215  -0.240337907714 -0.0732216751369 0.00217307320101 11
136.721373 0 -1.90823813867 -4.58185275577 0.501468909079 -0.433561630114 -0.542316350935 -0.317702069222 -0.0569822618932    -0.2403186986 -0.0729316214538 0.00217342101925 11
136.773455 0 -1.93019446597 -4.61057124357  0.48182973154 -0.432656459757 -0.536493301995 -0.359861726104 -0.0561762810904  -0.240249334263 -0.0720655047156 0.00217559351492 11
136.825536 0 -1.95079509819 -4.63678716088 0.460775804325 -0.426652839459 -0.521345250637 -0.403193251418 -0.0554222947405  -0.240265493014 -0.0710744662378 0.00217806475209 11
136.87762 0 -1.97172409682 -4.66287176833  0.43846035634 -0.414941184912 -0.507527360274 -0.456083140177 -0.0552575912933  -0.240296719008 -0.0706738285238 0.00217989463194 11
136.9297 0 -1.99168221112 -4.68917372936 0.413938431425 -0.397386591464 -0.488203240918 -0.500442439341 -0.0550192229697  -0.240266263288 -0.0707387193974 0.0021853037679 11
136.981782 0 -2.01202908409 -4.71319104013 0.386818899531  -0.38642723289 -0.488955964754 -0.524743553592 -0.0544946925476  -0.240846955207 -0.0685207196129 0.00218674183152 11
137.033863 0 -2.03168719325 -4.73879428186 0.358979833818 -0.374239457044 -0.503667270938 -0.548365302313 -0.0544318567816  -0.240833849615 -0.0685303402526 0.00218746152428 11
137.085945 0 -2.04968252316 -4.76407859256 0.331428983856 -0.330293426089 -0.482839358644 -0.489204221934 -0.0543163697274  -0.240956854666 -0.0680695554334 0.002187144995 11
137.138021 0 -2.06206696877 -4.78323986884 0.316251444594 -0.115193193814 -0.209101879793 0.0038815117578 -0.0543163697274  -0.240956854666 -0.0680695554334 0.002187144995 11
137.190108 0 -2.06535465664 -4.79001075545 0.321049463104 -0.0308315116217 -0.0653049863286  0.0623062399301 -0.0543163697274  -0.240956854666 -0.0680695554334 0.002187144995 11
137.24219 0 -2.06561264575 -4.79054347716 0.320294674461  0.0112268061538  0.0116513897343 -0.0642884039907 -0.0543163697274  -0.240956854666 -0.0680695554334 0.002187144995 11
137.294272 0 -2.06519457431 -4.79093830072 0.318192262984 -0.00216022728957  -0.0183052912287  -0.0248549611748 -0.0543163697274  -0.240956854666 -0.0680695554334 0.002187144995 11
137.346354 0 -2.06603405867 -4.79194976748 0.317497124903 -0.0339203259565 -0.0450199992216 -0.0134317232221 -0.0543163697274  -0.240956854666 -0.0680695554334 0.002187144995 11
137.39843 0 -2.06784323181 -4.79432790543 0.317175056432 -0.0311368332834 -0.0241440182273 0.00755930634519 -0.0543163697274  -0.240956854666 -0.0680695554334 0.002187144995 11
137.450518 0 -2.06947780154 -4.79640809052  0.31736106345  -0.0331551696407   -0.055305620199 -0.00358428520926 -0.0543163697274  -0.240956854666 -0.0680695554334 0.002187144995 11
137.502599 0 -2.07116996394 -4.79897679914 0.317425116644 -0.0375897235222  -0.050761865829  0.0050549539166 -0.0543163697274  -0.240956854666 -0.0680695554334 0.002187144995 11
137.554681 0  -2.0731281404 -4.80157786715 0.317740583191 -0.0381488065639 -0.0527136556402 0.00543838187366 -0.0543163697274  -0.240956854666 -0.0680695554334 0.002187144995 11
137.606762 1 -2.07283020826 -4.80086132193 0.318222197246 -0.0374229662172 -0.0521867357264  0.0054842539878 -0.0547257138982  -0.241046290246 -0.0677197579199 0.00218706710849 11
137.658844 1 -2.07247018831 -4.80012039442 0.318514432701 -0.0367208446086 -0.0513776840784 0.00554115850472 -0.0549847578876  -0.241197169035 -0.0672040735432 0.0021869993922 11
137.710926 1 -2.07211126252 -4.79934089037 0.318845910249 -0.0359913598285 -0.0505804803604 0.00559763820018 -0.0552773463149  -0.241343596374 -0.0666942797452 0.00218692769313 11
137.763008 1 -2.07178218467 -4.79859465161 0.319194024108 -0.0352933390869 -0.0498556188941 0.00564735643522 -0.0555872246785  -0.241472061066 -0.0662319422019 0.00218685771311 11
137.815089 1 -2.07144227364 -4.79786075654  0.31954241603  -0.034586160298 -0.0491249036606 0.00569938214169 -0.0558941863122  -0.241603637726 -0.0657637841759 0.00218678700005 11
137.867171 1 -2.07110553982 -4.79712986386 0.319859895366 -0.0338994528652 -0.0483590491528 0.00574851302099 -0.0561836730411  -0.241739087978 -0.0652790145258 0.00218671918258 11
137.919253 1 -2.07077535203 -4.79641643806 0.320188593592 -0.0332175616267 -0.0476403825982 0.00579887062291  -0.056474727023  -0.241868642758 -0.0648186336798 0.00218665123757 11
137.971335 1 -2.07046410222 -4.79573264239 0.320515854518 -0.0325634089323 -0.0469679193905 0.00584604815118 -0.0567638633417  -0.241988488469 -0.0643880564315 0.00218658571184 11
138.023417 1 -2.07013639532 -4.79500711722 0.320824743141 -0.0318918189636 -0.0462234857831 0.00589542581454 -0.0570419529215    -0.2421217189 -0.0639144453667 0.00218651956683 11
138.075498 1 -2.06981596332 -4.79430127335 0.321120078999 -0.0312394164154 -0.0454878050239 0.00594304374247 -0.0573101202234  -0.242252719815 -0.0634477710365 0.00218645544471 11
138.127577 1 -2.06952093191 -4.79366538823 0.321363567339 -0.0306571333533 -0.0447681174718 0.00598244577142 -0.0575460690258  -0.242376414347 -0.0629988793508 0.00218639861299 11
138.179662 1 -2.06923662131 -4.79304803187 0.321593739273 -0.0300967504453 -0.0440804916917 0.00602260852143 -0.0577642568282  -0.242497187418  -0.062567691092 0.0021863442471 11
138.231744 1 -2.06894332874 -4.79240400853 0.321862871346 -0.0295007797755 -0.0434015344666 0.00606507801206 -0.0580113216917  -0.242616658406 -0.0621380459052 0.00218628545464 11
138.283826 1 -2.06866381352 -4.79177992577 0.322136934036 -0.0289224683507 -0.0427384475082 0.00610139385731 -0.0582721160487  -0.242727302778  -0.061723197404 0.00218622764394 11
138.335908 1 -2.06838881325 -4.79117487951 0.322376629556 -0.0283705198963 -0.0420709083531 0.00613798420254 -0.0585025971833  -0.242841004782   -0.06130592827 0.00218617332664 11
138.387989 1 -2.06812524185  -4.7905793286 0.322613853982 -0.0278343463582 -0.0414230639772 0.00617244866612 -0.0587318024547  -0.242949828094 -0.0609022397293 0.00218612049469 11
138.440072 1 -2.06785939737 -4.79000988711 0.322827437495 -0.0273136186914 -0.0407641772997 0.00620652891388 -0.0589428058001  -0.243061317506 -0.0604926250133 0.0021860695639 11
138.492153 1 -2.06760028485 -4.78946231697 0.323023552303 -0.0268140204325 -0.0401075315305 0.00623835625741 -0.0591422525715  -0.243171160517 -0.0600870139091 0.00218602090156 11
138.544235 1 -2.06735602114 -4.78893404294 0.323201533721 -0.0263443135394 -0.0394668504795 0.00626696211614 -0.0593294591111  -0.243276726325 -0.0596934013067 0.00218597534256 11
138.596318 1 -2.06711841344 -4.78838761793 0.323387828612 -0.0258731608969 -0.0388480618497 0.00629724627838 -0.0595171525782  -0.243380434453 -0.0593104404001 0.00218592979121 11
138.648398 1 -2.06688472128 -4.78789593427 0.323579354832 -0.0254156040337 -0.0382749439904 0.00632669629154 -0.0597058126949  -0.243476655697 -0.0589538624531 0.00218588484406 11
138.70048 1 -2.06664666851 -4.78737496323 0.323782931023 -0.0249410596804 -0.0376755901749 0.00635498702777  -0.059910378958  -0.243574366796 -0.0585832697392 0.00218583792513 11
138.752562 1 -2.06642172575 -4.78689190097 0.323930923932 -0.0245176905004 -0.0370672406311 0.00638024871723 -0.0600726632183  -0.243673820304 -0.0582113911999 0.00218579733094 11
138.804644 1 -2.06622286539 -4.78646419369 0.324080717954 -0.0241338545109 -0.0365353279391 0.00640069759495 -0.0602357816333  -0.243757629973  -0.057887248866 0.00218575959634 11
138.856725 1  -2.0660119355  -4.7860123757 0.324234192509 -0.0237298833681 -0.0359688934097 0.00642279244943  -0.060403224738  -0.243847512964 -0.0575421394418 0.00218572024636 11
138.908808 1  -2.0658044463 -4.78559089237 0.324346018643 -0.0233577114889 -0.0353872181751 0.00644356959511 -0.0605386589273  -0.243940892677 -0.0571900618633 0.00218568490585 11
138.960889 1 -2.06559621497 -4.78514224905 0.324478755127 -0.0229674604078 -0.0348189283333 0.00646690099757 -0.0606852957502  -0.244033539141 -0.0568431087408 0.00218564754281 11
139.012971 1 -2.06542716896 -4.78474762892 0.324595101538 -0.0226402370383 -0.0343230161559 0.00648204434008 -0.0608231072517  -0.244108704677 -0.0565454638057 0.00218561576466 11
139.06505 1  -2.0652421518 -4.78435787608 0.324701472021 -0.0223020363376 -0.0337935260441 0.00649938275981 -0.0609527219753  -0.244191428637  -0.056226692207 0.00218558343796 11
139.117135 1 -2.06503785898 -4.78392628458 0.324829652766 -0.0219222140509 -0.0332361037433 0.00652174292641 -0.0610954101598  -0.244281685467 -0.0558869286586 0.00218554710862 11
139.169217 1 -2.06485974201 -4.78355024588 0.324919560524 -0.0216028387578 -0.0327129708627 0.00653797770608 -0.0612116047958  -0.244363406603 -0.0555728039928 0.00218551681554 11
139.221298 1 -2.06468436864 -4.78318404448 0.324999300628 -0.0212940161073 -0.0321854216351  0.0065527760108 -0.0613219804735  -0.244444812682 -0.0552578425927 0.00218548774823 11
139.27338 1 -2.06451631444 -4.78283669262 0.325073054413 -0.0210002481363 -0.0316791324243 0.00656688889525  -0.061425488091  -0.244522956538 -0.0549557952055 0.00218546020624 11
139.325462 1 -2.06433399178 -4.78244835698 0.325183536964 -0.0206628442262 -0.0311687638557  0.0065854418573 -0.0615533057178  -0.244603856297 -0.0546461362433 0.0021854278501 11
139.377544 1 -2.06416393634 -4.78207291385  0.32528166751 -0.0203481601524 -0.0306681509915 0.00660074254287  -0.061674845764  -0.244680754792 -0.0543452849547 0.00218539774586 11
139.429626 1 -2.06399859984 -4.78174568209 0.325343904308 -0.0200673886054 -0.0301752575875 0.00661541362291 -0.0617652375207  -0.244758328456 -0.0540503811452 0.00218537168537 11
139.481707 1 -2.06384091299 -4.78140613722 0.325423216922 -0.0197837111295 -0.0296959936403 0.00662793747686 -0.0618724913599  -0.244830476252  -0.053764949457 0.00218534476586 11
139.53379 1 -2.06369578173 -4.78109632437 0.325498951939 -0.0195221118765 -0.0292505509421 0.00663795213845 -0.0619770930845   -0.24489559227 -0.0535009771476 0.00218531964756 11
139.585871 1 -2.06355566196 -4.78077738933 0.325563482689 -0.0192696323006 -0.0287989874534 0.00664757078209 -0.0620726997143  -0.244961782897 -0.0532344055977 0.00218529594544 11
139.637953 1 -2.06342109943 -4.78045877293  0.32563135667 -0.0190218892606 -0.0283496145878 0.00665459175411 -0.0621757017649  -0.245024547704 -0.0529714008697 0.00218527236274 11
139.690035 1  -2.0632792106 -4.78016433635 0.325684170205 -0.0187787526083 -0.0278994621207 0.00666413533031 -0.0622612420229  -0.245091151204 -0.0527057934793 0.00218524956753 11
139.742117 1 -2.06314823439  -4.7798733447 0.325741059608 -0.0185461939644 -0.0274685781135 0.00667131825941 -0.0623519493516  -0.245152162368 -0.0524535585408 0.00218522749429 11
139.794199 1 -2.06300483887 -4.77957025867 0.325799931287 -0.0182962718621 -0.0270191124378 0.00668169938645 -0.0624407801185  -0.245219009918 -0.0521874260553 0.00218520397124 11
139.84628 1 -2.06286782954 -4.77927323343 0.325858809073 -0.0180547472512 -0.0265804813945 0.00669055144405 -0.0625308675696  -0.245282657273 -0.0519289933659 0.00218518117179 11
139.898363 1  -2.0627371794 -4.77899634154 0.325902471885 -0.0178325386146  -0.026144688704 0.00669712664721 -0.0626115404718  -0.245344454639 -0.0516745939943 0.00218516035337 11
139.950444 1 -2.06260255352 -4.77872963724 0.325932876893 -0.0176150270054 -0.0256964579808 0.00670422458843 -0.0626811286585  -0.245409347863 -0.0514130860141 0.00218514041052 11
140.002526 1 -2.06247393562 -4.77845934796 0.325975315513 -0.0173969658698 -0.0252698404892 0.00671104884144 -0.0627587331193  -0.245470106958 -0.0511639336143 0.00218512008857 11
140.054608 1 -2.06234545296 -4.77819033689  0.32601949296 -0.0171785696419 -0.0248456487799 0.00671775842225 -0.0628377624802  -0.245530318536 -0.0509158844067 0.00218509966547 11
140.10669 1 -2.06222600427 -4.77794846876 0.326044954681 -0.0169854986808 -0.0244365206473 0.00672283279191  -0.062901575818  -0.245588039662 -0.0506782518421 0.0021850819079 11
140.158772 1 -2.06211459326 -4.77773758573 0.326057593867 -0.0168148258952 -0.0240369153329 0.00672461432878 -0.0629592083532  -0.245641615739 -0.0504497901709 0.00218506625907 11
140.210854 1 -2.06200081649 -4.77750629357 0.326068345945 -0.0166377653477 -0.0236270586488 0.00672817995551  -0.063012644187  -0.245698619177 -0.0502137858571 0.00218505031511 11
140.262936 1 -2.06188847825 -4.77729049171  0.32607951425 -0.0164651149444 -0.0232392388774 0.00673308240573 -0.0630612460686  -0.245754139999 -0.0499889642379 0.00218503476739 11
140.315018 1 -2.06177922971 -4.77706815388 0.326085981224  -0.016296990514 -0.0228459117386 0.00673718113483 -0.0631075158331  -0.245809821971 -0.0497618406984 0.00218501990929 11
140.367099 1 -2.06168163722 -4.77685200163 0.326087530959  -0.016145401706 -0.0224675876539 0.00673883990343 -0.0631518357267  -0.245861009051 -0.0495458780184 0.00218500654361 11
140.419181 1 -2.06159487329 -4.77667266619 0.326065609903 -0.0160258733585 -0.0221029119163 0.00673757127886 -0.0631794367194  -0.245908771484 -0.0493411350098 0.00218499655095 11
140.471263 1 -2.06148698921  -4.7764525013 0.326071332335  -0.015860063943 -0.0217105624306 0.00674107192918 -0.0632257159537  -0.245963488427 -0.0491151455568 0.00218498179223 11
140.523341 1 -2.06139413655 -4.77627450736 0.326059530246 -0.0157290878914 -0.0213405527548 0.00673986132592 -0.0632628192434  -0.246011054876 -0.0489071752326 0.00218497025079 11
140.575427 1 -2.06129802541 -4.77607668962 0.326052622941 -0.0155874379421 -0.0209707181494 0.00674151601366 -0.0632984165954  -0.246061564919 -0.0486960753776 0.00218495797488 11
140.627509 1 -2.06119517688 -4.77587475285 0.326056458919 -0.0154321647736 -0.0205942171744 0.00674393800923  -0.063342754919  -0.246112911162 -0.0484804151496 0.00218494421465 11
140.679591 1 -2.06110263544 -4.77568463749 0.326049776882 -0.0152961725593 -0.0202316075561 0.00674459009541 -0.0633791414526  -0.246161170705 -0.0482747043756 0.00218493255765 11
140.731673 1 -2.06101444072  -4.7755132401 0.326031121348 -0.0151749352639 -0.0198798576627 0.00674482113587 -0.0634045662137  -0.246208358427  -0.048075830934 0.0021849224078 11
140.783755 1 -2.06092958691 -4.77533651518  0.32603628054  -0.015044064359 -0.0195482209316 0.00674386215629 -0.0634508585474  -0.246249734436 -0.0478883905955 0.00218491032773 11
140.835837 1 -2.06084003275 -4.77515903412 0.326039860301 -0.0149090352896 -0.0191991598151 0.00674249049696 -0.0634984503122  -0.246292901135 -0.0476918774571 0.00218489803051 11
140.887919 1 -2.06075543259 -4.77498673999 0.326033296837 -0.0147853539823 -0.0188610798144 0.00674164915543 -0.0635346497066  -0.246335985365 -0.0475011876561 0.00218488704205 11
140.94 1 -2.06067924081 -4.77484001507 0.326011672554 -0.0146843614279 -0.0185290002136 0.00673771295615 -0.0635626496147   -0.24637567938 -0.0473177540059 0.00218487833222 11
140.992077 1  -2.0606028311 -4.77469919367 0.325984969811 -0.0145869767147 -0.0181995206025 0.00673441756709 -0.0635845959613  -0.246416160195 -0.0471352350201 0.00218487018584 11
141.044164 1 -2.06051610886 -4.77453228585  0.32595011027 -0.0144769593915 -0.0178257208104 0.00673224503198 -0.0636020797184  -0.246464198462 -0.0469269475148 0.00218486141333 11
141.096246 1 -2.06043236272 -4.77437074615 0.325944389763 -0.0143561432902 -0.0174929604945 0.00673061743739 -0.0636395617768  -0.246505297504 -0.0467401227225 0.00218485046 11
141.148328 1 -2.06035459994 -4.77424121245 0.325909108569 -0.0142640661581 -0.0171630227944  0.0067277863771 -0.0636530139744  -0.246546882539 -0.0465570332398 0.00218484298185 11
141.20041 1 -2.06028144869 -4.77411198265 0.325880409232 -0.0141739934468 -0.0168405664625 0.00672320689171 -0.0636745275362  -0.246584915217 -0.0463795439549 0.0021848353893 11
141.252491 1 -2.06020918037 -4.77399189121 0.325842675748 -0.0140911885329 -0.0165266106469 0.00672011995691 -0.0636840600075  -0.246624244148  -0.046205958796 0.00218482893261 11
141.304574 1 -2.06013741015 -4.77385096636 0.325808730351  -0.014002270417 -0.0162051008209 0.00671724393058 -0.0636969493567  -0.246664384951 -0.0460278341073 0.00218482187187 11
141.356656 1 -2.06005650042 -4.77370602881 0.325788878511 -0.0138951103261 -0.0158881664456 0.00671731095318 -0.0637163948631  -0.246706381804 -0.0458485265765 0.00218481277571 11
141.408738 1 -2.05999215414 -4.77359184028 0.325745654434 -0.0138254384836 -0.0155701599772 0.00671020316626 -0.0637288116603  -0.246741631329  -0.045676772691 0.00218480728821 11
141.460814 1 -2.05993316292 -4.77349165937 0.325693447624 -0.0137688014315 -0.0152707015544 0.00670379574023 -0.0637296123209  -0.246775895045 -0.0455155743284 0.00218480331324 11
141.512902 1 -2.05987096411 -4.77333915243 0.325652951614 -0.0136910712996 -0.0149479704476 0.00669894616318  -0.063739455928  -0.246813972419 -0.0453394338744 0.00218479753476 11
141.564984 1 -2.05979603038 -4.77320350232 0.325614028389 -0.0136022041866  -0.014626291534 0.00669748055008 -0.0637448830063  -0.246855953159 -0.0451598751054 0.00218479062715 11
141.617065 1 -2.05973101354 -4.77307777159 0.325564303757 -0.0135321013736 -0.0143098406351 0.00669323149421 -0.0637450916322   -0.24689469724 -0.0449866223578 0.00218478571566 11
141.669147 1 -2.05966346161 -4.77297267058 0.325516642212 -0.0134628031561 -0.0140027584802 0.00668906534745 -0.0637462355733  -0.246932162243 -0.0448184379874 0.0021847806542 11
141.721229 1 -2.05959780298 -4.77282548882  0.32549693221 -0.0133717551608 -0.0137010237766 0.00668538848719 -0.0637697685934  -0.246967182929 -0.0446517766069 0.0021847728198 11
141.773312 1 -2.05953807192 -4.77271200469 0.325455107724 -0.0133057908504  -0.013409220008 0.00668046385338 -0.0637751659912  -0.247001071559 -0.0444930985328 0.00218476777371 11
141.825394 1 -2.05948503591 -4.77262408651 0.325387649564 -0.0132658357326 -0.0131231769415 0.00667460930819 -0.0637590935825  -0.247035148566 -0.0443395229043 0.00218476585126 11
141.877475 1  -2.0594264105  -4.7725242352 0.325331672797  -0.013211675467 -0.0128226102146 0.00666834177679 -0.0637554561804   -0.24706959734  -0.044177624971 0.00218476228378 11
141.929552 1  -2.0593722669 -4.77242174941 0.325278850882  -0.013159704868 -0.0125442123865 0.00666364471201 -0.0637488686179  -0.247102881448 -0.0440265449455 0.00218475892597 11
141.98164 1 -2.05932327771 -4.77233590307 0.325230196843 -0.0131154232849 -0.0122703136221 0.00665506463504 -0.0637529044464  -0.247130388605 -0.0438818201808 0.00218475574447 11
142.033722 1 -2.05926234473 -4.77221352301 0.325186856635 -0.0130469664528 -0.0119726962365 0.00665092383446 -0.0637553046919  -0.247165828901 -0.0437191968499 0.00218475072543 11
142.085803 1 -2.05921219884 -4.77212186249 0.325142278645 -0.0129981672914 -0.0116963899739 0.00664243618754 -0.0637627834904  -0.247193338985 -0.0435727039897 0.00218474703882 11
142.137885 1 -2.05915627137 -4.77202788763 0.325088004684 -0.0129469902914 -0.0114146527973   0.006637250491 -0.0637558959642  -0.247226301097 -0.0434204590555 0.00218474369659 11
142.189967 1 -2.05910402134 -4.77195237255 0.325028688483 -0.0129065884825 -0.0111401748575 0.00663045323731 -0.0637468787527  -0.247256672557 -0.0432742956122 0.00218474129425 11
142.242049 1 -2.05905982703 -4.77188310724 0.324963142778 -0.0128795569298 -0.0108771545704  0.0066223211193 -0.0637334242378  -0.247284448519  -0.043136110878 0.00218474026083 11
142.294131 1 -2.05900382689 -4.77178963195 0.324909547045 -0.0128279883727  -0.010596713636 0.00661707713996 -0.0637269068801  -0.247316959475 -0.0429844208151 0.00218473668895 11
142.346213 1 -2.05895867663 -4.77169968346 0.324850372912 -0.0127918502815 -0.0103310388706 0.00661017804164 -0.0637165126745  -0.247345942189 -0.0428432355871 0.00218473474846 11
142.398295 1 -2.05891036761 -4.77161513889 0.324787930602 -0.0127552553897 -0.0100610228089 0.00660387080118 -0.0637025499969  -0.247376468733 -0.0426991723624 0.00218473299295 11
142.450377 1 -2.05886091008 -4.77152917458  0.32472478519 -0.0127173872436 -0.0097857427826 0.00659748308837 -0.0636884979263  -0.247407448488 -0.0425525612396 0.00218473111034 11
142.502459 1 -2.05882325489 -4.77145626304 0.324654577949  -0.0126984542311 -0.00953791975512  0.00659025341667 -0.0636665840309  -0.247434418489 -0.0424229269698 0.00218473107753 11
142.554541 1  -2.0587843679 -4.77135051163 0.324585186087  -0.0126707818188 -0.00926504350146  0.00658280465839 -0.0636478523993  -0.247464138237 -0.0422791375896 0.00218473046748 11
142.606623 1 -2.05874357911 -4.77127596506 0.324523430595  -0.0126444453327 -0.00900548740083  0.00657388249868 -0.0636377704083  -0.247489712983 -0.0421439191858 0.00218472944215 11
142.658705 1 -2.05870039132 -4.77121594817 0.324442825989  -0.0126278138211 -0.00874459561428  0.00656692279798 -0.0636075871447  -0.247519385261 -0.0420070240444 0.00218472987606 11
142.710787 1 -2.05865552496 -4.77116774105 0.324349932082  -0.0126186571518 -0.00846835677915  0.00655861805002 -0.0635708514297  -0.247550266579 -0.0418632332671 0.00218473128077 11
142.762869 1  -2.0586137098 -4.77111243873 0.324271104301 -0.0126040724438  -0.008208145476 0.00655036948724 -0.0635444902681  -0.247578080041 -0.0417276519165 0.0021847318088 11
142.814951 1 -2.05858212749 -4.77104902578 0.324181447815  -0.0126045173823 -0.00794049012644  0.00653901527046 -0.0635146007412  -0.247603553234 -0.0415919089806 0.00218473396035 11
142.867033 1 -2.05854321079 -4.77096800935 0.324109813997   -0.012583698402 -0.00767644063508  0.00653088008285 -0.0634937120332  -0.247631154004 -0.0414544056164 0.00218473407941 11
142.919119 1 -2.05850044866  -4.7709028321 0.324034233827  -0.0125637877584 -0.00742151816381  0.00652455472016 -0.0634654274513  -0.247660264259 -0.0413200789769 0.00218473416853 11
142.971197 1 -2.05846157631 -4.77084725092 0.323952461303  -0.0125533719912 -0.00717374856715  0.00651759914958 -0.0634320792658  -0.247688172681 -0.0411907368026 0.00218473524572 11
143.023279 1  -2.0584223136 -4.77078059606 0.323873992807  -0.0125385965733 -0.00691722314347   0.0065100348647 -0.0634034536705  -0.247716050997 -0.0410567955706 0.00218473583332 11
143.075361 1 -2.05837980539 -4.77072495727 0.323784848847  -0.0125280667862 -0.00665268259749  0.00650296996385 -0.0633652768396  -0.247746317288 -0.0409187216333 0.00218473713027 11
143.127443 1  -2.0583473315 -4.77067853642 0.323695621078  -0.0125304301416 -0.00641090430089  0.00649442875154 -0.0633272675342   -0.24777182146 -0.0407952023415 0.0021847394983 11
143.179525 1 -2.05831716954 -4.77061391497 0.323624958786 -0.0125220663097 -0.0061733999988 0.00648478482163 -0.0633069907787  -0.247793790251 -0.0406739972073 0.00218474027523 11
143.231606 1 -2.05828291102 -4.77057174521 0.323535160077  -0.0125239514565 -0.00592698732845  0.00647584711551 -0.0632695924238  -0.247819328865 -0.0405482381214 0.00218474259692 11
143.283689 1 -2.05825355409 -4.77049744145 0.323464046763   -0.012513784078 -0.00570233190415  0.00646918141796 -0.0632414244702  -0.247843458427 -0.0404317394042 0.00218474346712 11
143.33577 1 -2.05822010992  -4.7704523031 0.323383244292 -0.0125109067664 -0.0054737179265 0.00646181717011 -0.0632069577197  -0.247868023524 -0.0403140048776 0.00218474510519 11
143.387852 1 -2.05819561711 -4.77040190019 0.323308917155  -0.0125138097221 -0.00524527112856  0.00645020668548 -0.0631859345795  -0.247886329799 -0.0402003286129 0.00218474676472 11
143.439935 1 -2.05816367695 -4.77035319113 0.323222527427  -0.0125146543779 -0.00501473929628  0.00644311462662 -0.0631458129789  -0.247911917128   -0.04008156783 0.00218474907901 11
143.492019 1 -2.05813818828 -4.77032977604 0.323118825511  -0.0125370909484 -0.00478614699236  0.00643330834269 -0.0630955445663  -0.247935071009 -0.0399677203781 0.00218475353596 11
143.544099 1 -2.05810746323 -4.77025713349 0.323055411409  -0.0125225178336 -0.00455407318486  0.00642469311293 -0.0630781221272  -0.247956669868 -0.0398485613182 0.00218475369497 11
143.596181 1 -2.05807738311 -4.77022351498 0.322969974973  -0.0125285778669 -0.00432576589704   0.0064153177082 -0.0630429261567  -0.247978723888 -0.0397333272311 0.00218475613019 11
143.648263 1 -2.05805154669 -4.77016861353 0.322881788041  -0.0125355650375 -0.00409774759229  0.00640702600295  -0.063002410571  -0.248002266386 -0.0396178319191 0.00218475906131 11
143.700345 1 -2.05802345035 -4.77013663778 0.322797774053  -0.0125432642899 -0.00387905328908  0.00639804764084  -0.062966490328  -0.248023450245 -0.0395077476426 0.00218476164713 11
143.752427 1 -2.05799290373 -4.77009590537 0.322712041576  -0.0125469296119 -0.00365562107189  0.00639049650925 -0.0629265937797  -0.248047151004 -0.0393937210976 0.00218476397575 11
143.804509 1 -2.05795746816 -4.77006018189 0.322622650146  -0.0125480948885 -0.00342948001657  0.00638460907736 -0.0628805941343  -0.248073689772 -0.0392767505692 0.00218476628975 11
143.856586 1 -2.05793005473 -4.77001734583 0.322547122594  -0.0125498474273 -0.00321388155355  0.00637587799351 -0.0628507673965  -0.248093933538  -0.039167936369 0.00218476824577 11
143.908673 1 -2.05790104298 -4.76997629823  0.32246557206  -0.0125530770862 -0.00299646579821  0.00636818335358 -0.0628137757334  -0.248116230244 -0.0390574633132 0.00218477052221 11
143.960755 1 -2.05787320542 -4.76992800906 0.322382634897 -0.0125566344437 -0.0027754995319 0.00636047547661 -0.0627755138367  -0.248138932896 -0.0389454293883 0.00218477298357 11
144.012837 1 -2.05784645868 -4.76989897246 0.322292883741  -0.0125690992531 -0.00256165349882  0.00635226951876 -0.0627318383598  -0.248160707317  -0.038838122912 0.00218477622608 11
144.064919 1 -2.05782049441  -4.7698815832 0.322210044963  -0.0125817749387 -0.00235174242397   0.0063420669379 -0.0626978500665  -0.248178623151 -0.0387346713106 0.00218477898113 11
144.117001 1 -2.05779163091 -4.76983280055 0.322133026518  -0.0125813942456 -0.00212687829694  0.00633321439862 -0.0626671654006   -0.24819959716 -0.0386210235414 0.00218478072255 11
144.169083 1 -2.05776414436 -4.76979714371 0.322058127602  -0.0125843138855 -0.00191366575304   0.0063239449711 -0.0626382055455  -0.248218389115 -0.0385142600796 0.00218478254281 11
144.221166 1 -2.05773949476 -4.76977290965  0.32196579233   -0.012601787227 -0.00169203908816  0.00631341398844 -0.0625968958951  -0.248237856329 -0.0384054584647 0.00218478613901 11
144.273248 1 -2.05771704092 -4.76974756197 0.321873986274  -0.0126209925201 -0.00148045434118  0.00630369910422 -0.0625533572854  -0.248257205911 -0.0383015184197 0.00218479003531 11
144.325324 1 -2.05768766618 -4.76971036038 0.321788336516  -0.0126266911314 -0.00126066463842  0.00629587998121 -0.0625123253474  -0.248279500343 -0.0381904780902 0.00218479253569 11
144.377411 1  -2.0576619077 -4.76967202186 0.321699210174  -0.0126373770586 -0.00105356289623  0.00628934896599    -0.0624642737  -0.248302271691 -0.0380859347758 0.00218479575506 11
144.429493 1 -2.05763658074 -4.76963615582 0.321629524171   -0.0126397702313 -0.000851982135622   0.00628041531783 -0.0624375116297  -0.248319361869 -0.0379855252052 0.00218479741619 11
144.481575 1 -2.05761113237  -4.7695976209 0.321548400229    -0.012646986361 -0.000645563559678   0.00627271764565  -0.062398469639  -0.248339663421 -0.0378820519898 0.00218480001297 11
144.533657 1 -2.05759042352 -4.76956816335 0.321458377164  -0.0126659627066 -0.00044263161454  0.00626388556108 -0.0623533241798  -0.248358735631 -0.0377824012152 0.00218480388677 11
144.585739 1  -2.0575673736 -4.76953997648 0.321379646495   -0.0126768898785 -0.000245810791866   0.00625522663847 -0.0623173562208  -0.248376256245 -0.0376852190096 0.00218480654312 11
144.637821 1 -2.05754749429 -4.76950024801 0.321300560169   -0.0126891545049 -4.40865353087e-05   0.00624576297988 -0.0622825627031   -0.24839325803 -0.0375861644357 0.00218480952083 11
144.689903 1 -2.05752692309 -4.76947911696 0.321225314345  -0.0127024574794 0.000135987826231  0.00623756351525 -0.0622472148385  -0.248409123217  -0.037497760559 0.00218481232604 11
144.741985 1 -2.05749996114  -4.7694475252 0.321148746708 -0.0127070125955 0.00032794340318 0.00623146542348 -0.0622075283046  -0.248429389677 -0.0374005657473 0.00218481458046 11
144.794067 1 -2.05747914972 -4.76942217289 0.321064791232  -0.0127236074687 0.000517907845146  0.00622336800463 -0.0621649086211  -0.248447281781 -0.0373069047492 0.00218481798405 11
144.84615 1 -2.05746103665 -4.76941578369 0.320973905102  -0.0127509237304 0.000704340364076  0.00621366583879 -0.0621190462061   -0.24846300442 -0.0372176715639 0.00218482231898 11
144.898232 1 -2.05743934482  -4.7693906645 0.320891823974 -0.0127656562472 0.00089799528995 0.00620513770458 -0.0620788597802  -0.248480316966 -0.0371227858164 0.00218482546805 11
144.950314 1 -2.05742297554 -4.76936699316 0.320796227433 -0.0127932808273 0.00109236740883 0.00619607227337   -0.06202749731  -0.248498088859 -0.0370293038804 0.00218483026325 11
145.002396 1 -2.05740783101 -4.76934448556 0.320705390689 -0.0128199848992 0.00127482175863 0.00618760053086 -0.0619781887915  -0.248514927448  -0.036941440619 0.00218483486046 11
145.054478 1 -2.05738579025 -4.76930408324 0.320627768647 -0.0128284978888 0.00146721388522 0.00618041477321 -0.0619386949828   -0.24853346489 -0.0368455953655 0.00218483748453 11
145.10656 1 -2.05736251867 -4.76926044317 0.320557626678 -0.0128312700707 0.00165910110687 0.00617308623386 -0.0619059319354  -0.248551032645 -0.0367495766457 0.00218483934742 11
145.158642 1 -2.05734428548 -4.76923619302 0.320474476755 -0.0128503854628 0.00184267428471 0.00616484106545  -0.061862757792  -0.248567455969 -0.0366604917233 0.00218484301896 11
145.210724 1  -2.057325279 -4.7692095831 0.32040145161 -0.0128630329343 0.00202400801515 0.00615604276897 -0.0618293274105   -0.24858180351 -0.0365725443099 0.00218484565123 11
145.262806 1 -2.05730912424 -4.76917111621 0.320329734281 -0.0128758688691 0.00221627647533 0.00614534098248 -0.0618010964669  -0.248594464763 -0.0364804468975 0.00218484828674 11
145.314888 1  -2.0572887797 -4.76914386515 0.320258678947 -0.0128858585397  0.0023967032401 0.00613705639177 -0.0617681357168  -0.248609155836 -0.0363924407332 0.00218485064614 11
145.36697 1  -2.0572665995 -4.76909505684 0.320198215018 -0.0128836438532 0.00258139267448 0.00612966710138 -0.0617426885991  -0.248624579808 -0.0363003325298 0.00218485175852 11
145.419052 1 -2.05724822031 -4.76906974569 0.320125202656 -0.0128971532192 0.00275964224458 0.00612102885953 -0.0617081879531  -0.248638537294 -0.0362144024997 0.00218485449512 11
145.471134 1  -2.0572287308 -4.76903941988 0.320040587772 -0.0129139435303 0.00294180149225 0.00611448760393 -0.0616594799442  -0.248657033453 -0.0361250520769 0.0021848581603 11
145.523216 1  -2.0572128195 -4.76901956299 0.319961238815 -0.0129349257891 0.00312497268203 0.00610428543935 -0.0616225593759  -0.248669821596 -0.0360384263233 0.00218486172217 11
145.575298 1 -2.05719880875 -4.76898670592 0.319888379916 -0.0129516953545 0.00330329462654 0.00609451662732 -0.0615898389969   -0.24868205183 -0.0359535406618 0.00218486480265 11
145.627381 1  -2.0571922352 -4.76897375555  0.31981534386 -0.0129811346938 0.00346423577163  0.0060823693001 -0.0615602278371  -0.248688746163 -0.0358813682283 0.00218486877646 11
145.679463 1 -2.05717868218 -4.76894988591 0.319742212081 -0.0130002214328  0.0036291078133 0.00607371866133 -0.0615240497002  -0.248701010401 -0.0358031211262 0.00218487208054 11
145.731545 1  -2.0571601757 -4.76892990027 0.319659836935 -0.0130193995756 0.00380255977931 0.00606668366936 -0.0614772977931  -0.248717476503 -0.0357189967474 0.00218487580241 11
145.783622 1  -2.0571467254 -4.76889828377 0.319583734268 -0.0130382946031 0.00397366478631 0.00605827128963 -0.0614380462316  -0.248730888746 -0.0356375592736 0.00218487925799 11
145.835709 1 -2.05713635194 -4.76886450879 0.319512767469 -0.0130575227302 0.00413928760699 0.00604894489638 -0.0614044706638  -0.248741794125 -0.0355598666231 0.0021848825407 11
145.887791 1 -2.05712086454 -4.76882405257 0.319434971786 -0.0130731728184 0.00431817623103 0.00604121203568 -0.0613627581929  -0.248757227205 -0.0354731453583 0.0021848858342 11
145.939873 1 -2.05710355835 -4.76880737995 0.319358306168 -0.0130916161299 0.00448763358194 0.00603318973102 -0.0613221585209  -0.248771018449 -0.0353922751856 0.00218488924258 11
145.991955 1 -2.05708393787 -4.76877917158 0.319285540971 -0.0131027256064 0.00465922764488 0.00602646929763 -0.0612824085434  -0.248786495692 -0.0353086098359 0.00218489192611 11
146.044038 1 -2.05707425407 -4.76876006483 0.319210417339 -0.0131284470095  0.0048278653785 0.00601522196943 -0.0612489872594  -0.248795115306 -0.0352314302046 0.00218489563759 11
146.096119 1  -2.0570614472 -4.76872616947 0.319141755062 -0.0131438357464 0.00499404878656 0.00600656781261 -0.0612156321033  -0.248806601712 -0.0351528393799 0.0021848985908 11
146.148201 1 -2.05705193862 -4.76869048035 0.319072881371 -0.0131627296694 0.00515877483764  0.0059968664636 -0.0611839111036  -0.248816417273 -0.0350758944827 0.00218490180894 11
146.200284 1 -2.05703404929 -4.76867147765 0.319003675893  -0.013176248702 0.00532697872124 0.00598842195201  -0.061150064129  -0.248828426425 -0.0349957967162 0.00218490441645 11
146.25236 1 -2.05702386584 -4.76864766934 0.318932785289 -0.0131978582457 0.00548465377599 0.00597913152294 -0.0611153663577  -0.248838133961 -0.0349226649976 0.00218490778887 11
146.304448 1 -2.05701163978 -4.76863434217 0.318868628348 -0.0132163175493 0.00564082451601 0.00596881220147  -0.061088654555  -0.248845401034 -0.0348508913972 0.00218491042494 11
146.35653 1 -2.05700065007 -4.76861499925 0.318799903236 -0.0132371162119 0.00580209034849 0.00595850994434 -0.0610578486596  -0.248853602817 -0.0347768965126 0.00218491355338 11
146.408612 1 -2.05698726297 -4.76858143605 0.318728815343 -0.0132530094929 0.00596544364227 0.00595083424772 -0.0610196789539  -0.248866194842 -0.0346992597342 0.00218491665592 11
146.460694 1 -2.05697700559 -4.76854573415 0.318660019113 -0.0132706588662 0.00612619373123 0.00594213631547 -0.0609851087962  -0.248876609206 -0.0346241675955 0.00218491973362 11
146.512776 1 -2.05696145632 -4.76851348323 0.318591938967 -0.0132830279224 0.00628896587597  0.0059349255288 -0.0609484923338  -0.248889502539 -0.0345461318044 0.0021849224886 11
146.564859 1 -2.05694597709 -4.76848341804 0.318530905848 -0.0132923453592  0.0064459505658 0.00592729508467 -0.0609185855768  -0.248900379931 -0.0344710680524 0.00218492456157 11
146.616941 1 -2.05693320835 -4.76846690038 0.318451475768 -0.0133169144587  0.0066063844524 0.00591912198965 -0.0608737169007  -0.248912505394 -0.0343964883112 0.00218492849959 11
146.669022 1 -2.05692313683 -4.76844113863 0.318383440752 -0.0133365626974 0.00675782379905 0.00591062990953 -0.0608386816975  -0.248922015116 -0.0343263241127 0.0021849316552 11
146.7211 1 -2.05690842314 -4.76840320663 0.318326575545 -0.0133431551327 0.00692151978085  0.0059017436861 -0.0608148248636  -0.248931156493 -0.0342483713965 0.00218493329772 11
146.773187 1 -2.05689982611 -4.76837134396 0.318267910637 -0.0133582380055 0.00706560342391 0.00589323473871 -0.0607872109983  -0.248938787013 -0.0341818845387 0.0021849358298 11
146.825269 1  -2.0568909442 -4.76833883332 0.318215543971 -0.0133700540853 0.00721302389892  0.0058833447869  -0.060768024524  -0.248944064271 -0.0341140378503 0.00218493773648 11
146.877351 1 -2.05687843167 -4.76832781951 0.318140241727 -0.0133941075438 0.00736801901709 0.00587481159547 -0.0607266383526  -0.248954396597 -0.0340429352868 0.00218494147939 11
146.929433 1 -2.05686594597 -4.76830700026 0.318069065252 -0.0134137192214 0.00751897040674 0.00586744091087 -0.0606861220227  -0.248965639573 -0.0339726053413 0.00218494485919 11
146.981515 1 -2.05685135736 -4.76828164568 0.317997090803 -0.0134304334039 0.00767269996931 0.00586106552707  -0.060643073794  -0.248978838606 -0.0338994795785 0.00218494810628 11
147.033597 1 -2.05684078889 -4.76824564443 0.317932783315 -0.0134453472475 0.00782252414464 0.00585377087528 -0.0606078263968  -0.248989339185 -0.0338292078736 0.00218495105494 11
147.085679 1  -2.0568310993 -4.76823305029 0.317862866877 -0.0134692634161 0.00796827415621 0.00584503022841 -0.0605704534845  -0.248997557085  -0.033763597121 0.00218495463845 11
147.137762 1 -2.05681952013 -4.76822459509 0.317786268174 -0.0134951872778  0.0081113339783 0.00583801317003 -0.0605238113936   -0.24900885676 -0.0336981457236 0.00218495868839 11
147.189844 1 -2.05680277562 -4.76819668865 0.317720886877  -0.013505586924 0.00826502536899 0.00583193178482 -0.0604854886386  -0.249021618235 -0.0336244764293 0.00218496115973 11
147.241926 1 -2.05679443587 -4.76816541525 0.317657791555 -0.0135234764458 0.00841557144834 0.00582283366928 -0.0604544007843  -0.249028947568 -0.0335559736974 0.00218496408355 11
147.294007 1 -2.05678113505 -4.76814361661 0.317595080648 -0.0135376608777 0.00856088904019 0.00581567983058 -0.0604197925814  -0.249038737231 -0.0334882962489 0.00218496674036 11
147.34609 1 -2.05677556549  -4.7681305413 0.317539258886 -0.0135590788344  0.0086933562409  0.0058053178002 -0.0603967857869  -0.249041428211 -0.0334305181287 0.00218496954492 11
147.398172 1  -2.0567684467 -4.76810917028  0.31748270381 -0.0135771918924 0.00883281089052  0.0057953739733 -0.0603725391603  -0.249045463759 -0.0333683674901 0.00218497200391 11
147.450254 1 -2.05674990923 -4.76808358314 0.317429726777  -0.013579967891 0.00898368488947  0.0057883908397 -0.0603463405255  -0.249055000385 -0.0332960963601 0.00218497315125 11
147.502336 1 -2.05673802109 -4.76807359994 0.317359292694 -0.0136020006972 0.00912038438585 0.00578182710567 -0.0603031913605  -0.249065429127 -0.0332335317326 0.00218497667227 11
147.554417 1 -2.05672552359 -4.76805668097 0.317288067016 -0.0136224709039 0.00926846309556 0.00577450509995 -0.0602610833713  -0.249075862688 -0.0331655056301 0.00218498009594 11
147.606501 1 -2.05671649428 -4.76802967354 0.317221218059 -0.0136422785742  0.0094138461009 0.00576657723643 -0.0602235519277  -0.249084556089 -0.0330992331566 0.00218498333759 11
147.658583 1 -2.05669952205 -4.76801825295 0.317157414231 -0.0136550201208 0.00955214985179 0.00576108272735 -0.0601840761124  -0.249096072504 -0.0330339078663 0.00218498579981 11
147.710665 1 -2.05668714613 -4.76799219559 0.317096191208 -0.0136686541554 0.00969572290813 0.00575401123731 -0.0601496216873  -0.249105388501 -0.0329670847499 0.00218498844992 11
147.762748 1 -2.05667281328 -4.76796579736 0.317040547531 -0.0136768894394 0.00983249452244 0.00574797132988 -0.0601179402001   -0.24911501095 -0.0329021194764 0.00218499024339 11
147.814829 1 -2.05666386987 -4.76793909535 0.316981458071 -0.0136931076063 0.00997381135802  0.0057395195573 -0.0600876520212  -0.249121509426  -0.032837989502 0.00218499290832 11
147.866911 1 -2.05664891439 -4.76791267263 0.316917468931 -0.0137052321267  0.0101241383295 0.00573279626146 -0.0600501370482  -0.249132203756 -0.0327672694189 0.00218499544237 11
147.918993 1 -2.05663774573 -4.76788082869 0.316852062553 -0.0137207815848  0.0102694671017 0.00572620377683 -0.0600104548642  -0.249142592536 -0.0326999593233 0.00218499846193 11
147.971075 1 -2.05662784609 -4.76785620649 0.316792174145 -0.0137365210678  0.0104074734798 0.00571865468423 -0.0599772246727  -0.249150034478  -0.032637270066 0.00218500111096 11
148.023158 1 -2.05661710252 -4.76781970615 0.316742130031 -0.0137438137112   0.010548089568 0.00571088491117 -0.0599529180862  -0.249156330473 -0.0325722358915 0.00218500271903 11
148.07524 1 -2.05660573918 -4.76780913507 0.316682435037 -0.0137608804309  0.0106769157005 0.00570390698029 -0.0599185139569  -0.249163695343 -0.0325140528616 0.00218500539817 11
148.127323 1 -2.05659865317 -4.76779701252 0.316614292232 -0.0137866043751  0.0108054950307  0.0056965040726 -0.0598772805317  -0.249171210015 -0.0324574099872 0.00218500919138 11
148.1794 1 -2.05658996412 -4.76777550665 0.316557433843 -0.0138030186036  0.0109394798688 0.00568828806948 -0.0598474985499  -0.249176727182 -0.0323973823101 0.00218501177709 11
148.231487 1 -2.05658228355 -4.76775356594 0.316494106998 -0.0138236620467   0.011076157858 0.00568029789488 -0.0598113679064   -0.24918344655 -0.0323367700198 0.00218501508827 11
148.283569 1 -2.05657257947 -4.76771804644 0.316439007801 -0.0138346267459  0.0112105466668 0.00567373242364 -0.0597795055925  -0.249191374716 -0.0322747142664 0.00218501728999 11
148.335651 1  -2.0565608949 -4.76770313262 0.316378693042 -0.0138508176349  0.0113450822396 0.00566646699994  -0.059744723934  -0.249198685343 -0.0322138614527 0.0021850199118 11
148.387733 1  -2.0565506797 -4.76767569988 0.316325688464 -0.0138624628308  0.0114869629718 0.00565769122969 -0.0597191115995  -0.249203422527 -0.0321498304406 0.00218502193051 11
148.439815 1 -2.05654617468 -4.76764286066 0.316279560382 -0.0138756606661  0.0116188359554 0.00564760739941 -0.0597015885148  -0.249204237494  -0.032091930054 0.00218502373046 11
148.491897 1 -2.05653578971 -4.76761359904 0.316222389482 -0.0138883723942  0.0117532558927 0.00564094883601 -0.0596677388908  -0.249212048623 -0.0320304045617 0.00218502611815 11
148.543979 1 -2.05652142504 -4.76757927388   0.3161657861 -0.0138953056692  0.0118933530658 0.00563553205393 -0.0596320359146  -0.249222418617 -0.0319641811547 0.00218502810053 11
148.596062 1 -2.05651461713 -4.76755792871 0.316115903182 -0.0139099097403  0.0120111501484 0.00562823825524 -0.0596051459919  -0.249226656974 -0.0319121694377 0.00218503036124 11
148.648143 1 -2.05650261126 -4.76753326898 0.316059278262 -0.0139214376688  0.0121432345684 0.00562203804869 -0.0595706396681  -0.249234762979  -0.031851506552 0.00218503251827 11
148.700226 1 -2.05649201175 -4.76750816183 0.316003793808 -0.0139337479323  0.0122688167154  0.0056162536514 -0.0595359630244  -0.249242783686 -0.0317940651768 0.0021850348223 11
148.752308 1 -2.05648539857 -4.76748955179 0.315947190932 -0.0139526822887    0.01239425222 0.00560815452726 -0.0595047664597  -0.249246969342 -0.0317393689391 0.00218503750239 11
148.804391 1 -2.05647621747 -4.76746981999 0.315891418221 -0.0139680457389  0.0125197452698  0.0056011384024 -0.0594721614609  -0.249252872218 -0.0316832731235 0.00218503990084 11
148.856473 1 -2.05647322982 -4.76745394098 0.315824312884   -0.01399672979  0.0126414105525 0.00559345554675 -0.0594304245342  -0.249258368737 -0.0316320468835 0.0021850439773 11
148.908555 1 -2.05646778601 -4.76743225966 0.315773798484 -0.0140132426344   0.012758736803 0.00558563433575 -0.0594035302914  -0.249261559129  -0.031580772128 0.00218504635721 11
148.960637 1  -2.0564613934 -4.76740137957 0.315720732931 -0.0140276725838  0.0128803516698 0.00557906708354 -0.0593715583627  -0.249267356275  -0.031526736957 0.00218504886009 11
149.012719 1 -2.05645477187 -4.76738111473  0.31567242826  -0.014042156143  0.0130023376772 0.00557051298969 -0.0593479180106  -0.249269336998 -0.0314736390025 0.00218505085803 11
149.064801 1 -2.05644602698 -4.76737254903 0.315613778982  -0.014061960334  0.0131201914366 0.00556381418508  -0.059311621978  -0.249275182437 -0.0314221033397 0.00218505379957 11
149.116885 1 -2.05643075686 -4.76734703192 0.315560030726 -0.0140681687603  0.0132516625685 0.00555878824841 -0.0592763735559  -0.249284520307 -0.0313605179969 0.00218505544574 11
149.168965 1 -2.05641756558 -4.76731709346 0.315512350209 -0.0140726300722   0.013378004583 0.00555338041515 -0.0592468191148  -0.249292031399  -0.031301660197 0.00218505681004 11
149.221048 1 -2.05641382412 -4.76730030536  0.31545818961 -0.0140940828298  0.0135005039652 0.00554403649457 -0.0592190268976  -0.249293081257 -0.0312503941784 0.0021850596395 11
149.27313 1 -2.05641080024 -4.76728276078   0.3153981514  -0.014118832884  0.0136207427143 0.00553569199658  -0.059183950172  -0.249296145057 -0.0312002163005 0.00218506299736 11
149.325212 1 -2.05640148238 -4.76724737699 0.315348350401 -0.0141274094618  0.0137472819997 0.00552942525429 -0.0591537387235  -0.249302268784 -0.0311425983567 0.00218506474572 11
149.377295 1 -2.05639070309 -4.76720980901 0.315295645874 -0.0141352143371  0.0138729310247 0.00552467172747 -0.0591178271682  -0.249311198554  -0.031084338487 0.00218506673161 11
149.429377 1 -2.05637900815 -4.76717214908 0.315252287339 -0.0141372328301  0.0139920095993 0.00552006325259 -0.0590896872196  -0.249318731208 -0.0310283732432 0.00218506787814 11
149.481473 1 -2.05636589242 -4.76713870513 0.315202756797 -0.0141418800412  0.0141194223166  0.0055150110886 -0.0590571702734  -0.249326909798   -0.03096882939 0.00218506931002 11
149.533541 1 -2.05635801459 -4.76711760794 0.315157952775 -0.0141529564535  0.0142393589611 0.00550690624221 -0.0590346304753  -0.249328534785 -0.0309164190749 0.00218507088452 11
149.585618 1 -2.05635072224 -4.76709563157 0.315117804559 -0.0141621708478  0.0143565689778 0.00549844990219 -0.0590166743332  -0.249328740451 -0.0308654185267 0.0021850721446 11
149.637706 1 -2.05634313916 -4.76705650726  0.31507639183 -0.0141677132412  0.0144773147816 0.00549158777114 -0.0589941658619  -0.249332158088  -0.030810801058 0.00218507338309 11
149.689788 1 -2.05633939903 -4.76704138134  0.31502854597 -0.0141860635067  0.0145871991324 0.00548331698702  -0.058968687143     -0.249332671 -0.0307653271816 0.00218507581481 11
149.74187 1 -2.05633490583 -4.76701048719 0.314985350012 -0.0141978662528  0.0147056393791 0.00547493698924 -0.0589472823896  -0.249333262565 -0.0307143714205 0.00218507757835 11
149.793952 1 -2.05633029186 -4.76697869905 0.314944765742 -0.0142077359741  0.0148144916144 0.00546787256947 -0.0589255342027  -0.249334966636 -0.0306668181257 0.00218507912879 11
149.846035 1 -2.05632665773 -4.76695478806 0.314891662486 -0.0142268288507  0.0149294448096 0.00546048808864 -0.0588932069925  -0.249337906685 -0.0306185491087 0.00218508200083 11
149.898116 1 -2.05631180505 -4.76693085132 0.314843125454 -0.0142309697916  0.0150462867211 0.00545678753099 -0.0588581177083  -0.249347061046  -0.030563669406 0.00218508340087 11
149.950199 1 -2.05630435278 -4.76691251798 0.314789878784 -0.014247099768 0.0151621675942 0.0054502218403 -0.0588241297349  -0.249351457545 -0.0305138143289 0.00218508590759 11
150.002281 1 -2.05629594753  -4.7668709851 0.314746995141 -0.0142518486567  0.0152833007078 0.00544416826941 -0.0587978732107  -0.249356128618 -0.0304587256955 0.00218508723267 11
150.054363 1 -2.05628790202 -4.76684353469 0.314713600431 -0.0142553884523  0.0153934467498 0.00543684163724 -0.0587825731573  -0.249356446184 -0.0304098874596 0.00218508786391 11
150.106445 1 -2.05628478876 -4.76680762624  0.31467261908 -0.0142662060397  0.0155067329569 0.00542900731888 -0.0587610701604   -0.24935681141 -0.0303615688176 0.0021850895306 11
150.158527 1 -2.05627785306  -4.7667960478 0.314614215134 -0.0142869042348   0.015618622577 0.00542284184841 -0.0587215009666  -0.249361949553 -0.0303143574314 0.00218509256812 11
150.21061 1 -2.05627029834 -4.76676092061 0.314575378814 -0.0142917516892   0.015727744108  0.0054171703828 -0.0586976702585  -0.249365549852 -0.0302653306289 0.00218509374371 11
150.262692 1 -2.05626797536 -4.76673189726  0.31453174861 -0.0143064687819  0.0158405397687 0.00540869635441  -0.058674870603  -0.249364901481 -0.0302184819613 0.00218509579715 11
150.314774 1 -2.05625660309 -4.76669582104 0.314482761111 -0.0143120114748  0.0159591199676 0.00540458357186 -0.0586390081975  -0.249373237737 -0.0301635748378 0.00218509744679 11
150.366856 1 -2.05625105413  -4.7666763052 0.314433700301 -0.0143278654229  0.0160666422428 0.00539807767504 -0.0586077386169  -0.249376234243 -0.0301180141965 0.00218509984821 11
150.418939 1 -2.05624295512 -4.76664477483 0.314383788808 -0.0143384277495  0.0161806019168 0.00539310355859 -0.0585723431503  -0.249382521447 -0.0300675283056 0.00218510197815 11
150.471021 1 -2.05623476739 -4.76661257961 0.314345959963 -0.0143425998831  0.0162900896965 0.00538706503393  -0.058549733799  -0.249385071548 -0.0300186605088 0.00218510281141 11
150.523103 1 -2.05622777911 -4.76658690779 0.314307221271 -0.0143504173359  0.0164004206231 0.00537981163012 -0.0585286485488  -0.249385683042 -0.0299707730612 0.0021851040286 11
150.575185 1 -2.05622209265 -4.76654527505 0.314258813791 -0.0143604190573  0.0165108450464   0.005375290908 -0.0584931479507  -0.249392143285 -0.0299218443842 0.00218510616914 11
150.627268 1 -2.05621547391   -4.766505144 0.314218524904 -0.0143658731286   0.016621097624 0.00536975962261 -0.0584668090868  -0.249395888341 -0.0298725939752 0.00218510748227 11
150.67935 1 -2.05621213363 -4.76646394498 0.314179450011 -0.0143740789952  0.0167293147502 0.00536307115436   -0.05844362835  -0.249397108882 -0.0298257922854 0.00218510888437 11
150.731432 1 -2.05620854306  -4.7664514161  0.31412564663 -0.0143959468654  0.0168339085726 0.00535611465702 -0.0584084336327  -0.249399163171 -0.0297836589098 0.00218511185952 11
150.783514 1 -2.05620356773 -4.76642257959 0.314080528674 -0.0144083902689  0.0169465007266 0.00534892863378 -0.0583808624413  -0.249400473328 -0.0297359423246 0.00218511375936 11
150.835596 1  -2.0561966029   -4.766406511 0.314031530802 -0.0144231573921  0.0170515827873  0.0053430768316 -0.0583474653159  -0.249403910875 -0.0296917354968 0.00218511599231 11
150.887679 1 -2.05618765563 -4.76639207897 0.313984261968 -0.0144354973441  0.0171593972628 0.00533719330443 -0.0583155877556  -0.249407407701 -0.0296455790109 0.00218511801679 11
150.939761 1 -2.05618354041 -4.76635698643 0.313948091041  -0.014442904057  0.0172664033812 0.00532985287091 -0.0582959372049  -0.249406812437 -0.0295996447734 0.00218511909549 11
150.991843 1 -2.05617552344 -4.76633094765 0.313904332776 -0.0144518413078  0.0173776711523  0.0053237985498 -0.0582668979646  -0.249409721761 -0.0295515718209 0.00218512075662 11
151.043921 1 -2.05616806373 -4.76631749281 0.313860699282 -0.0144642458301  0.0174821545517 0.00531709227793 -0.058239657562  -0.24941088552 -0.029507575757 0.00218512251344 11
151.096007 1 -2.05616143976 -4.76631396998 0.313806660751  -0.014485029394  0.0175890062741 0.00531008142677 -0.0582038115351   -0.24941275423 -0.0294645452923 0.00218512529298 11
151.14809 1 -2.05615655205 -4.76627784074 0.313765942558 -0.0144937929179  0.0177030826033 0.00530281672396 -0.0581792272263  -0.249413186271 -0.0294158875108 0.00218512682008 11
151.200172 1 -2.05615044713 -4.76625854178 0.313722128494 -0.0145061977028  0.0178038968597 0.00529687984552  -0.058149858179  -0.249415253713 -0.0293736035797 0.00218512869841 11
151.252254 1  -2.0561432882  -4.7662385171 0.313679995753 -0.0145166206821  0.0179097014368 0.00529036977349 -0.0581228984916  -0.249416469841 -0.0293288276672 0.00218513029161 11
151.304336 1 -2.05613607096 -4.76622647574  0.31363133774 -0.0145317961282  0.0180122396615 0.00528453937385 -0.0580889277889  -0.249419280655 -0.0292864614794 0.00218513248905 11
151.356419 1 -2.05612492453 -4.76620778206 0.313590285312 -0.0145374880562  0.0181218188611 0.00527874816086  -0.058061361183  -0.249421912589 -0.0292384349657 0.00218513351871 11
151.408501 1 -2.05611997524 -4.76618853267 0.313547121056 -0.0145507599046  0.0182189487308 0.00527279235349 -0.0580322945726  -0.249423368433 -0.0291983072619 0.00218513541318 11
151.460583 1 -2.05611717181 -4.76615174002 0.313511959877 -0.0145586200314  0.0183222315125 0.00526566535818 -0.0580118840987  -0.249422157518 -0.0291549566435 0.00218513662267 11
151.512661 1 -2.05611262113 -4.76612302808 0.313468748431 -0.014570312292 0.0184284021248 0.0052591005654  -0.057983258643  -0.249423053778 -0.0291108208279 0.00218513838403 11
151.564748 1 -2.05610826443 -4.76609836468 0.313430137703 -0.0145809065674  0.0185281558334 0.00525235691639 -0.0579592631113  -0.249422616987 -0.0290694412614 0.00218513987213 11
151.61683 1 -2.05610189558 -4.76606297372 0.313391960106 -0.0145866246065  0.0186306789487 0.00524716973537 -0.0579322593558  -0.249425321149 -0.0290245861027 0.0021851411779 11
151.668912 1 -2.05609544846 -4.76604476827 0.313352077542 -0.0145969199153  0.0187298900979 0.00524095169823 -0.0579059906165  -0.249425846542 -0.0289833639438 0.00218514267581 11
151.720995 1 -2.05608776628 -4.76600591323 0.313317051326 -0.0145986267477  0.0188320040533 0.00523634207374 -0.0578803364144   -0.24942908225 -0.0289377529947 0.0021851435079 11
151.773077 1 -2.05608341895 -4.76598020602 0.313276974472 -0.0146098020833  0.0189359043736 0.00522932509635 -0.0578548543337  -0.249428382651  -0.028895178213 0.0021851451568 11
151.82516 1 -2.05608367742 -4.76595896179 0.313238213252 -0.0146264760649  0.0190324390166 0.00522084759541 -0.0578335495307  -0.249424108351 -0.0288583188218 0.0021851471543 11
151.877241 1 -2.05608542671 -4.76592073953  0.31319797845 -0.0146414824367  0.0191305032096 0.00521351933285 -0.0578082779717   -0.24942222489 -0.0288195896959 0.00218514922151 11
151.929324 1 -2.05608405136 -4.76588542108 0.313171023587 -0.0146471963581  0.0192263719589 0.00520558955006 -0.0577960042284  -0.249417519166 -0.0287800907289 0.0021851498699 11
151.981404 1 -2.05607898726 -4.76586898727 0.313133304691  -0.014658321544  0.0193202543961 0.00519916811642 -0.0577715838169  -0.249416711066 -0.0287420590396 0.00218515138374 11
152.033488 1 -2.05607475735 -4.76584184273 0.313096882806 -0.0146673926281  0.0194192074646 0.00519249600805 -0.0577483234657  -0.249415635478 -0.0287012497732 0.0021851527211 11
152.085571 1 -2.05607079337 -4.76580905613 0.313057947919  -0.014676394095  0.0195146949145 0.00518735071055 -0.0577197126179  -0.249417377982 -0.0286614047474 0.00218515430169 11
152.137653 1 -2.05606462361 -4.76578806699 0.313028159649 -0.0146815379712  0.0196126012546  0.0051799747885 -0.0577037029593  -0.249414057947 -0.0286205608474 0.00218515489936 11
152.189735 1 -2.05605923683 -4.76575378674 0.312993373853 -0.0146867253436  0.0197113722024 0.00517434837936   -0.05767945244  -0.249414633538 -0.0285783756256 0.00218515589733 11
152.241817 1 -2.05605812931 -4.76573034896 0.312956974651 -0.0146997987411   0.019798660713 0.00516787466579   -0.05765591002  -0.249412774147 -0.0285442164947 0.00218515758121 11
152.293899 1  -2.0560566579 -4.76570130453 0.312925192804 -0.0147092550777   0.019897242147 0.00515969529248 -0.0576389030041  -0.249407870013 -0.0285052559409 0.00218515875843 11
152.345982 1 -2.05605010242 -4.76567584355 0.312889757068 -0.0147154652679  0.0199925416643 0.00515425951454 -0.0576137429511  -0.249408523196  -0.028464895879 0.00218515981527 11
152.398064 1 -2.05604487989 -4.76564166002  0.31285074921 -0.0147228873169  0.0200880883021 0.00514984780988 -0.0575829689604  -0.249411542034 -0.0284243877325 0.00218516142572 11
152.450147 1  -2.0560425206 -4.76561215129 0.312821416443 -0.0147298474918  0.0201800157459 0.00514274020915 -0.0575661960534  -0.249407824039 -0.0283870991561 0.00218516228365 11
152.502229 1  -2.0560405597 -4.76558700914 0.312792976144  -0.014737843343  0.0202684230154 0.00513539484671 -0.0575508835316  -0.249403273091 -0.0283517366712 0.0021851631604 11
152.554311 1 -2.05603589562 -4.76556101576 0.312759259586 -0.0147453223358  0.0203625038326 0.00512916320478 -0.0575283705094  -0.249401935032 -0.0283128963406 0.00218516429495 11
152.606393 1 -2.05603482288 -4.76553816626 0.312717982536 -0.0147610352405  0.0204541116744 0.00512266136158 -0.0574995929563  -0.249400536241 -0.0282779396239 0.00218516641584 11
152.658476 1 -2.05603085776 -4.76550630645 0.312686763417 -0.0147663945295  0.0205451260435 0.00511697209186 -0.0574779567664  -0.249399508856 -0.0282401262492 0.00218516729627 11
152.710558 1 -2.05602721483 -4.76547947963 0.312655305517 -0.0147736162103  0.0206335863824 0.00511101085591 -0.0574568570998  -0.249397896521  -0.028203808198 0.00218516839816 11
152.762641 1  -2.0560177734 -4.76546199324 0.312626050862 -0.0147754609897  0.0207272477742 0.00510528483655 -0.0574371230049  -0.249396830692 -0.0281636216893 0.00218516873951 11
152.814722 1 -2.05601283355 -4.76543181313 0.312593446011 -0.0147808276168  0.0208175114986 0.00510010728609 -0.0574131269257  -0.249396849815 -0.0281257548775 0.00218516968214 11
152.866805 1 -2.05600981646 -4.76540388586 0.312554391316 -0.0147919761887  0.0209067939555 0.00509507642175 -0.0573829866044  -0.249397729532 -0.0280900753612 0.00218517146658 11
152.918887 1 -2.05600637332 -4.76538450388 0.312522424691 -0.0148011715827  0.0209913499851 0.00508893681714 -0.0573617054294  -0.249395248553  -0.028056589529 0.00218517261116 11
152.97097 1 -2.05600393867 -4.76536775736  0.31248729076 -0.0148137819005  0.0210815349747 0.00508157324165   -0.05733961139  -0.249391001423 -0.0280222396848 0.00218517401041 11
153.023052 1  -2.0560002297 -4.76532383136  0.31245792704 -0.0148157482196  0.0211781089774 0.00507607831291 -0.0573176623636  -0.249390128741 -0.0279816987689 0.0021851747388 11
153.075134 1 -2.05599951334 -4.76529805224 0.312425407789 -0.0148269092032  0.0212689351582 0.00506847379292 -0.0572979003098  -0.249385014427 -0.0279469401473 0.00218517597431 11
153.127216 1  -2.0559948782 -4.76528210351 0.312396582391 -0.0148341878872  0.0213576771524 0.00506135132464 -0.0572806272208  -0.249380303158 -0.0279119623328 0.00218517675783 11
153.179299 1 -2.05598954782 -4.76526057956 0.312356837908 -0.0148448926419  0.0214532754646 0.00505557885396 -0.0572505306985  -0.249380076998 -0.0278737256609 0.00218517839925 11
153.231381 1 -2.05598865681 -4.76523501743 0.312327201242 -0.0148543455105  0.0215379698713 0.00504869486503 -0.0572319185101  -0.249375479629 -0.0278411960006 0.00218517950217 11
153.283463 1 -2.05598470262 -4.76520022917 0.312296291675 -0.0148589910546  0.0216306880922 0.00504292922021 -0.0572093321068  -0.249373872472 -0.0278028045326 0.00218518030684 11
153.335546 1 -2.05598303932 -4.76516307232 0.312264052735 -0.0148662961677  0.0217232042107 0.00503672889872 -0.0571861623785  -0.249371426347 -0.0277657265894 0.00218518144605 11
153.387628 1 -2.05597841953 -4.76513306258 0.312229441923 -0.0148732483548   0.021819566575 0.00503073502305 -0.0571602732051  -0.249369946591 -0.0277266856886 0.00218518260581 11
153.439714 1 -2.05597912896 -4.76509523916 0.312201021919 -0.0148813228472  0.0219099152996 0.00502339260914 -0.0571425794479  -0.249364529916 -0.0276915246945 0.00218518369248 11
153.491792 1 -2.05597567366 -4.76505886156 0.312166030171 -0.0148882302105  0.0220043970854 0.00501795994053 -0.0571150625073  -0.249364016497 -0.0276530299875 0.0021851849729 11
153.543874 1 -2.05597455147 -4.76502628639 0.312127877595 -0.0148998958101   0.022090860958 0.00501294924922 -0.0570844063764  -0.249364051293 -0.0276195052259 0.00218518681146 11
153.595957 1 -2.05596905491 -4.76499976177 0.312090538487 -0.0149078172627  0.0221813589393 0.00500832377126  -0.057053528509  -0.249365103922 -0.0275827445244 0.00218518822523 11
153.648039 1 -2.05596347112 -4.76496763635 0.312068255719 -0.0149070813715  0.0222724249463  0.0050020267977 -0.0570388922079  -0.249360969777 -0.0275443952809 0.00218518823244 11
153.700121 1 -2.05595879571 -4.76495866262 0.312027967612 -0.0149215262281  0.0223593234083 0.00499618216183 -0.0570081152552  -0.249359557366 -0.0275119877154 0.00218519018552 11
153.752204 1 -2.05595352111 -4.76493634598 0.311994718497 -0.0149285800068  0.0224471615906 0.00499084726674 -0.0569821314023  -0.249358307454 -0.0274769276722 0.00218519125687 11
153.804286 1 -2.05595142381 -4.76490397797 0.311957876931 -0.0149386448864  0.0225356132569 0.00498564857529 -0.0569523981496  -0.249357758101 -0.0274422760628 0.00218519284411 11
153.856368 0 -2.05671444885  -4.7638061084 0.312242130374 -0.0141616139519  0.0196110954996 0.00583019967651 -0.0569523981496  -0.249357758101 -0.0274422760628 0.00218519284411 11
153.90845 1 -2.05671124277 -4.76379045671 0.312200955488 -0.0141789030111  0.0197072033002 0.00582329403517 -0.0569192973326  -0.249353954299 -0.0274172144819 0.00218519423896 11
153.960533 1 -2.05670870493 -4.76377293622 0.312157751525 -0.0141976179251  0.0197992763521 0.00581760606534 -0.0568829794784  -0.249352686814 -0.0273926631937 0.00218519600517 11
154.012616 1 -2.05670846043 -4.76374340671  0.31212242447 -0.0142116463214  0.0198940451132 0.00580994965892 -0.0568553742052  -0.249346353578 -0.0273685121715 0.00218519701047 11
154.064698 1 -2.05670655045 -4.76372703091 0.312082945713 -0.0142293568642  0.0199929431665 0.00580163157563 -0.0568251002641  -0.249339338924   -0.02734443042 0.00218519830564 11
154.11678 1 -2.05670319846 -4.76371381323 0.312047630622 -0.0142436546765   0.020086295912 0.00579379749924 -0.0567979801596  -0.249332448367 -0.0273212976174 0.00218519919454 11
154.168862 1 -2.05670209035 -4.76367754251 0.312007352622 -0.0142581292122  0.0201861746067  0.0057875509186 -0.0567631751553  -0.249329973699 -0.0272938563581 0.00218520064635 11
154.220945 1  -2.0566977208 -4.76365571053 0.311967096692  -0.014272257094  0.0202868700204 0.00578091487737 -0.0567290432347  -0.249326678412 -0.0272665574685 0.00218520186279 11
154.273027 1 -2.05669931187 -4.76363899492 0.311926849249 -0.0142942456108  0.0203811589024 0.00577203925922  -0.056699125561  -0.249318017724 -0.0272459719865 0.00218520353799 11
154.32511 1  -2.0567014351  -4.7636157483 0.311887649587 -0.0143146061783   0.020473694379 0.00576380485794 -0.0566690403791  -0.249310416286 -0.0272250553087 0.00218520512604 11
154.377196 1 -2.05670162699 -4.76358993431 0.311850953783 -0.0143309040746  0.0205706273479 0.00575542393128 -0.0566404738119  -0.249302477428 -0.0272018733057 0.00218520633443 11
154.429274 1 -2.05670031842 -4.76356170711 0.311811913785 -0.0143462171806  0.0206637128343 0.00574924827139 -0.0566070695933  -0.249299387529 -0.0271771268944 0.00218520771728 11
154.481357 1 -2.05669894686 -4.76353129715 0.311776145821 -0.0143591170749  0.0207615989024 0.00574167386323 -0.0565776710988  -0.249293078556 -0.0271518274846 0.00218520863575 11
154.533439 1 -2.05669831978 -4.76352334008  0.31173427054 -0.0143816235301  0.0208539048506 0.00573356759795 -0.0565451537296   -0.24928596585 -0.0271314509712 0.00218521044758 11
154.585521 1 -2.05669616812 -4.76350297128 0.311695607684 -0.0143974919244  0.0209471705715 0.00572677673265 -0.0565126911439   -0.24928127996 -0.0271079470347 0.00218521171905 11
154.637604 1 -2.05669765113 -4.76347274589 0.311663680082 -0.0144111722742  0.0210340811142 0.00571909518217 -0.0564875868296  -0.249273347139 -0.0270872720379 0.00218521255121 11
154.689686 1 -2.05669358244  -4.7634450536 0.311628267441 -0.0144214949902  0.0211297243891 0.00571283681539 -0.0564563729897  -0.249269634405 -0.0270607862977 0.00218521336535 11
154.741768 1 -2.05669037181 -4.76342420922 0.311585263647 -0.0144386829365  0.0212229857075 0.00570754403632 -0.0564179021116  -0.249268748752  -0.027035713142 0.00218521507091 11
154.79385 1 -2.05668830491 -4.76340097933 0.311547172131 -0.0144536453388  0.0213139396911 0.00570141609512 -0.0563846847205  -0.249265142343 -0.0270123359565 0.00218521636994 11
154.845928 1 -2.05668558225 -4.76338158709 0.311511881654 -0.0144672433866  0.0214061145352 0.00569419575315  -0.056355258437  -0.249258867626 -0.0269893356814 0.00218521730779 11
154.898016 1 -2.05668540908 -4.76335957346 0.311473776943 -0.0144847272633  0.0215001598694 0.00568635277594 -0.0563241070549  -0.249251559688 -0.0269673983272 0.00218521863439 11
154.950097 1 -2.05668430545 -4.76332667346 0.311441936245 -0.0144950502799  0.0215880614113 0.00568011748901 -0.0562960424788  -0.249246733289 -0.0269441475838 0.00218521947595 11
155.00218 1 -2.05668408696  -4.7633021066  0.31141049516  -0.014507903201  0.0216805205154 0.00567141543339 -0.0562714334571   -0.24923642382 -0.0269230240289 0.00218522006901 11
155.054262 1 -2.05668134365 -4.76327211656 0.311375610628  -0.014518812049  0.0217734378174 0.00566529291179 -0.0562398951141  -0.249232411026 -0.0268981003207 0.00218522098933 11
155.106344 1 -2.05668344415 -4.76324504805 0.311344303556 -0.0145335721932  0.0218585038254 0.00565729962772 -0.0562150232992  -0.249223107076 -0.0268795040192 0.00218522193781 11
155.158427 1 -2.05668481463 -4.76322327299 0.311305174199 -0.0145534078915  0.0219501200348 0.00564938732581 -0.0561829571567  -0.249215342828 -0.0268593853016 0.00218522349905 11
155.21051 1 -2.05668539823 -4.76318542932 0.311276475567 -0.0145625763259  0.0220366694466 0.00564268050391 -0.0561575044482  -0.249208651921 -0.0268376664093 0.00218522420725 11
155.262591 1 -2.05668086257 -4.76316187299 0.311234182992 -0.0145773293699  0.0221364827554 0.00563698531167 -0.0561180218833  -0.249206734492 -0.0268109697651 0.0021852256883 11
155.314674 1 -2.05667946258 -4.76313676855  0.31119933463 -0.0145907531047  0.0222196427823  0.0056316639277  -0.056086121712  -0.249203693089 -0.0267897626923 0.00218522697409 11
155.366756 1 -2.05667874041  -4.7631180206  0.31116234904 -0.0146076676622  0.0223123357549 0.00562375616253 -0.0560551234682  -0.249195507553   -0.02676902538 0.00218522819275 11
155.418839 1 -2.05667715778 -4.76309854586 0.311130165247 -0.0146207284093  0.0223996269244 0.00561636319061 -0.0560278549159  -0.249187618996 -0.0267486787636 0.00218522906357 11
155.47092 1 -2.05667886414 -4.76307811957 0.311101308824 -0.0146350998372  0.0224853692965 0.00560706434678 -0.0560061879534   -0.24917466945 -0.0267318048459 0.00218522966932 11
155.523003 1 -2.05667955386 -4.76305525888 0.311073046822 -0.0146475254464  0.0225673643415 0.00559917638884 -0.0559832860198  -0.249164692142 -0.0267140451582 0.00218523033897 11
155.575086 1 -2.05667807841 -4.76302638751  0.31104786435 -0.014654328062 0.0226492362065 0.0055923404655 -0.0559610771907   -0.24915672018 -0.0266936585345 0.00218523054149 11
155.627168 1 -2.05667974087 -4.76300424574 0.311017267944 -0.0146692426342  0.0227313260337 0.00558446797742 -0.0559359849539   -0.24914686243 -0.0266768494134 0.00218523148317 11
155.67925 1 -2.05667831899 -4.76299583456 0.310975595349 -0.0146903738226  0.0228176430371 0.00557800612482 -0.0558994565248  -0.249141862354 -0.0266582668225 0.00218523331827 11
155.731333 1 -2.05668082549 -4.76296573354  0.31094115705 -0.0147067347704  0.0229029524307 0.00557091459192 -0.0558693062142  -0.249134387938 -0.0266397233534 0.00218523468093 11
155.783415 1 -2.05667915779 -4.76295037267  0.31090206118 -0.0147246196095  0.0229910260294  0.0055645001777 -0.0558341690915  -0.249129252329 -0.0266196792185 0.00218523626167 11
155.835497 1 -2.05667989444 -4.76292490996  0.31087068792 -0.0147383113025    0.02307451019 0.00555726658719 -0.0558069309717  -0.249120946733 -0.0266011518806 0.00218523720237 11
155.88758 1 -2.05668586931 -4.76288896739 0.310843156064 -0.0147530708779  0.0231524769041 0.00554905423229 -0.0557847929502  -0.249109414044 -0.0265862700686 0.00218523810773 11
155.939662 1 -2.05669069403  -4.7628524518 0.310808766705 -0.0147705350207  0.0232337419462 0.00554242456677 -0.0557541100358  -0.249102585445 -0.0265690887624 0.00218523971743 11
155.991744 1 -2.05669244221 -4.76281622063 0.310779052975 -0.0147817946744  0.0233140052033 0.00553634323127 -0.0557263643931  -0.249096349879 -0.0265501187585 0.00218524062168 11
156.043827 1 -2.05669219171 -4.76278872948 0.310745907497 -0.0147949756923  0.0233934419101 0.00553113037294 -0.0556947600839   -0.24909257851   -0.02653085446 0.00218524190874 11
156.095909 1  -2.0566895255 -4.76277716952 0.310717830632 -0.0148060674675  0.0234700573129 0.00552440879972 -0.0556702279241   -0.24908448839 -0.0265136947006 0.00218524243454 11
156.147992 1 -2.05668692213 -4.76275838505 0.310691036195 -0.0148149556793  0.0235445160991 0.00551871637144 -0.0556452962331  -0.249078567241 -0.0264954542766 0.00218524299916 11
156.200074 1 -2.05668680726 -4.76273503143 0.310659228098 -0.0148284503525  0.0236255545968 0.00551223848091 -0.0556162429806   -0.24907163056 -0.0264772552501 0.00218524403627 11
156.252156 1 -2.05668937602 -4.76271260978 0.310621581011 -0.0148484092379  0.0237027367011 0.00550643394901  -0.055582061543  -0.249066639114 -0.0264614916972 0.00218524586384 11
156.304242 1 -2.05669277784 -4.76268443478  0.31059177666 -0.0148634043472  0.0237825233105 0.00549871269269  -0.055556320955  -0.249056216844 -0.0264460374918 0.00218524685747 11
156.356321 1 -2.05669202199  -4.7626548419  0.31056548098 -0.0148715547791  0.0238600866451 0.00549278994245 -0.0555309468884  -0.249049611834 -0.0264271923337 0.00218524741758 11
156.408404 1 -2.05669406522  -4.7626254087 0.310539721676 -0.0148824463409  0.0239405391348 0.00548475817707 -0.0555086288035  -0.249037958249 -0.0264106725399 0.00218524787526 11
156.460486 1 -2.05669292748 -4.76260077916 0.310512021235 -0.0148918950098  0.0240151000642 0.00547926240723 -0.0554818770784   -0.24903219172 -0.0263929229381 0.00218524848435 11
156.512568 1 -2.05669358487 -4.76257572517 0.310479422868 -0.0149061111369   0.024091918079 0.00547355110017  -0.055451123586  -0.249026578058 -0.0263758541602 0.00218524960689 11
156.564651 1 -2.05669071384 -4.76254690096 0.310452657357 -0.0149123061007  0.0241719031531 0.00546819192442 -0.0554236355039   -0.24902130676 -0.0263552741414 0.00218525003344 11
156.616733 1  -2.0566901573 -4.76251846228  0.31042529731 -0.0149214886749  0.0242548560874 0.00546116720124  -0.055397625266  -0.249012199962 -0.0263364542129 0.00218525049391 11
156.668815 1 -2.05669388075 -4.76247587004 0.310397779318 -0.0149324152576   0.024334153835 0.00545463067581 -0.0553710712367  -0.249004053766 -0.0263188093355 0.00218525141392 11
156.720898 1 -2.05669816402  -4.7624415592 0.310372786409 -0.0149442129559  0.0244078408193 0.00544740492602 -0.0553485384234  -0.248993509165 -0.0263044982617 0.00218525216625 11
156.772976 1 -2.05669602585  -4.7624250809 0.310343473565 -0.0149556022831  0.0244860184425 0.00544120568183 -0.0553203671137  -0.248986282043 -0.0262873001506 0.00218525301259 11
156.825063 1 -2.05669687558 -4.76240018295 0.310317312835 -0.0149663964312  0.0245622379799 0.00543424703852  -0.055295958151  -0.248976578551 -0.0262716730772 0.0021852536315 11
156.877145 1 -2.05669095226 -4.76237890604 0.310272512312 -0.0149815140201  0.0246496770074 0.00543197299941 -0.0552475802598  -0.248981141587 -0.0262475349236 0.00218525565092 11
156.929228 1 -2.05669585034  -4.7623508068 0.310262189552  -0.014986712539  0.0247171638794 0.00542158740155 -0.0552423668538  -0.248960596043 -0.0262375195242 0.00218525490296 11
156.98131 1 -2.05669188394 -4.76232471589 0.310240434864 -0.0149894275788   0.024793450208 0.00541588122575 -0.0552194100913  -0.248953437216 -0.0262176406816 0.0021852547612 11
157.033392 1 -2.05668646606 -4.76230657232 0.310218347972 -0.0149925499208  0.0248724113194   0.005409521401 -0.0551966218199  -0.248944820001 -0.0261979560387 0.00218525454332 11
157.085474 0 -2.05744159618 -4.76108203807 0.310513160239 -0.0141043769821  0.0221407417982  0.0060978899198 -0.0551966218199  -0.248944820001 -0.0261979560387 0.00218525454332 11
157.137557 0 -2.05815287482 -4.76001147847 0.310847210455 -0.0131098449622  0.0189949532856 0.00671100604624 -0.0551966218199  -0.248944820001 -0.0261979560387 0.00218525454332 11
157.18964 0 -2.05880513131 -4.75909643203 0.311214394169 -0.0118793130536   0.016068472756 0.00727947084629 -0.0551966218199  -0.248944820001 -0.0261979560387 0.00218525454332 11
157.241718 1 -2.05880919713 -4.75905531203 0.311196000773 -0.0118963760683  0.0161747841457 0.00726965068697 -0.0551813263575  -0.248931747411 -0.0261848295923 0.00218525487443 11
157.293804 1 -2.05880946784 -4.75902784981 0.311154142601 -0.0119311874699  0.0162988361419 0.00726555032528 -0.0551395435891  -0.248931460591 -0.0261657524852 0.00218525675791 11
157.345886 0 -2.05939238721   -4.758263997  0.31154334948 -0.0104044593265  0.0129828300624  0.0075861275478 -0.0551395435891  -0.248931460591 -0.0261657524852 0.00218525675791 11
157.397969 1 -2.05939993409  -4.7582373718 0.311513241734 -0.0104447575514  0.0131067457445 0.00757612173514 -0.0551160459411  -0.248919461929 -0.0261553819159 0.00218525776665 11
157.450051 1 -2.05940945808 -4.75821469176  0.31146775883 -0.0105036301552  0.0132439632826 0.00756925869207 -0.0550763114683    -0.2489139822 -0.0261430249723 0.0021852601138 11
157.502134 1 -2.05941514481 -4.75818551027 0.311429050759 -0.0105490682873  0.0133776754462 0.00756335332501 -0.0550401516569  -0.248909730697 -0.0261287623827 0.00218526201512 11
157.554215 1 -2.05941923114 -4.75814825523 0.311396062015 -0.0105847439096  0.0135107811505 0.00755625253711 -0.0550095750363  -0.248903268442 -0.0261130687728 0.00218526308534 11
157.606298 1 -2.05942488412 -4.75811254962 0.311361802433 -0.0106239569006  0.0136438736405 0.00754875236941 -0.0549783787052  -0.248895946231 -0.0260988273785 0.00218526426071 11
157.658381 1 -2.05943213945 -4.75808304914 0.311319210035 -0.0106754428086   0.013783809628  0.0075423627588 -0.0549391877015  -0.248891137517 -0.0260845773997 0.00218526633647 11
157.710458 1 -2.05944187825 -4.75804599392 0.311281122598 -0.0107232499257  0.0139108282155 0.00753611179873 -0.0549042350433  -0.248885775798 -0.0260724669641 0.00218526827505 11
157.762545 1 -2.05944989059 -4.75801035383 0.311246105936 -0.0107667823201  0.0140450939294 0.00752743758435 -0.0548735754725  -0.248876303297 -0.0260598322798 0.00218526959127 11
157.814627 1 -2.05945548761 -4.75797016095 0.311212025362 -0.0108046054168  0.0141760989499 0.00752115413515 -0.0548407688986  -0.248870912784 -0.0260450307785 0.00218527096785 11
157.86671 1 -2.05946351886 -4.75794185013 0.311171101977  -0.010854557146  0.0142994025921 0.00751668628488 -0.0548019103976  -0.248868607108 -0.0260329008761 0.00218527319222 11
157.918792 1  -2.0594734781 -4.75790860433 0.311131425449 -0.0109051446896  0.0144291785426 0.00750980422647 -0.0547659529505  -0.248862076924 -0.0260215382553 0.00218527509241 11
157.970875 1 -2.05948236299 -4.75787668921 0.311095598761  -0.010950545399  0.0145509258194 0.00750307183532 -0.0547334209254  -0.248855370305 -0.0260108124759 0.00218527675017 11
158.022964 1 -2.05948275282 -4.75781527231  0.31106623369 -0.0109725941449  0.0147028430113 0.00749601336569 -0.0547016537143   -0.24884921294 -0.0259888845272 0.00218527712393 11
158.07504 0 -2.06021711985 -4.75738253612 0.311460201673 -0.0118591325744 0.00899953785964 0.00771486894596 -0.0547016537143   -0.24884921294 -0.0259888845272 0.00218527712393 11
158.127122 1 -2.06038258957 -4.75757841279  0.31134751306 -0.0122523108516 0.00877104156588 0.00770383689498 -0.0546636659901  -0.248821667678 -0.0261123277865 0.00218529433705 11
158.179204 0 -2.06116082791 -4.75725552288 0.311869376684 -0.0127161562695 0.00408901914378 0.00797614125387 -0.0546636659901  -0.248821667678 -0.0261123277865 0.00218529433705 11
158.231287 0 -2.06175561007 -4.75716891526 0.312217559442  -0.0117717548939 -0.00150649039445  0.00807865490816 -0.0546636659901  -0.248821667678 -0.0261123277865 0.00218529433705 11
158.283369 1 -2.06175281156 -4.75708522989 0.312252633775  -0.011722350418 -0.0013302504314 0.00803369963587 -0.0547239096186  -0.248759958819 -0.0261104746469 0.00218528827509 11
158.335452 1 -2.06179790098 -4.75706139075 0.312194096948  -0.0118720247034 -0.00123995976167  0.00804525129517 -0.0546643276222  -0.248777759438 -0.0261127418793 0.00218529530995 11
158.387534 1 -2.06185407615 -4.75714230028 0.312041269514   -0.0122014676906 -0.000963249650902   0.00807406286428 -0.0545087055564  -0.248824174825  -0.026106254169 0.0021853086704 11
158.439617 1 -2.06186324513 -4.75705594207 0.312121121764   -0.0121087496122 -0.000841722110729   0.00799709710579 -0.054637644602 -0.248712177828 -0.026131020081 0.00218529761037 11
158.491699 0 -2.06242338676 -4.75719220484 0.312503105404 -0.00793364277015 -0.00343312139227   0.0059187128131 -0.054637644602 -0.248712177828 -0.026131020081 0.00218529761037 11
158.543782 1 -2.06248503108  -4.7571147815 0.312493253925 -0.00804151678485 -0.00328450863736  0.00588253385354 -0.0546566069769  -0.248660163653 -0.0261599392931 0.00218529713935 11
158.595864 0 -2.06286522434  -4.7574234868 0.312795726098 -0.00600523865279 -0.00894350701233  0.00467150934296 -0.0546566069769  -0.248660163653 -0.0261599392931 0.00218529713935 11
158.647946 1 -2.06292028873 -4.75739105979 0.312701631106  -0.0062679276454 -0.00856468135938  0.00467917735249 -0.0545644272643  -0.248672954841  -0.026146462983 0.0021853034409 11
158.700029 1 -2.06291623673 -4.75728858853 0.312703941001 -0.00625504886366 -0.00830225992556  0.00464860100417 -0.0545808343942  -0.248636233664 -0.0261377800101 0.00218529968338 11
158.752111 0 -2.06320475264 -4.75785008958 0.312964294536 -0.00465153469083  -0.0125272166852  0.00540870689184 -0.0545808343942  -0.248636233664 -0.0261377800101 0.00218529968338 11
158.804194 1 -2.06335687144 -4.75790113718 0.312820198713 -0.00518950667488  -0.0122875267081  0.00544697727042 -0.0544386253841  -0.248681524016 -0.0261443660991 0.00218531428427 11
158.856276 1 -2.06334899636 -4.75781155729 0.312839148522 -0.00514264020316  -0.0120628793598  0.00540162087727 -0.0544850071809  -0.248627490947 -0.0261479377561 0.00218530845514 11
158.908358 0 -2.06347763933 -4.75854000149 0.313036033767 -0.000596481049738   -0.0154925618391   0.00263776226251 -0.0544850071809  -0.248627490947 -0.0261479377561 0.00218530845514 11
158.960441 0 -2.06353866563 -4.75947810151 0.313273789834 -0.00233669031214  -0.0207050118021  0.00662826234889 -0.0544850071809  -0.248627490947 -0.0261479377561 0.00218530845514 11
159.012523 1  -2.0636623096 -4.75945341756 0.313207907117 -0.00270286826655   -0.020489836029  0.00663427633309 -0.0544311916182  -0.248632221576 -0.0261576893739 0.00218531556712 11
159.064605 1  -2.0637267014 -4.75935115009 0.313153220248 -0.00293192447885  -0.0200838205943  0.00662849488823 -0.0543860714306  -0.248626818426 -0.0261484175097 0.00218531784748 11
159.116688 1 -2.06375525623 -4.75924172704 0.313132165591 -0.00302316735581  -0.0197722942262  0.00660681370083 -0.0543814537873   -0.24860453106 -0.0261422332441 0.00218531723193 11
159.168774 1 -2.06384179729  -4.7591736966 0.313083915647 -0.00327873519376    -0.01949325791  0.00659788947643  -0.054348788838  -0.248593589588 -0.0261479729358 0.00218532057823 11
159.220853 1 -2.06394517065 -4.75911365737 0.312998140763 -0.00364485104677  -0.0191630368856   0.0066323053122 -0.0542482818731  -0.248631446743 -0.0261341861715 0.0021853286376 11
159.272935 0 -2.06400632456 -4.76027283224 0.313207993594 0.000878431325701  -0.0251868805899  0.00221853014766 -0.0542482818731  -0.248631446743 -0.0261341861715 0.0021853286376 11
159.325018 0 -2.06398667618 -4.76149132893 0.313511851258 -0.00127045915656  -0.0210675619328   0.0110263716983 -0.0542482818731  -0.248631446743 -0.0261341861715 0.0021853286376 11
159.3771 0 -2.06405961447 -4.76264486125 0.314179256773 -9.78112159679e-06   -0.0235305341219    0.0126900267333 -0.0542482818731  -0.248631446743 -0.0261341861715 0.0021853286376 11
159.429183 0  -2.0638729415 -4.76392702646 0.314701497129 0.00615750296185 -0.0221439046716  0.0105943557871 -0.0542482818731  -0.248631446743 -0.0261341861715 0.0021853286376 11
159.481265 0 -2.06368862334 -4.76528463518 0.315357807294 0.00625135579465 -0.0287215074834  0.0111679969335 -0.0542482818731  -0.248631446743 -0.0261341861715 0.0021853286376 11
159.533348 1 -2.06379497809   -4.765118753 0.315315605983 0.00595894047208 -0.0282389144959  0.0111633871828 -0.0542154579479  -0.248626852859 -0.0261280006688 0.00218532993919 11
159.58543 0 -2.06341478289  -4.7667189476  0.31585364911 0.00718703005106 -0.0340515764974  0.0105100321142 -0.0542154579479  -0.248626852859 -0.0261280006688 0.00218532993919 11
159.637507 1 -2.06384038202 -4.76687338902 0.315774950983 0.00620935980944 -0.0341839392795  0.0105224412753 -0.0541657451662  -0.248626690328 -0.0261755551868 0.00218533838661 11
159.689595 1  -2.0638905599 -4.76681416828 0.315772613989 0.00616134867643 -0.0341210245964  0.0104517138605 -0.0542273930755  -0.248564504463 -0.0262043797192 0.00218533518503 11
159.741677 1  -2.0640760932 -4.76663779779  0.31572660075 0.00571809693837 -0.0336720534232  0.0104482192826 -0.0541929990834  -0.248557931037 -0.0262105473525 0.00218533830571 11
159.79376 1 -2.06428586886 -4.76657053024 0.315677209738 0.00520595051131 -0.0334183210519  0.0104662716451  -0.054143286038  -0.248569425914 -0.0262168763729 0.00218534300291 11
159.845842 1  -2.0643523859 -4.76631105742 0.315651699055 0.00504661537383 -0.0328392876347  0.0104378756054 -0.0541381761103  -0.248543973433 -0.0262159182649 0.00218534224684 11
159.897925 0 -2.06400914933 -4.76808164824 0.316197666617 0.00791731442019 -0.0345665105286  0.0108484113457 -0.0541381761103  -0.248543973433 -0.0262159182649 0.00218534224684 11
159.950007 0 -2.06342416559 -4.76993193975 0.316674983016  0.0112844611537 -0.0389451910452 0.00924201138635 -0.0541381761103  -0.248543973433 -0.0262159182649 0.00218534224684 11
160.002089 0 -2.06287820058 -4.77193492667 0.317304190738 0.00976809957509  -0.037186639725  0.0154774018658 -0.0541381761103  -0.248543973433 -0.0262159182649 0.00218534224684 11
160.054172 0 -2.06230398939 -4.77387445266 0.318122826159  0.0143844960299 -0.0377185758501  0.0138806204884 -0.0541381761103  -0.248543973433 -0.0262159182649 0.00218534224684 11
160.106249 1 -2.06278796228  -4.7732579925  0.31804478935  0.0132235224897 -0.0362232114961  0.0140027623706 -0.0539601723669  -0.248633867028 -0.0261574317432 0.00218535376249 11
160.158337 1 -2.06284019003  -4.7730369017 0.318023465807  0.0131594680493 -0.0358252734601  0.0139256264076 -0.0540074017025  -0.248572762325 -0.0261855294334 0.0021853499089 11
160.21042 0  -2.0620207029 -4.77504091745 0.318640612716   0.017387071575 -0.0419467342327  0.0101658160105 -0.0540074017025  -0.248572762325 -0.0261855294334 0.0021853499089 11
160.262502 0 -2.06118231337  -4.7772044007  0.31934419825  0.0159673397397 -0.0388890048777   0.017162260103 -0.0540074017025  -0.248572762325 -0.0261855294334 0.0021853499089 11
160.314584 0 -2.06024477962 -4.77924785085 0.320197796252  0.0221470295722 -0.0412490048937   0.013100527454 -0.0540074017025  -0.248572762325 -0.0261855294334 0.0021853499089 11
160.366667 0 -2.05899959273 -4.78149615859 0.320863658827  0.0228887465215 -0.0445319560722  0.0149303678012 -0.0540074017025  -0.248572762325 -0.0261855294334 0.0021853499089 11
160.418749 0 -2.05777087075 -4.78386566978 0.321666906973  0.0246205469175 -0.0474252427094  0.0150344561434 -0.0540074017025  -0.248572762325 -0.0261855294334 0.0021853499089 11
160.470831 0 -2.05641461336 -4.78648614608 0.322404408062  0.0271969604547 -0.0531705829424  0.0137039220298 -0.0540074017025  -0.248572762325 -0.0261855294334 0.0021853499089 11
160.522914 0 -2.05501900064 -4.78924977614 0.323221758797  0.0263036303316 -0.0518770154551  0.0181221808911 -0.0540074017025  -0.248572762325 -0.0261855294334 0.0021853499089 11
160.574991 0 -2.05362175099 -4.79190456514 0.324234104462  0.0275584362499 -0.0516777378921  0.0195272031186 -0.0540074017025  -0.248572762325 -0.0261855294334 0.0021853499089 11
160.627079 0 -2.05215149394 -4.79474029645 0.325226983477   0.030391320418 -0.0561913079968  0.0183878985505 -0.0540074017025  -0.248572762325 -0.0261855294334 0.0021853499089 11
160.679162 0 -2.05051127522 -4.79777364363 0.326166580793  0.0325841379303 -0.0586545895261  0.0177099371694 -0.0540074017025  -0.248572762325 -0.0261855294334 0.0021853499089 11
160.731244 1 -2.05164627209 -4.79710795914 0.326135820908  0.0306844921908 -0.0573709221491  0.0177912681956 -0.0539148878652  -0.248614410957 -0.0261602527879 0.00218535755361 11
160.783326 0 -2.05002191818 -4.80010478262 0.327113333379  0.0317817478064 -0.0588467262118  0.0192342843846 -0.0539148878652  -0.248614410957 -0.0261602527879 0.00218535755361 11
160.835409 0 -2.04833354879 -4.80321447731 0.328165439047  0.0317341457718 -0.0592293905581   0.022258480316 -0.0539148878652  -0.248614410957 -0.0261602527879 0.00218535755361 11
160.887492 0 -2.04661990489 -4.80641016933 0.329257299437  0.0348026884876 -0.0638010432148  0.0198829766906 -0.0539148878652  -0.248614410957 -0.0261602527879 0.00218535755361 11
160.939574 1 -2.04758842125 -4.80508546285 0.329279584021  0.0332560465932 -0.0616961347409  0.0200081846018 -0.0538108020435   -0.24868632584 -0.0260836957497 0.00218536554598 11
160.991656 1 -2.04777383981  -4.8042459529 0.329209977922  0.0329700127512 -0.0603892048879  0.0199357427786 -0.0538242029095  -0.248638868772 -0.0261178093363 0.0021853613071 11
161.043739 1   -2.047922877   -4.803443942 0.329155506818  0.0327259433225 -0.0591187523798  0.0198850562177 -0.0538292007035  -0.248606241794 -0.0261356558243 0.00218535822496 11
161.095821 1 -2.04876028313 -4.80253035993 0.329142870953  0.0314065544983 -0.0576149352317  0.0199415305553 -0.0537693328256  -0.248636394569 -0.0261026605815 0.00218536300055 11
161.147904 1 -2.04969107289 -4.80503073806 0.328997677932  0.0301987439722 -0.0614054921265  0.0197159013234 -0.0539079207618  -0.248481357787  -0.026318905791 0.00218535599556 11
161.199986 0 -2.04821623283 -4.80792155961 0.330264321158   0.027144998373 -0.0511484478749  0.0262586204707 -0.0539079207618  -0.248481357787  -0.026318905791 0.00218535599556 11
161.252069 0 -2.04673045514  -4.8107988539 0.331460455958  0.0297103669509 -0.0615837310139  0.0203307494195 -0.0539079207618  -0.248481357787  -0.026318905791 0.00218535599556 11
161.304151 0 -2.04515604407 -4.81433959364 0.332527426272  0.0302642514504 -0.0713002212033  0.0221581942014 -0.0539079207618  -0.248481357787  -0.026318905791 0.00218535599556 11
161.356234 0 -2.04365146116 -4.81830008009 0.333657751466  0.0303451192329 -0.0807988323154   0.019150606124 -0.0539079207618  -0.248481357787  -0.026318905791 0.00218535599556 11
161.408316 0 -2.04177283183 -4.82275911873 0.334393995639  0.0391139272591 -0.0904388640081  0.0104390196016 -0.0539079207618  -0.248481357787  -0.026318905791 0.00218535599556 11
161.460399 0 -2.03989737366 -4.82745081964 0.335140122669  0.0363102003215 -0.0876490322431  0.0180814863738 -0.0539079207618  -0.248481357787  -0.026318905791 0.00218535599556 11
161.512481 0 -2.03789304324 -4.83192027961 0.336091660194  0.0402169505669 -0.0865216040538  0.0169787316789 -0.0539079207618  -0.248481357787  -0.026318905791 0.00218535599556 11
161.564564 0  -2.0356474285 -4.83646818954  0.33685416923 0.0450696416615 -0.088650137777 0.0129987175598 -0.0539079207618  -0.248481357787  -0.026318905791 0.00218535599556 11
161.616646 0 -2.03335520402 -4.84112594501 0.337634317033   0.043266295296 -0.0912659008956  0.0162524404966 -0.0539079207618  -0.248481357787  -0.026318905791 0.00218535599556 11
161.668728 1 -2.03255973526 -4.84265516824 0.337412453512  0.0443554091829 -0.0931955240945  0.0159876165938 -0.0540104721313   -0.24832739272 -0.0265242673201 0.00218534205765 11
161.720811 0 -2.03012157444 -4.84757737944 0.338172083305  0.0468919814141 -0.0942922003405  0.0155251842031 -0.0540104721313   -0.24832739272 -0.0265242673201 0.00218534205765 11
161.772893 0 -2.02774848517 -4.85240892218 0.339138852489  0.0458262291313 -0.0930913992554  0.0186623781462 -0.0540104721313   -0.24832739272 -0.0265242673201 0.00218534205765 11
161.824976 0 -2.02526664278 -4.85734633081 0.340059506827  0.0503168683549 -0.0959161988541  0.0153121923461 -0.0540104721313   -0.24832739272 -0.0265242673201 0.00218534205765 11
161.877059 0 -2.02254413147    -4.86232442 0.340741481129  0.0517568756559 -0.0944546492619  0.0138291679725 -0.0540104721313   -0.24832739272 -0.0265242673201 0.00218534205765 11
161.929141 0 -2.01987067617 -4.86757201345 0.341412705525 0.0526954485207  -0.10575393348 0.0113986180291 -0.0540104721313   -0.24832739272 -0.0265242673201 0.00218534205765 11
161.981224 1 -2.02019168732 -4.86573820166 0.341367421766  0.052298853954 -0.103590339094 0.0113826875281 -0.0539922812207  -0.248314403935  -0.026529414943 0.00218534004126 11
162.033309 0 -2.01727300781 -4.87120950353 0.341787782274  0.0554888350653  -0.105172001457 0.00917028475342 -0.0539922812207  -0.248314403935  -0.026529414943 0.00218534004126 11
162.085389 1 -2.01378263983 -4.86990202013 0.341389075508  0.0594452742438  -0.103611183908 0.00880963162807 -0.0540510839793  -0.248123882935 -0.0267526495513 0.00218531846704 11
162.137471 0 -2.01046163442 -4.87538534008 0.341603362287   0.0655674756726   -0.106013772322 9.64496914125e-05 -0.0540510839793  -0.248123882935 -0.0267526495513 0.00218531846704 11
162.189553 0 -2.00711069754 -4.88082671092 0.341652665906 0.0651680942413 -0.105087076986 -0.001333757012 -0.0540510839793  -0.248123882935 -0.0267526495513 0.00218531846704 11
162.241636 0 -2.00359746312  -4.8864149787 0.341418544159   0.0652381968362   -0.110649260466 -0.00322170306022 -0.0540510839793  -0.248123882935 -0.0267526495513 0.00218531846704 11
