# timestamp(s) q(JPL xyzw) p v bg ba -- vio_live, OpenVINS state after each processed frame
2664.633190000 0.621766780 -0.624288999 -0.332030669 0.336786212 -0.002714 -0.000607 -0.002568 -0.004552 -0.000519 -0.004714 0.005162 -0.012503 -0.002727 -0.001766 -0.196453 0.130329
2664.685273000 0.621765284 -0.624280380 -0.332040161 0.336795592 -0.002949 -0.000631 -0.002820 -0.004612 -0.000513 -0.004918 0.005162 -0.012503 -0.002727 -0.001766 -0.196453 0.130329
2664.737357000 0.621763047 -0.624268453 -0.332054997 0.336807201 -0.003195 -0.000657 -0.003083 -0.004864 -0.000547 -0.005230 0.005162 -0.012503 -0.002727 -0.001766 -0.196453 0.130329
2664.789439000 0.621769546 -0.624271299 -0.332047851 0.336796972 -0.003451 -0.000686 -0.003364 -0.005012 -0.000588 -0.005618 0.005162 -0.012503 -0.002727 -0.001766 -0.196453 0.130329
2664.841522000 0.621775487 -0.624269423 -0.332040466 0.336796764 -0.003712 -0.000719 -0.003667 -0.005086 -0.000664 -0.005955 0.005162 -0.012503 -0.002727 -0.001766 -0.196453 0.130329
2664.893605000 0.621771517 -0.624273705 -0.332031449 0.336805045 -0.003985 -0.000752 -0.003989 -0.005386 -0.000659 -0.006331 0.005162 -0.012503 -0.002727 -0.001766 -0.196453 0.130329
2664.945688000 0.621768629 -0.624278629 -0.332023297 0.336809287 -0.004268 -0.000786 -0.004328 -0.005463 -0.000619 -0.006620 0.005162 -0.012503 -0.002727 -0.001766 -0.196453 0.130329
2664.997771000 0.621789154 -0.624270754 -0.332007527 0.336801538 -0.004559 -0.000817 -0.004677 -0.005655 -0.000548 -0.006845 0.005162 -0.012503 -0.002727 -0.001766 -0.196453 0.130329
2665.049853000 0.621797953 -0.624255333 -0.332008656 0.336812762 -0.004862 -0.000844 -0.005038 -0.005907 -0.000427 -0.007021 0.005162 -0.012503 -0.002727 -0.001766 -0.196453 0.130329
2665.101936000 0.621786535 -0.624258829 -0.332014415 0.336821685 -0.005178 -0.000860 -0.005416 -0.006177 -0.000299 -0.007516 0.005162 -0.012503 -0.002727 -0.001766 -0.196453 0.130329
2665.154019000 0.621785873 -0.624249841 -0.332020918 0.336833156 -0.005508 -0.000876 -0.005815 -0.006384 -0.000238 -0.007800 0.005162 -0.012503 -0.002727 -0.001766 -0.196453 0.130329
2665.206103000 0.621801123 -0.624234581 -0.332026097 0.336828178 -0.005843 -0.000886 -0.006224 -0.006494 -0.000154 -0.007889 0.005162 -0.012503 -0.002727 -0.001766 -0.196453 0.130329
2665.258186000 0.621795636 -0.624234809 -0.332034360 0.336829741 -0.006186 -0.000896 -0.006640 -0.006724 -0.000184 -0.008118 0.005162 -0.012503 -0.002727 -0.001766 -0.196453 0.130329
2665.310269000 0.621786680 -0.624247017 -0.332037780 0.336820277 -0.006540 -0.000903 -0.007071 -0.006848 -0.000085 -0.008393 0.005162 -0.012503 -0.002727 -0.001766 -0.196453 0.130329
2665.362352000 0.621778375 -0.624252881 -0.332037857 0.336824664 -0.006901 -0.000906 -0.007518 -0.006982 0.000027 -0.008754 0.005162 -0.012503 -0.002727 -0.001766 -0.196453 0.130329
2665.414435000 0.621777225 -0.624246602 -0.332038405 0.336837883 -0.007264 -0.000901 -0.007979 -0.007094 0.000087 -0.008855 0.005162 -0.012503 -0.002727 -0.001766 -0.196453 0.130329
2665.466517000 0.621770208 -0.624256843 -0.332025741 0.336844340 -0.007641 -0.000894 -0.008444 -0.007401 0.000077 -0.008977 0.005162 -0.012503 -0.002727 -0.001766 -0.196453 0.130329
2665.518601000 0.621758622 -0.624257034 -0.332030473 0.336860707 -0.008029 -0.000887 -0.008918 -0.007515 0.000145 -0.009291 0.005162 -0.012503 -0.002727 -0.001766 -0.196453 0.130329
2665.570683000 0.621748985 -0.624253468 -0.332038776 0.336876919 -0.008437 -0.000876 -0.009409 -0.007874 0.000216 -0.009521 0.005162 -0.012503 -0.002727 -0.001766 -0.196453 0.130329
2665.622766000 0.621730361 -0.624248204 -0.332067936 0.336892302 -0.008849 -0.000862 -0.009910 -0.007695 0.000216 -0.009606 0.005162 -0.012503 -0.002727 -0.001766 -0.196453 0.130329
2665.674846000 0.621758424 -0.624191507 -0.332066927 0.336946554 -0.009265 -0.000846 -0.010426 -0.008320 -0.000032 -0.010453 0.005162 -0.012503 -0.002727 -0.001766 -0.196453 0.130329
2665.726932000 0.622660925 -0.623166798 -0.331695769 0.337541747 -0.009696 -0.000900 -0.010945 -0.008004 -0.000339 -0.010095 0.005162 -0.012503 -0.002727 -0.001766 -0.196453 0.130329
2665.779015000 0.622717681 -0.623072689 -0.331705472 0.337601235 -0.010116 -0.000873 -0.011478 -0.007957 0.000433 -0.010098 0.005162 -0.012503 -0.002727 -0.001766 -0.196453 0.130329
2665.831098000 0.622735511 -0.623052150 -0.331699394 0.337612224 -0.010546 -0.000830 -0.012022 -0.008285 0.000993 -0.010491 0.005162 -0.012503 -0.002727 -0.001766 -0.196453 0.130329
2665.883181000 0.622742305 -0.623051400 -0.331670521 0.337629441 -0.010980 -0.000776 -0.012574 -0.008189 0.000997 -0.010539 0.005162 -0.012503 -0.002727 -0.001766 -0.196453 0.130329
2665.935264000 0.622825262 -0.622956008 -0.331621049 0.337701030 -0.011411 -0.000715 -0.013129 -0.008859 0.002199 -0.010903 0.005162 -0.012503 -0.002727 -0.001766 -0.196453 0.130329
2665.987347000 0.623214435 -0.622579189 -0.331377632 0.337916834 -0.011846 -0.000675 -0.013695 -0.008493 0.001729 -0.011283 0.005162 -0.012503 -0.002727 -0.001766 -0.196453 0.130329
2666.039430000 0.623219553 -0.622549412 -0.331399935 0.337940382 -0.012277 -0.000588 -0.014276 -0.008423 0.001591 -0.011198 0.005162 -0.012503 -0.002727 -0.001766 -0.196453 0.130329
2666.091513000 0.623230036 -0.622555991 -0.331374936 0.337933442 -0.012713 -0.000497 -0.014865 -0.008082 0.001903 -0.011135 0.005162 -0.012503 -0.002727 -0.001766 -0.196453 0.130329
2666.143591000 0.623225979 -0.622535533 -0.331394503 0.337959424 -0.013145 -0.000402 -0.015460 -0.008224 0.001941 -0.011501 0.005162 -0.012503 -0.002727 -0.001766 -0.196453 0.130329
2666.195679000 0.623189934 -0.622548001 -0.331427962 0.337970116 -0.013570 -0.000288 -0.016062 -0.008062 0.002405 -0.011628 0.005162 -0.012503 -0.002727 -0.001766 -0.196453 0.130329
2666.247761000 0.623031000 -0.622731556 -0.331487877 0.337866200 -0.014008 -0.000153 -0.016674 -0.008163 0.002125 -0.011709 0.005162 -0.012503 -0.002727 -0.001766 -0.196453 0.130329
2666.299844000 0.623008178 -0.622753075 -0.331497516 0.337859164 -0.014431 -0.000035 -0.017290 -0.008141 0.002257 -0.011996 0.005162 -0.012503 -0.002727 -0.001766 -0.196453 0.130329
2666.351927000 0.623013001 -0.622759122 -0.331490759 0.337845752 -0.014844 0.000076 -0.017911 -0.008181 0.002212 -0.012216 0.005162 -0.012503 -0.002727 -0.001766 -0.196453 0.130329
2666.404010000 0.623010759 -0.622762669 -0.331491908 0.337842222 -0.015259 0.000193 -0.018545 -0.008228 0.002402 -0.012454 0.005162 -0.012503 -0.002727 -0.001766 -0.196453 0.130329
2666.456093000 0.623011987 -0.622780913 -0.331458735 0.337838875 -0.015675 0.000305 -0.019192 -0.008049 0.002151 -0.012511 0.005162 -0.012503 -0.002727 -0.001766 -0.196453 0.130329
2666.508176000 0.622989652 -0.622800492 -0.331447120 0.337855363 -0.016086 0.000421 -0.019850 -0.007952 0.002408 -0.012843 0.005162 -0.012503 -0.002727 -0.001766 -0.196453 0.130329
2666.560259000 0.622985563 -0.622790813 -0.331452425 0.337875543 -0.016502 0.000545 -0.020524 -0.008055 0.002530 -0.013143 0.005162 -0.012503 -0.002727 -0.001766 -0.196453 0.130329
2666.612343000 0.622990191 -0.622799303 -0.331429998 0.337873360 -0.016914 0.000682 -0.021210 -0.007871 0.002705 -0.013270 0.005162 -0.012503 -0.002727 -0.001766 -0.196453 0.130329
2666.664425000 0.622985893 -0.622801701 -0.331442326 0.337864769 -0.017323 0.000830 -0.021901 -0.007825 0.003051 -0.013374 0.005162 -0.012503 -0.002727 -0.001766 -0.196453 0.130329
2666.716509000 0.622989525 -0.622801096 -0.331446713 0.337854884 -0.017729 0.000989 -0.022599 -0.007925 0.003017 -0.013497 0.005162 -0.012503 -0.002727 -0.001766 -0.196453 0.130329
2666.768592000 0.622985620 -0.622806019 -0.331449259 0.337850511 -0.018144 0.001156 -0.023307 -0.007997 0.003554 -0.013761 0.005162 -0.012503 -0.002727 -0.001766 -0.196453 0.130329
2666.820674000 0.622972637 -0.622810612 -0.331448586 0.337866646 -0.018561 0.001342 -0.024030 -0.008156 0.003611 -0.014098 0.005162 -0.012503 -0.002727 -0.001766 -0.196453 0.130329
2666.872757000 0.622964040 -0.622815088 -0.331465770 0.337857387 -0.018970 0.001533 -0.024764 -0.007819 0.003874 -0.014262 0.005162 -0.012503 -0.002727 -0.001766 -0.196453 0.130329
2666.924840000 0.622947875 -0.622825591 -0.331472362 0.337861364 -0.019380 0.001735 -0.025508 -0.007972 0.003894 -0.014428 0.005162 -0.012503 -0.002727 -0.001766 -0.196453 0.130329
2666.976923000 0.622951232 -0.622834405 -0.331466679 0.337844501 -0.019791 0.001943 -0.026261 -0.007727 0.004087 -0.014432 0.005162 -0.012503 -0.002727 -0.001766 -0.196453 0.130329
2667.029006000 0.622950208 -0.622825875 -0.331480279 0.337848772 -0.020192 0.002164 -0.027012 -0.007680 0.004398 -0.014421 0.005162 -0.012503 -0.002727 -0.001766 -0.196453 0.130329
2667.081089000 0.622941554 -0.622820697 -0.331491191 0.337863567 -0.020595 0.002406 -0.027764 -0.007774 0.004817 -0.014511 0.005162 -0.012503 -0.002727 -0.001766 -0.196453 0.130329
2667.133172000 0.622949278 -0.622823321 -0.331469707 0.337865567 -0.021003 0.002662 -0.028527 -0.007888 0.004967 -0.014786 0.005162 -0.012503 -0.002727 -0.001766 -0.196453 0.130329
2667.185255000 0.622950398 -0.622829251 -0.331455579 0.337866429 -0.021406 0.002929 -0.029289 -0.007767 0.005235 -0.014676 0.005162 -0.012503 -0.002727 -0.001766 -0.196453 0.130329
2667.237337000 0.622938942 -0.622818621 -0.331462890 0.337899975 -0.021800 0.003203 -0.030052 -0.007548 0.005446 -0.014701 0.005162 -0.012503 -0.002727 -0.001766 -0.196453 0.130329
2667.289421000 0.622931696 -0.622816947 -0.331468376 0.337911037 -0.022192 0.003498 -0.030821 -0.007544 0.005914 -0.014908 0.005162 -0.012503 -0.002727 -0.001766 -0.196453 0.130329
2667.341504000 0.622914208 -0.622822460 -0.331476018 0.337925618 -0.022586 0.003809 -0.031597 -0.007519 0.006032 -0.014870 0.005162 -0.012503 -0.002727 -0.001766 -0.196453 0.130329
2667.393587000 0.622894493 -0.622835028 -0.331454889 0.337959518 -0.022975 0.004134 -0.032386 -0.007512 0.006447 -0.015302 0.005162 -0.012503 -0.002727 -0.001766 -0.196453 0.130329
2667.445670000 0.622890587 -0.622831711 -0.331455057 0.337972664 -0.023362 0.004469 -0.033180 -0.007663 0.006480 -0.015522 0.005162 -0.012503 -0.002727 -0.001766 -0.196453 0.130329
2667.497753000 0.622890361 -0.622830422 -0.331450283 0.337980138 -0.023749 0.004819 -0.033983 -0.007416 0.006824 -0.015352 0.005162 -0.012503 -0.002727 -0.001766 -0.196453 0.130329
2667.549835000 0.622891303 -0.622815623 -0.331468584 0.337987725 -0.024124 0.005183 -0.034790 -0.006989 0.007389 -0.015677 0.005162 -0.012503 -0.002727 -0.001766 -0.196453 0.130329
2667.601919000 0.622877615 -0.622811446 -0.331476524 0.338012859 -0.024489 0.005582 -0.035621 -0.007347 0.007889 -0.016255 0.005162 -0.012503 -0.002727 -0.001766 -0.196453 0.130329
2667.654002000 0.622890951 -0.622805528 -0.331440043 0.338034961 -0.024871 0.005992 -0.036467 -0.007232 0.008139 -0.016356 0.005162 -0.012503 -0.002727 -0.001766 -0.196453 0.130329
2667.706084000 0.622882005 -0.622823021 -0.331428289 0.338030740 -0.025226 0.006409 -0.037300 -0.006861 0.008002 -0.016222 0.005162 -0.012503 -0.002727 -0.001766 -0.196453 0.130329
2667.758167000 0.622888648 -0.622821699 -0.331411888 0.338037014 -0.025561 0.006835 -0.038133 -0.006414 0.008626 -0.016056 0.005162 -0.012503 -0.002727 -0.001766 -0.196453 0.130329
2667.810250000 0.624121491 -0.621906544 -0.330381266 0.338456545 -0.025948 0.007222 -0.039015 -0.009069 0.003145 -0.017167 0.005162 -0.012503 -0.002727 -0.001766 -0.196453 0.130329
2667.862334000 0.631443869 -0.617149905 -0.324166741 0.339588810 -0.026675 0.007415 -0.040082 -0.013614 0.006949 -0.021900 0.005162 -0.012503 -0.002727 -0.001766 -0.196453 0.130329
2667.914416000 0.627344498 -0.618372153 -0.328839708 0.340469100 -0.026457 0.008378 -0.040684 0.018602 0.024820 -0.003156 0.005162 -0.012503 -0.002727 -0.001766 -0.196453 0.130329
2667.966499000 0.621153111 -0.619611749 -0.335890816 0.342676893 -0.025845 0.009523 -0.040941 -0.001028 0.018922 -0.005685 0.005162 -0.012503 -0.002727 -0.001766 -0.196453 0.130329
2668.018582000 0.623744936 -0.606946536 -0.343691379 0.352752596 -0.025434 0.009825 -0.040569 0.008395 -0.003022 0.012859 0.005162 -0.012503 -0.002727 -0.001766 -0.196453 0.130329
2668.070665000 0.614127124 -0.612308319 -0.360464394 0.343499374 -0.025879 0.010523 -0.039245 -0.030020 0.028616 0.035566 0.005162 -0.012503 -0.002727 -0.001766 -0.196453 0.130329
2668.122748000 0.614455844 -0.616833510 -0.358855021 0.336427572 -0.027570 0.011551 -0.037186 -0.043449 0.011984 0.048234 0.005162 -0.012503 -0.002727 -0.001766 -0.196453 0.130329
2668.174831000 0.607675014 -0.629627213 -0.369004391 0.313267314 -0.030480 0.012403 -0.034286 -0.047258 0.018206 0.063397 0.005162 -0.012503 -0.002727 -0.001766 -0.196453 0.130329
2668.226916000 0.616671386 -0.624875497 -0.368157310 0.306116334 -0.032497 0.013502 -0.030998 -0.038786 0.023153 0.078162 0.005162 -0.012503 -0.002727 -0.001766 -0.196453 0.130329
2668.278997000 0.619440598 -0.627232870 -0.353736045 0.312638901 -0.034563 0.014734 -0.025673 -0.029420 0.022751 0.126178 0.005162 -0.012503 -0.002727 -0.001766 -0.196453 0.130329
2668.331080000 0.628586254 -0.621192658 -0.337834838 0.323831168 -0.035502 0.016222 -0.019639 -0.001012 0.037446 0.106233 0.005162 -0.012503 -0.002727 -0.001766 -0.196453 0.130329
2668.383163000 0.621393321 -0.626221396 -0.327300509 0.338513635 -0.035112 0.018360 -0.013076 0.014739 0.019213 0.134205 0.005162 -0.012503 -0.002727 -0.001766 -0.196453 0.130329
2668.435245000 0.618757080 -0.621835646 -0.327294755 0.351195456 -0.033868 0.017885 -0.004522 0.029080 -0.024200 0.195702 0.005162 -0.012503 -0.002727 -0.001766 -0.196453 0.130329
2668.487328000 0.614687985 -0.610298398 -0.344975227 0.361506071 -0.032336 0.017224 0.006739 0.012694 -0.003310 0.186143 0.005162 -0.012503 -0.002727 -0.001766 -0.196453 0.130329
2668.539412000 0.623926347 -0.588532860 -0.341737842 0.384135697 -1.026254 0.131598 -0.168210 -0.057362 0.005155 0.124916 0.012514 -0.017784 0.001790 -0.001269 -0.186236 0.121146
2668.591492000 0.631804940 -0.592558223 -0.327105076 0.377755927 -1.052846 0.127627 -0.164512 -0.059044 0.020526 0.051088 0.012837 -0.016250 0.000685 -0.001290 -0.186219 0.121058
2668.643577000 0.665087411 -0.575689700 -0.292924242 0.374747241 -1.025580 0.112742 -0.147781 -0.045447 0.013037 -0.005289 0.012731 -0.022987 0.005086 -0.001335 -0.187159 0.121680
2668.695663000 0.683554598 -0.578208995 -0.262596315 0.359820296 -1.027049 0.114434 -0.148231 -0.005611 0.066382 0.025678 0.012731 -0.022987 0.005086 -0.001335 -0.187159 0.121680
2668.747745000 0.681898890 -0.574890118 -0.263127822 0.367802944 -1.026409 0.118883 -0.144393 0.018443 0.107003 0.091445 0.012731 -0.022987 0.005086 -0.001335 -0.187159 0.121680
2668.799827000 0.674113456 -0.574828804 -0.274791241 0.373674550 -1.026042 0.123719 -0.141040 -0.008717 0.070269 0.025426 0.012731 -0.022987 0.005086 -0.001335 -0.187159 0.121680
2668.851910000 0.676305973 -0.571870213 -0.292034679 0.360957666 -1.026212 0.126584 -0.139218 0.015615 0.027224 0.066308 0.012731 -0.022987 0.005086 -0.001335 -0.187159 0.121680
2668.903993000 0.679986291 -0.565679040 -0.304016166 0.353836175 -1.025492 0.128468 -0.136942 0.006998 0.071078 0.023589 0.012731 -0.022987 0.005086 -0.001335 -0.187159 0.121680
2668.956075000 0.671568324 -0.576299780 -0.301507892 0.354919061 -1.024490 0.132303 -0.135557 0.035444 0.073312 0.035610 0.012731 -0.022987 0.005086 -0.001335 -0.187159 0.121680
2669.008158000 0.662852248 -0.583164799 -0.287932557 0.370999403 -1.022395 0.135390 -0.133979 0.039747 0.039715 0.027827 0.012731 -0.022987 0.005086 -0.001335 -0.187159 0.121680
2669.060240000 0.663250384 -0.577794884 -0.281858258 0.383155219 -1.019696 0.137287 -0.131570 0.050098 0.045225 0.049951 0.012731 -0.022987 0.005086 -0.001335 -0.187159 0.121680
2669.112323000 0.659291536 -0.574987561 -0.283709022 0.392725305 -1.016936 0.139360 -0.128447 0.046868 0.024172 0.053775 0.012731 -0.022987 0.005086 -0.001335 -0.187159 0.121680
2669.164406000 0.659087777 -0.578305817 -0.281998867 0.389412792 -1.015079 0.141642 -0.126978 0.032405 0.075352 0.018808 0.012731 -0.022987 0.005086 -0.001335 -0.187159 0.121680
2669.216489000 0.652753315 -0.590720273 -0.267106207 0.391939974 -0.525152 0.119498 -0.085401 -0.064315 0.051485 0.050043 0.007098 -0.022742 0.004644 -0.001041 -0.188734 0.125212
2669.268573000 0.614776092 -0.616505381 -0.292074364 0.395808082 -0.454744 0.076257 -0.067319 -0.022869 0.023974 0.068534 0.006697 -0.009396 -0.004131 -0.000591 -0.190516 0.123970
2669.320655000 0.600742629 -0.621220926 -0.304710946 0.400429886 -0.434896 0.088371 -0.060784 -0.045569 0.022376 0.019287 0.006504 -0.006465 -0.005709 0.000994 -0.188484 0.126124
2669.372738000 0.601721875 -0.619420231 -0.308310641 0.398991117 -0.437350 0.088427 -0.061362 -0.040168 -0.012446 -0.041127 0.006504 -0.006465 -0.005709 0.000994 -0.188484 0.126124
2669.424821000 0.604046823 -0.625437845 -0.305095646 0.388421915 -0.439210 0.088027 -0.064320 -0.041092 0.003602 -0.048916 0.006504 -0.006465 -0.005709 0.000994 -0.188484 0.126124
2669.476904000 0.610718719 -0.625848591 -0.308236827 0.374601451 -0.431409 0.081066 -0.064403 -0.059996 0.009573 -0.069886 0.006444 -0.006017 -0.006075 0.000464 -0.188821 0.126016
2669.528982000 0.620735042 -0.629388722 -0.307263581 0.352344910 -0.435448 0.081588 -0.068938 -0.081640 0.017801 -0.093022 0.006444 -0.006017 -0.006075 0.000464 -0.188821 0.126016
2669.581070000 0.622434176 -0.635499238 -0.304548797 0.340538464 -0.439889 0.082802 -0.072130 -0.085965 0.025041 -0.031423 0.006444 -0.006017 -0.006075 0.000464 -0.188821 0.126016
2669.633153000 0.619442935 -0.635801595 -0.307054374 0.343168170 -0.444705 0.084111 -0.072744 -0.102742 0.020105 -0.009606 0.006444 -0.006017 -0.006075 0.000464 -0.188821 0.126016
2669.685236000 0.617658853 -0.634035829 -0.311627991 0.345520049 -0.450252 0.085370 -0.074000 -0.112440 0.019962 -0.037590 0.006444 -0.006017 -0.006075 0.000464 -0.188821 0.126016
2669.737319000 0.617218161 -0.632493327 -0.316298994 0.344889662 -0.456275 0.086234 -0.076350 -0.113908 0.006000 -0.054037 0.006444 -0.006017 -0.006075 0.000464 -0.188821 0.126016
2669.789402000 0.617394108 -0.628724369 -0.320082780 0.347961488 -0.461885 0.086122 -0.079411 -0.105323 -0.014334 -0.063918 0.006444 -0.006017 -0.006075 0.000464 -0.188821 0.126016
2669.841485000 0.619293469 -0.620831120 -0.326584247 0.352685483 -0.467133 0.084337 -0.082574 -0.098891 -0.051659 -0.064783 0.006444 -0.006017 -0.006075 0.000464 -0.188821 0.126016
2669.893568000 0.623963439 -0.614220440 -0.329532708 0.353286106 -0.472156 0.081183 -0.086082 -0.091438 -0.064361 -0.061121 0.006444 -0.006017 -0.006075 0.000464 -0.188821 0.126016
2669.945651000 0.627270305 -0.605967858 -0.334062863 0.357403026 -0.476461 0.078010 -0.088204 -0.079319 -0.052743 -0.022532 0.006444 -0.006017 -0.006075 0.000464 -0.188821 0.126016
2669.997734000 0.628638731 -0.597390799 -0.341444330 0.362427025 -0.480519 0.076052 -0.089613 -0.079797 -0.021314 -0.035480 0.006444 -0.006017 -0.006075 0.000464 -0.188821 0.126016
2670.049817000 0.630370957 -0.595165992 -0.342132339 0.362429801 -0.484202 0.075571 -0.091432 -0.058870 -0.002365 -0.035171 0.006444 -0.006017 -0.006075 0.000464 -0.188821 0.126016
2670.101900000 0.631981049 -0.595193722 -0.339936606 0.361645532 -0.487241 0.075899 -0.093959 -0.059349 0.012950 -0.067700 0.006444 -0.006017 -0.006075 0.000464 -0.188821 0.126016
2670.153982000 0.633656487 -0.598883117 -0.335043276 0.357161688 -0.490266 0.076734 -0.098297 -0.055437 0.016711 -0.106036 0.006444 -0.006017 -0.006075 0.000464 -0.188821 0.126016
2670.206066000 0.636286820 -0.600903027 -0.333308272 0.350656856 -0.492715 0.077383 -0.104541 -0.039825 0.008927 -0.128762 0.006444 -0.006017 -0.006075 0.000464 -0.188821 0.126016
2670.258149000 0.639664407 -0.600389206 -0.334906849 0.343801761 -0.494302 0.077505 -0.111182 -0.015401 -0.004510 -0.116419 0.006444 -0.006017 -0.006075 0.000464 -0.188821 0.126016
2670.310232000 0.643131396 -0.594704798 -0.340476588 0.341736598 -0.494831 0.076990 -0.116778 -0.014422 -0.011304 -0.100203 0.006444 -0.006017 -0.006075 0.000464 -0.188821 0.126016
2670.362315000 0.646661420 -0.592566465 -0.341778514 0.337463243 -0.496233 0.076487 -0.121398 -0.038803 -0.010569 -0.076319 0.006444 -0.006017 -0.006075 0.000464 -0.188821 0.126016
2670.414397000 0.648209375 -0.593045266 -0.340706862 0.334724891 -0.498585 0.075844 -0.124825 -0.042977 -0.018339 -0.054176 0.006444 -0.006017 -0.006075 0.000464 -0.188821 0.126016
2670.466480000 0.649867518 -0.590058235 -0.341056108 0.336428625 -0.500547 0.074235 -0.127465 -0.031401 -0.042479 -0.045769 0.006444 -0.006017 -0.006075 0.000464 -0.188821 0.126016
2670.518563000 0.651720635 -0.585497535 -0.342731531 0.339098730 -0.502483 0.072051 -0.129904 -0.047425 -0.035520 -0.050772 0.006444 -0.006017 -0.006075 0.000464 -0.188821 0.126016
2670.570646000 0.651938805 -0.583892590 -0.344995418 0.339150996 -0.505093 0.070183 -0.131809 -0.043372 -0.041551 -0.017111 0.006444 -0.006017 -0.006075 0.000464 -0.188821 0.126016
2670.622729000 0.650587201 -0.578563517 -0.348967722 0.346730558 -0.506905 0.067787 -0.132490 -0.030747 -0.043734 -0.024338 0.006444 -0.006017 -0.006075 0.000464 -0.188821 0.126016
2670.674812000 0.649438388 -0.578076525 -0.348074354 0.350573182 -0.508511 0.066010 -0.134551 -0.028711 -0.025716 -0.044866 0.006444 -0.006017 -0.006075 0.000464 -0.188821 0.126016
2670.726896000 0.647690120 -0.578573027 -0.347094000 0.353944228 -0.509560 0.065020 -0.136605 -0.011495 -0.012739 -0.035823 0.006444 -0.006017 -0.006075 0.000464 -0.188821 0.126016
2670.778978000 0.645874320 -0.580050207 -0.345155965 0.356728861 -0.510197 0.064777 -0.138306 -0.011837 0.005315 -0.025798 0.006444 -0.006017 -0.006075 0.000464 -0.188821 0.126016
2670.831061000 0.642915581 -0.581373586 -0.343318300 0.361658478 -0.510495 0.065276 -0.139190 -0.000921 0.016027 -0.010556 0.006444 -0.006017 -0.006075 0.000464 -0.188821 0.126016
2670.883144000 0.640639739 -0.582168652 -0.341061857 0.366520389 -0.510280 0.066719 -0.139647 0.007220 0.038508 -0.007074 0.006444 -0.006017 -0.006075 0.000464 -0.188821 0.126016
2670.935227000 0.638425436 -0.585148806 -0.334410291 0.371730541 -0.509614 0.069420 -0.140265 0.017698 0.061502 -0.019889 0.006444 -0.006017 -0.006075 0.000464 -0.188821 0.126016
2670.987310000 0.636029930 -0.584966127 -0.332270414 0.377990649 -0.508690 0.073131 -0.141306 0.015221 0.081256 -0.025208 0.006444 -0.006017 -0.006075 0.000464 -0.188821 0.126016
2671.039393000 0.634273161 -0.584949763 -0.331176985 0.381907235 -0.507953 0.077792 -0.142961 0.014426 0.094507 -0.028864 0.006444 -0.006017 -0.006075 0.000464 -0.188821 0.126016
2671.091476000 0.631845122 -0.583843372 -0.331634072 0.387191814 -0.507594 0.083032 -0.143402 -0.001705 0.111054 0.018986 0.006444 -0.006017 -0.006075 0.000464 -0.188821 0.126016
2671.143559000 0.623550663 -0.580941985 -0.335806626 0.401154447 -0.508272 0.089652 -0.140630 -0.028556 0.140245 0.069494 0.006444 -0.006017 -0.006075 0.000464 -0.188821 0.126016
2671.195642000 0.615335952 -0.579380233 -0.337582487 0.414389039 -0.510868 0.097258 -0.136773 -0.070013 0.152812 0.076672 0.006444 -0.006017 -0.006075 0.000464 -0.188821 0.126016
2671.247724000 0.607094606 -0.581306438 -0.336706775 0.424437876 -0.470354 0.099278 -0.082404 -0.180112 0.159116 0.074923 0.005388 -0.005362 -0.006953 -0.006175 -0.192924 0.122745
2671.299807000 0.608348640 -0.572654740 -0.334295685 0.436147768 -0.480038 0.112117 -0.070018 -0.242028 0.154121 0.051518 0.005095 -0.006264 -0.006342 -0.005782 -0.190577 0.123387
2671.351891000 0.607808270 -0.563164759 -0.338996096 0.445529133 -0.481903 0.130061 -0.062850 -0.267843 0.198536 0.071454 0.005157 -0.007329 -0.005601 -0.007244 -0.193405 0.122593
2671.403974000 0.604584422 -0.561901784 -0.341039547 0.449928983 -0.493086 0.145419 -0.057248 -0.279674 0.244613 0.091877 0.005146 -0.007694 -0.005365 -0.006915 -0.193942 0.122040
2671.456057000 0.598486271 -0.564582771 -0.344722793 0.451914454 -0.498014 0.153784 -0.053250 -0.269298 0.287639 0.104082 0.005298 -0.007324 -0.005506 -0.008764 -0.197990 0.119480
2671.508140000 0.591058341 -0.568453301 -0.347100855 0.455007559 -0.507698 0.164315 -0.046918 -0.256236 0.321081 0.132176 0.005358 -0.006810 -0.005774 -0.009427 -0.199372 0.118874
2671.560222000 0.590217585 -0.560898735 -0.345878498 0.466265886 -0.501560 0.196031 -0.038261 -0.223722 0.322547 0.128263 0.005568 -0.009181 -0.004100 -0.011416 -0.206093 0.114188
2671.612306000 0.587944060 -0.558137696 -0.349079239 0.470050826 -0.501383 0.217668 -0.031605 -0.197055 0.335000 0.154402 0.005753 -0.010215 -0.003350 -0.014764 -0.212987 0.108024
2671.664388000 0.566602179 -0.572092974 -0.363118708 0.468845821 -0.497655 0.189698 -0.026114 -0.135111 0.329381 0.182608 0.005977 -0.005261 -0.006437 -0.022823 -0.220727 0.101848
2671.716471000 0.561058127 -0.567272490 -0.372186753 0.474228554 -0.505342 0.205415 -0.017779 -0.137482 0.315913 0.135241 0.005979 -0.005196 -0.006447 -0.022092 -0.219512 0.103538
2671.768554000 0.557570045 -0.561795648 -0.382394740 0.476734264 -0.511761 0.214993 -0.011750 -0.128056 0.289416 0.090742 0.005999 -0.004559 -0.006859 -0.024169 -0.222341 0.099801
2671.820637000 0.558400977 -0.551312212 -0.394206869 0.478376566 -0.514698 0.231252 -0.004557 -0.150227 0.291500 0.049621 0.005908 -0.004908 -0.006575 -0.026498 -0.226159 0.094271
2671.872720000 0.553778411 -0.549927374 -0.402569725 0.478379527 -0.521529 0.245851 -0.000298 -0.176441 0.292693 0.033563 0.005861 -0.005032 -0.006423 -0.030644 -0.231186 0.087337
2671.924803000 0.547306973 -0.546628245 -0.408368076 0.484652611 -0.530809 0.258921 0.003343 -0.159616 0.272985 0.043368 0.005809 -0.005002 -0.006469 -0.031162 -0.232329 0.085531
2671.976882000 0.546034495 -0.547941514 -0.411761821 0.481724641 -0.540087 0.271620 0.005492 -0.164361 0.276691 0.031017 0.005758 -0.005011 -0.006461 -0.032882 -0.234854 0.081680
2672.028969000 0.542942075 -0.544473966 -0.422364652 0.479968858 -0.547708 0.280668 0.009250 -0.105310 0.250279 0.080617 0.005727 -0.004650 -0.006681 -0.035286 -0.237945 0.077156
2672.081052000 0.540727347 -0.535324286 -0.435296139 0.481205898 -0.551945 0.295313 0.014569 -0.114818 0.253038 0.065996 0.005693 -0.004895 -0.006501 -0.036325 -0.239055 0.075472
2672.133135000 0.538063337 -0.533729383 -0.444569768 0.477470954 -0.557203 0.311380 0.019385 -0.138141 0.250140 0.051301 0.005645 -0.005306 -0.006223 -0.037050 -0.240974 0.072513
2672.185218000 0.533288767 -0.536041036 -0.451608296 0.473616982 -0.564734 0.324061 0.022568 -0.173298 0.248323 0.028471 0.005609 -0.005371 -0.006199 -0.037893 -0.242711 0.069793
2672.237301000 0.526367817 -0.544875933 -0.455083297 0.467917014 -0.574050 0.335627 0.023683 -0.190025 0.219299 0.009708 0.005594 -0.005318 -0.006282 -0.038133 -0.244660 0.066651
2672.289384000 0.519275047 -0.549704330 -0.460379323 0.465004789 -0.584637 0.344581 0.023514 -0.187538 0.185582 -0.001932 0.005596 -0.005183 -0.006438 -0.038430 -0.248594 0.060380
2672.341467000 0.516186939 -0.554101626 -0.463236597 0.460363212 -0.594442 0.354804 0.023529 -0.201517 0.166625 -0.031669 0.005585 -0.005340 -0.006388 -0.037855 -0.251584 0.055811
2672.393549000 0.512110676 -0.556784887 -0.466925421 0.457945299 -0.605558 0.361702 0.020793 -0.195158 0.140651 -0.048847 0.005616 -0.005179 -0.006570 -0.035402 -0.253698 0.052545
2672.445631000 0.510359735 -0.558711431 -0.466520557 0.457966208 -0.616728 0.368231 0.018386 -0.228425 0.139596 -0.081905 0.005616 -0.005212 -0.006609 -0.034409 -0.257573 0.046648
2672.497715000 0.508701756 -0.564110275 -0.464730905 0.455002535 -0.631519 0.375380 0.013519 -0.263844 0.116646 -0.115397 0.005621 -0.005352 -0.006566 -0.033825 -0.260904 0.041540
2672.549799000 0.509269305 -0.566910058 -0.461503680 0.454171900 -0.647723 0.381418 0.009712 -0.295335 0.083537 -0.122798 0.005549 -0.005825 -0.006330 -0.035241 -0.266535 0.032970
2672.601881000 0.509600265 -0.570082748 -0.460086044 0.451258310 -0.666592 0.386854 0.003163 -0.329802 0.067546 -0.137951 0.005540 -0.006116 -0.006236 -0.033233 -0.269603 0.028251
2672.653964000 0.510447138 -0.572166063 -0.458913127 0.448852379 -0.686072 0.391296 -0.002280 -0.349586 0.042106 -0.132992 0.005519 -0.006373 -0.006101 -0.033925 -0.271297 0.025570
2672.706048000 0.510176257 -0.572737754 -0.458601102 0.448750132 -0.706685 0.396011 -0.007936 -0.394453 0.048525 -0.142736 0.005507 -0.006739 -0.005929 -0.032961 -0.272575 0.023625
2672.758130000 0.511480854 -0.574674062 -0.454329346 0.449134615 -0.729055 0.398886 -0.014283 -0.416389 -0.003447 -0.134038 0.005491 -0.006999 -0.005792 -0.033386 -0.273003 0.022939
2672.810214000 0.514624241 -0.569692397 -0.452190253 0.454022509 -0.753060 0.399406 -0.018344 -0.440708 -0.043571 -0.122007 0.005452 -0.007396 -0.005570 -0.035159 -0.274287 0.020882
2672.862296000 0.521121016 -0.562544449 -0.448058424 0.459587074 -0.777751 0.401417 -0.021349 -0.435798 -0.078864 -0.083285 0.005368 -0.008221 -0.005143 -0.032778 -0.276634 0.017474
2672.914374000 0.531213765 -0.551470466 -0.440840387 0.468350311 -0.800284 0.402592 -0.023086 -0.401270 -0.090833 -0.055422 0.005325 -0.008894 -0.004788 -0.030635 -0.276134 0.018555
2672.966463000 0.541191171 -0.541499162 -0.432325755 0.476429654 -0.821278 0.401516 -0.025273 -0.381918 -0.067390 -0.055644 0.005295 -0.009170 -0.004621 -0.031176 -0.274892 0.020563
2673.018545000 0.551156626 -0.532682549 -0.422760904 0.483475845 -0.841511 0.400540 -0.027812 -0.372487 -0.049366 -0.040721 0.005280 -0.009439 -0.004455 -0.031175 -0.274295 0.021536
2673.070628000 0.558538438 -0.521433722 -0.421404754 0.488425757 -0.862022 0.400682 -0.029046 -0.371143 -0.017534 0.015438 0.005252 -0.009733 -0.004258 -0.032260 -0.272481 0.024489
2673.122711000 0.561841260 -0.510138870 -0.420777613 0.497030112 -0.878607 0.403517 -0.025120 -0.346023 0.015845 0.075453 0.005226 -0.010003 -0.004090 -0.034514 -0.269215 0.029944
2673.174794000 0.563893375 -0.503125023 -0.416019294 0.505783965 -0.896636 0.409030 -0.019946 -0.354202 0.055584 0.072166 0.005210 -0.010205 -0.003950 -0.035791 -0.265346 0.036433
2673.226877000 0.565328056 -0.499510328 -0.413229492 0.510034321 -0.914536 0.415604 -0.015152 -0.350956 0.050325 0.058373 0.005182 -0.010350 -0.003829 -0.037135 -0.262001 0.042054
2673.278960000 0.571483130 -0.492101663 -0.406815411 0.515503839 -0.931819 0.420327 -0.011780 -0.340412 0.009901 0.023811 0.005159 -0.010479 -0.003721 -0.038197 -0.259457 0.046292
2673.331042000 0.581255666 -0.481468883 -0.402604422 0.517918183 -0.949015 0.421997 -0.011202 -0.330556 -0.015001 -0.008916 0.005140 -0.010555 -0.003652 -0.039414 -0.257464 0.049569
2673.383126000 0.592511431 -0.470125452 -0.400204258 0.517444505 -0.966182 0.421940 -0.012162 -0.329098 -0.013175 -0.014997 0.005127 -0.010616 -0.003598 -0.040401 -0.256054 0.051867
2673.435209000 0.602011233 -0.460180749 -0.396188832 0.518508017 -0.983617 0.422732 -0.012694 -0.347134 0.000982 -0.024567 0.005097 -0.010727 -0.003499 -0.040226 -0.254495 0.054484
2673.487292000 0.607751147 -0.450633241 -0.394099176 0.521779709 -1.001118 0.423849 -0.012849 -0.370872 0.020273 -0.034015 0.005066 -0.010822 -0.003415 -0.038936 -0.253687 0.055900
2673.539375000 0.612481578 -0.443927876 -0.387829584 0.526671217 -1.020233 0.425889 -0.013575 -0.392615 0.037220 -0.037028 0.005050 -0.010906 -0.003352 -0.036524 -0.253014 0.057185
2673.591457000 0.616593382 -0.436304753 -0.382934045 0.531800979 -1.040638 0.428557 -0.014799 -0.421057 0.056401 -0.041684 0.005040 -0.011021 -0.003292 -0.034871 -0.252834 0.057600
2673.643541000 0.621194357 -0.426782733 -0.381908990 0.534901480 -1.063544 0.432569 -0.015721 -0.447853 0.079755 -0.027417 0.005028 -0.011067 -0.003242 -0.031085 -0.252942 0.057559
2673.695624000 0.624309901 -0.416978572 -0.379232373 0.540877829 -1.085496 0.438390 -0.013263 -0.494528 0.134688 -0.007017 0.005006 -0.011139 -0.003173 -0.026322 -0.253664 0.056460
2673.747706000 0.624032451 -0.411422367 -0.375408665 0.548072504 -1.109796 0.447046 -0.010020 -0.538843 0.175816 0.002009 0.004983 -0.011230 -0.003085 -0.021661 -0.253916 0.056172
2673.799789000 0.623514024 -0.407161937 -0.371884330 0.554212473 -1.136868 0.457586 -0.007599 -0.568801 0.208213 0.011918 0.004961 -0.011302 -0.003018 -0.017367 -0.254048 0.056103
2673.851872000 0.622308361 -0.406810666 -0.367144652 0.558965285 -1.166010 0.469951 -0.005702 -0.590667 0.236945 0.011899 0.004950 -0.011376 -0.002964 -0.014532 -0.253538 0.057065
2673.903955000 0.621508386 -0.407963312 -0.363167053 0.561607473 -1.196476 0.483542 -0.005223 -0.572527 0.246908 0.011711 0.004953 -0.011443 -0.002931 -0.015229 -0.252738 0.058356
2673.956038000 0.622740926 -0.406832763 -0.360073227 0.563052496 -1.225042 0.496544 -0.004775 -0.551284 0.250071 0.013550 0.004938 -0.011470 -0.002909 -0.011487 -0.252495 0.058951
2674.008120000 0.623879907 -0.403008178 -0.356792095 0.566619512 -1.253081 0.510653 -0.003981 -0.525664 0.264273 0.027773 0.004932 -0.011540 -0.002848 -0.013051 -0.252071 0.059519
2674.060204000 0.626072468 -0.401220113 -0.347366370 0.571307527 -1.279481 0.525303 -0.001794 -0.506191 0.276899 0.025241 0.004914 -0.011597 -0.002797 -0.011400 -0.252070 0.059512
2674.112287000 0.627133562 -0.399128506 -0.335476638 0.578666878 -1.305242 0.539625 -0.000887 -0.461990 0.260252 -0.008375 0.004912 -0.011612 -0.002781 -0.009210 -0.252053 0.059588
2674.164370000 0.631129528 -0.389114933 -0.329438781 0.584581198 -1.329132 0.553102 -0.001351 -0.439841 0.258516 -0.039465 0.004916 -0.011643 -0.002762 -0.003953 -0.252004 0.059788
2674.216453000 0.635150477 -0.384628861 -0.325492906 0.585404885 -1.353004 0.566268 -0.003798 -0.423248 0.255492 -0.035911 0.004911 -0.011670 -0.002753 -0.000204 -0.252111 0.059809
2674.268536000 0.636864719 -0.377896770 -0.321180690 0.590288341 -1.376086 0.579463 -0.006938 -0.398995 0.243355 -0.024494 0.004933 -0.011754 -0.002716 0.000982 -0.250802 0.061967
2674.320619000 0.640029236 -0.370705338 -0.315727055 0.594353898 -1.398546 0.591250 -0.007979 -0.402880 0.222368 -0.024110 0.004936 -0.011811 -0.002675 0.005035 -0.251024 0.061758
2674.372702000 0.644202340 -0.362995673 -0.310300290 0.597453944 -1.420651 0.601734 -0.009189 -0.411550 0.194086 -0.034912 0.004934 -0.011846 -0.002649 0.008395 -0.251203 0.061555
2674.424785000 0.650278438 -0.353153284 -0.307187409 0.598378314 -1.443540 0.610857 -0.010856 -0.425728 0.167961 -0.026133 0.004929 -0.011880 -0.002624 0.012341 -0.251130 0.061849
2674.476868000 0.657672327 -0.342305886 -0.303637163 0.598413122 -1.467062 0.618538 -0.011588 -0.449825 0.147930 -0.027354 0.004922 -0.011936 -0.002587 0.017108 -0.251532 0.061317
2674.528950000 0.664158668 -0.333230230 -0.302834974 0.596776219 -1.492004 0.625632 -0.013464 -0.479549 0.137259 -0.026080 0.004920 -0.011967 -0.002570 0.019635 -0.251538 0.061454
2674.581033000 0.669895354 -0.327139589 -0.303155154 0.593562849 -1.517971 0.632592 -0.015595 -0.512726 0.142781 -0.015318 0.004923 -0.011956 -0.002583 0.020880 -0.251072 0.062323
2674.633116000 0.673841379 -0.324895895 -0.304281574 0.589739924 -1.546889 0.640032 -0.016815 -0.560576 0.160068 -0.011893 0.004927 -0.011937 -0.002608 0.025404 -0.251157 0.062414
2674.685199000 0.675291983 -0.330488803 -0.304551630 0.584812955 -1.578758 0.648978 -0.017530 -0.619228 0.184145 0.009644 0.004915 -0.011958 -0.002598 0.028394 -0.251304 0.062318
2674.737282000 0.674402717 -0.342412290 -0.303784989 0.579352639 -1.612111 0.658277 -0.017320 -0.638009 0.186224 -0.000707 0.004897 -0.011991 -0.002584 0.030714 -0.251400 0.062216
2674.789366000 0.672924381 -0.349674287 -0.311739765 0.572467457 -1.645023 0.669128 -0.017475 -0.627653 0.212097 0.027933 0.004888 -0.011989 -0.002588 0.031072 -0.251317 0.062457
2674.841449000 0.668162123 -0.360442259 -0.318297625 0.567738828 -1.677934 0.680894 -0.014968 -0.606735 0.239464 0.072808 0.004880 -0.012012 -0.002574 0.032224 -0.251500 0.062197
2674.893534000 0.661507949 -0.367959876 -0.324061073 0.567447957 -1.709122 0.693061 -0.011113 -0.581801 0.244783 0.055448 0.004893 -0.011998 -0.002598 0.033399 -0.251256 0.062512
2674.945615000 0.654112002 -0.376738208 -0.331763052 0.565808349 -1.739499 0.706112 -0.008766 -0.578371 0.259729 0.037508 0.004889 -0.012003 -0.002597 0.033346 -0.251191 0.062601
2674.997698000 0.645951478 -0.390061328 -0.337791855 0.562579338 -1.769019 0.719411 -0.007179 -0.549650 0.248910 0.024525 0.004889 -0.012003 -0.002597 0.033346 -0.251191 0.062601
2675.049780000 0.639698926 -0.399287140 -0.344986282 0.558873446 -1.797072 0.731953 -0.006630 -0.529550 0.229308 -0.001755 0.004890 -0.012003 -0.002597 0.033222 -0.251161 0.062653
2675.101863000 0.633410353 -0.406443817 -0.352636576 0.556095490 -1.825096 0.743654 -0.007166 -0.564169 0.230174 -0.032972 0.004905 -0.011986 -0.002604 0.034159 -0.251895 0.061506
2675.153946000 0.624581551 -0.418466237 -0.355830708 0.555129176 -1.855862 0.754476 -0.009512 -0.597701 0.226947 -0.064483 0.004879 -0.012033 -0.002575 0.033842 -0.251236 0.062486
2675.206031000 0.616377215 -0.429767890 -0.359092757 0.553562175 -1.888248 0.766202 -0.014222 -0.648767 0.217005 -0.112842 0.004879 -0.012030 -0.002580 0.033799 -0.251253 0.062470
2675.258112000 0.608220278 -0.442188970 -0.365686196 0.548462045 -1.924603 0.777901 -0.020628 -0.709335 0.225300 -0.130010 0.004883 -0.012022 -0.002593 0.034117 -0.251494 0.062091
2675.310196000 0.599896575 -0.455670702 -0.373492546 0.541287011 -1.964593 0.792350 -0.027546 -0.726489 0.238605 -0.104684 0.004888 -0.011985 -0.002651 0.033599 -0.251894 0.061485
2675.362278000 0.589708017 -0.470097434 -0.382370462 0.533896701 -2.001497 0.806792 -0.033333 -0.743881 0.278380 -0.081167 0.004905 -0.011966 -0.002650 0.032995 -0.251149 0.062677
2675.414360000 0.579248885 -0.484982000 -0.390950104 0.525757744 -2.039077 0.821579 -0.036163 -0.696757 0.291291 -0.018743 0.004905 -0.011966 -0.002650 0.032995 -0.251149 0.062677
2675.466444000 0.568862560 -0.502989805 -0.394203793 0.517687177 -2.075233 0.837630 -0.036619 -0.690752 0.318390 -0.004186 0.004905 -0.011966 -0.002650 0.032995 -0.251149 0.062677
2675.518527000 0.557054418 -0.524934551 -0.403036721 0.501692629 -2.111475 0.854244 -0.036823 -0.704741 0.326994 -0.003959 0.004905 -0.011966 -0.002650 0.032993 -0.251150 0.062674
2675.570609000 0.541992564 -0.549545275 -0.410214024 0.485765896 -2.146665 0.871853 -0.036058 -0.656618 0.327024 0.043548 0.004914 -0.011949 -0.002660 0.033230 -0.251259 0.062553
2675.622697000 0.523862572 -0.568983546 -0.414929602 0.479227666 -2.180424 0.888521 -0.033529 -0.643561 0.313048 0.042210 0.004914 -0.011949 -0.002660 0.033230 -0.251259 0.062553
2675.674776000 0.509313023 -0.585312278 -0.420648888 0.470174749 -2.213709 0.903940 -0.033103 -0.624217 0.272505 -0.016428 0.004914 -0.011949 -0.002660 0.033230 -0.251259 0.062553
2675.726858000 0.502626440 -0.594839084 -0.428774831 0.457914043 -2.245404 0.917005 -0.034325 -0.598686 0.232610 -0.027378 0.004914 -0.011949 -0.002660 0.033230 -0.251259 0.062553
2675.778941000 0.496487299 -0.600634242 -0.438085714 0.448129197 -2.276035 0.928637 -0.035135 -0.581701 0.216914 -0.007310 0.004914 -0.011949 -0.002660 0.033230 -0.251259 0.062553
2675.831019000 0.489134991 -0.608113522 -0.442901560 0.441342400 -2.306862 0.939698 -0.036174 -0.603739 0.211338 -0.034781 0.004914 -0.011949 -0.002660 0.033230 -0.251259 0.062553
2675.883107000 0.480732645 -0.619611683 -0.449333666 0.427874682 -2.338986 0.951171 -0.039124 -0.621265 0.230833 -0.071601 0.004914 -0.011949 -0.002660 0.033230 -0.251259 0.062553
2675.935190000 0.467063201 -0.634121394 -0.453650328 0.417065227 -2.369765 0.978513 -0.045715 -0.613536 0.250804 -0.093943 0.004968 -0.011762 -0.002841 0.032585 -0.250581 0.063217
2675.987273000 0.452022348 -0.649575584 -0.455349528 0.407902152 -2.401143 0.989522 -0.051934 -0.623435 0.247986 -0.137803 0.004963 -0.011749 -0.002825 0.032881 -0.250237 0.063716
2676.039356000 0.436758657 -0.664158897 -0.460612845 0.394931187 -2.431983 1.004545 -0.059857 -0.634209 0.257104 -0.164946 0.004991 -0.011708 -0.002856 0.034472 -0.250255 0.063542
2676.091438000 0.419278741 -0.679894335 -0.466782429 0.379556576 -2.465581 1.019125 -0.067863 -0.631889 0.260654 -0.150518 0.004990 -0.011685 -0.002882 0.034396 -0.250298 0.063327
2676.143521000 0.403827911 -0.694352738 -0.469447293 0.366628602 -2.499710 1.033448 -0.073727 -0.610240 0.272930 -0.135215 0.004981 -0.011647 -0.002936 0.033580 -0.250844 0.062346
2676.195604000 0.387882060 -0.709106316 -0.471564364 0.352622733 -2.530449 1.047981 -0.079393 -0.566788 0.283529 -0.115407 0.004981 -0.011638 -0.002958 0.033602 -0.251037 0.061871
2676.247687000 0.371657489 -0.724572348 -0.474616463 0.334073099 -2.559152 1.063660 -0.084499 -0.541059 0.283838 -0.072147 0.004983 -0.011605 -0.002988 0.033741 -0.251068 0.061616
2676.299765000 0.355096007 -0.734753473 -0.479744190 0.322319208 -2.587429 1.078441 -0.086238 -0.530212 0.276858 -0.008054 0.004978 -0.011595 -0.002989 0.033353 -0.250954 0.061790
2676.351853000 0.335764291 -0.744932766 -0.484216002 0.312845615 -2.614759 1.093354 -0.087536 -0.500590 0.275083 -0.021718 0.004991 -0.011586 -0.002985 0.035083 -0.250859 0.062022
2676.403936000 0.317881341 -0.755595638 -0.489109219 0.297991370 -2.640128 1.107851 -0.088868 -0.454317 0.267943 0.000479 0.004997 -0.011574 -0.002979 0.036080 -0.250702 0.062312
2676.456020000 0.301711600 -0.762706492 -0.494088786 0.288314392 -2.670267 1.124783 -0.088989 -0.436570 0.237023 0.026660 0.004964 -0.011547 -0.002984 0.035278 -0.250292 0.063152
2676.508103000 0.287936813 -0.766878716 -0.498386480 0.283901996 -2.693597 1.137006 -0.090326 -0.433438 0.245246 -0.007634 0.004980 -0.011543 -0.002965 0.036999 -0.250065 0.063814
2676.560185000 0.272911020 -0.772446872 -0.501677230 0.277786539 -2.716846 1.149649 -0.094276 -0.431939 0.264179 -0.052256 0.004991 -0.011567 -0.002936 0.038026 -0.249931 0.064348
2676.612268000 0.260818947 -0.776074026 -0.507271763 0.268994315 -2.739587 1.163056 -0.097683 -0.436698 0.250937 -0.058293 0.004995 -0.011585 -0.002927 0.038584 -0.249898 0.064338
2676.664351000 0.252908289 -0.776682324 -0.514905357 0.260143110 -2.762399 1.175588 -0.101791 -0.452256 0.255612 -0.073197 0.005012 -0.011563 -0.002933 0.039983 -0.250002 0.064297
2676.716434000 0.245503658 -0.777074957 -0.521709768 0.252391330 -2.787615 1.189436 -0.106590 -0.448359 0.278927 -0.057894 0.005025 -0.011589 -0.002917 0.041365 -0.249792 0.064602
2676.768517000 0.237308695 -0.778088207 -0.527003275 0.246030229 -2.811825 1.204475 -0.110707 -0.439422 0.317086 -0.042119 0.005034 -0.011603 -0.002895 0.042156 -0.249630 0.065056
2676.820600000 0.223780959 -0.783133930 -0.529371377 0.237464260 -2.832069 1.222144 -0.112587 -0.398954 0.358905 -0.048546 0.005055 -0.011534 -0.002929 0.044367 -0.249829 0.064723
2676.872684000 0.210832027 -0.789194715 -0.531698747 0.223647045 -2.849779 1.239473 -0.113568 -0.361063 0.356060 -0.021711 0.005072 -0.011540 -0.002922 0.046498 -0.249988 0.064405
2676.924766000 0.200298998 -0.793621540 -0.534149424 0.211493629 -2.865563 1.255445 -0.113350 -0.332591 0.320164 -0.001737 0.005091 -0.011550 -0.002909 0.048418 -0.250180 0.064102
2676.976849000 0.191145428 -0.795682168 -0.538666169 0.200479603 -2.879939 1.270802 -0.112784 -0.308893 0.299304 0.012947 0.005106 -0.011516 -0.002920 0.049541 -0.250316 0.063973
2677.028932000 0.181569991 -0.798143843 -0.541160583 0.192727704 -2.895179 1.284695 -0.109230 -0.287971 0.267622 0.039436 0.005088 -0.011580 -0.002922 0.048988 -0.250566 0.063226
2677.081015000 0.172424747 -0.799832220 -0.543393003 0.187782243 -2.907713 1.297249 -0.106615 -0.266517 0.262759 0.020914 0.005088 -0.011585 -0.002930 0.048648 -0.250769 0.062827
2677.133098000 0.162348667 -0.803159260 -0.544029561 0.180582251 -2.921011 1.309617 -0.106441 -0.258890 0.228628 -0.023130 0.005082 -0.011596 -0.002934 0.047805 -0.250879 0.062627
2677.185181000 0.155778550 -0.806742935 -0.544560431 0.168382950 -2.934277 1.320779 -0.108455 -0.235552 0.202380 -0.000443 0.005093 -0.011583 -0.002943 0.048630 -0.250920 0.062894
2677.237264000 0.145440511 -0.810255837 -0.545023885 0.159001575 -2.946863 1.332662 -0.109325 -0.212307 0.187334 0.012855 0.005103 -0.011534 -0.002974 0.049096 -0.250914 0.063131
2677.289346000 0.135744511 -0.809973090 -0.551095392 0.147685107 -2.958197 1.343277 -0.108346 -0.206593 0.190466 0.003469 0.005103 -0.011484 -0.003005 0.050021 -0.251168 0.062798
2677.341429000 0.126721733 -0.809078035 -0.557850420 0.134674591 -2.968311 1.353722 -0.107780 -0.188624 0.205964 0.008923 0.005100 -0.011460 -0.003020 0.050075 -0.251367 0.062545
2677.393512000 0.113810435 -0.809322861 -0.563359469 0.121118948 -2.976868 1.365142 -0.106579 -0.153351 0.243076 -0.000539 0.005096 -0.011449 -0.003035 0.050166 -0.251603 0.062106
2677.445595000 0.094685079 -0.810440921 -0.568466843 0.105193623 -2.981616 1.377308 -0.103906 -0.121915 0.262386 -0.027144 0.005087 -0.011416 -0.003062 0.048919 -0.252002 0.060913
2677.497678000 0.074393017 -0.811418758 -0.573234084 0.086417379 -2.983367 1.389673 -0.102411 -0.106331 0.236640 -0.001267 0.005083 -0.011370 -0.003092 0.046367 -0.252192 0.060064
2677.549760000 0.054607535 -0.810580523 -0.579271469 0.066496594 -2.984035 1.400686 -0.098791 -0.058962 0.210228 0.028134 0.005079 -0.011333 -0.003112 0.043920 -0.252313 0.059272
2677.601844000 0.034714263 -0.810166558 -0.583269267 0.047138409 -2.983757 1.410191 -0.093338 -0.022877 0.188676 0.073447 0.005074 -0.011312 -0.003127 0.041880 -0.252387 0.058584
2677.653927000 0.009988780 -0.810665892 -0.584591611 0.031203919 -2.982817 1.421011 -0.089183 0.013325 0.207066 0.066127 0.005070 -0.011259 -0.003155 0.041324 -0.252479 0.058336
2677.706010000 -0.010403367 -0.808895780 -0.587721197 0.012774233 -2.981403 1.431228 -0.082455 0.015878 0.173041 0.125822 0.005071 -0.011223 -0.003176 0.040956 -0.252514 0.057848
2677.758093000 -0.025005341 -0.802707555 -0.595845976 0.001698955 -2.981961 1.441113 -0.074380 0.029346 0.162793 0.130365 0.005069 -0.011218 -0.003183 0.040852 -0.252471 0.057662
2677.810176000 0.038249979 0.797165093 0.602468269 0.009835595 -2.981611 1.450295 -0.068038 0.040159 0.177117 0.089879 0.005066 -0.011254 -0.003167 0.041176 -0.252430 0.057606
2677.862259000 0.047693670 0.793288657 0.606583541 0.021790563 -2.981257 1.460188 -0.063782 0.032019 0.197702 0.075924 0.005062 -0.011279 -0.003152 0.041275 -0.252337 0.057721
2677.914341000 0.053185825 0.788984885 0.611207577 0.033157450 -2.980414 1.470726 -0.059636 0.009912 0.203815 0.084508 0.005057 -0.011289 -0.003142 0.040807 -0.252224 0.057873
2677.966424000 0.051702299 0.782493119 0.619314755 0.038478888 -2.982058 1.478811 -0.056962 -0.001521 0.222060 0.069954 0.005053 -0.011354 -0.003095 0.041636 -0.252168 0.058352
2678.018507000 0.052215559 0.778182948 0.624378097 0.043090909 -2.981904 1.491844 -0.055040 0.030548 0.284182 0.023515 0.005050 -0.011371 -0.003079 0.041199 -0.252038 0.058556
2678.070590000 0.054288107 0.774918784 0.627661012 0.050944412 -2.980493 1.507522 -0.054635 0.042787 0.319105 0.010370 0.005047 -0.011381 -0.003068 0.040806 -0.251906 0.058752
2678.122673000 0.056122601 0.770885610 0.632070057 0.055435301 -2.978481 1.525109 -0.054808 0.057427 0.360688 -0.008949 0.005046 -0.011382 -0.003061 0.040414 -0.251796 0.058933
2678.174757000 0.059118774 0.765800625 0.637677575 0.058495154 -2.976542 1.544596 -0.056935 0.073978 0.412701 -0.039084 0.005052 -0.011415 -0.003046 0.041516 -0.251845 0.059034
2678.226839000 0.063152388 0.762019296 0.641507863 0.061693035 -2.973122 1.567234 -0.059770 0.097255 0.457839 -0.035769 0.005055 -0.011427 -0.003037 0.041813 -0.251805 0.059196
2678.278922000 0.066780566 0.756965411 0.646857391 0.064181292 -2.967732 1.592113 -0.061134 0.103688 0.476533 -0.012449 0.005056 -0.011413 -0.003048 0.041634 -0.251693 0.059300
2678.331006000 0.068520988 0.753721449 0.650362916 0.065091693 -2.957592 1.616904 -0.060390 0.135441 0.478763 0.020154 0.005061 -0.011406 -0.003062 0.041635 -0.251344 0.059305
2678.383089000 0.070982294 0.751359359 0.652875172 0.064611435 -2.950465 1.641998 -0.058986 0.178076 0.484144 0.057065 0.005066 -0.011416 -0.003057 0.041953 -0.251332 0.059411
2678.435171000 0.074534515 0.750777395 0.653361475 0.062423496 -2.940365 1.666662 -0.055796 0.209263 0.488337 0.079293 0.005074 -0.011432 -0.003042 0.042239 -0.251175 0.059553
2678.487254000 0.078194426 0.750854952 0.652466766 0.066253992 -2.928311 1.692579 -0.050780 0.243698 0.495019 0.113713 0.005077 -0.011426 -0.003043 0.041871 -0.251076 0.059613
2678.539337000 0.084755437 0.748973691 0.653672282 0.067583089 -2.914614 1.718138 -0.044118 0.261598 0.480960 0.137798 0.005077 -0.011420 -0.003042 0.041589 -0.251085 0.059575
2678.591420000 0.090500627 0.744751730 0.657853317 0.066208090 -2.898179 1.744347 -0.036210 0.252272 0.468857 0.117033 0.005072 -0.011401 -0.003057 0.039322 -0.250755 0.059555
2678.643503000 0.094042063 0.740247221 0.662297696 0.067467801 -2.884780 1.768275 -0.030769 0.273309 0.450051 0.091362 0.005073 -0.011401 -0.003057 0.039420 -0.250796 0.059519
2678.695586000 0.099583894 0.737737892 0.663670554 0.073261495 -2.870197 1.791293 -0.026752 0.294838 0.431105 0.068516 0.005074 -0.011404 -0.003057 0.039550 -0.250848 0.059466
2678.747669000 0.108378514 0.735437581 0.663978110 0.080738669 -2.856125 1.812688 -0.023284 0.318833 0.404469 0.050886 0.005082 -0.011398 -0.003080 0.042122 -0.251045 0.059167
2678.799752000 0.119588174 0.732682970 0.664355612 0.086636914 -2.839220 1.834743 -0.019869 0.323861 0.400651 0.005460 0.005080 -0.011467 -0.003053 0.040878 -0.251010 0.058693
2678.851835000 0.130587198 0.730574901 0.663542482 0.094438722 -2.822375 1.855682 -0.019825 0.324481 0.389817 -0.019354 0.005067 -0.011439 -0.003070 0.041523 -0.251146 0.058561
2678.903918000 0.140537277 0.729145345 0.661790764 0.103098614 -2.806588 1.875163 -0.021472 0.324511 0.378093 -0.025985 0.005069 -0.011400 -0.003096 0.043345 -0.251340 0.058539
2678.956001000 0.148584424 0.727845219 0.660139528 0.111264591 -2.789771 1.895780 -0.022725 0.337354 0.386713 -0.039036 0.005064 -0.011387 -0.003106 0.043803 -0.251479 0.058369
2679.008084000 0.156244009 0.725877832 0.658830217 0.120962509 -2.771590 1.916753 -0.024338 0.363587 0.408221 -0.042968 0.005061 -0.011376 -0.003123 0.044464 -0.251586 0.058133
2679.060167000 0.163570178 0.723794871 0.657460053 0.130813073 -2.751412 1.938292 -0.025979 0.396193 0.430157 -0.039845 0.005056 -0.011383 -0.003129 0.044475 -0.251518 0.058069
2679.112249000 0.171811051 0.721501318 0.655319771 0.143083224 -2.729464 1.960391 -0.027856 0.435493 0.450627 -0.038485 0.005047 -0.011358 -0.003147 0.045385 -0.251667 0.057994
2679.164333000 0.179661600 0.718232306 0.653653992 0.156845537 -2.705608 1.982645 -0.028889 0.470225 0.448972 -0.016707 0.005047 -0.011340 -0.003172 0.046087 -0.251660 0.057901
2679.216413000 0.192675720 0.717274193 0.647975874 0.168881812 -2.679763 2.005223 -0.029742 0.488592 0.432548 -0.018977 0.005039 -0.011329 -0.003192 0.046240 -0.251658 0.057798
2679.268498000 0.204842409 0.718335134 0.639254115 0.182724928 -2.653512 2.026849 -0.030328 0.500453 0.397533 -0.009241 0.005040 -0.011320 -0.003213 0.046299 -0.251619 0.057718
2679.320582000 0.215180045 0.720412907 0.628878086 0.198028140 -2.627711 2.045973 -0.029995 0.478727 0.343360 0.031065 0.005041 -0.011315 -0.003224 0.046255 -0.251561 0.057691
2679.372665000 0.221854832 0.718375158 0.624608679 0.211143465 -2.602459 2.061778 -0.027893 0.495923 0.300144 0.049159 0.005053 -0.011311 -0.003240 0.046259 -0.251396 0.057799
2679.424748000 0.232004325 0.713096717 0.622525128 0.223896247 -2.576069 2.075538 -0.025834 0.506452 0.258290 0.030059 0.005056 -0.011301 -0.003252 0.046474 -0.251343 0.057809
2679.476830000 0.248617268 0.711321472 0.615024867 0.232283516 -2.547398 2.091525 -0.023487 0.513063 0.177692 0.069600 0.005046 -0.011338 -0.003240 0.044796 -0.251349 0.057616
2679.528914000 0.256318481 0.702572916 0.615586295 0.248486714 -2.522018 2.102686 -0.022103 0.466471 0.176958 0.046740 0.005064 -0.011361 -0.003248 0.042943 -0.250800 0.058011
2679.580996000 0.267269190 0.697980355 0.613201677 0.255683999 -2.497714 2.112443 -0.018889 0.430013 0.155824 0.033468 0.005062 -0.011371 -0.003256 0.042421 -0.250861 0.057766
2679.633080000 0.275202916 0.694533906 0.611384981 0.260949064 -2.473920 2.122393 -0.017886 0.439264 0.159886 -0.014560 0.005060 -0.011380 -0.003266 0.041906 -0.250967 0.057453
2679.685157000 0.284270956 0.693327554 0.607136128 0.264334351 -2.449631 2.132375 -0.019114 0.450575 0.154899 -0.048436 0.005058 -0.011384 -0.003274 0.041452 -0.250985 0.057272
2679.737246000 0.292131670 0.693042160 0.602909906 0.266179070 -2.425021 2.142432 -0.021998 0.455269 0.160717 -0.084619 0.005055 -0.011391 -0.003279 0.041017 -0.251061 0.057037
2679.789328000 0.300105604 0.694367241 0.597742410 0.265508517 -2.400048 2.152633 -0.027329 0.471610 0.162020 -0.121480 0.005058 -0.011393 -0.003288 0.040438 -0.250955 0.057022
2679.841411000 0.306085052 0.695794100 0.592821563 0.265979522 -2.375031 2.162537 -0.033459 0.484133 0.180261 -0.136701 0.005060 -0.011403 -0.003280 0.040356 -0.251133 0.056800
2679.893494000 0.309409041 0.697220523 0.589998940 0.264671190 -2.349532 2.172284 -0.040302 0.505599 0.181679 -0.131945 0.005061 -0.011405 -0.003277 0.040318 -0.251188 0.056765
2679.945577000 0.309389696 0.698008718 0.588931266 0.264993981 -2.321728 2.182370 -0.046254 0.552151 0.192853 -0.126209 0.005060 -0.011401 -0.003275 0.040837 -0.251404 0.056526
2679.997660000 0.310242455 0.697566897 0.587365409 0.268611094 -2.292481 2.192034 -0.052362 0.612625 0.188000 -0.089762 0.005060 -0.011406 -0.003262 0.040921 -0.251376 0.056657
2680.049743000 0.312433501 0.695622280 0.586836187 0.272246655 -2.260988 2.201021 -0.056154 0.635129 0.161258 -0.042658 0.005064 -0.011411 -0.003252 0.040949 -0.251304 0.056829
2680.101826000 0.316220536 0.694724701 0.584787099 0.274565496 -2.226713 2.209500 -0.057339 0.676781 0.132895 0.001569 0.005063 -0.011419 -0.003245 0.040832 -0.251259 0.056857
2680.153909000 0.323181466 0.692691032 0.583667655 0.273979821 -2.190977 2.216199 -0.056229 0.708349 0.115196 0.038723 0.005073 -0.011416 -0.003240 0.040937 -0.251204 0.056923
2680.205992000 0.330924414 0.691343646 0.580683811 0.274480067 -2.153307 2.222950 -0.054254 0.735765 0.101376 0.058008 0.005080 -0.011422 -0.003239 0.040649 -0.251089 0.057009
2680.258074000 0.337819676 0.687556319 0.579612132 0.277837994 -2.117749 2.225988 -0.051374 0.709579 0.091704 0.093312 0.005099 -0.011431 -0.003228 0.040310 -0.250887 0.057341
2680.310158000 0.340410263 0.682892038 0.582575083 0.279974267 -2.081580 2.231838 -0.046429 0.675520 0.085982 0.093758 0.005105 -0.011425 -0.003230 0.040117 -0.250788 0.057408
2680.362241000 0.345130541 0.677498488 0.584826581 0.282592602 -2.046058 2.237781 -0.042484 0.648338 0.086944 0.065873 0.005106 -0.011420 -0.003230 0.039863 -0.250681 0.057527
2680.414324000 0.346570461 0.672375199 0.586739383 0.289028378 -2.013166 2.243318 -0.039480 0.608443 0.094373 0.044421 0.005108 -0.011421 -0.003238 0.040068 -0.250631 0.057538
2680.466406000 0.349690748 0.668683596 0.585730002 0.295802287 -1.981638 2.249517 -0.037776 0.584716 0.094837 0.036066 0.005116 -0.011430 -0.003234 0.039735 -0.250577 0.057560
2680.518489000 0.354659468 0.664085752 0.584885158 0.301854481 -1.950906 2.255525 -0.035877 0.572854 0.101309 0.033983 0.005114 -0.011401 -0.003256 0.039886 -0.250561 0.057533
2680.570573000 0.359176589 0.658424648 0.586324933 0.306091871 -1.923102 2.260769 -0.034429 0.557024 0.123435 0.014474 0.005110 -0.011387 -0.003258 0.040363 -0.250585 0.057565
2680.622655000 0.359597635 0.652663698 0.587350867 0.315814182 -1.896298 2.265998 -0.033218 0.570053 0.139199 -0.018097 0.005098 -0.011374 -0.003255 0.041464 -0.250812 0.057280
2680.674738000 0.364310499 0.648403685 0.585909377 0.321808521 -1.866196 2.273952 -0.033517 0.580335 0.145572 -0.033346 0.005099 -0.011384 -0.003260 0.042326 -0.250905 0.056998
2680.726822000 0.367663777 0.643202029 0.584667863 0.330572211 -1.836987 2.281570 -0.035051 0.584816 0.155286 -0.044202 0.005094 -0.011373 -0.003258 0.042855 -0.250998 0.056883
2680.778904000 0.373344059 0.638709959 0.583030378 0.335766856 -1.804515 2.290676 -0.035979 0.612147 0.160172 -0.059084 0.005085 -0.011369 -0.003267 0.043883 -0.251202 0.056461
2680.830987000 0.379363527 0.635636421 0.579123645 0.341563256 -1.774497 2.298900 -0.039064 0.609101 0.182297 -0.060075 0.005080 -0.011328 -0.003274 0.044313 -0.251337 0.056426
2680.883070000 0.382848942 0.633242654 0.574854771 0.349245503 -1.741298 2.309540 -0.040809 0.620309 0.185431 -0.024986 0.005080 -0.011305 -0.003288 0.044812 -0.251377 0.056276
2680.935152000 0.388861356 0.630598409 0.568898531 0.357053153 -1.707363 2.319020 -0.041073 0.660191 0.160474 -0.012363 0.005079 -0.011279 -0.003306 0.045499 -0.251551 0.056026
2680.987236000 0.400441701 0.627662307 0.558456797 0.365803880 -1.671731 2.326559 -0.040779 0.682394 0.106503 0.015826 0.005083 -0.011265 -0.003318 0.045701 -0.251498 0.056001
2681.039319000 0.416597372 0.623511935 0.547710120 0.371070238 -1.637276 2.330939 -0.038759 0.643416 0.067147 0.041528 0.005081 -0.011255 -0.003334 0.045948 -0.251505 0.055838
2681.091402000 0.427503166 0.617577795 0.540812300 0.378630118 -1.604905 2.332996 -0.035132 0.637406 0.025607 0.060968 0.005078 -0.011249 -0.003348 0.046272 -0.251544 0.055597
2681.143485000 0.436469851 0.609768455 0.536861991 0.386595011 -1.575976 2.333272 -0.030461 0.618506 -0.008928 0.064366 0.005076 -0.011304 -0.003321 0.047334 -0.251617 0.055528
2681.195567000 0.445951611 0.601396970 0.532535245 0.394784825 -1.543499 2.332026 -0.027867 0.620754 -0.043137 0.016350 0.005077 -0.011306 -0.003329 0.047353 -0.251548 0.055466
2681.247650000 0.457968918 0.594076521 0.522560010 0.405300622 -1.513838 2.328918 -0.027270 0.594358 -0.052249 -0.000306 0.005076 -0.011310 -0.003327 0.047573 -0.251499 0.055485
2681.299733000 0.465513009 0.588439713 0.514804378 0.414744254 -1.486556 2.325076 -0.025913 0.544437 -0.039846 0.026671 0.005073 -0.011319 -0.003326 0.047669 -0.251511 0.055399
2681.351816000 0.470333428 0.582015649 0.513355681 0.420131165 -1.458628 2.322329 -0.025023 0.566198 -0.039622 -0.001255 0.005072 -0.011324 -0.003323 0.047609 -0.251478 0.055430
2681.403899000 0.475068264 0.574327781 0.511216975 0.427919325 -1.429218 2.319852 -0.026073 0.595882 -0.047422 -0.029712 0.005071 -0.011323 -0.003321 0.047645 -0.251431 0.055503
2681.455982000 0.479881946 0.567799537 0.505589077 0.437831804 -1.399689 2.316672 -0.028257 0.623329 -0.056953 -0.052100 0.005071 -0.011320 -0.003318 0.047785 -0.251378 0.055597
2681.508065000 0.486388532 0.559634492 0.502172026 0.445037850 -1.366274 2.312677 -0.031022 0.664556 -0.087703 -0.065388 0.005071 -0.011322 -0.003320 0.047843 -0.251368 0.055573
2681.560149000 0.494727182 0.551206138 0.501301651 0.447340434 -1.331332 2.308382 -0.035356 0.696303 -0.081994 -0.114442 0.005071 -0.011328 -0.003314 0.047915 -0.251375 0.055570
2681.612231000 0.499094210 0.547483548 0.497316785 0.451489479 -1.293871 2.304492 -0.041258 0.719485 -0.086521 -0.114961 0.005072 -0.011332 -0.003313 0.048110 -0.251514 0.055374
2681.664314000 0.502227287 0.544401887 0.496828267 0.452278687 -1.256304 2.300457 -0.045412 0.709038 -0.088144 -0.064317 0.005074 -0.011340 -0.003306 0.048244 -0.251633 0.055242
2681.716396000 0.505051898 0.542428529 0.494102318 0.454485170 -1.218474 2.294688 -0.048123 0.730787 -0.121719 -0.047140 0.005074 -0.011339 -0.003311 0.048285 -0.251674 0.055149
2681.768480000 0.511611673 0.540314970 0.487064631 0.457254060 -1.180554 2.287655 -0.048754 0.733784 -0.157077 0.026375 0.005077 -0.011334 -0.003314 0.048460 -0.251665 0.055158
2681.820563000 0.520867964 0.535575930 0.482591153 0.457122266 -1.142750 2.278900 -0.046821 0.724091 -0.178573 0.051582 0.005079 -0.011330 -0.003318 0.048700 -0.251641 0.055167
2681.872646000 0.529183424 0.528305290 0.481236766 0.457459943 -1.105604 2.270106 -0.043206 0.685504 -0.159474 0.084670 0.005081 -0.011328 -0.003323 0.048859 -0.251567 0.055209
2681.924729000 0.530421878 0.521828381 0.484373216 0.460141673 -1.069915 2.262617 -0.038659 0.656465 -0.132988 0.083765 0.005077 -0.011321 -0.003331 0.048884 -0.251515 0.055241
2681.976812000 0.530230613 0.518608847 0.484350568 0.464009577 -1.034958 2.256270 -0.035392 0.647398 -0.117471 0.053404 0.005078 -0.011322 -0.003334 0.048972 -0.251435 0.055287
2682.028895000 0.528617913 0.516837767 0.478295757 0.473998937 -1.001088 2.249847 -0.031986 0.611168 -0.125387 0.087799 0.005076 -0.011317 -0.003341 0.048931 -0.251382 0.055324
2682.080978000 0.530048768 0.512496177 0.476721192 0.478678261 -0.969083 2.242601 -0.026890 0.586692 -0.148753 0.089616 0.005078 -0.011309 -0.003348 0.049017 -0.251339 0.055324
2682.133056000 0.535843913 0.506565055 0.476611723 0.478648526 -0.936104 2.234250 -0.023883 0.613163 -0.158950 0.011662 0.005073 -0.011308 -0.003354 0.048971 -0.251302 0.055304
2682.185143000 0.539854931 0.504262998 0.472103037 0.481034516 -0.905980 2.226188 -0.025226 0.620103 -0.141824 -0.058486 0.005078 -0.011318 -0.003349 0.049077 -0.251366 0.055230
2682.237226000 0.537937653 0.505709339 0.465099373 0.488429851 -0.873333 2.219116 -0.028876 0.627241 -0.136142 -0.086823 0.005081 -0.011316 -0.003353 0.049141 -0.251403 0.055190
2682.289309000 0.535458915 0.508160870 0.456320775 0.496817503 -0.838602 2.211623 -0.034014 0.671338 -0.146249 -0.116574 0.005081 -0.011315 -0.003358 0.049198 -0.251423 0.055126
2682.341392000 0.536552525 0.508295078 0.446367095 0.504483814 -0.800747 2.202907 -0.039284 0.712113 -0.169482 -0.110325 0.005078 -0.011294 -0.003375 0.049390 -0.251480 0.054986
2682.393475000 0.544512614 0.505169259 0.439367107 0.505239129 -0.761660 2.193616 -0.043563 0.732719 -0.175165 -0.062334 0.005074 -0.011291 -0.003382 0.049412 -0.251530 0.054880
2682.445558000 0.552400798 0.499696630 0.434940975 0.505947611 -0.721901 2.184972 -0.045411 0.728370 -0.135596 -0.017565 0.005071 -0.011295 -0.003392 0.049434 -0.251554 0.054802
2682.497642000 0.556075347 0.496904411 0.429127962 0.509622809 -0.683943 2.178265 -0.045540 0.716072 -0.117124 0.001692 0.005071 -0.011294 -0.003400 0.049515 -0.251561 0.054741
2682.549724000 0.562507030 0.494857942 0.419203050 0.512806261 -0.646208 2.172061 -0.044267 0.700846 -0.113319 0.045008 0.005072 -0.011292 -0.003410 0.049586 -0.251546 0.054691
2682.601808000 0.572046258 0.490393084 0.410357609 0.513696734 -0.609308 2.166082 -0.041091 0.684301 -0.112561 0.068783 0.005070 -0.011289 -0.003416 0.049625 -0.251532 0.054673
2682.653890000 0.578744974 0.484118639 0.406232580 0.515420691 -0.573589 2.160733 -0.037267 0.675345 -0.090238 0.076656 0.005071 -0.011290 -0.003420 0.049638 -0.251510 0.054666
2682.705973000 0.580639455 0.476982418 0.406406577 0.519787736 -0.537482 2.156513 -0.032922 0.658887 -0.077175 0.083317 0.005073 -0.011290 -0.003424 0.049762 -0.251487 0.054655
2682.758056000 0.581544712 0.469773520 0.406784279 0.525019179 -0.502290 2.152194 -0.028908 0.639988 -0.081648 0.063712 0.005077 -0.011289 -0.003432 0.049881 -0.251464 0.054639
2682.810139000 0.583218543 0.463879774 0.404408635 0.530212545 -0.467718 2.148177 -0.025632 0.600286 -0.073593 0.066942 0.005077 -0.011292 -0.003436 0.049883 -0.251358 0.054716
2682.862222000 0.584071983 0.458969711 0.404484247 0.533478413 -0.436363 2.144493 -0.022091 0.580344 -0.069777 0.068798 0.005075 -0.011299 -0.003437 0.049856 -0.251282 0.054794
2682.914305000 0.584055258 0.454332415 0.409809160 0.533402254 -0.406430 2.140574 -0.019666 0.590991 -0.079895 0.022251 0.005072 -0.011296 -0.003439 0.049831 -0.251248 0.054867
2682.966388000 0.580793611 0.452955136 0.414227131 0.534720778 -0.374612 2.136291 -0.020268 0.621123 -0.092469 -0.039521 0.005075 -0.011315 -0.003437 0.049845 -0.251217 0.054873
2683.018470000 0.577871438 0.453000360 0.417208769 0.535529755 -0.341339 2.130794 -0.023278 0.651750 -0.121474 -0.070709 0.005075 -0.011322 -0.003432 0.049781 -0.251193 0.054913
2683.070548000 0.575048741 0.453894841 0.420387967 0.535324552 -0.308700 2.124344 -0.028103 0.690849 -0.133957 -0.097264 0.005078 -0.011324 -0.003429 0.049784 -0.251197 0.054972
2683.122637000 0.571823420 0.455307169 0.423811426 0.534880579 -0.271131 2.116718 -0.033095 0.736563 -0.165839 -0.096410 0.005080 -0.011336 -0.003426 0.049812 -0.251251 0.054914
2683.174720000 0.569149991 0.456750868 0.427054888 0.533920458 -0.232304 2.107733 -0.037856 0.779852 -0.186368 -0.081749 0.005084 -0.011350 -0.003421 0.049807 -0.251271 0.054871
2683.226802000 0.564069886 0.460235546 0.428428260 0.535217369 -0.192021 2.099877 -0.039994 0.794523 -0.200944 -0.035926 0.005096 -0.011420 -0.003362 0.049692 -0.251403 0.054439
2683.278885000 0.557401816 0.463153062 0.433746085 0.535403391 -0.151049 2.088696 -0.040472 0.796601 -0.236052 0.019576 0.005099 -0.011428 -0.003360 0.049734 -0.251379 0.054459
2683.330968000 0.556821097 0.464141769 0.440304550 0.529768428 -0.108634 2.075004 -0.039796 0.839607 -0.287729 0.013984 0.005101 -0.011437 -0.003359 0.049731 -0.251357 0.054478
2683.383051000 0.560917735 0.466178402 0.436677973 0.526651061 -0.063844 2.061325 -0.037871 0.819950 -0.261711 0.063010 0.005106 -0.011471 -0.003340 0.049787 -0.251390 0.054316
2683.435134000 0.555443464 0.470505625 0.438803387 0.526838307 -0.020407 2.048001 -0.032836 0.767277 -0.231068 0.133495 0.005106 -0.011442 -0.003365 0.050025 -0.251340 0.054464
2683.487217000 0.548673813 0.472185077 0.448426688 0.524320327 0.021196 2.035882 -0.026539 0.760903 -0.244586 0.108155 0.005113 -0.011447 -0.003364 0.050067 -0.251296 0.054479
2683.539300000 0.544615820 0.472981666 0.457037528 0.520383177 0.061491 2.022927 -0.023314 0.768393 -0.253918 0.030052 0.005120 -0.011458 -0.003364 0.049955 -0.251176 0.054564
2683.591383000 0.541352185 0.477363340 0.451733406 0.524403455 0.101174 2.009990 -0.023002 0.749097 -0.237076 0.019111 0.005128 -0.011460 -0.003366 0.049898 -0.251140 0.054601
2683.643466000 0.537955376 0.479436887 0.447514958 0.529598571 0.137489 1.997382 -0.020729 0.700308 -0.250356 0.065642 0.005128 -0.011473 -0.003365 0.049868 -0.251137 0.054636
2683.695549000 0.538902677 0.475863704 0.451291900 0.528652306 0.174309 1.983767 -0.018684 0.710436 -0.257059 0.004899 0.005126 -0.011472 -0.003367 0.049856 -0.251087 0.054685
2683.747632000 0.538004209 0.476181459 0.449072721 0.531165116 0.211468 1.969935 -0.020104 0.712703 -0.251043 -0.031693 0.005128 -0.011462 -0.003376 0.049870 -0.251039 0.054761
2683.799714000 0.536899040 0.477259903 0.447545285 0.532602688 0.249190 1.956206 -0.021544 0.707551 -0.244461 -0.036577 0.005124 -0.011423 -0.003388 0.050031 -0.251116 0.054706
2683.851798000 0.534381080 0.478904773 0.445531642 0.535339738 0.287421 1.943315 -0.023681 0.730484 -0.260717 -0.056929 0.005122 -0.011429 -0.003385 0.050035 -0.251142 0.054669
2683.903881000 0.534788008 0.477882693 0.442766259 0.538133774 0.326979 1.929111 -0.026908 0.762547 -0.281582 -0.070089 0.005120 -0.011431 -0.003383 0.050021 -0.251157 0.054641
2683.955963000 0.536163226 0.476762545 0.437948329 0.541689700 0.369250 1.914300 -0.029887 0.782980 -0.285374 -0.059999 0.005116 -0.011437 -0.003383 0.050175 -0.251255 0.054495
2684.008046000 0.535880328 0.475919334 0.434282385 0.545648121 0.409420 1.901065 -0.031484 0.771509 -0.281815 -0.020912 0.005117 -0.011503 -0.003354 0.050015 -0.251276 0.054391
2684.060129000 0.536110718 0.476358438 0.430065104 0.548372085 0.448637 1.886365 -0.032393 0.790744 -0.304274 0.000257 0.005121 -0.011525 -0.003348 0.049910 -0.251226 0.054466
2684.112213000 0.542426027 0.475368171 0.419786049 0.550979836 0.490442 1.870146 -0.030337 0.795570 -0.348367 0.053142 0.005116 -0.011541 -0.003338 0.049939 -0.251269 0.054398
2684.164295000 0.553764471 0.472063591 0.410309597 0.549678916 0.530240 1.854523 -0.025911 0.751554 -0.314387 0.080021 0.005103 -0.011600 -0.003304 0.049909 -0.251307 0.054280
2684.216379000 0.556760470 0.471560153 0.406310224 0.550055273 0.567229 1.839884 -0.021263 0.727943 -0.269912 0.076789 0.005105 -0.011617 -0.003300 0.049966 -0.251375 0.054207
2684.268461000 0.554730177 0.472325682 0.404080038 0.553084264 0.605497 1.825082 -0.018742 0.703959 -0.260856 0.050018 0.005114 -0.011605 -0.003316 0.049850 -0.251235 0.054381
2684.320544000 0.556031800 0.470261107 0.401440950 0.555453231 0.641760 1.811534 -0.016944 0.676059 -0.262840 0.019046 0.005116 -0.011619 -0.003311 0.049762 -0.251195 0.054413
2684.372627000 0.560216461 0.466337142 0.397279325 0.557544909 0.676289 1.799048 -0.016345 0.645400 -0.236558 0.006065 0.005117 -0.011642 -0.003305 0.049706 -0.251189 0.054401
2684.424710000 0.565584668 0.460128972 0.398408775 0.556476200 0.710379 1.787217 -0.016296 0.648669 -0.230410 -0.019929 0.005116 -0.011659 -0.003300 0.049683 -0.251198 0.054368
2684.476793000 0.571120750 0.454143428 0.401201813 0.553725510 0.744223 1.775535 -0.018226 0.671018 -0.231739 -0.075006 0.005113 -0.011671 -0.003295 0.049796 -0.251303 0.054234
2684.528876000 0.575650918 0.450666518 0.400898860 0.552092216 0.780453 1.763397 -0.023213 0.702337 -0.248138 -0.121411 0.005109 -0.011682 -0.003288 0.049825 -0.251367 0.054143
2684.580959000 0.579035878 0.449307814 0.400637509 0.549845002 0.816503 1.750944 -0.029808 0.709868 -0.251856 -0.126072 0.005115 -0.011695 -0.003283 0.049755 -0.251347 0.054152
2684.633042000 0.579818846 0.449236152 0.404440843 0.546282519 0.855476 1.738256 -0.035805 0.737492 -0.278578 -0.126939 0.005112 -0.011715 -0.003271 0.049764 -0.251416 0.054034
2684.685125000 0.579995273 0.448828538 0.407624807 0.544059228 0.894723 1.723378 -0.042333 0.784603 -0.318996 -0.124034 0.005111 -0.011728 -0.003264 0.049756 -0.251425 0.054008
2684.737207000 0.579478119 0.449184110 0.408857749 0.543391282 0.935459 1.707158 -0.047985 0.806653 -0.331267 -0.089498 0.005111 -0.011740 -0.003257 0.049739 -0.251405 0.054020
2684.789290000 0.575889709 0.451317188 0.410739510 0.544019204 0.977641 1.690257 -0.051277 0.812988 -0.342973 -0.035625 0.005112 -0.011751 -0.003251 0.049726 -0.251401 0.054002
2684.841373000 0.575977740 0.451408738 0.415539041 0.540191725 1.020923 1.670767 -0.052305 0.825963 -0.402073 -0.005777 0.005114 -0.011756 -0.003252 0.049720 -0.251389 0.054015
2684.893456000 0.584149325 0.448821933 0.413587468 0.535045648 1.066065 1.649061 -0.053119 0.841976 -0.409528 -0.005583 0.005114 -0.011752 -0.003255 0.049744 -0.251363 0.054049
2684.945539000 0.587911322 0.447829672 0.408791911 0.535441908 1.109244 1.628313 -0.052162 0.796835 -0.367681 0.060947 0.005117 -0.011744 -0.003265 0.049729 -0.251305 0.054148
2684.997622000 0.588153605 0.445548711 0.415126125 0.532195437 1.150861 1.609976 -0.048976 0.768395 -0.339357 0.041484 0.005117 -0.011749 -0.003263 0.049740 -0.251293 0.054147
2685.049705000 0.586253692 0.447735184 0.417506016 0.530592631 1.191597 1.593726 -0.047992 0.776131 -0.312489 -0.006917 0.005115 -0.011760 -0.003253 0.049772 -0.251340 0.054060
2685.101788000 0.583510659 0.453083052 0.410045815 0.534877078 1.232629 1.578581 -0.047187 0.740781 -0.265515 0.058925 0.005113 -0.011763 -0.003249 0.049777 -0.251326 0.054048
2685.153871000 0.577193325 0.456538522 0.413190212 0.536371413 1.272792 1.564302 -0.042056 0.688367 -0.246887 0.122440 0.005113 -0.011756 -0.003250 0.049800 -0.251261 0.054055
2685.205954000 0.572838506 0.456351075 0.421600913 0.534651674 1.312837 1.548831 -0.036879 0.713060 -0.271753 0.063760 0.005104 -0.011724 -0.003258 0.050052 -0.251279 0.054034
2685.258037000 0.567884712 0.459060162 0.422355372 0.537016444 1.353515 1.533481 -0.034680 0.716649 -0.278220 0.015361 0.005098 -0.011702 -0.003261 0.050193 -0.251321 0.053946
2685.310120000 0.564073019 0.461157483 0.424211759 0.537772990 1.393772 1.517858 -0.034071 0.729096 -0.296229 -0.005765 0.005091 -0.011698 -0.003260 0.050290 -0.251320 0.053914
2685.362204000 0.558883535 0.464154128 0.422278593 0.542117081 1.434490 1.501241 -0.034844 0.753828 -0.328920 -0.015948 0.005087 -0.011698 -0.003258 0.050339 -0.251301 0.053907
2685.414287000 0.555661629 0.464734122 0.421363155 0.545633065 1.477838 1.483639 -0.035785 0.799581 -0.363339 -0.026314 0.005087 -0.011726 -0.003247 0.050267 -0.251285 0.053870
2685.466370000 0.552056561 0.466890511 0.417648186 0.550287923 1.522008 1.463693 -0.036997 0.824617 -0.381308 -0.016234 0.005078 -0.011725 -0.003246 0.050331 -0.251256 0.053878
2685.518452000 0.548672207 0.469750363 0.413679167 0.554222837 1.566917 1.442713 -0.037164 0.835725 -0.407816 0.005842 0.005067 -0.011721 -0.003245 0.050413 -0.251225 0.053893
2685.570535000 0.550676612 0.471579064 0.406995722 0.555628417 1.613529 1.419955 -0.036664 0.848969 -0.439619 0.016567 0.005061 -0.011717 -0.003249 0.050466 -0.251201 0.053926
2685.622618000 0.557557067 0.471742724 0.395017748 0.557270040 1.659863 1.395621 -0.035499 0.828171 -0.449050 0.047869 0.005059 -0.011715 -0.003253 0.050481 -0.251154 0.053980
2685.674700000 0.560447780 0.469294794 0.388796828 0.560800953 1.700631 1.372303 -0.031792 0.753073 -0.411921 0.112336 0.005059 -0.011709 -0.003262 0.050391 -0.251067 0.054098
2685.726784000 0.559156522 0.464982384 0.393941931 0.562089958 1.741337 1.348126 -0.028122 0.714110 -0.421113 0.062703 0.005074 -0.011677 -0.003283 0.050242 -0.250965 0.054247
2685.778866000 0.558526844 0.462639991 0.394482215 0.564265705 1.780011 1.325751 -0.026330 0.672004 -0.396973 0.028960 0.005069 -0.011673 -0.003287 0.050274 -0.250927 0.054293
2685.830949000 0.557309227 0.463824951 0.395592664 0.563719154 1.816681 1.304812 -0.024440 0.652491 -0.364986 0.045160 0.005068 -0.011653 -0.003295 0.050324 -0.250918 0.054291
2685.883033000 0.553452430 0.466593288 0.400818189 0.561538860 1.852549 1.285858 -0.022589 0.663959 -0.371524 0.024325 0.005069 -0.011650 -0.003297 0.050333 -0.250861 0.054324
2685.935115000 0.551807965 0.465736978 0.406555897 0.559740422 1.890840 1.265329 -0.022510 0.691044 -0.431353 -0.022647 0.005072 -0.011677 -0.003289 0.050227 -0.250797 0.054338
2685.987195000 0.555025951 0.461985374 0.409540478 0.557487493 1.928033 1.241627 -0.025582 0.690588 -0.470044 -0.071838 0.005083 -0.011684 -0.003287 0.050035 -0.250714 0.054388
2686.039281000 0.555256659 0.460862225 0.414263862 0.554690458 1.971343 1.216349 -0.029500 0.695427 -0.481109 -0.113767 0.005078 -0.011699 -0.003275 0.050157 -0.250832 0.054205
2686.091365000 0.553272881 0.462947346 0.418008453 0.552121188 2.013728 1.189588 -0.035448 0.723025 -0.510512 -0.119323 0.005083 -0.011697 -0.003273 0.050132 -0.250885 0.054096
2686.143447000 0.548240587 0.466551516 0.423403773 0.549991988 2.054469 1.162021 -0.040642 0.736081 -0.542029 -0.089689 0.005086 -0.011697 -0.003271 0.050111 -0.250892 0.054048
2686.195530000 0.540328524 0.472241923 0.427825045 0.549543795 2.093242 1.133494 -0.044010 0.736377 -0.568787 -0.030853 0.005082 -0.011703 -0.003266 0.050208 -0.250902 0.053984
2686.247613000 0.534019787 0.476415664 0.436714291 0.545097799 2.134048 1.102649 -0.043747 0.721372 -0.600134 0.022069 0.005087 -0.011703 -0.003259 0.050147 -0.250922 0.053856
2686.299696000 0.530729204 0.482096498 0.441835743 0.539157356 2.172360 1.071203 -0.041700 0.721500 -0.599410 0.055543 0.005090 -0.011707 -0.003253 0.050067 -0.250922 0.053783
2686.351779000 0.524090821 0.490947335 0.443371466 0.536396559 2.211354 1.039946 -0.037555 0.704913 -0.589375 0.106935 0.005096 -0.011705 -0.003250 0.049904 -0.250892 0.053739
2686.403862000 0.515997551 0.497126405 0.451010187 0.532166962 2.247472 1.009010 -0.032168 0.675456 -0.591014 0.103371 0.005106 -0.011708 -0.003248 0.049669 -0.250854 0.053739
2686.455940000 0.511069967 0.499892017 0.458501898 0.527912370 2.283405 0.978321 -0.028441 0.674580 -0.578806 0.041420 0.005120 -0.011708 -0.003243 0.049380 -0.250842 0.053657
2686.508028000 0.510224720 0.503667858 0.452173518 0.530592624 2.319865 0.949679 -0.026750 0.644271 -0.518280 0.032180 0.005116 -0.011709 -0.003242 0.049473 -0.250854 0.053636
2686.560110000 0.507095911 0.506934972 0.451681213 0.530899947 2.349303 0.924140 -0.023641 0.565402 -0.497336 0.081467 0.005129 -0.011708 -0.003239 0.049221 -0.250848 0.053604
2686.612194000 0.505801991 0.505278938 0.461239826 0.525466805 2.373953 0.899398 -0.021012 0.585136 -0.507658 0.018687 0.005145 -0.011710 -0.003232 0.048857 -0.250846 0.053548
2686.664276000 0.503430114 0.508315371 0.462801221 0.523439235 2.406005 0.871558 -0.022437 0.608292 -0.508036 -0.054623 0.005157 -0.011698 -0.003236 0.048673 -0.250872 0.053503
2686.716359000 0.499237230 0.516212359 0.461240634 0.521098903 2.437501 0.845015 -0.027119 0.641465 -0.503920 -0.093208 0.005171 -0.011695 -0.003242 0.048380 -0.250822 0.053591
2686.768442000 0.493351272 0.523872031 0.461668516 0.518676005 2.469724 0.818639 -0.032512 0.673068 -0.504401 -0.084096 0.005187 -0.011691 -0.003245 0.048022 -0.250746 0.053677
2686.820525000 0.488331090 0.530705564 0.461415454 0.516701199 2.513876 0.789880 -0.036592 0.745273 -0.534869 -0.077507 0.005191 -0.011696 -0.003236 0.047977 -0.250741 0.053551
2686.872608000 0.486800055 0.534510398 0.459444076 0.515980117 2.555218 0.761102 -0.039896 0.794502 -0.549907 -0.069675 0.005186 -0.011690 -0.003235 0.048164 -0.250795 0.053463
2686.924691000 0.483053522 0.539281367 0.455860602 0.517712287 2.593754 0.733526 -0.043284 0.812360 -0.556397 -0.043516 0.005184 -0.011689 -0.003229 0.048156 -0.250753 0.053482
2686.976775000 0.486056527 0.540576648 0.451176467 0.517654070 2.634432 0.705488 -0.043954 0.829586 -0.575452 0.015014 0.005182 -0.011701 -0.003220 0.048150 -0.250769 0.053428
2687.028857000 0.494514165 0.537839338 0.446700232 0.516375338 2.677136 0.675719 -0.041326 0.828156 -0.571968 0.079458 0.005184 -0.011704 -0.003217 0.048111 -0.250773 0.053416
2687.080939000 0.499236686 0.535968247 0.448180101 0.512479625 2.719010 0.648024 -0.036170 0.784827 -0.502552 0.100636 0.005184 -0.011705 -0.003215 0.048164 -0.250820 0.053361
2687.133023000 0.499799812 0.534910868 0.451216829 0.510366421 2.759648 0.622571 -0.031329 0.787449 -0.489436 0.075323 0.005187 -0.011711 -0.003211 0.048136 -0.250847 0.053327
2687.185105000 0.500336198 0.533327291 0.451755056 0.511021583 2.798593 0.598735 -0.027733 0.704130 -0.440595 0.070326 0.005189 -0.011717 -0.003206 0.048070 -0.250851 0.053313
2687.237189000 0.499951872 0.531997001 0.457122713 0.508002108 2.832032 0.578627 -0.024214 0.661077 -0.401137 0.044400 0.005188 -0.011727 -0.003198 0.048090 -0.250906 0.053227
2687.289271000 0.500785981 0.530032134 0.467024657 0.500167280 2.864437 0.560765 -0.022855 0.667674 -0.365572 -0.013945 0.005186 -0.011743 -0.003191 0.048097 -0.250932 0.053178
2687.341354000 0.497517636 0.531489119 0.476700302 0.492699036 2.897178 0.545115 -0.023973 0.669573 -0.323414 -0.056208 0.005185 -0.011755 -0.003180 0.048093 -0.251019 0.053018
2687.393438000 0.491900714 0.535415870 0.486387144 0.484552454 2.930050 0.533614 -0.026348 0.661758 -0.284305 -0.080864 0.005182 -0.011789 -0.003161 0.048120 -0.251066 0.052834
2687.445522000 0.481529786 0.543015469 0.497281749 0.475367360 2.958074 0.525537 -0.029171 0.654091 -0.259592 -0.089415 0.005178 -0.011813 -0.003141 0.048147 -0.251151 0.052596
2687.497604000 0.470146953 0.550977574 0.509805455 0.464202492 2.992773 0.511695 -0.034056 0.680072 -0.272621 -0.096519 0.005178 -0.011813 -0.003141 0.048150 -0.251153 0.052595
2687.549687000 0.460142493 0.557135612 0.521788327 0.453437689 3.029347 0.496187 -0.038127 0.704147 -0.293893 -0.066320 0.005175 -0.011808 -0.003145 0.048222 -0.251191 0.052592
2687.601770000 0.451578903 0.563012989 0.531916168 0.442897345 3.064495 0.482025 -0.040547 0.697480 -0.289759 -0.026818 0.005175 -0.011808 -0.003142 0.048228 -0.251183 0.052568
2687.653852000 0.446764045 0.567530580 0.539875656 0.432255947 3.100531 0.466420 -0.040778 0.681917 -0.304488 0.021958 0.005175 -0.011808 -0.003142 0.048228 -0.251183 0.052568
2687.705936000 0.447036834 0.572014900 0.543643198 0.421199594 3.135317 0.450792 -0.038045 0.641804 -0.286977 0.086832 0.005175 -0.011808 -0.003142 0.048227 -0.251185 0.052568
2687.758018000 0.442158647 0.578850930 0.550850978 0.407419355 3.165989 0.437803 -0.032563 0.578396 -0.220935 0.088640 0.005174 -0.011807 -0.003142 0.048230 -0.251255 0.052519
2687.810102000 0.425317678 0.589409721 0.560743056 0.396570648 3.194775 0.427774 -0.028879 0.530773 -0.170690 0.047846 0.005174 -0.011807 -0.003142 0.048230 -0.251255 0.052519
2687.862184000 0.406934520 0.600718197 0.568816470 0.387285126 3.221645 0.419643 -0.027998 0.504749 -0.143245 -0.012808 0.005174 -0.011807 -0.003142 0.048230 -0.251255 0.052519
2687.914267000 0.391465380 0.613315858 0.569249545 0.382823027 3.239244 0.417499 -0.026608 0.467559 -0.123304 -0.005806 0.005174 -0.011813 -0.003130 0.048083 -0.251507 0.052202
2687.966351000 0.381120012 0.620993116 0.574965133 0.372196430 3.262990 0.411004 -0.026432 0.458170 -0.125283 -0.004072 0.005174 -0.011813 -0.003130 0.048083 -0.251507 0.052202
2688.018433000 0.375502040 0.624571899 0.582220196 0.360454997 3.287959 0.405107 -0.028703 0.481653 -0.085835 -0.078059 0.005174 -0.011813 -0.003130 0.048085 -0.251494 0.052218
2688.070517000 0.368685474 0.630719250 0.585155126 0.351934267 3.311047 0.402629 -0.033830 0.450337 -0.036230 -0.095010 0.005177 -0.011812 -0.003126 0.047983 -0.251455 0.052174
2688.122598000 0.358661931 0.638828871 0.588624069 0.341732349 3.334324 0.402755 -0.037633 0.418775 0.003617 -0.085141 0.005172 -0.011814 -0.003120 0.048130 -0.251520 0.052047
2688.174682000 0.346197429 0.646663552 0.592872675 0.332378673 3.360997 0.400733 -0.041875 0.435953 0.024178 -0.078371 0.005168 -0.011811 -0.003126 0.048268 -0.251567 0.052088
2688.226764000 0.335857100 0.652745238 0.596382640 0.324732827 3.381810 0.409562 -0.043957 0.459601 0.044468 -0.063734 0.005148 -0.011821 -0.003104 0.048820 -0.251577 0.051837
2688.278848000 0.326769384 0.657324558 0.600278450 0.317509020 3.405037 0.419078 -0.042658 0.470356 0.047694 -0.028898 0.005135 -0.011837 -0.003079 0.049174 -0.251781 0.051397
2688.330931000 0.324500803 0.662889615 0.599874888 0.308912132 3.441227 0.419085 -0.047597 0.462789 0.061680 -0.029792 0.005105 -0.011853 -0.003089 0.050245 -0.251485 0.051903
2688.383013000 0.320990795 0.669405074 0.597281540 0.303507031 3.460994 0.428229 -0.048265 0.393118 0.084323 0.028433 0.005080 -0.011861 -0.003082 0.051027 -0.251332 0.052049
2688.435096000 0.309510076 0.675412354 0.600282826 0.296111793 3.483431 0.433494 -0.045756 0.331469 0.102021 0.075175 0.005039 -0.011862 -0.003094 0.052352 -0.251217 0.052415
2688.487179000 0.295272054 0.679879900 0.607425273 0.285678621 3.506589 0.439246 -0.041391 0.335429 0.100363 0.070593 0.005006 -0.011866 -0.003094 0.053393 -0.251120 0.052598
2688.539262000 0.288508129 0.683335947 0.611643752 0.275148983 3.526850 0.444939 -0.039597 0.336431 0.105941 0.029797 0.004991 -0.011866 -0.003108 0.053892 -0.250980 0.052958
2688.591345000 0.284956991 0.687144189 0.613648865 0.264702564 3.541465 0.452590 -0.037090 0.277633 0.124424 0.033763 0.004966 -0.011866 -0.003103 0.054670 -0.251067 0.052881
2688.643428000 0.274822887 0.690955601 0.618788736 0.253284894 3.556348 0.459550 -0.033937 0.236957 0.131224 0.033035 0.004948 -0.011854 -0.003095 0.055310 -0.251105 0.052680
2688.695511000 0.262707070 0.694264556 0.626199936 0.238443624 3.572297 0.465741 -0.032804 0.222624 0.117656 0.012073 0.004943 -0.011858 -0.003097 0.055467 -0.251040 0.052761
2688.747594000 0.249656149 0.697542891 0.633120173 0.224197612 3.582599 0.471487 -0.031986 0.211298 0.093508 0.006106 0.004946 -0.011860 -0.003092 0.055402 -0.251070 0.052645
2688.799677000 0.237376617 0.700525202 0.640448056 0.206743973 3.593275 0.476055 -0.031654 0.205064 0.084602 -0.011201 0.004949 -0.011862 -0.003090 0.055268 -0.251112 0.052550
2688.851760000 0.222498040 0.704688787 0.645900489 0.191626965 3.608964 0.481593 -0.030542 0.191406 0.080577 -0.018805 0.004941 -0.011873 -0.003072 0.055588 -0.251215 0.052111
2688.903838000 0.205486173 0.709700737 0.650693196 0.175210334 3.621900 0.485371 -0.029167 0.158020 0.059506 -0.016226 0.004935 -0.011873 -0.003054 0.055837 -0.251379 0.051572
2688.955926000 0.183974992 0.716733173 0.653451147 0.159525418 3.629206 0.487822 -0.030405 0.113402 0.032815 -0.019284 0.004930 -0.011872 -0.003057 0.056010 -0.251364 0.051669
2689.008008000 0.159116748 0.723195552 0.656426654 0.144132239 3.634715 0.489112 -0.031735 0.089045 0.023312 -0.035766 0.004929 -0.011873 -0.003057 0.056054 -0.251356 0.051686
2689.060091000 0.136762328 0.729678017 0.656446068 0.133957521 3.639886 0.490344 -0.033428 0.069393 0.012322 -0.031734 0.004929 -0.011877 -0.003056 0.056075 -0.251360 0.051639
2689.112175000 0.119659552 0.735446411 0.655279844 0.124130957 3.643515 0.491165 -0.035105 0.044155 0.018225 -0.025980 0.004927 -0.011880 -0.003058 0.056149 -0.251335 0.051697
2689.164258000 0.108328323 0.742255494 0.651731981 0.112103442 3.646693 0.493249 -0.036703 0.015831 0.052998 -0.036370 0.004922 -0.011884 -0.003060 0.056363 -0.251304 0.051761
2689.216340000 0.099937742 0.749174329 0.646958597 0.100969536 3.647948 0.497704 -0.038571 -0.036368 0.085723 -0.034389 0.004918 -0.011892 -0.003060 0.056545 -0.251282 0.051787
2689.268423000 0.088664300 0.754597184 0.643850561 0.090433323 3.648154 0.503196 -0.037669 -0.105663 0.078166 0.015087 0.004916 -0.011904 -0.003047 0.056698 -0.251278 0.051467
2689.320506000 0.078390792 0.758202579 0.642740592 0.076604599 3.646923 0.508683 -0.034926 -0.167404 0.086352 0.029870 0.004912 -0.011913 -0.003032 0.056987 -0.251214 0.051029
2689.372589000 0.063112277 0.759044799 0.644356944 0.068351756 3.641522 0.515716 -0.032530 -0.238331 0.076125 0.064950 0.004907 -0.011945 -0.003027 0.057214 -0.251122 0.051061
2689.424672000 0.050857081 0.758170329 0.647579051 0.056856681 3.626702 0.521432 -0.028299 -0.274435 0.080776 0.087588 0.004906 -0.011962 -0.003024 0.057231 -0.251153 0.051073
2689.476756000 0.044378660 0.757293478 0.650001032 0.045119623 3.610447 0.526387 -0.023369 -0.316101 0.070474 0.090042 0.004905 -0.011970 -0.003022 0.057267 -0.251169 0.051051
2689.528838000 0.039459235 0.756039017 0.652636180 0.030232284 3.595786 0.531158 -0.018043 -0.355834 0.046045 0.073914 0.004896 -0.011986 -0.003014 0.057604 -0.251185 0.050948
2689.580922000 0.034462318 0.757089218 0.652136099 0.018621843 3.574871 0.533261 -0.015331 -0.415336 0.019457 0.057754 0.004892 -0.011988 -0.003020 0.057681 -0.251175 0.051067
2689.633004000 0.023503793 0.756621327 0.653371882 0.008770618 3.553639 0.535106 -0.010953 -0.443335 -0.004527 0.070279 0.004882 -0.012003 -0.003006 0.057980 -0.251246 0.050841
2689.685087000 -0.014597876 -0.754754754 -0.655843241 0.001343889 3.530623 0.533573 -0.006657 -0.446706 -0.026955 0.092333 0.004881 -0.011996 -0.003011 0.058038 -0.251211 0.050884
2689.737170000 -0.006532427 -0.753473965 -0.657363188 0.010389920 3.509751 0.536442 -0.000480 -0.436982 -0.031965 0.085690 0.004874 -0.012028 -0.002988 0.058246 -0.251397 0.050507
2689.789253000 0.003262821 -0.751652658 -0.659363642 0.015723306 3.485977 0.533514 0.003968 -0.428063 -0.077479 0.087787 0.004880 -0.012030 -0.002985 0.057987 -0.251479 0.050419
2689.841333000 0.015656691 -0.749884538 -0.660996824 0.022610728 3.465699 0.528986 0.009422 -0.400152 -0.096988 0.090694 0.004877 -0.012027 -0.002980 0.058088 -0.251537 0.050241
2689.893424000 0.021301205 -0.746967500 -0.663659325 0.033795157 3.446848 0.524187 0.014564 -0.378687 -0.074677 0.068699 0.004875 -0.012025 -0.002975 0.058110 -0.251560 0.050077
2689.945503000 0.028450921 -0.745922482 -0.664645414 0.032197344 3.430208 0.519981 0.018678 -0.372653 -0.071957 0.051407 0.004870 -0.012020 -0.002971 0.058270 -0.251630 0.049879
2689.997584000 0.036257274 -0.744191161 -0.666238926 0.031474121 3.411114 0.516638 0.021001 -0.356536 -0.063986 0.039303 0.004870 -0.012022 -0.002971 0.058279 -0.251623 0.049884
2690.049667000 0.043129864 -0.740548870 -0.669876094 0.031515144 3.393876 0.514327 0.022637 -0.292607 0.000969 0.027029 0.004870 -0.012021 -0.002971 0.058277 -0.251627 0.049882
2690.101751000 0.035119816 -0.742521027 -0.667887090 0.036823340 3.380726 0.516092 0.023553 -0.223014 0.043371 0.005735 0.004870 -0.012021 -0.002971 0.058277 -0.251627 0.049882
2690.153833000 0.030829742 -0.741367581 -0.669496860 0.034606238 3.371157 0.518078 0.024009 -0.163832 0.042266 -0.006217 0.004869 -0.012020 -0.002968 0.058335 -0.251672 0.049811
2690.205916000 0.019847807 -0.744194973 -0.666385534 0.041354897 3.363127 0.521371 0.022040 -0.175335 0.081878 -0.082602 0.004869 -0.012020 -0.002968 0.058335 -0.251672 0.049811
2690.257999000 0.017030894 -0.750294505 -0.659641359 0.040513971 3.356545 0.525435 0.018368 -0.315066 0.081952 -0.162971 0.004878 -0.012012 -0.002942 0.057773 -0.251920 0.049058
2690.310082000 0.032057071 -0.753288352 -0.656131349 0.031947712 3.338009 0.527430 0.010502 -0.425110 0.023060 -0.131953 0.004882 -0.012005 -0.002938 0.057685 -0.251993 0.048861
2690.362173000 0.049580723 -0.753825979 -0.654422583 0.031925354 3.317117 0.529266 0.007809 -0.441767 0.009717 -0.026310 0.004878 -0.012010 -0.002924 0.057761 -0.252120 0.048556
2690.414248000 0.057543702 -0.752745219 -0.654410403 0.042548579 3.295142 0.530849 0.008335 -0.415062 0.043860 0.014292 0.004879 -0.012011 -0.002918 0.057785 -0.252112 0.048399
2690.466331000 0.056051320 -0.753107270 -0.653155896 0.055453261 3.274678 0.536619 0.010520 -0.412059 0.071606 0.000752 0.004871 -0.012022 -0.002901 0.058183 -0.252059 0.047949
2690.518414000 0.059466039 -0.750506601 -0.655107361 0.063545077 3.253013 0.542406 0.010956 -0.415516 0.068966 -0.003983 0.004862 -0.012036 -0.002886 0.058481 -0.252035 0.047781
2690.570497000 0.064714348 -0.748946281 -0.655939952 0.068075702 3.231221 0.545768 0.010325 -0.386182 0.098393 -0.011028 0.004903 -0.012075 -0.002890 0.057335 -0.252132 0.047990
2690.622580000 0.070661137 -0.748625428 -0.655637384 0.068604615 3.211669 0.551099 0.009304 -0.368846 0.100474 -0.029269 0.004905 -0.012080 -0.002897 0.057376 -0.252135 0.048062
2690.674663000 0.078859028 -0.746927560 -0.656834875 0.066696479 3.192656 0.557081 0.008099 -0.358209 0.093648 -0.020669 0.004909 -0.012092 -0.002889 0.057313 -0.252160 0.047941
2690.726745000 0.087806042 -0.741778924 -0.661814749 0.063681751 3.174644 0.562489 0.009467 -0.346746 0.054643 0.037391 0.004911 -0.012107 -0.002874 0.057409 -0.252199 0.047707
2690.778828000 0.094354771 -0.737642062 -0.665189219 0.067116830 3.157606 0.566050 0.012565 -0.328197 0.060168 0.050219 0.004911 -0.012110 -0.002866 0.057474 -0.252224 0.047547
2690.830912000 0.100284633 -0.733351885 -0.668765325 0.069935286 3.140324 0.570058 0.014898 -0.330178 0.073334 0.043130 0.004911 -0.012115 -0.002864 0.057544 -0.252228 0.047578
2690.882995000 0.104356442 -0.731429890 -0.669634455 0.075562863 3.123657 0.575089 0.016492 -0.313681 0.107632 0.014707 0.004911 -0.012116 -0.002863 0.057598 -0.252246 0.047564
2690.935077000 0.108473475 -0.730920819 -0.669252473 0.078034532 3.107837 0.583413 0.016984 -0.303137 0.129283 -0.010335 0.004913 -0.012128 -0.002846 0.057761 -0.252260 0.047404
2690.987160000 0.113216383 -0.731042782 -0.667584846 0.084196051 3.093018 0.592321 0.016373 -0.298652 0.169911 -0.040667 0.004906 -0.012128 -0.002842 0.058027 -0.252267 0.047291
2691.039243000 0.118448007 -0.732027467 -0.665308072 0.086435098 3.077614 0.603981 0.013751 -0.309164 0.217897 -0.063660 0.004900 -0.012129 -0.002839 0.058324 -0.252249 0.047229
2691.091327000 0.124356939 -0.732717581 -0.662895536 0.090718276 3.061746 0.616893 0.010486 -0.312276 0.247830 -0.070963 0.004896 -0.012128 -0.002839 0.058513 -0.252219 0.047195
2691.143409000 0.131697249 -0.733249149 -0.660167979 0.095811062 3.045136 0.631710 0.006523 -0.325427 0.306145 -0.105681 0.004895 -0.012126 -0.002834 0.058596 -0.252288 0.047054
2691.195492000 0.140053121 -0.734393529 -0.656656610 0.099264111 3.028477 0.650971 0.001482 -0.347291 0.359819 -0.105383 0.004879 -0.012119 -0.002835 0.059125 -0.252252 0.046942
2691.247575000 0.149868893 -0.733473378 -0.654766806 0.104098745 3.009652 0.670459 -0.003108 -0.375584 0.398536 -0.084382 0.004877 -0.012108 -0.002836 0.059231 -0.252240 0.046845
2691.299659000 0.158887885 -0.731793446 -0.653710035 0.109069625 2.989441 0.692163 -0.006209 -0.390464 0.439036 -0.040355 0.004873 -0.012095 -0.002837 0.059388 -0.252269 0.046756
2691.351741000 0.164969812 -0.731185510 -0.651522915 0.116921354 2.968878 0.715530 -0.006757 -0.396905 0.456142 0.009522 0.004869 -0.012086 -0.002837 0.059545 -0.252274 0.046686
2691.403824000 0.170709371 -0.730528991 -0.649263796 0.125068890 2.948109 0.739368 -0.004719 -0.394083 0.462671 0.060930 0.004865 -0.012073 -0.002839 0.059755 -0.252256 0.046647
2691.455907000 0.174035978 -0.728904167 -0.648243639 0.134871713 2.928162 0.764750 -0.000125 -0.373649 0.460768 0.093450 0.004854 -0.012075 -0.002837 0.060095 -0.252261 0.046618
2691.507990000 0.175508773 -0.727257823 -0.647169699 0.146506348 2.908696 0.788477 0.005233 -0.370011 0.446926 0.096155 0.004850 -0.012064 -0.002837 0.060342 -0.252163 0.046571
2691.560073000 0.178623895 -0.724755987 -0.646661091 0.157008589 2.888829 0.810250 0.010318 -0.373410 0.423400 0.085846 0.004849 -0.012046 -0.002838 0.060466 -0.252113 0.046507
2691.612155000 0.184735291 -0.721330045 -0.646417762 0.166432918 2.868895 0.830356 0.014632 -0.377213 0.396070 0.077090 0.004851 -0.012027 -0.002841 0.060535 -0.252047 0.046454
2691.664239000 0.190305287 -0.717898418 -0.646770688 0.173474602 2.849013 0.849738 0.018675 -0.373829 0.380711 0.067571 0.004851 -0.012008 -0.002843 0.060644 -0.251982 0.046404
2691.716322000 0.195570762 -0.714187852 -0.647205679 0.181142481 2.828493 0.866710 0.021764 -0.386301 0.347072 0.042024 0.004854 -0.011980 -0.002851 0.060663 -0.251932 0.046364
2691.768405000 0.201160157 -0.710827808 -0.647704102 0.186380831 2.807672 0.883494 0.023388 -0.400890 0.341041 0.010597 0.004856 -0.011963 -0.002856 0.060703 -0.251944 0.046329
2691.820488000 0.207383590 -0.709807618 -0.645722158 0.190284229 2.785440 0.898387 0.023552 -0.422216 0.310448 -0.005076 0.004861 -0.011934 -0.002863 0.060671 -0.251916 0.046284
2691.872571000 0.215832956 -0.707753978 -0.643541569 0.195843538 2.761930 0.911895 0.023368 -0.455834 0.283807 -0.006657 0.004865 -0.011910 -0.002870 0.060645 -0.251901 0.046259
2691.924653000 0.225018189 -0.705184844 -0.641473120 0.201478005 2.735312 0.926221 0.023087 -0.495021 0.289126 -0.033699 0.004862 -0.011882 -0.002876 0.060906 -0.251885 0.046120
2691.976736000 0.235340697 -0.702672682 -0.639480989 0.204767973 2.707633 0.940773 0.021043 -0.533778 0.304124 -0.050912 0.004866 -0.011873 -0.002875 0.060884 -0.251902 0.046038
2692.028819000 0.244449400 -0.699673890 -0.639235698 0.205130837 2.677661 0.956460 0.019138 -0.561987 0.337434 -0.032317 0.004869 -0.011858 -0.002877 0.060925 -0.251892 0.045955
2692.080902000 0.250250098 -0.697165822 -0.639733904 0.205122493 2.646691 0.974818 0.018704 -0.591060 0.367935 -0.005806 0.004869 -0.011847 -0.002880 0.061019 -0.251956 0.045876
2692.132985000 0.254413528 -0.693950836 -0.641627033 0.204989621 2.614314 0.994532 0.019630 -0.623761 0.411770 0.023697 0.004867 -0.011829 -0.002883 0.061182 -0.252021 0.045797
2692.185068000 0.255226649 -0.692037684 -0.643202753 0.205507715 2.580893 1.016063 0.021461 -0.644143 0.462092 0.041530 0.004868 -0.011811 -0.002888 0.061201 -0.251982 0.045776
2692.237151000 0.253134263 -0.692082335 -0.644206238 0.204800902 2.546098 1.040999 0.024644 -0.664453 0.490723 0.058501 0.004857 -0.011789 -0.002894 0.061533 -0.251963 0.045732
2692.289233000 0.250248786 -0.692835490 -0.644737066 0.204128990 2.510670 1.066753 0.028409 -0.665294 0.529256 0.064422 0.004849 -0.011763 -0.002902 0.061813 -0.251934 0.045711
2692.341317000 0.244192558 -0.696363763 -0.644470682 0.200262438 2.475871 1.094234 0.032277 -0.640975 0.560863 0.059267 0.004838 -0.011733 -0.002910 0.062185 -0.251934 0.045684
2692.393400000 0.233596419 -0.705837784 -0.639911277 0.194266035 2.442823 1.123563 0.034956 -0.610174 0.572313 0.032673 0.004830 -0.011707 -0.002916 0.062487 -0.251930 0.045660
2692.445483000 0.226368570 -0.710907029 -0.639927233 0.184015226 2.410984 1.151457 0.037208 -0.596722 0.508564 0.060952 0.004821 -0.011690 -0.002923 0.062702 -0.251956 0.045669
2692.497566000 0.219622355 -0.710722015 -0.643084792 0.181885101 2.380725 1.177604 0.041250 -0.555209 0.479394 0.063326 0.004807 -0.011680 -0.002930 0.063047 -0.251945 0.045704
2692.549648000 0.207507708 -0.713677839 -0.645041841 0.177554262 2.352488 1.201270 0.043748 -0.516700 0.457855 0.024599 0.004803 -0.011656 -0.002935 0.063155 -0.251925 0.045696
2692.601731000 0.197343438 -0.717922545 -0.645207330 0.171319257 2.325468 1.223618 0.045371 -0.501399 0.393889 0.029225 0.004797 -0.011645 -0.002939 0.063257 -0.251875 0.045680
2692.653815000 0.192114165 -0.716135146 -0.649291535 0.169301810 2.297185 1.243408 0.047224 -0.514750 0.344450 0.019372 0.004783 -0.011616 -0.002939 0.063440 -0.251734 0.045637
2692.705898000 0.191759927 -0.710584509 -0.655011777 0.171047827 2.269209 1.265696 0.048252 -0.524477 0.366534 -0.009658 0.004761 -0.011645 -0.002936 0.063816 -0.251686 0.045666
2692.757976000 0.186133509 -0.708777966 -0.657591327 0.174819218 2.240416 1.287725 0.046419 -0.550834 0.421020 -0.075984 0.004752 -0.011655 -0.002931 0.063974 -0.251592 0.045607
2692.810063000 0.182261852 -0.709244164 -0.658868349 0.172179649 2.210707 1.311741 0.041935 -0.592749 0.439287 -0.114423 0.004741 -0.011672 -0.002916 0.064015 -0.251644 0.045659
2692.862146000 0.182128958 -0.709557764 -0.659252099 0.169539057 2.177668 1.337067 0.036292 -0.641459 0.457171 -0.111358 0.004731 -0.011690 -0.002906 0.064121 -0.251620 0.045610
2692.914230000 0.183754057 -0.708925724 -0.659493428 0.169490953 2.143095 1.362144 0.031091 -0.681032 0.495580 -0.082287 0.004727 -0.011698 -0.002898 0.064175 -0.251587 0.045585
2692.966312000 0.183096441 -0.708143146 -0.660299741 0.170332704 2.105951 1.390382 0.027998 -0.710487 0.559458 -0.046927 0.004723 -0.011704 -0.002890 0.064188 -0.251598 0.045506
2693.018395000 0.180180403 -0.709168646 -0.660423508 0.168688007 2.067151 1.422150 0.027185 -0.714295 0.603928 0.010897 0.004721 -0.011706 -0.002881 0.064260 -0.251573 0.045454
2693.070478000 0.175351357 -0.711839686 -0.659559493 0.165883806 2.030603 1.455683 0.028675 -0.693276 0.630403 0.051527 0.004718 -0.011727 -0.002869 0.064312 -0.251447 0.045514
2693.122561000 0.167169264 -0.716783063 -0.657424886 0.161458962 1.994409 1.490643 0.031406 -0.669189 0.653844 0.050997 0.004718 -0.011735 -0.002869 0.064402 -0.251365 0.045518
2693.174644000 0.158280285 -0.723804121 -0.653403808 0.155301028 1.959595 1.524671 0.034131 -0.656784 0.620703 0.056429 0.004716 -0.011735 -0.002868 0.064456 -0.251327 0.045532
2693.226721000 0.152388579 -0.725576436 -0.653865020 0.150920815 1.925464 1.556325 0.037481 -0.639029 0.568560 0.065237 0.004715 -0.011740 -0.002866 0.064481 -0.251299 0.045553
2693.278809000 0.145572736 -0.727875096 -0.652477589 0.152575946 1.892053 1.585461 0.039438 -0.637562 0.538637 0.002237 0.004715 -0.011744 -0.002864 0.064482 -0.251307 0.045551
2693.330893000 0.142384885 -0.733597512 -0.648401138 0.145386379 1.858052 1.612919 0.038238 -0.644648 0.492874 -0.021862 0.004719 -0.011753 -0.002861 0.064475 -0.251318 0.045542
2693.382975000 0.142725612 -0.735820899 -0.647740229 0.136490290 1.826455 1.635924 0.038666 -0.615001 0.422438 0.034509 0.004716 -0.011757 -0.002875 0.064447 -0.251423 0.045521
2693.435058000 0.143473292 -0.735241105 -0.647265213 0.141009490 1.795170 1.656942 0.039569 -0.613074 0.408960 -0.014427 0.004717 -0.011770 -0.002869 0.064416 -0.251430 0.045556
2693.487141000 0.145965233 -0.734309151 -0.648427025 0.137936996 1.764070 1.678439 0.036966 -0.610435 0.437926 -0.063804 0.004719 -0.011786 -0.002863 0.064379 -0.251420 0.045604
2693.539225000 0.146220305 -0.734599607 -0.649243967 0.132156393 1.733923 1.702273 0.033834 -0.590110 0.469509 -0.062979 0.004715 -0.011805 -0.002867 0.064327 -0.251440 0.045625
2693.591308000 0.143299474 -0.736408200 -0.649371886 0.124436240 1.703071 1.728727 0.030095 -0.595595 0.492558 -0.069899 0.004715 -0.011844 -0.002861 0.064312 -0.251388 0.045642
2693.643390000 0.139976484 -0.737526868 -0.650684621 0.114325091 1.673335 1.754264 0.027232 -0.619289 0.499161 -0.045267 0.004714 -0.011868 -0.002863 0.064271 -0.251416 0.045667
2693.695473000 0.135999959 -0.736654001 -0.653814320 0.106638309 1.641992 1.779389 0.025248 -0.650538 0.517123 -0.019240 0.004721 -0.011897 -0.002855 0.064252 -0.251387 0.045747
2693.747556000 0.129207617 -0.736241326 -0.657120699 0.097193048 1.608879 1.805613 0.025209 -0.662990 0.523303 0.029411 0.004729 -0.011921 -0.002848 0.064301 -0.251362 0.045801
2693.799639000 0.119210932 -0.736090546 -0.660562058 0.087276741 1.575241 1.831286 0.027034 -0.664205 0.519825 0.055039 0.004739 -0.011944 -0.002846 0.064372 -0.251311 0.045801
2693.851721000 0.108974140 -0.738935371 -0.660570752 0.075798653 1.541214 1.856602 0.029814 -0.665674 0.476173 0.071244 0.004746 -0.011969 -0.002838 0.064479 -0.251322 0.045818
2693.903805000 0.099845120 -0.739827536 -0.662382421 0.062735129 1.509072 1.879762 0.033892 -0.611456 0.491618 0.079895 0.004752 -0.011992 -0.002833 0.064596 -0.251362 0.045813
2693.955888000 0.083904843 -0.744835249 -0.660175096 0.048469287 1.478375 1.904294 0.038375 -0.573266 0.454786 0.112886 0.004759 -0.012011 -0.002826 0.064735 -0.251393 0.045764
2694.007971000 0.067300509 -0.745330150 -0.661761864 0.044998263 1.450908 1.925408 0.044383 -0.513939 0.394181 0.098896 0.004762 -0.012037 -0.002820 0.064820 -0.251401 0.045766
2694.060054000 0.052472084 -0.749071511 -0.658989246 0.043263445 1.426146 1.943567 0.046949 -0.493888 0.324354 0.018391 0.004762 -0.012068 -0.002817 0.064828 -0.251430 0.045744
2694.112136000 0.051460162 -0.751556270 -0.656566769 0.037882755 1.400656 1.957488 0.046938 -0.525159 0.268941 -0.004157 0.004763 -0.012097 -0.002805 0.064736 -0.251458 0.045828
2694.164220000 0.056519162 -0.751557424 -0.656378262 0.033683828 1.372576 1.972318 0.045437 -0.533180 0.309008 -0.039335 0.004763 -0.012117 -0.002799 0.064717 -0.251418 0.045815
2694.216302000 0.058714497 -0.752821974 -0.654946302 0.029274982 1.345407 1.989228 0.042655 -0.543767 0.352074 -0.053906 0.004763 -0.012126 -0.002799 0.064704 -0.251390 0.045809
2694.268386000 0.058695969 -0.752612592 -0.655245924 0.027961552 1.316701 2.007839 0.039789 -0.561916 0.391875 -0.048714 0.004763 -0.012133 -0.002795 0.064640 -0.251393 0.045836
2694.320471000 0.055329123 -0.753358692 -0.654695036 0.027636559 1.287193 2.028464 0.036672 -0.581123 0.415321 -0.049213 0.004769 -0.012134 -0.002791 0.064713 -0.251369 0.045905
2694.372553000 0.054503722 -0.752966589 -0.655078760 0.030699822 1.255665 2.050205 0.033714 -0.618061 0.428698 -0.054667 0.004772 -0.012139 -0.002786 0.064732 -0.251384 0.045943
2694.424636000 0.056848832 -0.751723496 -0.656107304 0.034687202 1.223207 2.072603 0.029869 -0.644626 0.467497 -0.079511 0.004775 -0.012148 -0.002778 0.064785 -0.251358 0.046014
2694.476718000 0.062102487 -0.751433074 -0.655779037 0.038019353 1.188746 2.097152 0.025666 -0.667527 0.483040 -0.064866 0.004778 -0.012154 -0.002772 0.064810 -0.251358 0.046053
2694.528800000 0.069254516 -0.749699847 -0.656641407 0.044452370 1.153624 2.122339 0.022978 -0.668226 0.499637 -0.020104 0.004782 -0.012160 -0.002766 0.064843 -0.251340 0.046105
2694.580884000 0.078049352 -0.748282113 -0.655801355 0.062504089 1.121104 2.146136 0.022062 -0.645819 0.489010 0.031435 0.004790 -0.012158 -0.002770 0.064860 -0.251155 0.046251
2694.632967000 0.082997484 -0.747919791 -0.653374072 0.082642153 1.088607 2.173184 0.024716 -0.592084 0.554061 0.052822 0.004793 -0.012159 -0.002773 0.064837 -0.251183 0.046252
2694.685049000 0.084407890 -0.751897392 -0.646652917 0.096776163 1.058030 2.201884 0.027736 -0.571917 0.538271 0.079826 0.004797 -0.012161 -0.002771 0.064893 -0.251152 0.046261
2694.737132000 0.092368583 -0.749622500 -0.644918123 0.116682334 1.028439 2.228454 0.032656 -0.557252 0.497806 0.108555 0.004801 -0.012162 -0.002772 0.064894 -0.251152 0.046290
2694.789215000 0.102737516 -0.742575393 -0.647141629 0.138688502 0.999838 2.253877 0.037804 -0.529256 0.490661 0.087504 0.004805 -0.012163 -0.002772 0.064842 -0.251161 0.046295
2694.841298000 0.111890933 -0.737940003 -0.647152130 0.155303224 0.972980 2.279688 0.041526 -0.500402 0.509844 0.065228 0.004809 -0.012165 -0.002772 0.064773 -0.251174 0.046288
2694.893381000 0.119501414 -0.737274439 -0.644393455 0.164021001 0.947439 2.306269 0.044887 -0.481827 0.502455 0.063595 0.004811 -0.012165 -0.002772 0.064742 -0.251187 0.046282
2694.945464000 0.130705879 -0.733621075 -0.645582070 0.167152270 0.923896 2.332229 0.047887 -0.464313 0.490571 0.049817 0.004807 -0.012169 -0.002773 0.064737 -0.251177 0.046294
2694.997547000 0.141511654 -0.728802529 -0.648110977 0.169627497 0.899436 2.358996 0.050507 -0.442045 0.532841 0.028847 0.004808 -0.012176 -0.002765 0.064723 -0.251232 0.046213
2695.049629000 0.147276618 -0.726149013 -0.650034213 0.168738647 0.877268 2.388674 0.050944 -0.422707 0.584318 -0.002110 0.004807 -0.012180 -0.002765 0.064733 -0.251210 0.046199
2695.101713000 0.152291158 -0.723776863 -0.652744474 0.163948491 0.855232 2.420411 0.050421 -0.392103 0.621783 -0.014700 0.004807 -0.012184 -0.002760 0.064748 -0.251241 0.046158
2695.153796000 0.153842013 -0.721476375 -0.655739086 0.160657173 0.835074 2.454756 0.048949 -0.363815 0.688670 -0.027825 0.004810 -0.012193 -0.002758 0.064743 -0.251222 0.046177
2695.205878000 0.153547265 -0.722013114 -0.655575571 0.159188480 0.817405 2.491778 0.047815 -0.342454 0.761959 -0.049717 0.004810 -0.012192 -0.002757 0.064819 -0.251298 0.046137
2695.257961000 0.152731655 -0.725550482 -0.653072869 0.154095324 0.800966 2.533271 0.044301 -0.328542 0.843801 -0.076697 0.004811 -0.012199 -0.002756 0.064789 -0.251271 0.046127
2695.310044000 0.151958093 -0.731188994 -0.649745140 0.141783801 0.787422 2.577074 0.041260 -0.273698 0.874927 -0.046414 0.004812 -0.012208 -0.002758 0.064782 -0.251287 0.046110
2695.362128000 0.145234615 -0.742102258 -0.640475022 0.134100304 0.773406 2.623272 0.039335 -0.237255 0.861528 -0.001890 0.004816 -0.012211 -0.002753 0.064776 -0.251240 0.046064
2695.414210000 0.139659189 -0.750326299 -0.633622132 0.126604700 0.762053 2.667388 0.039223 -0.244530 0.840416 0.034029 0.004824 -0.012209 -0.002748 0.064813 -0.251123 0.046080
2695.466293000 0.141939986 -0.751782819 -0.633127308 0.117581654 0.747728 2.710212 0.042372 -0.275779 0.786738 0.098955 0.004828 -0.012210 -0.002746 0.064884 -0.251083 0.046066
2695.518376000 0.145940755 -0.749001209 -0.635772164 0.116156105 0.732590 2.750004 0.047806 -0.264721 0.707521 0.112734 0.004834 -0.012217 -0.002744 0.064856 -0.251012 0.046069
2695.570459000 0.148911247 -0.746804570 -0.638201869 0.113166910 0.718471 2.786319 0.052651 -0.239785 0.654319 0.090663 0.004840 -0.012222 -0.002741 0.064828 -0.250946 0.046070
2695.622542000 0.155397714 -0.744913245 -0.638736036 0.113895058 0.704595 2.819893 0.057334 -0.224107 0.591380 0.066658 0.004834 -0.012225 -0.002736 0.064881 -0.251095 0.046105
2695.674626000 0.165765981 -0.740065284 -0.641470362 0.115502337 0.693714 2.851749 0.059706 -0.182424 0.631273 0.032086 0.004836 -0.012237 -0.002733 0.064881 -0.251081 0.046116
2695.726708000 0.169269230 -0.735226640 -0.645642954 0.118046141 0.685149 2.885669 0.060596 -0.136131 0.659709 0.013664 0.004838 -0.012243 -0.002731 0.064862 -0.251049 0.046104
2695.778791000 0.169069387 -0.731846676 -0.648476158 0.123671571 0.678185 2.921760 0.059506 -0.108847 0.696165 -0.039950 0.004840 -0.012244 -0.002731 0.064884 -0.251010 0.046098
2695.830873000 0.171880183 -0.730864261 -0.647315998 0.131440608 0.671370 2.959450 0.056138 -0.111444 0.714617 -0.073912 0.004842 -0.012244 -0.002728 0.064867 -0.250976 0.046046
2695.882957000 0.180150748 -0.729064744 -0.645073584 0.141033250 0.665144 2.998076 0.051113 -0.113451 0.761569 -0.087322 0.004846 -0.012240 -0.002728 0.064882 -0.250880 0.046049
2695.935039000 0.190135327 -0.726675384 -0.643817756 0.145911411 0.659600 3.039565 0.047046 -0.108648 0.839990 -0.066877 0.004849 -0.012243 -0.002727 0.064834 -0.250916 0.046016
2695.987122000 0.199476067 -0.722997280 -0.645520015 0.144180936 0.653127 3.085822 0.044655 -0.073973 0.884337 0.001272 0.004850 -0.012246 -0.002724 0.064854 -0.250858 0.046034
2696.039205000 0.198130756 -0.723974505 -0.643845249 0.148554416 0.650420 3.132911 0.046906 -0.023373 0.896485 0.076923 0.004847 -0.012241 -0.002725 0.064876 -0.250861 0.046022
2696.091288000 0.193935451 -0.727262846 -0.638973394 0.158716088 0.649720 3.179079 0.052360 0.003623 0.867607 0.137515 0.004847 -0.012234 -0.002724 0.064901 -0.250786 0.045977
2696.143366000 0.194555493 -0.726666663 -0.636081390 0.171767827 0.649865 3.223641 0.061429 -0.000672 0.808968 0.204343 0.004846 -0.012224 -0.002724 0.064906 -0.250797 0.045957
2696.195454000 0.206829007 -0.717365904 -0.638477401 0.186961306 0.648786 3.265024 0.073457 -0.003728 0.745672 0.251300 0.004842 -0.012226 -0.002717 0.064992 -0.250798 0.045856
2696.247537000 0.216600796 -0.707923110 -0.640567257 0.203967041 0.648395 3.304447 0.085617 -0.006667 0.752555 0.212791 0.004842 -0.012226 -0.002713 0.065036 -0.250800 0.045799
2696.299620000 0.227661414 -0.700861744 -0.641698001 0.212571803 0.647162 3.342383 0.095077 -0.039067 0.701252 0.166475 0.004840 -0.012221 -0.002714 0.065053 -0.250798 0.045820
2696.351703000 0.243177319 -0.694710901 -0.641789916 0.215284137 0.645052 3.378599 0.101907 -0.042433 0.699801 0.095935 0.004839 -0.012216 -0.002716 0.065037 -0.250793 0.045863
2696.403786000 0.255593190 -0.692347675 -0.639094351 0.216529975 0.642450 3.415639 0.104125 -0.063430 0.736147 -0.006828 0.004841 -0.012216 -0.002716 0.064994 -0.250811 0.045882
2696.455869000 0.264481245 -0.693891020 -0.634883704 0.213278233 0.637666 3.455382 0.101366 -0.098555 0.748714 -0.096933 0.004842 -0.012217 -0.002713 0.065004 -0.250825 0.045820
2696.507952000 0.277011251 -0.692788041 -0.632442218 0.208149795 0.631812 3.493952 0.095705 -0.118467 0.709274 -0.123212 0.004846 -0.012219 -0.002714 0.064992 -0.250879 0.045829
2696.560035000 0.290402249 -0.689642687 -0.630475308 0.206301682 0.625370 3.532422 0.090267 -0.115450 0.747375 -0.106394 0.004849 -0.012223 -0.002713 0.064991 -0.250946 0.045822
2696.612113000 0.299388308 -0.688096331 -0.627581351 0.207440903 0.618820 3.573644 0.085887 -0.121974 0.796302 -0.074168 0.004850 -0.012227 -0.002711 0.065008 -0.251002 0.045810
2696.664201000 0.309330554 -0.685916424 -0.625074631 0.207641452 0.612033 3.616594 0.083218 -0.124823 0.821554 -0.032959 0.004850 -0.012230 -0.002709 0.065073 -0.251049 0.045781
2696.716284000 0.319701069 -0.683099646 -0.622947326 0.207611965 0.605661 3.660770 0.083422 -0.107777 0.845753 0.016572 0.004848 -0.012232 -0.002709 0.065217 -0.251122 0.045762
2696.768366000 0.324162842 -0.684204739 -0.619961267 0.205986296 0.600616 3.706450 0.085130 -0.083646 0.884406 0.042203 0.004847 -0.012236 -0.002707 0.065311 -0.251158 0.045751
2696.820449000 0.321875070 -0.690028124 -0.614889401 0.205350071 0.596616 3.753609 0.087092 -0.048916 0.878676 0.043269 0.004847 -0.012242 -0.002704 0.065343 -0.251117 0.045747
2696.872532000 0.317876311 -0.695965220 -0.609056571 0.208895085 0.594942 3.797061 0.089378 -0.044334 0.775428 0.038875 0.004841 -0.012229 -0.002707 0.065586 -0.251173 0.045730
2696.924619000 0.325750598 -0.693148964 -0.606753762 0.212793173 0.593184 3.835268 0.091384 -0.026105 0.697135 0.033441 0.004838 -0.012230 -0.002710 0.065739 -0.251208 0.045752
2696.976699000 0.331935788 -0.691083020 -0.604147923 0.217320453 0.592467 3.871975 0.093671 -0.003325 0.673576 0.037837 0.004835 -0.012226 -0.002714 0.065852 -0.251183 0.045756
2697.028781000 0.335458752 -0.689745084 -0.600015903 0.227376475 0.591261 3.908716 0.094334 -0.008808 0.679253 -0.020641 0.004830 -0.012227 -0.002713 0.066008 -0.251150 0.045730
2697.080864000 0.341406700 -0.687615006 -0.597161462 0.232433339 0.587263 3.948407 0.090919 -0.024379 0.707341 -0.060801 0.004831 -0.012247 -0.002706 0.065960 -0.251046 0.045723
2697.132947000 0.342409390 -0.686446279 -0.595888132 0.237622914 0.585182 3.987174 0.088191 -0.025546 0.729060 -0.065450 0.004827 -0.012250 -0.002703 0.066142 -0.251078 0.045691
2697.185030000 0.341854938 -0.684680998 -0.594792489 0.246107757 0.583594 4.026358 0.083936 -0.025346 0.756678 -0.112864 0.004823 -0.012251 -0.002699 0.066249 -0.251047 0.045655
2697.237113000 0.339875780 -0.685116271 -0.592207084 0.253753660 0.582188 4.067530 0.077324 -0.025232 0.805295 -0.151724 0.004818 -0.012251 -0.002699 0.066357 -0.251049 0.045635
2697.289196000 0.339980823 -0.683397321 -0.589214524 0.264966764 0.581972 4.108764 0.070069 -0.006630 0.793054 -0.140261 0.004813 -0.012246 -0.002699 0.066442 -0.251047 0.045609
2697.341279000 0.344386402 -0.679109634 -0.587962692 0.272961507 0.582091 4.150547 0.063384 0.001177 0.813709 -0.102842 0.004808 -0.012246 -0.002698 0.066526 -0.251018 0.045648
2697.393362000 0.348869511 -0.673642683 -0.588123030 0.280369226 0.583430 4.192781 0.059026 0.043799 0.836185 -0.048067 0.004804 -0.012250 -0.002695 0.066551 -0.250963 0.045666
2697.445445000 0.348314428 -0.673205279 -0.584619010 0.289296257 0.586881 4.238302 0.056918 0.079740 0.901691 -0.018652 0.004802 -0.012248 -0.002696 0.066552 -0.250941 0.045685
2697.497527000 0.345700065 -0.675859019 -0.580988709 0.293527122 0.592332 4.285156 0.057327 0.114116 0.901826 0.051589 0.004800 -0.012244 -0.002697 0.066570 -0.250906 0.045698
2697.549610000 0.342760305 -0.677441077 -0.580807472 0.293686296 0.598967 4.334011 0.062560 0.131326 0.935404 0.121931 0.004791 -0.012243 -0.002700 0.066695 -0.250931 0.045720
2697.601693000 0.336810709 -0.678750789 -0.580502942 0.298114487 0.606034 4.383992 0.069816 0.160346 0.895080 0.152510 0.004787 -0.012242 -0.002703 0.066599 -0.250878 0.045728
2697.653777000 0.335901998 -0.676158583 -0.582577807 0.300969297 0.613911 4.431041 0.076438 0.146175 0.880939 0.098402 0.004782 -0.012240 -0.002703 0.066537 -0.250849 0.045738
2697.705860000 0.335048305 -0.676611343 -0.585444403 0.295287273 0.620469 4.476417 0.080731 0.140847 0.798535 0.094699 0.004779 -0.012246 -0.002701 0.066515 -0.250816 0.045732
2697.757943000 0.336531314 -0.675055794 -0.585587502 0.296873081 0.627734 4.515588 0.085655 0.132142 0.702018 0.095994 0.004776 -0.012245 -0.002704 0.066541 -0.250814 0.045743
2697.810025000 0.340408707 -0.672481119 -0.583457291 0.302437838 0.634638 4.550753 0.089288 0.101168 0.686377 0.045204 0.004776 -0.012241 -0.002707 0.066485 -0.250805 0.045752
2697.862108000 0.346803180 -0.673714520 -0.573956304 0.310500339 0.638947 4.585458 0.089571 0.049747 0.654009 -0.033973 0.004774 -0.012240 -0.002709 0.066501 -0.250821 0.045778
2697.914191000 0.363437712 -0.671515035 -0.565769156 0.311264918 0.639707 4.618900 0.085309 0.003088 0.646598 -0.092102 0.004779 -0.012248 -0.002705 0.066292 -0.250801 0.045814
2697.966274000 0.379474517 -0.668528275 -0.560737907 0.307639457 0.638645 4.654396 0.079969 -0.030183 0.706343 -0.103526 0.004782 -0.012251 -0.002705 0.066181 -0.250814 0.045862
2698.018357000 0.392175556 -0.666054462 -0.554617922 0.308169997 0.635238 4.693973 0.074817 -0.045846 0.752089 -0.114569 0.004783 -0.012260 -0.002703 0.066220 -0.250864 0.045878
2698.070440000 0.407288346 -0.661330706 -0.550990149 0.305233938 0.631807 4.734784 0.068335 -0.083872 0.834518 -0.122488 0.004788 -0.012259 -0.002701 0.066092 -0.250864 0.045855
2698.122523000 0.420646222 -0.658028879 -0.546206980 0.302841023 0.626712 4.779934 0.063307 -0.116684 0.893874 -0.075008 0.004794 -0.012257 -0.002701 0.065865 -0.250846 0.045845
2698.174606000 0.433955469 -0.656144981 -0.538816880 0.301384778 0.619297 4.829214 0.059659 -0.156764 0.944571 -0.060342 0.004801 -0.012257 -0.002702 0.065604 -0.250840 0.045855
2698.226689000 0.442254258 -0.657492815 -0.535646098 0.291886325 0.610158 4.879341 0.057622 -0.178049 0.950114 0.011498 0.004806 -0.012261 -0.002701 0.065499 -0.250803 0.045850
2698.278772000 0.443351842 -0.661731683 -0.531987500 0.287297099 0.601624 4.927613 0.060422 -0.160650 0.914822 0.087683 0.004809 -0.012262 -0.002701 0.065454 -0.250803 0.045829
2698.330854000 0.448134505 -0.661405109 -0.529419157 0.285366613 0.592898 4.973853 0.064598 -0.156849 0.811836 0.085742 0.004810 -0.012266 -0.002698 0.065380 -0.250789 0.045838
2698.382937000 0.458549413 -0.654318023 -0.531740394 0.280806900 0.584046 5.018102 0.068504 -0.151027 0.787466 0.099650 0.004814 -0.012266 -0.002693 0.065218 -0.250749 0.045771
2698.435020000 0.455701966 -0.650344031 -0.540002256 0.278901279 0.574467 5.061951 0.074483 -0.160417 0.767862 0.150469 0.004813 -0.012264 -0.002699 0.065119 -0.250678 0.045775
2698.487103000 0.443592270 -0.649069285 -0.546755243 0.288086214 0.563878 5.106399 0.081930 -0.169741 0.770651 0.132824 0.004812 -0.012268 -0.002701 0.064929 -0.250582 0.045734
2698.539188000 0.430422892 -0.649851291 -0.549864477 0.300130788 0.554510 5.146788 0.085796 -0.204497 0.762504 0.041044 0.004815 -0.012267 -0.002705 0.064888 -0.250567 0.045717
2698.591269000 0.426568168 -0.646048249 -0.550210935 0.312936392 0.543291 5.186828 0.086276 -0.228733 0.724127 -0.008654 0.004814 -0.012263 -0.002707 0.064822 -0.250527 0.045722
2698.643353000 0.428179096 -0.642180690 -0.545625615 0.326434237 0.530255 5.226349 0.084301 -0.262872 0.738020 -0.059085 0.004812 -0.012264 -0.002707 0.064729 -0.250487 0.045750
2698.695436000 0.431686824 -0.637992978 -0.539791297 0.339465464 0.515083 5.264629 0.080020 -0.297314 0.758796 -0.107940 0.004811 -0.012269 -0.002698 0.064765 -0.250466 0.045718
2698.747518000 0.438312610 -0.632342432 -0.534508469 0.349751055 0.498930 5.302953 0.074119 -0.333035 0.785934 -0.132283 0.004811 -0.012267 -0.002691 0.064785 -0.250477 0.045609
2698.799601000 0.450211178 -0.625790466 -0.528239400 0.355892294 0.480496 5.343324 0.067776 -0.354615 0.785530 -0.117496 0.004810 -0.012268 -0.002684 0.064814 -0.250522 0.045541
2698.851684000 0.464559357 -0.617662468 -0.522065592 0.360728703 0.462170 5.382232 0.062887 -0.349180 0.787374 -0.070245 0.004811 -0.012269 -0.002678 0.064892 -0.250500 0.045431
2698.903767000 0.471432184 -0.613067820 -0.514749055 0.370044530 0.444492 5.422588 0.062056 -0.328153 0.794167 0.031268 0.004810 -0.012273 -0.002674 0.065011 -0.250482 0.045393
2698.955850000 0.472379446 -0.612990433 -0.502142864 0.385944210 0.428296 5.461502 0.066002 -0.309771 0.750390 0.099485 0.004811 -0.012271 -0.002672 0.065076 -0.250465 0.045328
2699.007933000 0.476946455 -0.609526389 -0.490118602 0.400978074 0.411854 5.498565 0.072371 -0.311849 0.683293 0.129243 0.004812 -0.012270 -0.002669 0.065037 -0.250433 0.045277
2699.060016000 0.486486530 -0.601343262 -0.474752931 0.419912839 0.394766 5.532449 0.077873 -0.301496 0.603471 0.075955 0.004815 -0.012273 -0.002664 0.064956 -0.250421 0.045174
2699.112099000 0.500810429 -0.590215341 -0.462940674 0.431880420 0.378708 5.560930 0.079996 -0.354205 0.577472 -0.026664 0.004819 -0.012266 -0.002661 0.064761 -0.250483 0.045069
2699.164181000 0.515943513 -0.582090657 -0.461506033 0.426596929 0.358373 5.592004 0.078224 -0.361526 0.537524 -0.020683 0.004817 -0.012266 -0.002661 0.064918 -0.250514 0.045138
2699.216264000 0.528198567 -0.571638642 -0.453730584 0.434009326 0.338283 5.619915 0.078087 -0.352829 0.527376 -0.003671 0.004816 -0.012280 -0.002654 0.064945 -0.250532 0.045072
2699.268348000 0.537077530 -0.562720706 -0.444415603 0.444283586 0.317242 5.649487 0.077053 -0.427667 0.546135 -0.057832 0.004817 -0.012282 -0.002654 0.064913 -0.250587 0.045150
2699.320431000 0.547556121 -0.555288993 -0.437414741 0.447777594 0.293698 5.678252 0.072799 -0.486051 0.522465 -0.094016 0.004818 -0.012275 -0.002656 0.064909 -0.250588 0.045160
2699.372514000 0.559502691 -0.545025069 -0.434636662 0.448325089 0.265618 5.709016 0.068284 -0.512045 0.526386 -0.069964 0.004819 -0.012283 -0.002650 0.064895 -0.250640 0.045134
2699.424597000 0.568746798 -0.533464338 -0.433048267 0.452119541 0.238057 5.737971 0.065124 -0.557912 0.553749 -0.069247 0.004815 -0.012273 -0.002641 0.065054 -0.250684 0.044888
2699.476679000 0.576675981 -0.524091132 -0.434352958 0.451786239 0.206043 5.770478 0.061183 -0.624831 0.584428 -0.063899 0.004813 -0.012276 -0.002636 0.065128 -0.250725 0.044903
2699.528764000 0.582994754 -0.518084991 -0.436866494 0.448165958 0.171298 5.803912 0.058846 -0.671625 0.622205 -0.005778 0.004811 -0.012281 -0.002632 0.065248 -0.250766 0.044953
2699.580845000 0.586163495 -0.514650500 -0.437418700 0.447450669 0.134267 5.838856 0.059113 -0.689106 0.630286 0.040164 0.004809 -0.012288 -0.002627 0.065349 -0.250761 0.044985
2699.632928000 0.587943133 -0.515493860 -0.436364834 0.445168153 0.096502 5.873602 0.061413 -0.711710 0.624580 0.079308 0.004806 -0.012294 -0.002623 0.065485 -0.250772 0.045064
2699.685011000 0.587973071 -0.518712730 -0.432873843 0.444797715 0.057740 5.908617 0.065591 -0.679518 0.569745 0.113609 0.004804 -0.012304 -0.002621 0.065575 -0.250752 0.045197
2699.737094000 0.595305849 -0.509112946 -0.434111136 0.444929742 0.021861 5.938187 0.071462 -0.652678 0.522661 0.126678 0.004799 -0.012309 -0.002614 0.065738 -0.250758 0.045225
2699.789176000 0.597543478 -0.503854767 -0.436306430 0.445767725 -0.015760 5.968254 0.076630 -0.655960 0.526313 0.125440 0.004802 -0.012329 -0.002603 0.065697 -0.250635 0.045252
2699.841260000 0.594319247 -0.504429770 -0.438515182 0.447257952 -0.049803 5.995898 0.082534 -0.626645 0.498573 0.103126 0.004798 -0.012330 -0.002603 0.065805 -0.250667 0.045295
2699.893343000 0.592272216 -0.503775786 -0.436371535 0.452773082 -0.083037 6.020452 0.086307 -0.598747 0.451690 0.048639 0.004796 -0.012341 -0.002597 0.065842 -0.250639 0.045292
2699.945426000 0.593850194 -0.498839345 -0.432527634 0.459805503 -0.116507 6.045888 0.086904 -0.601567 0.431260 -0.005440 0.004793 -0.012354 -0.002598 0.066002 -0.250605 0.045388
2699.997509000 0.597118093 -0.492836012 -0.427972706 0.466263885 -0.149503 6.068489 0.084873 -0.635523 0.421212 -0.062695 0.004789 -0.012359 -0.002598 0.066185 -0.250582 0.045443
2700.049591000 0.599168723 -0.488444636 -0.424521735 0.471380925 -0.183918 6.091179 0.080265 -0.664786 0.425381 -0.093521 0.004786 -0.012361 -0.002601 0.066277 -0.250544 0.045511
2700.101674000 0.601752109 -0.481575878 -0.420643873 0.478578944 -0.219031 6.113846 0.075113 -0.680032 0.449074 -0.079069 0.004782 -0.012363 -0.002603 0.066394 -0.250509 0.045583
2700.153758000 0.603573674 -0.474943674 -0.414600215 0.488092194 -0.255734 6.138164 0.071583 -0.728126 0.506975 -0.058684 0.004779 -0.012365 -0.002602 0.066532 -0.250467 0.045611
2700.205841000 0.607253461 -0.466737073 -0.411699948 0.493865257 -0.294681 6.165093 0.069814 -0.798050 0.550720 -0.015273 0.004772 -0.012358 -0.002604 0.066776 -0.250471 0.045593
2700.257923000 0.610465279 -0.457927112 -0.410049450 0.499494096 -0.337452 6.194075 0.071208 -0.835817 0.569437 0.052549 0.004767 -0.012354 -0.002604 0.066941 -0.250458 0.045547
2700.310006000 0.615164980 -0.444948345 -0.408472028 0.506698746 -0.381123 6.223807 0.075203 -0.822220 0.557666 0.133715 0.004765 -0.012352 -0.002602 0.066975 -0.250397 0.045556
2700.362089000 0.621043393 -0.431991347 -0.405683855 0.512941703 -0.425348 6.253345 0.084378 -0.830822 0.547204 0.198567 0.004761 -0.012355 -0.002601 0.067224 -0.250334 0.045483
2700.414172000 0.622873909 -0.426093583 -0.401994172 0.518529689 -0.466395 6.282838 0.092684 -0.812646 0.523833 0.238148 0.004768 -0.012347 -0.002612 0.066835 -0.250154 0.045745
2700.466257000 0.624634304 -0.417489465 -0.394493273 0.529064826 -0.506761 6.308451 0.105059 -0.734920 0.451672 0.202516 0.004768 -0.012344 -0.002610 0.066866 -0.250164 0.045619
2700.518338000 0.629336581 -0.405355353 -0.387399156 0.538093300 -0.545235 6.331138 0.114024 -0.736203 0.398177 0.120528 0.004765 -0.012342 -0.002608 0.067025 -0.250165 0.045554
2700.570420000 0.633363110 -0.401200627 -0.385458208 0.537876563 -0.586262 6.349833 0.120859 -0.715090 0.317324 0.061472 0.004759 -0.012349 -0.002597 0.067442 -0.250211 0.045218
2700.622503000 0.637151054 -0.396082505 -0.382564167 0.539260458 -0.622066 6.365377 0.124218 -0.614170 0.265387 0.054794 0.004759 -0.012352 -0.002593 0.067568 -0.250217 0.045172
2700.674587000 0.640734892 -0.389754760 -0.372814943 0.546405567 -0.653743 6.377612 0.124796 -0.622453 0.242016 -0.034400 0.004760 -0.012353 -0.002591 0.067516 -0.250230 0.045150
2700.726670000 0.646081287 -0.384907588 -0.362435082 0.550514242 -0.688579 6.391174 0.120980 -0.624565 0.216043 -0.107363 0.004759 -0.012358 -0.002587 0.067663 -0.250244 0.045123
2700.778753000 0.653979757 -0.376285783 -0.353343554 0.553053180 -0.720502 6.402779 0.113836 -0.614234 0.191389 -0.127694 0.004760 -0.012357 -0.002590 0.067613 -0.250225 0.045237
2700.830836000 0.660898412 -0.364494205 -0.343997661 0.558590075 -0.752902 6.413075 0.108093 -0.622618 0.194077 -0.093134 0.004759 -0.012357 -0.002587 0.067638 -0.250248 0.045227
2700.882919000 0.666142223 -0.352728820 -0.335492161 0.565050377 -0.783401 6.421341 0.103268 -0.675687 0.205309 -0.065365 0.004761 -0.012354 -0.002589 0.067434 -0.250240 0.045337
2700.935002000 0.668602666 -0.347446739 -0.331441282 0.567800947 -0.820882 6.432556 0.100393 -0.768077 0.242011 -0.032120 0.004760 -0.012356 -0.002587 0.067418 -0.250225 0.045370
2700.987084000 0.670637516 -0.343195247 -0.329283327 0.569240577 -0.861635 6.445597 0.099337 -0.799192 0.257486 0.001798 0.004760 -0.012357 -0.002586 0.067389 -0.250220 0.045410
2701.039167000 0.675130045 -0.337045281 -0.331172931 0.566501889 -0.905386 6.459202 0.099977 -0.827821 0.280251 0.050999 0.004760 -0.012369 -0.002582 0.067446 -0.250185 0.045431
2701.091250000 0.677817621 -0.336601748 -0.326872677 0.566053698 -0.949572 6.474459 0.103975 -0.809884 0.295507 0.094776 0.004757 -0.012375 -0.002579 0.067586 -0.250200 0.045434
2701.143335000 0.680665035 -0.334932477 -0.319742411 0.567697223 -0.991777 6.489744 0.108111 -0.777401 0.264675 0.074221 0.004758 -0.012379 -0.002580 0.067624 -0.250180 0.045491
2701.195416000 0.687749121 -0.326656361 -0.320854031 0.563337785 -1.033834 6.503182 0.111701 -0.742225 0.238985 0.064824 0.004755 -0.012390 -0.002579 0.067785 -0.250194 0.045475
2701.247499000 0.690327922 -0.320718687 -0.324548527 0.561475857 -1.072343 6.515548 0.114607 -0.720349 0.250672 0.093210 0.004759 -0.012397 -0.002576 0.067675 -0.250116 0.045556
2701.299582000 0.685346544 -0.324185116 -0.324008415 0.565882208 -1.109235 6.529059 0.118952 -0.677787 0.244070 0.084964 0.004763 -0.012401 -0.002579 0.067629 -0.250094 0.045672
2701.351665000 0.681956517 -0.325726338 -0.319931958 0.571385338 -1.144229 6.541668 0.120163 -0.678608 0.224122 0.000712 0.004766 -0.012404 -0.002583 0.067579 -0.250050 0.045801
2701.403748000 0.681323687 -0.325458622 -0.318786049 0.572931212 -1.181091 6.553543 0.118080 -0.700891 0.232880 -0.043616 0.004768 -0.012408 -0.002586 0.067566 -0.250000 0.045872
2701.455831000 0.680138393 -0.324064529 -0.312448492 0.578593023 -1.217537 6.565792 0.114661 -0.723817 0.242143 -0.081294 0.004770 -0.012408 -0.002588 0.067553 -0.249999 0.045915
2701.507914000 0.679170982 -0.322995212 -0.306809131 0.583325832 -1.257637 6.578710 0.108857 -0.778781 0.238290 -0.131384 0.004770 -0.012410 -0.002590 0.067618 -0.249998 0.045935
2701.559997000 0.679244935 -0.321634211 -0.298402655 0.588331206 -1.299176 6.591689 0.101323 -0.787323 0.232604 -0.144961 0.004770 -0.012410 -0.002591 0.067631 -0.250016 0.045930
2701.612080000 0.679859649 -0.318190354 -0.287493168 0.594889430 -1.340210 6.603488 0.093815 -0.804140 0.222674 -0.140889 0.004772 -0.012407 -0.002593 0.067618 -0.250005 0.045927
2701.664162000 0.681882461 -0.311111140 -0.280541601 0.599618694 -1.381714 6.614233 0.086921 -0.797804 0.221033 -0.105504 0.004773 -0.012408 -0.002592 0.067662 -0.249970 0.045910
2701.716246000 0.684308847 -0.302289889 -0.274950443 0.603940791 -1.422772 6.626472 0.083066 -0.782507 0.246806 -0.046865 0.004773 -0.012405 -0.002591 0.067679 -0.249971 0.045865
2701.768328000 0.685844687 -0.298396139 -0.268014859 0.607243646 -1.465198 6.640819 0.083013 -0.802158 0.266494 0.029595 0.004770 -0.012406 -0.002590 0.067768 -0.249991 0.045805
2701.820412000 0.686491348 -0.299700884 -0.257982897 0.610208026 -1.507938 6.655378 0.086206 -0.754593 0.249027 0.061283 0.004766 -0.012408 -0.002587 0.067908 -0.250020 0.045727
2701.872494000 0.690481591 -0.290697205 -0.248023307 0.614178107 -1.546486 6.667301 0.089940 -0.696881 0.210623 0.076216 0.004767 -0.012411 -0.002585 0.067968 -0.250008 0.045673
2701.924577000 0.694537350 -0.277971716 -0.236346878 0.620072373 -1.583877 6.677358 0.093622 -0.692685 0.171982 0.028766 0.004767 -0.012416 -0.002581 0.068012 -0.250040 0.045538
2701.976660000 0.699514946 -0.268793923 -0.227281734 0.621909705 -1.621244 6.684968 0.094437 -0.687613 0.132184 -0.009298 0.004767 -0.012421 -0.002577 0.068048 -0.250065 0.045417
2702.028744000 0.703197519 -0.264617304 -0.220077046 0.622139072 -1.657065 6.690351 0.093933 -0.626910 0.084436 -0.010197 0.004768 -0.012427 -0.002576 0.068092 -0.250073 0.045351
2702.080827000 0.706916126 -0.256599888 -0.208893003 0.625131827 -1.689576 6.693333 0.093759 -0.582615 0.049389 -0.020456 0.004768 -0.012434 -0.002572 0.068122 -0.250086 0.045262
2702.132909000 0.713445328 -0.245110363 -0.196293745 0.626406768 -1.720985 6.693498 0.090906 -0.623750 -0.008033 -0.100188 0.004767 -0.012438 -0.002569 0.068161 -0.250089 0.045153
2702.184992000 0.720976072 -0.236108036 -0.189459055 0.623339206 -1.757845 6.692401 0.085087 -0.660206 -0.036731 -0.123192 0.004769 -0.012449 -0.002562 0.068180 -0.250079 0.044980
2702.237075000 0.726706968 -0.226479353 -0.183614381 0.622004698 -1.793149 6.690696 0.079388 -0.657662 -0.039476 -0.103372 0.004772 -0.012453 -0.002562 0.068104 -0.250107 0.044940
2702.289158000 0.730938751 -0.215827559 -0.178328702 0.622371177 -1.828116 6.687957 0.074903 -0.708024 -0.045761 -0.086879 0.004774 -0.012452 -0.002565 0.068134 -0.250150 0.044927
2702.341241000 0.733812192 -0.210348442 -0.171170710 0.622875419 -1.867674 6.685073 0.070677 -0.770590 -0.058112 -0.088756 0.004774 -0.012455 -0.002564 0.068145 -0.250161 0.044846
2702.393323000 0.738166874 -0.203646840 -0.167726839 0.620890762 -1.909479 6.681391 0.066613 -0.803180 -0.080066 -0.076237 0.004775 -0.012457 -0.002562 0.068160 -0.250174 0.044783
2702.445406000 0.743438251 -0.194950712 -0.168247563 0.617241075 -1.952196 6.678443 0.063987 -0.844902 -0.081220 -0.031521 0.004776 -0.012452 -0.002564 0.068116 -0.250197 0.044772
2702.497490000 0.747943871 -0.192491695 -0.172014958 0.611504512 -1.998043 6.674050 0.064042 -0.844417 -0.078202 0.039518 0.004779 -0.012455 -0.002565 0.068141 -0.250156 0.044723
2702.549572000 0.750663858 -0.193241671 -0.165655022 0.609688316 -2.042008 6.670021 0.067904 -0.802851 -0.055019 0.084911 0.004781 -0.012464 -0.002565 0.068183 -0.250154 0.044714
2702.601655000 0.752907591 -0.197497381 -0.154439407 0.608500956 -2.085410 6.666114 0.071759 -0.782196 -0.093647 0.057526 0.004787 -0.012470 -0.002567 0.068141 -0.250141 0.044667
2702.653738000 0.755069512 -0.194702994 -0.148781360 0.608132290 -2.125940 6.660317 0.073242 -0.708367 -0.131875 -0.003064 0.004790 -0.012477 -0.002567 0.068108 -0.250152 0.044646
2702.705821000 0.759200188 -0.183450512 -0.155832348 0.604712546 -2.163735 6.652779 0.072350 -0.660395 -0.148840 -0.012701 0.004794 -0.012486 -0.002562 0.068040 -0.250141 0.044600
2702.757904000 0.760373883 -0.176843834 -0.158167191 0.604599831 -2.198304 6.644062 0.072557 -0.628505 -0.164986 0.016158 0.004797 -0.012493 -0.002560 0.067993 -0.250156 0.044583
2702.809987000 0.760138656 -0.172935848 -0.150854397 0.607885981 -2.231457 6.634673 0.073592 -0.594041 -0.189299 0.013536 0.004799 -0.012499 -0.002557 0.067982 -0.250161 0.044516
2702.862070000 0.759497862 -0.165669021 -0.141394974 0.612963485 -2.263338 6.623321 0.073682 -0.590299 -0.220959 -0.014172 0.004800 -0.012507 -0.002553 0.067938 -0.250150 0.044456
2702.914148000 0.758687476 -0.157946342 -0.133223529 0.617816930 -2.295232 6.609915 0.072230 -0.606156 -0.252819 -0.045461 0.004801 -0.012514 -0.002551 0.067907 -0.250143 0.044390
2702.966236000 0.757573814 -0.149484978 -0.129188940 0.622130513 -2.328668 6.594817 0.069547 -0.618170 -0.276780 -0.053491 0.004806 -0.012526 -0.002548 0.067871 -0.250128 0.044306
2703.018319000 0.754842736 -0.142143706 -0.119970947 0.628979000 -2.361492 6.578955 0.067706 -0.606259 -0.274422 -0.044087 0.004807 -0.012537 -0.002541 0.067894 -0.250139 0.044166
2703.070402000 0.753644942 -0.131876045 -0.107505642 0.634878372 -2.394497 6.563551 0.065387 -0.617903 -0.293725 -0.075758 0.004804 -0.012546 -0.002536 0.067992 -0.250164 0.044057
2703.122485000 0.755064145 -0.118352843 -0.100530819 0.636996307 -2.427524 6.547194 0.062408 -0.611672 -0.297900 -0.071032 0.004803 -0.012556 -0.002533 0.068093 -0.250225 0.043943
2703.174568000 0.755681163 -0.104351298 -0.093816845 0.639730557 -2.458366 6.532006 0.060420 -0.577884 -0.269054 -0.028328 0.004803 -0.012558 -0.002530 0.068152 -0.250232 0.043854
2703.226651000 0.756134717 -0.090964063 -0.081437315 0.642925963 -2.489112 6.520933 0.059178 -0.577131 -0.244523 -0.010911 0.004804 -0.012557 -0.002534 0.068103 -0.250249 0.043964
2703.278734000 0.758723462 -0.084704231 -0.066070950 0.642493993 -2.519713 6.508650 0.059419 -0.576458 -0.249943 -0.011913 0.004804 -0.012556 -0.002533 0.068079 -0.250307 0.043864
2703.330816000 0.762072521 -0.079538228 -0.057708016 0.639991349 -2.548500 6.495684 0.059119 -0.498771 -0.254101 0.003532 0.004805 -0.012555 -0.002532 0.068075 -0.250344 0.043826
2703.382897000 0.762862621 -0.068849424 -0.048082973 0.641083775 -2.573241 6.483350 0.059782 -0.402807 -0.251728 0.017100 0.004806 -0.012558 -0.002530 0.068152 -0.250332 0.043814
2703.434982000 0.763035367 -0.054886267 -0.035893955 0.643021112 -2.591293 6.468089 0.059456 -0.327332 -0.260169 -0.030292 0.004807 -0.012562 -0.002524 0.068131 -0.250366 0.043733
2703.487066000 0.764041911 -0.041443945 -0.026461118 0.643290111 -2.606092 6.453528 0.055702 -0.260608 -0.277283 -0.084570 0.004809 -0.012561 -0.002522 0.068085 -0.250316 0.043766
2703.539148000 0.765708342 -0.029680012 -0.022379557 0.642112909 -2.618724 6.439748 0.050976 -0.195396 -0.257896 -0.079617 0.004809 -0.012564 -0.002518 0.068078 -0.250336 0.043763
2703.591231000 0.766355086 -0.020730882 -0.016862190 0.641861184 -2.629720 6.426483 0.046880 -0.162147 -0.252612 -0.062269 0.004810 -0.012574 -0.002513 0.068008 -0.250349 0.043820
2703.643315000 0.766354560 -0.014547155 -0.011070706 0.642157697 -2.638377 6.411927 0.042358 -0.162524 -0.301792 -0.108326 0.004811 -0.012579 -0.002509 0.067936 -0.250379 0.043826
2703.695397000 0.768768202 -0.014790581 -0.015307707 0.639173188 -2.648942 6.395716 0.035877 -0.175649 -0.359034 -0.134527 0.004813 -0.012577 -0.002504 0.067989 -0.250431 0.043745
2703.747480000 0.769755111 -0.017719313 -0.021405783 0.637734183 -2.655032 6.376919 0.029880 -0.143082 -0.344486 -0.081472 0.004814 -0.012568 -0.002506 0.067978 -0.250459 0.043789
2703.799563000 0.769593070 -0.020232708 -0.029494479 0.637532133 -2.661540 6.359901 0.025947 -0.096171 -0.328237 -0.056887 0.004814 -0.012566 -0.002505 0.067978 -0.250513 0.043869
2703.851640000 0.768496475 -0.022843205 -0.037828797 0.638326200 -2.667930 6.344458 0.023462 -0.092803 -0.335364 -0.047964 0.004813 -0.012564 -0.002505 0.068084 -0.250544 0.043861
2703.903729000 0.769566026 -0.033361855 -0.047919824 0.635892136 -2.672232 6.327160 0.020499 -0.078363 -0.326361 -0.050092 0.004813 -0.012559 -0.002504 0.068134 -0.250571 0.043861
2703.955812000 0.770128537 -0.045594616 -0.051846564 0.634141231 -2.674285 6.311809 0.018417 -0.030254 -0.288091 -0.040180 0.004815 -0.012552 -0.002509 0.068191 -0.250613 0.043818
2704.007895000 0.770506528 -0.055784197 -0.054362977 0.632655104 -2.675538 6.299697 0.015910 0.021786 -0.262371 -0.047801 0.004817 -0.012543 -0.002510 0.068333 -0.250579 0.043814
2704.059977000 0.772226846 -0.063534396 -0.051949035 0.630024108 -2.672690 6.287621 0.013764 0.086055 -0.236449 -0.043986 0.004820 -0.012537 -0.002516 0.068422 -0.250602 0.043731
2704.112061000 0.773243747 -0.067315004 -0.050444954 0.628504658 -2.668326 6.278119 0.012673 0.139476 -0.216898 -0.028659 0.004822 -0.012529 -0.002522 0.068547 -0.250648 0.043592
2704.164143000 0.776888186 -0.069507372 -0.042559434 0.624341386 -2.659164 6.268699 0.010892 0.206353 -0.184685 -0.055464 0.004825 -0.012522 -0.002524 0.068617 -0.250646 0.043576
2704.216227000 0.782315130 -0.062441190 -0.037098217 0.618633864 -2.646687 6.259221 0.006759 0.257402 -0.179061 -0.114662 0.004828 -0.012523 -0.002522 0.068598 -0.250655 0.043545
2704.268309000 0.792002642 -0.053265213 -0.032376333 0.607327263 -2.631581 6.249161 -0.000636 0.270396 -0.202692 -0.162787 0.004833 -0.012518 -0.002520 0.068516 -0.250639 0.043551
2704.320392000 0.798755795 -0.044280259 -0.034980727 0.599003161 -2.615710 6.238420 -0.008651 0.289613 -0.208697 -0.137891 0.004840 -0.012514 -0.002520 0.068422 -0.250641 0.043641
2704.372476000 0.803338239 -0.037264802 -0.036433221 0.593238256 -2.598382 6.226722 -0.014936 0.297643 -0.219060 -0.104600 0.004845 -0.012511 -0.002518 0.068315 -0.250654 0.043751
2704.424558000 0.807475676 -0.033482723 -0.035340277 0.587888599 -2.580504 6.215663 -0.019883 0.339659 -0.218411 -0.093464 0.004847 -0.012505 -0.002514 0.068290 -0.250687 0.043810
2704.476641000 0.814048569 -0.028096060 -0.028226122 0.579429741 -2.560932 6.203394 -0.024657 0.393919 -0.216827 -0.115258 0.004848 -0.012513 -0.002507 0.068105 -0.250708 0.043847
2704.528724000 0.829044773 -0.024414415 -0.012247599 0.558514725 -2.539260 6.192307 -0.033026 0.479735 -0.207862 -0.231946 0.004851 -0.012511 -0.002505 0.067980 -0.250747 0.043807
2704.580807000 0.841446412 -0.006805483 -0.007451928 0.540246324 -2.513126 6.183755 -0.044888 0.596717 -0.146287 -0.230760 0.004854 -0.012514 -0.002502 0.067825 -0.250787 0.043842
2704.632890000 0.856967579 0.013981855 0.004114719 0.515164193 -2.482087 6.177237 -0.057314 0.651299 -0.116769 -0.249544 0.004857 -0.012514 -0.002501 0.067621 -0.250846 0.043991
2704.684972000 0.871877244 0.033180695 0.017591053 0.488282365 -2.448029 6.172863 -0.069250 0.672659 -0.096403 -0.252527 0.004857 -0.012512 -0.002495 0.067523 -0.250899 0.043953
2704.737056000 0.880849206 0.047788199 0.025171449 0.470305606 -2.414930 6.170507 -0.080634 0.664266 -0.086980 -0.189393 0.004859 -0.012505 -0.002495 0.067463 -0.250944 0.044225
2704.789139000 0.883877768 0.061694016 0.028307355 0.462766284 -2.381235 6.167447 -0.087537 0.656234 -0.082898 -0.103936 0.004861 -0.012501 -0.002490 0.067338 -0.251006 0.044327
2704.841222000 0.881666075 0.076091222 0.037907297 0.464153095 -2.347379 6.166143 -0.089601 0.662361 -0.052855 -0.013098 0.004860 -0.012492 -0.002487 0.067546 -0.251047 0.044167
2704.893305000 0.878717569 0.088189141 0.053710496 0.466040010 -2.312874 6.161726 -0.089233 0.639230 -0.045018 0.024059 0.004863 -0.012501 -0.002487 0.067313 -0.250998 0.044186
2704.945387000 0.874712878 0.101719247 0.069942099 0.468656247 -2.279355 6.159775 -0.088088 0.646336 -0.029545 0.028228 0.004864 -0.012501 -0.002487 0.067287 -0.250974 0.044130
2704.997471000 0.869177774 0.121403724 0.082198824 0.472265271 -2.245417 6.159140 -0.086848 0.660511 -0.019215 0.055924 0.004863 -0.012493 -0.002490 0.067418 -0.250963 0.044244
2705.049554000 0.860651839 0.141396648 0.092334936 0.480374500 -2.209625 6.157236 -0.083605 0.658633 -0.031664 0.068151 0.004864 -0.012491 -0.002489 0.067334 -0.250988 0.044246
2705.101637000 0.850881115 0.158694226 0.101331344 0.490458387 -2.173690 6.156367 -0.078579 0.671394 -0.031151 0.101066 0.004866 -0.012485 -0.002485 0.067416 -0.251044 0.044052
2705.153719000 0.842193026 0.172994596 0.111668292 0.498311117 -2.137467 6.154867 -0.072311 0.698069 -0.022924 0.108450 0.004864 -0.012484 -0.002481 0.067472 -0.251044 0.043922
2705.205802000 0.833162219 0.186906441 0.124779707 0.505308544 -2.099819 6.154674 -0.066704 0.739373 0.007163 0.101026 0.004865 -0.012485 -0.002480 0.067388 -0.251042 0.043849
2705.257885000 0.822673782 0.202902657 0.135859119 0.513401072 -2.061492 6.155376 -0.061708 0.759850 0.015468 0.090706 0.004863 -0.012487 -0.002481 0.067420 -0.251020 0.043899
2705.309968000 0.812361801 0.216290937 0.143952969 0.522076697 -2.023535 6.157079 -0.056056 0.765446 0.027672 0.077763 0.004856 -0.012485 -0.002479 0.067824 -0.251013 0.043848
2705.362051000 0.800484201 0.229237948 0.150594528 0.532913029 -1.983952 6.159012 -0.053222 0.745087 0.047480 0.077286 0.004858 -0.012486 -0.002487 0.067635 -0.250966 0.044057
2705.414134000 0.788086519 0.241744055 0.155735847 0.544266292 -1.946788 6.162419 -0.048339 0.721778 0.075369 0.084195 0.004855 -0.012487 -0.002480 0.067797 -0.250992 0.043892
2705.466217000 0.775886413 0.254695809 0.162451652 0.553840934 -1.910749 6.166010 -0.044338 0.684527 0.074468 0.058816 0.004852 -0.012487 -0.002481 0.067875 -0.250980 0.043942
2705.518299000 0.764585781 0.269474938 0.167575673 0.560990405 -1.876515 6.167418 -0.043048 0.636787 0.064643 0.035232 0.004851 -0.012494 -0.002483 0.067967 -0.250951 0.044232
2705.570383000 0.755537188 0.281273199 0.175930276 0.564887142 -1.844706 6.169323 -0.041498 0.599919 0.050688 0.029462 0.004850 -0.012499 -0.002485 0.067992 -0.250901 0.044268
2705.622466000 0.747273520 0.292951184 0.184890624 0.567077903 -1.816389 6.167804 -0.039799 0.575435 0.009245 0.012345 0.004839 -0.012516 -0.002478 0.068483 -0.250821 0.044309
2705.674549000 0.738655528 0.301395999 0.190261703 0.572144166 -1.786305 6.166587 -0.039839 0.583079 -0.049190 0.007502 0.004842 -0.012521 -0.002475 0.068379 -0.250812 0.044332
2705.726631000 0.727758927 0.307295160 0.193885141 0.581674463 -1.754473 6.161234 -0.040131 0.614253 -0.106463 0.018364 0.004852 -0.012525 -0.002471 0.068212 -0.250835 0.044605
2705.778714000 0.718621706 0.313009501 0.192717775 0.590311575 -1.721763 6.152192 -0.040666 0.649813 -0.166900 -0.009424 0.004852 -0.012537 -0.002472 0.068208 -0.250788 0.044892
2705.830798000 0.710366566 0.318881663 0.186990862 0.598939266 -1.687677 6.141079 -0.041971 0.690334 -0.215975 -0.033423 0.004848 -0.012543 -0.002468 0.068391 -0.250792 0.045101
2705.882880000 0.705860589 0.322925191 0.186870124 0.602129311 -1.651891 6.127998 -0.043497 0.707014 -0.232425 -0.016569 0.004843 -0.012549 -0.002465 0.068610 -0.250799 0.045352
2705.934964000 0.704944752 0.324413194 0.194693765 0.599919423 -1.614966 6.113968 -0.045124 0.715654 -0.285292 -0.048922 0.004838 -0.012552 -0.002463 0.068765 -0.250821 0.045586
2705.987046000 0.711696627 0.321321304 0.199766112 0.591890219 -1.577651 6.098877 -0.049035 0.718100 -0.319696 -0.073973 0.004840 -0.012548 -0.002464 0.068683 -0.250789 0.045863
2706.039129000 0.720319323 0.314864606 0.199618052 0.584938446 -1.539482 6.081037 -0.052767 0.728624 -0.315431 -0.060425 0.004838 -0.012542 -0.002464 0.068997 -0.250821 0.046069
2706.091212000 0.726635568 0.310440448 0.198438259 0.579870448 -1.499627 6.064637 -0.054313 0.733011 -0.255082 -0.007137 0.004829 -0.012527 -0.002468 0.069420 -0.250857 0.046274
2706.143295000 0.727426167 0.308628889 0.202841872 0.578320461 -1.460419 6.050378 -0.054716 0.747976 -0.216922 -0.019725 0.004821 -0.012523 -0.002473 0.069799 -0.250888 0.046465
2706.195378000 0.725465506 0.309213932 0.203546601 0.580220067 -1.420868 6.038025 -0.056200 0.739259 -0.217995 -0.042133 0.004813 -0.012518 -0.002476 0.069997 -0.250905 0.046536
2706.247460000 0.728959471 0.307481829 0.198578154 0.578480536 -1.381859 6.025872 -0.058659 0.734566 -0.193008 -0.040367 0.004807 -0.012513 -0.002479 0.070210 -0.250912 0.046595
2706.299542000 0.729661198 0.309724478 0.196195643 0.577211013 -1.344074 6.018184 -0.059471 0.733956 -0.132705 -0.000396 0.004799 -0.012515 -0.002483 0.070295 -0.250931 0.046742
2706.351627000 0.730619465 0.310459359 0.198669865 0.574752527 -1.306826 6.010118 -0.059892 0.748824 -0.120546 -0.011848 0.004796 -0.012523 -0.002480 0.070392 -0.250910 0.046770
2706.403710000 0.730769593 0.313572479 0.201168036 0.571996087 -1.267069 6.005002 -0.061037 0.770342 -0.090099 -0.029610 0.004793 -0.012519 -0.002482 0.070423 -0.250843 0.046725
2706.455793000 0.729608163 0.319001141 0.200565378 0.570687068 -1.226161 6.000726 -0.062835 0.789877 -0.059406 -0.020554 0.004791 -0.012514 -0.002489 0.070463 -0.250790 0.046706
2706.507876000 0.727712869 0.323387574 0.200577829 0.570633850 -1.185031 5.997614 -0.063478 0.799655 -0.061611 -0.001627 0.004789 -0.012514 -0.002489 0.070459 -0.250759 0.046688
2706.559958000 0.725666937 0.324207444 0.201022038 0.572614329 -1.143339 5.993680 -0.063113 0.807933 -0.098250 0.008821 0.004785 -0.012514 -0.002487 0.070565 -0.250743 0.046679
2706.612041000 0.725951868 0.319516565 0.200343354 0.575122239 -1.101458 5.987160 -0.062945 0.810168 -0.140223 0.010028 0.004783 -0.012513 -0.002491 0.070559 -0.250651 0.046643
2706.664124000 0.730240395 0.310951400 0.196245059 0.575800373 -1.059370 5.979146 -0.062695 0.801161 -0.151114 0.008246 0.004781 -0.012508 -0.002495 0.070523 -0.250573 0.046591
2706.716207000 0.735591949 0.302277943 0.188394618 0.576229120 -1.018430 5.970924 -0.062309 0.768350 -0.179415 0.014192 0.004781 -0.012503 -0.002497 0.070518 -0.250484 0.046555
2706.768284000 0.747224433 0.286685057 0.178388539 0.572402703 -0.981204 5.960772 -0.062476 0.711891 -0.202854 0.012340 0.004785 -0.012503 -0.002503 0.070556 -0.250379 0.046566
2706.820373000 0.760946647 0.266753790 0.164082587 0.568224885 -0.945070 5.949779 -0.061306 0.674279 -0.225825 0.054958 0.004790 -0.012496 -0.002511 0.070721 -0.250314 0.046415
2706.872456000 0.771075541 0.244976001 0.157344655 0.566279021 -0.909685 5.939040 -0.057685 0.678080 -0.236166 0.094678 0.004791 -0.012490 -0.002512 0.070620 -0.250217 0.046285
2706.924539000 0.777016000 0.225046411 0.156149567 0.566760586 -0.875291 5.926679 -0.054482 0.661088 -0.219382 0.032172 0.004794 -0.012490 -0.002517 0.070652 -0.250114 0.046224
2706.976621000 0.780316556 0.214741718 0.146802368 0.568718852 -0.842782 5.915482 -0.054322 0.604142 -0.208481 0.002142 0.004796 -0.012489 -0.002519 0.070716 -0.249989 0.046151
2707.028704000 0.783182275 0.209424929 0.138275348 0.568899509 -0.812065 5.904352 -0.054587 0.584135 -0.213271 -0.000860 0.004797 -0.012489 -0.002523 0.070726 -0.249915 0.046013
2707.080787000 0.782711826 0.204534929 0.131890617 0.572828531 -0.781716 5.891892 -0.055425 0.565011 -0.303159 -0.027566 0.004800 -0.012484 -0.002526 0.070763 -0.249851 0.045902
2707.132871000 0.787056124 0.188147934 0.127029454 0.573590908 -0.750843 5.873294 -0.058810 0.557063 -0.390981 -0.079138 0.004804 -0.012470 -0.002536 0.070868 -0.249741 0.045741
2707.184954000 0.792907128 0.170868665 0.117449128 0.572981577 -0.721458 5.851781 -0.064606 0.590095 -0.429591 -0.121191 0.004805 -0.012469 -0.002539 0.070873 -0.249712 0.045704
2707.237032000 0.796667092 0.158425035 0.106066055 0.573561718 -0.689317 5.829088 -0.071367 0.633946 -0.450839 -0.121480 0.004809 -0.012464 -0.002544 0.070965 -0.249684 0.045597
2707.289120000 0.797404020 0.148665597 0.096200419 0.576880273 -0.655355 5.805254 -0.078238 0.672763 -0.495085 -0.131606 0.004810 -0.012460 -0.002548 0.070927 -0.249661 0.045521
2707.341203000 0.798901338 0.141737984 0.081866424 0.578761509 -0.619843 5.779927 -0.085049 0.685980 -0.527364 -0.096811 0.004811 -0.012454 -0.002550 0.070875 -0.249654 0.045442
2707.393286000 0.798911113 0.135012842 0.071228663 0.581755140 -0.585480 5.751905 -0.088793 0.659028 -0.536513 -0.037494 0.004817 -0.012454 -0.002553 0.070920 -0.249596 0.045360
2707.445368000 0.802743469 0.122901317 0.062716137 0.580142117 -0.553994 5.723905 -0.091345 0.594051 -0.568316 -0.052694 0.004819 -0.012456 -0.002552 0.070943 -0.249590 0.045373
2707.497451000 0.809916445 0.109279761 0.045238834 0.574496939 -0.525034 5.693471 -0.092910 0.544942 -0.606384 0.018002 0.004823 -0.012459 -0.002550 0.071044 -0.249567 0.045393
2707.549534000 0.814061683 0.091286089 0.032045876 0.572663503 -0.498565 5.660209 -0.088880 0.539838 -0.601314 0.126983 0.004825 -0.012470 -0.002548 0.071153 -0.249592 0.045431
2707.601617000 0.812736028 0.075285731 0.026262152 0.577150334 -0.472773 5.628975 -0.081530 0.533890 -0.575836 0.141913 0.004830 -0.012480 -0.002544 0.071234 -0.249593 0.045524
2707.653700000 0.812141811 0.062178592 0.019820868 0.579798788 -0.446625 5.601058 -0.075225 0.545994 -0.516140 0.119022 0.004833 -0.012487 -0.002541 0.071243 -0.249610 0.045556
2707.705783000 0.809432848 0.060355203 0.007147157 0.584058757 -0.419256 5.576404 -0.068001 0.531592 -0.461934 0.167391 0.004831 -0.012493 -0.002534 0.071180 -0.249605 0.045638
2707.757866000 0.803695325 0.057619473 0.002738655 0.592238398 -0.394569 5.552663 -0.058997 0.495848 -0.458099 0.159129 0.004828 -0.012508 -0.002524 0.071094 -0.249611 0.045772
2707.809949000 0.798356082 0.050949535 -0.003620603 0.600015502 -0.371779 5.527232 -0.052164 0.455904 -0.509996 0.105414 0.004829 -0.012518 -0.002522 0.071093 -0.249633 0.045746
2707.862032000 0.795554607 0.040410960 -0.012240008 0.604408806 -0.349933 5.499658 -0.047761 0.462944 -0.531101 0.066896 0.004830 -0.012529 -0.002519 0.071086 -0.249670 0.045760
2707.914115000 0.790600585 0.032531788 -0.024846218 0.610962407 -0.326620 5.471703 -0.044554 0.481130 -0.538113 0.050069 0.004829 -0.012536 -0.002516 0.071079 -0.249705 0.045784
2707.966197000 0.786270124 0.022949809 -0.034405800 0.616497233 -0.302214 5.443209 -0.041836 0.498427 -0.547159 0.033581 0.004828 -0.012550 -0.002511 0.070994 -0.249678 0.045770
2708.018281000 0.782871570 0.011026760 -0.044768526 0.620472638 -0.277607 5.414015 -0.039474 0.498080 -0.547939 0.007343 0.004824 -0.012566 -0.002518 0.070904 -0.249723 0.045564
2708.070363000 0.782381295 -0.002306954 -0.058029514 0.620086093 -0.252916 5.386335 -0.038877 0.500775 -0.505184 0.022636 0.004825 -0.012577 -0.002522 0.070908 -0.249709 0.045380
2708.122446000 0.779954655 -0.011874907 -0.072446361 0.621515284 -0.229812 5.361172 -0.035068 0.437630 -0.479418 0.052225 0.004821 -0.012593 -0.002524 0.070929 -0.249847 0.045289
2708.174529000 0.781341066 -0.031681398 -0.089940245 0.616776443 -0.209722 5.336406 -0.031111 0.328871 -0.500453 0.101800 0.004822 -0.012590 -0.002524 0.070996 -0.249827 0.045290
2708.226613000 0.784638767 -0.060818145 -0.100540603 0.608715653 -0.192543 5.311443 -0.024426 0.323241 -0.490790 0.166905 0.004826 -0.012578 -0.002530 0.071199 -0.249835 0.045212
2708.278696000 0.780387449 -0.083925870 -0.105581286 0.610577161 -0.175262 5.287381 -0.014952 0.321350 -0.463412 0.186269 0.004828 -0.012564 -0.002534 0.071385 -0.249810 0.045231
2708.330778000 0.775195249 -0.097476575 -0.109219205 0.614525678 -0.158631 5.264660 -0.006429 0.331898 -0.408692 0.123776 0.004823 -0.012565 -0.002544 0.071332 -0.249821 0.044941
2708.382862000 0.771348846 -0.102126056 -0.119802433 0.616634903 -0.142407 5.243470 -0.001151 0.304739 -0.396237 0.094409 0.004821 -0.012563 -0.002545 0.071398 -0.249783 0.044949
2708.434944000 0.768410948 -0.107597861 -0.126168130 0.618101058 -0.127327 5.221760 0.001609 0.263173 -0.438082 0.037668 0.004825 -0.012557 -0.002547 0.071618 -0.249653 0.044931
2708.487027000 0.765786589 -0.118788919 -0.131628615 0.618169880 -0.114987 5.197098 0.001755 0.235661 -0.501823 -0.030204 0.004824 -0.012558 -0.002549 0.071690 -0.249644 0.044905
2708.539110000 0.765174334 -0.131148342 -0.135324887 0.615626124 -0.103122 5.169103 -0.001390 0.264960 -0.561944 -0.085327 0.004824 -0.012562 -0.002552 0.071803 -0.249649 0.044835
2708.591193000 0.764942069 -0.137927254 -0.139769631 0.613436349 -0.087953 5.138710 -0.007541 0.307705 -0.630130 -0.126783 0.004827 -0.012554 -0.002551 0.072051 -0.249603 0.044962
2708.643276000 0.764773983 -0.139309511 -0.144532496 0.612228693 -0.071534 5.103404 -0.015187 0.329307 -0.728583 -0.154713 0.004829 -0.012556 -0.002551 0.072119 -0.249552 0.044967
2708.695359000 0.766071643 -0.141934286 -0.148532945 0.609037652 -0.054281 5.062788 -0.024110 0.332385 -0.820554 -0.157346 0.004832 -0.012555 -0.002552 0.072200 -0.249421 0.044961
2708.747442000 0.768191642 -0.145671688 -0.152119593 0.604583320 -0.038056 5.018636 -0.031611 0.337503 -0.858713 -0.120397 0.004836 -0.012562 -0.002550 0.072282 -0.249363 0.044942
2708.799525000 0.771070509 -0.150133476 -0.153120326 0.599553480 -0.020950 4.973728 -0.036853 0.314186 -0.867083 -0.075907 0.004839 -0.012560 -0.002551 0.072317 -0.249280 0.044952
2708.851607000 0.774810398 -0.159825572 -0.158210104 0.590841939 -0.007917 4.928469 -0.039819 0.222619 -0.863858 -0.019605 0.004847 -0.012564 -0.002549 0.072429 -0.249182 0.044913
2708.903691000 0.778050246 -0.178094668 -0.155197922 0.582094244 0.003500 4.883585 -0.039621 0.216019 -0.845945 0.035629 0.004848 -0.012556 -0.002555 0.072478 -0.249150 0.044895
2708.955773000 0.776770239 -0.183996552 -0.153755567 0.582350831 0.017559 4.840841 -0.036597 0.256394 -0.832673 0.065125 0.004849 -0.012543 -0.002555 0.072598 -0.249126 0.044995
2709.007856000 0.774457832 -0.185796301 -0.152058428 0.585297390 0.030958 4.797772 -0.033893 0.245784 -0.818919 0.038005 0.004848 -0.012539 -0.002557 0.072598 -0.249126 0.044989
2709.059939000 0.774382898 -0.185054790 -0.159307313 0.583701150 0.043562 4.755789 -0.031523 0.247690 -0.778013 0.075131 0.004849 -0.012541 -0.002558 0.072557 -0.249090 0.044951
2709.112022000 0.770653365 -0.183618118 -0.164439302 0.587654230 0.055930 4.716565 -0.025233 0.237852 -0.741612 0.130008 0.004849 -0.012547 -0.002556 0.072504 -0.249123 0.044918
2709.164105000 0.767293003 -0.188912239 -0.162977093 0.590772444 0.066012 4.677699 -0.019156 0.170062 -0.760700 0.074068 0.004846 -0.012553 -0.002556 0.072445 -0.249164 0.044862
2709.216189000 0.764815156 -0.198318170 -0.162209039 0.591114124 0.074235 4.637271 -0.016271 0.149470 -0.789427 0.027360 0.004845 -0.012555 -0.002556 0.072389 -0.249164 0.044822
2709.268271000 0.761667321 -0.205314550 -0.166162268 0.591691582 0.082217 4.595043 -0.015981 0.144629 -0.821881 -0.009358 0.004845 -0.012553 -0.002557 0.072394 -0.249153 0.044828
2709.320354000 0.757700959 -0.208888810 -0.174669700 0.593081123 0.090060 4.551225 -0.016958 0.171105 -0.853022 -0.025229 0.004846 -0.012555 -0.002558 0.072413 -0.249219 0.044826
2709.372438000 0.754756385 -0.209988618 -0.179009407 0.595149739 0.098281 4.505495 -0.018494 0.140164 -0.897408 -0.043247 0.004844 -0.012558 -0.002559 0.072393 -0.249236 0.044797
2709.424520000 0.752836212 -0.213684900 -0.184143088 0.594699693 0.105424 4.458017 -0.021343 0.121507 -0.912644 -0.045371 0.004847 -0.012555 -0.002562 0.072516 -0.249216 0.044787
2709.476623000 0.750468343 -0.216512115 -0.192721628 0.593951298 0.110377 4.410887 -0.022992 0.067575 -0.888950 -0.006419 0.004852 -0.012558 -0.002560 0.072565 -0.249139 0.044754
2709.528686000 0.752576797 -0.227816227 -0.198790287 0.584987481 0.112572 4.365890 -0.023758 0.039416 -0.842774 -0.014163 0.004854 -0.012556 -0.002562 0.072632 -0.249148 0.044702
2709.580769000 0.755775268 -0.233210112 -0.210998398 0.574366141 0.113999 4.322846 -0.023423 -0.019312 -0.820792 0.040669 0.004857 -0.012552 -0.002562 0.072726 -0.249121 0.044703
2709.632852000 0.755721736 -0.244776850 -0.221227581 0.565709562 0.111968 4.279466 -0.020119 -0.063252 -0.834531 0.131921 0.004863 -0.012545 -0.002561 0.072917 -0.249065 0.044782
2709.684933000 0.748337953 -0.255372763 -0.226613051 0.568701666 0.108345 4.236557 -0.011959 -0.081172 -0.813219 0.160913 0.004862 -0.012541 -0.002561 0.072908 -0.249058 0.044769
2709.737017000 0.741077080 -0.265484101 -0.228817212 0.572682842 0.104782 4.195284 -0.004406 -0.079089 -0.771404 0.139358 0.004864 -0.012533 -0.002563 0.072915 -0.249060 0.044837
2709.789101000 0.734907154 -0.271758117 -0.232408190 0.576233836 0.101080 4.155696 0.002523 -0.069393 -0.760595 0.123664 0.004864 -0.012531 -0.002561 0.072889 -0.249080 0.044907
2709.841184000 0.728593563 -0.276078525 -0.236619901 0.580467992 0.096399 4.116216 0.007887 -0.097467 -0.775571 0.082915 0.004864 -0.012534 -0.002556 0.072932 -0.249088 0.044967
2709.893267000 0.721416548 -0.282804990 -0.239273467 0.585087780 0.089702 4.075949 0.011417 -0.132666 -0.789356 0.041298 0.004865 -0.012536 -0.002556 0.072921 -0.249134 0.044937
2709.945350000 0.715259087 -0.289006129 -0.241901121 0.588526757 0.081784 4.034015 0.011973 -0.180293 -0.821068 -0.010242 0.004864 -0.012533 -0.002556 0.072884 -0.249104 0.044963
2709.997432000 0.709987447 -0.297301998 -0.243775074 0.590002593 0.070650 3.990437 0.010373 -0.237955 -0.861828 -0.057309 0.004863 -0.012533 -0.002556 0.072831 -0.249123 0.044945
2710.049516000 0.703765700 -0.307640983 -0.250871205 0.589181215 0.056839 3.944516 0.006282 -0.311572 -0.893730 -0.079960 0.004865 -0.012525 -0.002555 0.072823 -0.249073 0.045025
2710.101598000 0.697974371 -0.319398024 -0.260145617 0.585782329 0.039140 3.898606 0.002584 -0.370516 -0.870176 -0.055415 0.004865 -0.012521 -0.002556 0.072803 -0.249057 0.045015
2710.153675000 0.690576287 -0.337261244 -0.268000258 0.580977716 0.016481 3.855403 -0.000969 -0.476530 -0.808300 -0.096125 0.004865 -0.012517 -0.002558 0.072791 -0.249053 0.044970
2710.205764000 0.686257162 -0.363477607 -0.281810465 0.563487355 -0.012439 3.815876 -0.007753 -0.600377 -0.738175 -0.148607 0.004864 -0.012514 -0.002562 0.072731 -0.249053 0.044883
2710.257847000 0.680211632 -0.388430471 -0.308331215 0.539783075 -0.045451 3.780027 -0.013714 -0.642673 -0.647192 -0.072857 0.004863 -0.012518 -0.002559 0.072662 -0.249058 0.044896
2710.309930000 0.669465858 -0.412552200 -0.329889561 0.522292088 -0.079994 3.749562 -0.015798 -0.668459 -0.573831 -0.004794 0.004865 -0.012516 -0.002560 0.072876 -0.249056 0.044861
2710.362016000 0.656234263 -0.431573067 -0.343357293 0.514982573 -0.113550 3.721405 -0.016244 -0.591144 -0.564462 -0.013295 0.004866 -0.012514 -0.002559 0.073011 -0.249071 0.044891
2710.414096000 0.652498581 -0.435996605 -0.365700744 0.500415356 -0.144233 3.693616 -0.017342 -0.572190 -0.513527 0.009203 0.004864 -0.012513 -0.002559 0.072963 -0.249057 0.044878
2710.466179000 0.644924635 -0.444558364 -0.383766405 0.489043374 -0.173547 3.668986 -0.014025 -0.522936 -0.469178 0.112351 0.004863 -0.012512 -0.002559 0.072902 -0.249043 0.044818
2710.518262000 0.636618443 -0.449140208 -0.402007843 0.481019465 -0.200947 3.645429 -0.009066 -0.514287 -0.457015 0.067207 0.004862 -0.012513 -0.002561 0.072894 -0.249033 0.044703
2710.570345000 0.626560818 -0.461128977 -0.414818769 0.471918422 -0.227697 3.622429 -0.006273 -0.474482 -0.448496 0.047936 0.004862 -0.012514 -0.002562 0.072866 -0.249017 0.044656
2710.622422000 0.615263687 -0.467108723 -0.430881274 0.466477613 -0.250175 3.597622 -0.004412 -0.412290 -0.483760 0.032378 0.004862 -0.012508 -0.002563 0.072796 -0.248955 0.044636
2710.674513000 0.606336925 -0.473519397 -0.445464234 0.457926337 -0.269932 3.570542 -0.004881 -0.371376 -0.512535 0.011582 0.004866 -0.012495 -0.002567 0.072757 -0.248790 0.044543
2710.726594000 0.594130696 -0.479063446 -0.462552074 0.451167940 -0.288650 3.543085 -0.003952 -0.347012 -0.523946 0.024210 0.004864 -0.012494 -0.002571 0.072648 -0.248770 0.044405
2710.778677000 0.580998216 -0.490430548 -0.471694599 0.446568198 -0.306466 3.515777 -0.002097 -0.299566 -0.534466 0.027620 0.004864 -0.012497 -0.002575 0.072555 -0.248796 0.044216
2710.830759000 0.572539566 -0.495454929 -0.482025183 0.440879327 -0.320608 3.487586 -0.000839 -0.238508 -0.536632 0.033395 0.004863 -0.012498 -0.002577 0.072502 -0.248767 0.044129
2710.882842000 0.569228888 -0.499749219 -0.494257838 0.426542355 -0.332440 3.461578 0.000224 -0.234047 -0.454359 0.036131 0.004861 -0.012495 -0.002577 0.072516 -0.248751 0.044173
2710.934925000 0.569139936 -0.509356137 -0.500586140 0.407491810 -0.342179 3.439780 0.003801 -0.193138 -0.407561 0.081420 0.004858 -0.012487 -0.002567 0.072629 -0.248873 0.044545
2710.987009000 0.569250087 -0.505648028 -0.518639900 0.388956379 -0.350239 3.419621 0.011479 -0.145155 -0.366147 0.210971 0.004857 -0.012488 -0.002562 0.072751 -0.248948 0.044668
2711.039091000 0.561180077 -0.499345420 -0.537357940 0.383376470 -0.356645 3.404129 0.024928 -0.127179 -0.238629 0.270070 0.004858 -0.012485 -0.002562 0.072809 -0.248962 0.044650
2711.091174000 0.549380398 -0.505624657 -0.553533645 0.368951743 -0.364895 3.394438 0.037260 -0.159287 -0.078154 0.221119 0.004855 -0.012483 -0.002564 0.072590 -0.248932 0.044646
2711.143257000 0.531218302 -0.522835856 -0.567632269 0.349633223 -0.372585 3.391294 0.047636 -0.126184 -0.073274 0.201273 0.004856 -0.012481 -0.002566 0.072556 -0.248856 0.044609
2711.195341000 0.511817258 -0.539104406 -0.577654067 0.337231839 -0.375139 3.390916 0.054394 -0.129829 -0.116517 0.142018 0.004869 -0.012467 -0.002559 0.073368 -0.248705 0.044936
2711.247422000 0.488636277 -0.553301488 -0.588712230 0.329408503 -0.379370 3.384783 0.058961 -0.137756 -0.182709 0.077138 0.004876 -0.012454 -0.002556 0.073835 -0.248642 0.045180
2711.299506000 0.471742969 -0.561919030 -0.601479556 0.316113775 -0.387133 3.373720 0.062945 -0.153526 -0.261566 0.067099 0.004875 -0.012461 -0.002557 0.073946 -0.248711 0.045112
2711.351589000 0.460297639 -0.568690227 -0.609938790 0.304453909 -0.395414 3.358529 0.067124 -0.156517 -0.372202 0.075101 0.004878 -0.012464 -0.002559 0.074060 -0.248724 0.045006
2711.403672000 0.457969740 -0.565325124 -0.619816398 0.294106876 -0.405496 3.336009 0.071470 -0.188692 -0.488794 0.056544 0.004876 -0.012473 -0.002561 0.073923 -0.248762 0.044811
2711.455755000 0.460887160 -0.558811185 -0.628533368 0.283300001 -0.417427 3.307791 0.074292 -0.210174 -0.587244 0.026798 0.004874 -0.012480 -0.002561 0.073753 -0.248792 0.044689
2711.507837000 0.472175362 -0.541523665 -0.643151007 0.264876065 -0.429595 3.276653 0.074387 -0.218542 -0.599595 -0.031700 0.004870 -0.012488 -0.002560 0.073534 -0.248777 0.044699
2711.559920000 0.486598413 -0.528100219 -0.654122198 0.237605331 -0.442746 3.248240 0.072198 -0.212042 -0.500894 0.001298 0.004869 -0.012492 -0.002557 0.073248 -0.248634 0.044868
2711.612003000 0.495437364 -0.520294106 -0.657790193 0.226159068 -0.453024 3.222893 0.072336 -0.139863 -0.487869 -0.011325 0.004864 -0.012496 -0.002558 0.072994 -0.248634 0.044895
2711.664087000 0.514881565 -0.503966359 -0.662403717 0.205271037 -0.460659 3.201576 0.073754 -0.102069 -0.319400 0.030674 0.004859 -0.012508 -0.002559 0.072795 -0.248623 0.044849
2711.716168000 0.532876126 -0.485900370 -0.668674090 0.181159669 -0.463528 3.189165 0.075900 0.024164 -0.154661 0.051621 0.004857 -0.012515 -0.002561 0.072700 -0.248593 0.044881
2711.768252000 0.544019366 -0.476389114 -0.670495420 0.165928395 -0.457781 3.186792 0.079949 0.172211 0.076739 0.096623 0.004859 -0.012514 -0.002555 0.072632 -0.248559 0.044972
2711.820335000 0.541256331 -0.480962474 -0.673842765 0.147148261 -0.445415 3.198897 0.085035 0.313529 0.359607 0.167924 0.004869 -0.012521 -0.002549 0.072480 -0.248418 0.045032
2711.872418000 0.509883072 -0.519288594 -0.672288787 0.135596445 -0.429462 3.225110 0.097354 0.385858 0.590979 0.247173 0.004873 -0.012533 -0.002554 0.072520 -0.248485 0.044793
2711.924501000 0.463128453 -0.556915389 -0.678352126 0.123270754 -0.406916 3.255898 0.112223 0.480396 0.527222 0.305662 0.004878 -0.012539 -0.002556 0.072618 -0.248520 0.044640
2711.976583000 0.417389591 -0.585786264 -0.683082277 0.126645113 -0.379399 3.282218 0.129960 0.573695 0.524275 0.327916 0.004882 -0.012542 -0.002555 0.072777 -0.248547 0.044589
2712.028666000 0.371994285 -0.614611308 -0.685214507 0.119809316 -0.348132 3.310207 0.145942 0.632864 0.468732 0.276332 0.004882 -0.012535 -0.002558 0.073029 -0.248593 0.044572
2712.080750000 0.336981142 -0.635338757 -0.684241319 0.120839529 -0.313935 3.331647 0.158723 0.644284 0.337566 0.201139 0.004882 -0.012527 -0.002561 0.073204 -0.248644 0.044535
2712.132834000 0.318455843 -0.648859439 -0.682203821 0.110296198 -0.281392 3.344172 0.166134 0.606982 0.128274 0.099853 0.004882 -0.012526 -0.002563 0.073255 -0.248678 0.044497
2712.184916000 0.323309024 -0.643359854 -0.688188231 0.089198276 -0.250858 3.347203 0.170134 0.581310 0.054086 0.036346 0.004880 -0.012525 -0.002564 0.073209 -0.248695 0.044471
2712.236999000 0.333258751 -0.641506495 -0.687973756 0.064032277 -0.221287 3.349229 0.170136 0.590964 0.031638 0.011642 0.004878 -0.012524 -0.002565 0.073083 -0.248686 0.044439
2712.289081000 0.327300340 -0.643017689 -0.689534419 0.062809433 -0.191589 3.350650 0.172577 0.555002 0.018208 0.054897 0.004876 -0.012524 -0.002566 0.073022 -0.248714 0.044460
2712.341165000 0.326390137 -0.643872856 -0.689112131 0.063416833 -0.165137 3.348720 0.175174 0.485328 -0.088411 0.030973 0.004875 -0.012526 -0.002568 0.072965 -0.248743 0.044371
2712.393248000 0.333293035 -0.640301411 -0.688841257 0.066540047 -0.141564 3.343517 0.177437 0.458389 -0.099244 0.051304 0.004867 -0.012529 -0.002569 0.072640 -0.248735 0.044300
2712.445331000 0.335394255 -0.640139032 -0.686316636 0.081866891 -0.118783 3.338688 0.179806 0.440639 -0.088109 0.036791 0.004864 -0.012530 -0.002569 0.072503 -0.248721 0.044265
2712.497413000 0.342367956 -0.637224643 -0.683544723 0.097445110 -0.096763 3.337314 0.182899 0.403345 0.004535 0.030192 0.004857 -0.012530 -0.002577 0.072499 -0.248835 0.043872
2712.549496000 0.344746047 -0.635448506 -0.681517269 0.113532252 -0.075459 3.342269 0.185484 0.378008 0.124869 0.059125 0.004858 -0.012539 -0.002581 0.072706 -0.248800 0.043676
2712.601579000 0.334640531 -0.638958020 -0.679738931 0.133053937 -0.056589 3.353508 0.189999 0.365038 0.223198 0.062719 0.004854 -0.012549 -0.002586 0.072622 -0.248827 0.043387
2712.653661000 0.323400954 -0.642684793 -0.677612180 0.152347671 -0.037186 3.368660 0.193793 0.392015 0.171583 0.036271 0.004854 -0.012576 -0.002600 0.072661 -0.248776 0.042885
2712.705744000 0.327121043 -0.636930503 -0.678414604 0.164514385 -0.017004 3.376727 0.195037 0.405126 0.101899 0.040385 0.004850 -0.012575 -0.002604 0.072482 -0.248716 0.042827
2712.757827000 0.334928691 -0.629490988 -0.677688514 0.179727976 0.005650 3.383285 0.198579 0.465012 0.110626 0.082614 0.004845 -0.012574 -0.002610 0.072265 -0.248654 0.042688
2712.809910000 0.337563063 -0.625714644 -0.676184750 0.193149026 0.028868 3.390515 0.202247 0.447529 0.099644 0.080833 0.004844 -0.012577 -0.002611 0.072038 -0.248558 0.042556
2712.861994000 0.337322653 -0.623347074 -0.674455604 0.206788518 0.050168 3.397467 0.205823 0.381112 0.123772 0.037934 0.004842 -0.012579 -0.002609 0.071903 -0.248518 0.042458
2712.914077000 0.338003929 -0.624385528 -0.673048630 0.207127008 0.067585 3.404800 0.206656 0.304205 0.098421 0.035870 0.004841 -0.012579 -0.002610 0.071776 -0.248467 0.042342
2712.966160000 0.338800729 -0.624076190 -0.669853637 0.216884945 0.082096 3.409921 0.210264 0.243210 0.055641 0.080403 0.004839 -0.012579 -0.002612 0.071658 -0.248435 0.042184
2713.018242000 0.341610274 -0.621957252 -0.667464961 0.225747919 0.092923 3.413672 0.216146 0.184023 0.043944 0.154751 0.004838 -0.012580 -0.002611 0.071577 -0.248400 0.042075
2713.070325000 0.340290849 -0.618385524 -0.665254053 0.243389660 0.102352 3.416095 0.226550 0.178259 0.032789 0.239883 0.004837 -0.012583 -0.002608 0.071519 -0.248363 0.041998
2713.122408000 0.330809231 -0.615314966 -0.664655308 0.264926531 0.111390 3.418153 0.239959 0.175910 0.000463 0.306601 0.004838 -0.012587 -0.002604 0.071432 -0.248267 0.041964
2713.174491000 0.321172500 -0.607935770 -0.663096814 0.295913737 0.122548 3.416638 0.256507 0.189432 -0.055259 0.312900 0.004837 -0.012589 -0.002604 0.071472 -0.248181 0.041992
2713.226574000 0.311306903 -0.599415618 -0.664813780 0.319079250 0.131822 3.414511 0.271655 0.136752 -0.036256 0.276612 0.004838 -0.012589 -0.002606 0.071436 -0.248104 0.042039
2713.278660000 0.300682780 -0.594836701 -0.662718918 0.341412948 0.138350 3.412670 0.284147 0.100848 -0.050676 0.225324 0.004839 -0.012590 -0.002607 0.071385 -0.248039 0.042089
2713.330740000 0.291972561 -0.591213090 -0.658964082 0.361919113 0.141990 3.410830 0.293820 0.028791 -0.045109 0.171198 0.004838 -0.012589 -0.002612 0.071290 -0.247971 0.042137
2713.382825000 0.284420752 -0.589250798 -0.654767984 0.378374445 0.143457 3.409686 0.301868 -0.029608 -0.077259 0.137747 0.004842 -0.012598 -0.002622 0.071225 -0.247882 0.042114
2713.434906000 0.285949944 -0.582909615 -0.653735775 0.388688238 0.139784 3.404795 0.307190 -0.125234 -0.131454 0.057694 0.004843 -0.012599 -0.002626 0.071169 -0.247851 0.042102
2713.486988000 0.295878332 -0.577573757 -0.653544080 0.389544225 0.128265 3.400135 0.307808 -0.272025 -0.082348 -0.041341 0.004841 -0.012602 -0.002630 0.071000 -0.247838 0.042043
2713.539073000 0.301668721 -0.581932948 -0.642922610 0.396232942 0.111150 3.397056 0.302624 -0.405791 -0.077709 -0.152588 0.004843 -0.012603 -0.002634 0.071021 -0.247821 0.042032
2713.591158000 0.312274752 -0.583154400 -0.636960219 0.395849851 0.088585 3.391716 0.292339 -0.494889 -0.136120 -0.214387 0.004846 -0.012603 -0.002638 0.071109 -0.247807 0.042036
2713.643240000 0.323488515 -0.581762328 -0.632380393 0.396235805 0.063213 3.383366 0.280430 -0.528048 -0.178532 -0.220982 0.004849 -0.012603 -0.002642 0.071201 -0.247806 0.042049
2713.695320000 0.332970359 -0.582545075 -0.624446180 0.399798630 0.035471 3.372974 0.269495 -0.547980 -0.219208 -0.212394 0.004852 -0.012603 -0.002644 0.071201 -0.247841 0.042053
2713.747403000 0.343146051 -0.581740255 -0.618934040 0.400936053 0.007314 3.360728 0.258601 -0.565390 -0.234812 -0.208683 0.004854 -0.012603 -0.002646 0.071240 -0.247880 0.042051
2713.799486000 0.349808294 -0.581649100 -0.613146153 0.404190891 -0.021756 3.348032 0.248799 -0.570284 -0.247980 -0.189112 0.004855 -0.012603 -0.002648 0.071247 -0.247908 0.042062
2713.851569000 0.356834409 -0.583263348 -0.606550326 0.405672001 -0.052045 3.334577 0.239102 -0.599455 -0.262367 -0.187827 0.004855 -0.012603 -0.002651 0.071261 -0.247929 0.042085
2713.903652000 0.364205843 -0.582991906 -0.602397532 0.405699094 -0.082901 3.318170 0.230625 -0.590235 -0.322261 -0.169511 0.004859 -0.012604 -0.002649 0.071164 -0.248007 0.042120
2713.955735000 0.372823300 -0.581276215 -0.598233618 0.406493895 -0.113545 3.301028 0.221319 -0.596443 -0.343268 -0.150525 0.004860 -0.012604 -0.002656 0.071196 -0.247948 0.042204
2714.007818000 0.381591354 -0.581348900 -0.593191895 0.405641309 -0.144044 3.281047 0.214763 -0.577989 -0.390949 -0.132726 0.004862 -0.012602 -0.002657 0.071167 -0.248044 0.042178
2714.059902000 0.391581897 -0.578643834 -0.589239438 0.405748465 -0.173923 3.259511 0.209170 -0.571804 -0.394311 -0.111933 0.004862 -0.012598 -0.002655 0.071160 -0.248116 0.042138
2714.111984000 0.396337246 -0.578978386 -0.585526136 0.406029506 -0.204359 3.238971 0.204030 -0.583639 -0.387842 -0.101027 0.004861 -0.012595 -0.002653 0.071159 -0.248155 0.042104
2714.164067000 0.399673446 -0.580238255 -0.586050345 0.400162090 -0.235738 3.218271 0.201081 -0.580146 -0.407268 -0.066120 0.004861 -0.012593 -0.002648 0.071133 -0.248266 0.041989
2714.216150000 0.402581753 -0.580551143 -0.586335624 0.396356959 -0.265564 3.195597 0.198509 -0.565359 -0.451106 -0.040798 0.004860 -0.012590 -0.002648 0.071141 -0.248300 0.041977
2714.268233000 0.404848566 -0.577845934 -0.588513269 0.394770626 -0.291666 3.168298 0.195446 -0.542678 -0.482893 -0.011185 0.004869 -0.012591 -0.002643 0.071054 -0.248225 0.042070
2714.320316000 0.403424484 -0.579216038 -0.587342486 0.395962462 -0.318333 3.141545 0.194332 -0.537194 -0.482414 -0.005547 0.004873 -0.012589 -0.002643 0.071007 -0.248214 0.042107
2714.372398000 0.400898472 -0.581631887 -0.586192626 0.396690017 -0.340868 3.110482 0.192356 -0.492701 -0.519700 -0.001641 0.004889 -0.012592 -0.002642 0.070831 -0.248268 0.042103
2714.424481000 0.399446417 -0.581133140 -0.585201127 0.400332955 -0.363085 3.080418 0.190414 -0.475186 -0.531266 -0.021796 0.004897 -0.012590 -0.002643 0.070717 -0.248273 0.042106
2714.476565000 0.402126394 -0.580165700 -0.582007504 0.403694672 -0.385917 3.051356 0.188562 -0.432780 -0.545596 -0.048228 0.004900 -0.012589 -0.002643 0.070689 -0.248282 0.042104
2714.528647000 0.406685216 -0.577278680 -0.578474299 0.408318438 -0.406551 3.022233 0.185180 -0.417795 -0.503562 -0.081997 0.004903 -0.012588 -0.002644 0.070605 -0.248367 0.042016
2714.580730000 0.411860206 -0.579252790 -0.571599075 0.410014480 -0.428502 2.996564 0.179456 -0.430788 -0.470552 -0.131817 0.004905 -0.012587 -0.002642 0.070545 -0.248383 0.041979
2714.632813000 0.424498715 -0.573881397 -0.570578987 0.406079553 -0.450521 2.970396 0.172297 -0.448647 -0.469161 -0.142015 0.004908 -0.012586 -0.002639 0.070467 -0.248451 0.041912
2714.684896000 0.436872392 -0.567050721 -0.571706594 0.400933365 -0.474006 2.945583 0.165098 -0.480162 -0.430632 -0.123253 0.004911 -0.012585 -0.002637 0.070358 -0.248503 0.041845
2714.736979000 0.443096591 -0.563092514 -0.572665401 0.398304620 -0.500085 2.922627 0.158990 -0.522736 -0.415924 -0.113694 0.004913 -0.012583 -0.002633 0.070312 -0.248532 0.041801
2714.789065000 0.446766421 -0.561877467 -0.572577741 0.396040664 -0.528473 2.899066 0.152688 -0.558130 -0.438488 -0.109165 0.004916 -0.012581 -0.002626 0.070241 -0.248539 0.041752
2714.841145000 0.448877115 -0.560286571 -0.569450502 0.400392832 -0.557977 2.874026 0.147235 -0.594465 -0.488926 -0.105122 0.004916 -0.012579 -0.002627 0.070211 -0.248579 0.041718
2714.893228000 0.450783037 -0.556141980 -0.569949104 0.403309771 -0.589281 2.846057 0.140853 -0.636122 -0.554237 -0.105347 0.004920 -0.012580 -0.002624 0.070137 -0.248566 0.041687
2714.945311000 0.451278349 -0.552128935 -0.570975133 0.406803256 -0.622409 2.815481 0.135169 -0.648135 -0.581755 -0.096424 0.004922 -0.012579 -0.002623 0.070087 -0.248565 0.041666
2714.997394000 0.449832692 -0.548568727 -0.572612897 0.410898250 -0.655039 2.783948 0.129018 -0.643043 -0.579469 -0.097552 0.004927 -0.012579 -0.002622 0.070021 -0.248492 0.041692
2715.049477000 0.452061118 -0.548839246 -0.564883908 0.418715177 -0.686912 2.751359 0.123222 -0.604376 -0.655707 -0.113277 0.004931 -0.012579 -0.002621 0.069955 -0.248508 0.041666
2715.101560000 0.467055636 -0.541114948 -0.554445062 0.426197511 -0.717242 2.713739 0.116437 -0.596808 -0.737987 -0.127283 0.004934 -0.012579 -0.002619 0.069882 -0.248524 0.041637
2715.153643000 0.486839701 -0.531453980 -0.543719773 0.430014629 -0.748098 2.672288 0.111970 -0.566491 -0.826653 -0.066436 0.004932 -0.012581 -0.002614 0.069851 -0.248619 0.041508
2715.205725000 0.508338632 -0.508181202 -0.535873840 0.442925421 -0.775333 2.626434 0.109715 -0.507877 -0.886121 -0.000404 0.004935 -0.012580 -0.002615 0.069797 -0.248640 0.041485
2715.257809000 0.523106468 -0.487946784 -0.525127603 0.460986507 -0.802296 2.580910 0.110432 -0.525583 -0.855047 0.017059 0.004933 -0.012583 -0.002612 0.069866 -0.248635 0.041472
2715.309891000 0.531566671 -0.477707111 -0.515493695 0.472756851 -0.829789 2.536693 0.111383 -0.518883 -0.843910 0.024830 0.004932 -0.012585 -0.002611 0.069922 -0.248624 0.041480
2715.361979000 0.540569054 -0.467064188 -0.505162797 0.484196955 -0.854749 2.492203 0.113749 -0.439647 -0.860355 0.045112 0.004930 -0.012587 -0.002609 0.069985 -0.248634 0.041446
2715.414057000 0.549362429 -0.454939870 -0.492310120 0.498860083 -0.876325 2.446970 0.115008 -0.403453 -0.885449 0.003184 0.004931 -0.012588 -0.002609 0.069963 -0.248643 0.041422
2715.466141000 0.558010150 -0.443046193 -0.481098587 0.510763051 -0.894771 2.399728 0.113997 -0.336248 -0.944038 -0.032856 0.004934 -0.012589 -0.002612 0.069797 -0.248739 0.041419
2715.518225000 0.569291508 -0.427906863 -0.469350491 0.522027788 -0.910055 2.349185 0.111411 -0.261443 -0.999883 -0.059399 0.004935 -0.012589 -0.002613 0.069778 -0.248739 0.041411
2715.570319000 0.580177769 -0.411013271 -0.457301252 0.534169835 -0.920509 2.296606 0.107210 -0.199088 -1.041835 -0.076869 0.004942 -0.012589 -0.002615 0.069556 -0.248803 0.041377
2715.622389000 0.589324258 -0.395030290 -0.444622576 0.546771208 -0.929667 2.241678 0.102730 -0.168273 -1.075714 -0.088123 0.004943 -0.012589 -0.002615 0.069545 -0.248802 0.041359
2715.674471000 0.596345177 -0.382256950 -0.434143758 0.556570976 -0.936881 2.185451 0.098849 -0.127087 -1.082792 -0.052964 0.004944 -0.012590 -0.002615 0.069506 -0.248820 0.041319
2715.726555000 0.600033491 -0.373481716 -0.424068540 0.566248259 -0.943400 2.128807 0.096695 -0.105234 -1.076876 -0.041079 0.004942 -0.012589 -0.002615 0.069550 -0.248825 0.041323
2715.778638000 0.605934658 -0.370721219 -0.412264000 0.570479940 -0.948385 2.073024 0.094717 -0.099090 -1.065753 -0.059570 0.004943 -0.012590 -0.002611 0.069476 -0.248930 0.041170
2715.830721000 0.612476986 -0.365732284 -0.405562627 0.571516224 -0.953217 2.016948 0.093089 -0.095297 -1.049627 -0.038584 0.004943 -0.012592 -0.002606 0.069446 -0.249024 0.041029
2715.882804000 0.619428828 -0.362999671 -0.399753804 0.569856176 -0.958762 1.962556 0.092235 -0.112972 -1.034337 0.002048 0.004944 -0.012593 -0.002604 0.069427 -0.249078 0.040951
2715.934886000 0.623850175 -0.357881131 -0.391372808 0.574072627 -0.962751 1.909114 0.093966 -0.054657 -1.007102 0.043958 0.004944 -0.012596 -0.002602 0.069435 -0.249123 0.040892
2715.986969000 0.626510849 -0.352540344 -0.379297238 0.582523019 -0.967961 1.854788 0.095025 -0.045002 -0.990221 -0.007217 0.004939 -0.012593 -0.002599 0.069556 -0.249088 0.040880
2716.039052000 0.632482842 -0.346879121 -0.369545614 0.585727215 -0.974206 1.800289 0.095125 -0.001185 -0.975518 -0.017679 0.004929 -0.012592 -0.002591 0.069850 -0.249067 0.040866
2716.091135000 0.640934031 -0.334231403 -0.359451655 0.590158830 -0.978127 1.746475 0.094038 0.027042 -0.962201 -0.007950 0.004927 -0.012583 -0.002595 0.070015 -0.248993 0.041043
2716.143218000 0.647007327 -0.321358560 -0.349168872 0.596817638 -0.979772 1.696104 0.092636 -0.041167 -0.945729 -0.030884 0.004927 -0.012580 -0.002595 0.070036 -0.248939 0.041106
2716.195301000 0.650177676 -0.313289931 -0.340653095 0.602556120 -0.983131 1.646637 0.090896 -0.095889 -0.927379 -0.040878 0.004929 -0.012583 -0.002588 0.069966 -0.248951 0.040966
2716.247384000 0.652504909 -0.308028587 -0.332708985 0.607174163 -0.990246 1.594625 0.087742 -0.120684 -0.924319 -0.062442 0.004930 -0.012578 -0.002579 0.069914 -0.248930 0.040759
2716.299467000 0.653516040 -0.302931954 -0.325514183 0.612527170 -1.002463 1.543408 0.086033 -0.156989 -0.931939 -0.082677 0.004911 -0.012577 -0.002577 0.070404 -0.249015 0.040756
2716.351550000 0.654575974 -0.297320643 -0.319299612 0.617396540 -1.012605 1.493605 0.082035 -0.171541 -0.952631 -0.098192 0.004906 -0.012577 -0.002576 0.070566 -0.249041 0.040739
2716.403633000 0.657223335 -0.290894367 -0.314061130 0.620325367 -1.023225 1.442519 0.077019 -0.187628 -0.965289 -0.100254 0.004901 -0.012579 -0.002574 0.070680 -0.249004 0.040720
2716.455716000 0.661261695 -0.285692780 -0.309808924 0.620589267 -1.034533 1.391269 0.071016 -0.213295 -0.961657 -0.101710 0.004900 -0.012578 -0.002575 0.070706 -0.248867 0.040784
2716.507798000 0.666754360 -0.282530499 -0.312523832 0.614771498 -1.048085 1.339426 0.066701 -0.240055 -0.945519 -0.038150 0.004900 -0.012574 -0.002574 0.070738 -0.248842 0.040745
2716.559882000 0.669480808 -0.280340706 -0.315537531 0.611261485 -1.062625 1.288656 0.066667 -0.285795 -0.927034 0.030446 0.004898 -0.012572 -0.002573 0.070779 -0.248853 0.040689
2716.611965000 0.669427338 -0.281056924 -0.318004340 0.609710820 -1.078345 1.237314 0.070098 -0.279283 -0.926668 0.086528 0.004894 -0.012569 -0.002567 0.070797 -0.248884 0.040564
2716.664048000 0.668548501 -0.281334521 -0.312144164 0.613563208 -1.092333 1.187199 0.074023 -0.243725 -0.938193 0.083731 0.004898 -0.012568 -0.002567 0.070710 -0.248802 0.040590
2716.716130000 0.670271576 -0.275330670 -0.307294360 0.616846183 -1.103367 1.136437 0.076287 -0.174829 -0.968869 0.033269 0.004900 -0.012566 -0.002568 0.070653 -0.248764 0.040647
2716.768213000 0.674143560 -0.262627842 -0.309942053 0.616841147 -1.111021 1.084508 0.077926 -0.085534 -0.952671 0.091800 0.004905 -0.012562 -0.002571 0.070590 -0.248616 0.040725
2716.820296000 0.676329222 -0.248820212 -0.302708588 0.623726540 -1.113584 1.034286 0.082780 -0.034636 -0.941592 0.115689 0.004913 -0.012561 -0.002573 0.070432 -0.248555 0.040802
2716.872379000 0.677299933 -0.237133086 -0.292829500 0.631888902 -1.114961 0.983625 0.087520 -0.008371 -0.977414 0.076647 0.004912 -0.012560 -0.002569 0.070421 -0.248507 0.040764
2716.924460000 0.677337716 -0.222302891 -0.286532165 0.640073716 -1.114255 0.932596 0.091732 0.022054 -1.000584 0.059453 0.004907 -0.012565 -0.002564 0.070565 -0.248491 0.040693
2716.976545000 0.677406066 -0.209402442 -0.279446000 0.647442331 -1.112928 0.879171 0.094496 0.035448 -1.014235 0.054570 0.004905 -0.012564 -0.002563 0.070593 -0.248441 0.040707
2717.028628000 0.675738407 -0.199816620 -0.269528053 0.656357793 -1.111225 0.824162 0.096886 0.053760 -1.032571 0.047949 0.004905 -0.012563 -0.002561 0.070634 -0.248381 0.040698
2717.080711000 0.674161845 -0.193049734 -0.260603324 0.663568772 -1.107893 0.770543 0.099730 0.071300 -1.043493 0.050854 0.004903 -0.012562 -0.002560 0.070647 -0.248414 0.040663
2717.132794000 0.672797055 -0.183689366 -0.254545971 0.669931853 -1.102296 0.717312 0.103584 0.137662 -1.005279 0.070455 0.004898 -0.012557 -0.002562 0.070682 -0.248484 0.040644
2717.184877000 0.675619345 -0.173899824 -0.244413294 0.673468257 -1.095172 0.666349 0.107120 0.124072 -0.970812 0.059585 0.004894 -0.012559 -0.002563 0.070736 -0.248532 0.040662
2717.236960000 0.681004109 -0.169051535 -0.235436523 0.672476487 -1.089866 0.616528 0.110684 0.064536 -0.954601 0.072624 0.004893 -0.012561 -0.002561 0.070747 -0.248503 0.040639
2717.289043000 0.686751651 -0.168131752 -0.229527564 0.668895344 -1.086442 0.566443 0.114899 0.098756 -0.922726 0.097064 0.004892 -0.012562 -0.002559 0.070761 -0.248501 0.040618
2717.341125000 0.686218413 -0.155570898 -0.221366170 0.675202936 -1.081460 0.515508 0.119813 0.100569 -0.884952 0.089390 0.004893 -0.012561 -0.002562 0.070784 -0.248532 0.040627
2717.393204000 0.686642931 -0.147981526 -0.214027953 0.678833550 -1.077166 0.470245 0.122936 0.068870 -0.863342 0.041579 0.004893 -0.012561 -0.002562 0.070762 -0.248523 0.040639
2717.445292000 0.687732215 -0.141972731 -0.206943279 0.681206741 -1.073554 0.424894 0.124507 0.067555 -0.828102 0.041979 0.004898 -0.012559 -0.002562 0.070661 -0.248493 0.040606
2717.497375000 0.688137780 -0.135311572 -0.195417773 0.685542900 -1.069745 0.381254 0.125738 0.068072 -0.824326 0.014342 0.004901 -0.012558 -0.002562 0.070570 -0.248479 0.040580
2717.549457000 0.688214284 -0.128419455 -0.185107677 0.689640987 -1.066105 0.337380 0.124681 0.040971 -0.850241 -0.028996 0.004905 -0.012562 -0.002560 0.070471 -0.248438 0.040558
2717.601540000 0.688853855 -0.123423541 -0.175799069 0.692345061 -1.065195 0.289790 0.122213 0.015651 -0.872298 -0.062386 0.004908 -0.012555 -0.002559 0.070390 -0.248490 0.040475
2717.653624000 0.688934236 -0.118100939 -0.167298405 0.695293485 -1.066251 0.241097 0.117628 -0.014981 -0.907008 -0.085552 0.004905 -0.012555 -0.002558 0.070529 -0.248330 0.040475
2717.705706000 0.688804129 -0.112862124 -0.158610346 0.698322111 -1.067942 0.184763 0.114494 -0.025878 -0.933321 -0.072513 0.004900 -0.012554 -0.002549 0.070634 -0.248500 0.040176
2717.757789000 0.687782183 -0.108487710 -0.147906728 0.702360082 -1.070275 0.132407 0.111996 -0.034763 -0.939000 -0.036841 0.004900 -0.012553 -0.002546 0.070696 -0.248575 0.040044
2717.809872000 0.686503343 -0.103472773 -0.139031992 0.706170412 -1.073063 0.081969 0.111528 -0.074439 -0.913761 -0.000343 0.004899 -0.012556 -0.002544 0.070812 -0.248624 0.039920
2717.861950000 0.689326711 -0.104326940 -0.134169399 0.704232311 -1.079365 0.033038 0.112935 -0.126984 -0.895971 0.051278 0.004899 -0.012551 -0.002544 0.070857 -0.248635 0.039859
2717.914038000 0.691665278 -0.103533289 -0.132661206 0.702339666 -1.085866 -0.015587 0.116742 -0.107354 -0.862519 0.087067 0.004900 -0.012547 -0.002542 0.070785 -0.248640 0.039820
2717.966121000 0.691613327 -0.094053960 -0.132036251 0.703840384 -1.090566 -0.059709 0.122486 -0.069964 -0.801565 0.143915 0.004899 -0.012547 -0.002541 0.070832 -0.248589 0.039820
2718.018204000 0.688510773 -0.085675804 -0.123350882 0.709504850 -1.095733 -0.102460 0.129703 -0.092534 -0.791296 0.117887 0.004902 -0.012543 -0.002539 0.070923 -0.248556 0.039769
2718.070287000 0.688446855 -0.080135300 -0.118736274 0.710999971 -1.100449 -0.145495 0.133293 -0.077052 -0.779694 0.045222 0.004901 -0.012544 -0.002535 0.070982 -0.248463 0.039754
2718.122369000 0.691982390 -0.074803991 -0.118692345 0.708150311 -1.103664 -0.187113 0.134955 -0.035390 -0.728376 0.042080 0.004901 -0.012544 -0.002534 0.070991 -0.248418 0.039722
2718.174452000 0.691922293 -0.068942779 -0.115189748 0.709381248 -1.105139 -0.225541 0.137222 -0.019711 -0.705666 0.040129 0.004901 -0.012543 -0.002536 0.071033 -0.248410 0.039670
2718.226535000 0.691154577 -0.065619181 -0.108548359 0.711489091 -1.106702 -0.264613 0.137626 -0.012585 -0.739792 -0.014233 0.004901 -0.012533 -0.002532 0.071057 -0.248377 0.039591
2718.278618000 0.691224929 -0.061618400 -0.104959490 0.712316485 -1.106532 -0.304831 0.135652 0.007097 -0.767895 -0.055985 0.004902 -0.012535 -0.002529 0.071050 -0.248374 0.039526
2718.330701000 0.691121875 -0.054649293 -0.104742418 0.713016854 -1.105393 -0.345685 0.132176 0.024527 -0.797261 -0.074084 0.004904 -0.012536 -0.002526 0.071029 -0.248378 0.039476
2718.382784000 0.689503096 -0.047977737 -0.107277758 0.714685316 -1.104225 -0.388963 0.128162 0.011268 -0.832568 -0.071064 0.004905 -0.012539 -0.002523 0.071079 -0.248361 0.039426
2718.434867000 0.687224440 -0.045407874 -0.106997641 0.717085907 -1.103006 -0.433823 0.125182 -0.001872 -0.855762 -0.053618 0.004911 -0.012549 -0.002526 0.071065 -0.248391 0.039374
2718.486950000 0.685533398 -0.044560236 -0.107277843 0.718713997 -1.103170 -0.478854 0.122466 -0.010952 -0.869778 -0.038577 0.004913 -0.012552 -0.002523 0.071074 -0.248362 0.039377
2718.539033000 0.685735193 -0.045690483 -0.106950199 0.718499325 -1.104743 -0.530032 0.121528 -0.027614 -0.907165 -0.034954 0.004909 -0.012545 -0.002519 0.071291 -0.248429 0.039201
2718.591116000 0.690232566 -0.047897031 -0.112179666 0.713232502 -1.106081 -0.579259 0.121015 -0.028722 -0.911752 0.000402 0.004906 -0.012543 -0.002515 0.071412 -0.248494 0.039062
2718.643199000 0.696067137 -0.051917056 -0.113631153 0.707024131 -1.107319 -0.629320 0.123760 -0.008794 -0.891637 0.066201 0.004904 -0.012544 -0.002510 0.071596 -0.248619 0.038904
2718.695282000 0.694159859 -0.050006345 -0.114648418 0.708870366 -1.106486 -0.674416 0.129275 0.013436 -0.868161 0.123500 0.004904 -0.012545 -0.002509 0.071639 -0.248654 0.038865
2718.747365000 0.690236876 -0.051723323 -0.111323734 0.713095211 -1.105851 -0.717572 0.135589 -0.008002 -0.845429 0.101475 0.004904 -0.012544 -0.002508 0.071601 -0.248678 0.038856
2718.799447000 0.689132032 -0.056012782 -0.110217250 0.714011042 -1.106633 -0.760679 0.140343 -0.021626 -0.795452 0.084857 0.004904 -0.012544 -0.002508 0.071607 -0.248673 0.038864
2718.851531000 0.689393157 -0.060304347 -0.105170908 0.714170527 -1.108193 -0.801595 0.143524 -0.041915 -0.788682 0.029176 0.004904 -0.012544 -0.002507 0.071608 -0.248672 0.038864
2718.903616000 0.689407560 -0.065360295 -0.102442369 0.714108401 -1.111048 -0.843673 0.143264 -0.053347 -0.816410 -0.026393 0.004904 -0.012540 -0.002506 0.071641 -0.248643 0.038846
2718.955697000 0.687782962 -0.068540299 -0.100470501 0.715655296 -1.113864 -0.886681 0.141022 -0.057234 -0.838474 -0.055288 0.004904 -0.012540 -0.002506 0.071642 -0.248639 0.038849
2719.007779000 0.685827754 -0.070481051 -0.098823141 0.717569997 -1.117389 -0.931342 0.137800 -0.068974 -0.866217 -0.069877 0.004903 -0.012539 -0.002507 0.071658 -0.248654 0.038848
2719.059862000 0.683361401 -0.073609818 -0.096265668 0.719952576 -1.122465 -0.977465 0.134447 -0.099936 -0.896929 -0.066890 0.004903 -0.012537 -0.002507 0.071691 -0.248686 0.038845
2719.111945000 0.681198165 -0.077849813 -0.091124686 0.722222098 -1.128379 -1.025013 0.131156 -0.106191 -0.902566 -0.060048 0.004900 -0.012535 -0.002508 0.071712 -0.248670 0.038861
2719.164028000 0.679954405 -0.080168194 -0.085305830 0.723849420 -1.132325 -1.074106 0.127320 -0.102009 -0.887172 -0.066973 0.004896 -0.012540 -0.002504 0.071691 -0.248603 0.038825
2719.216112000 0.683446777 -0.080718771 -0.081377771 0.720945657 -1.138083 -1.119374 0.123103 -0.105983 -0.876208 -0.094446 0.004896 -0.012539 -0.002505 0.071698 -0.248628 0.038821
2719.268196000 0.689577813 -0.078772095 -0.084805574 0.714902379 -1.144405 -1.164884 0.120253 -0.136196 -0.851334 -0.015766 0.004895 -0.012538 -0.002505 0.071714 -0.248653 0.038806
2719.320277000 0.695207243 -0.080438930 -0.083124724 0.709441152 -1.152184 -1.209080 0.121658 -0.144795 -0.826352 0.064976 0.004894 -0.012538 -0.002506 0.071731 -0.248676 0.038795
2719.372360000 0.694192513 -0.079792909 -0.078183394 0.711067650 -1.159410 -1.252042 0.126667 -0.142777 -0.815205 0.106105 0.004893 -0.012539 -0.002505 0.071734 -0.248690 0.038779
2719.424443000 0.691419474 -0.080394332 -0.071681662 0.714379172 -1.166178 -1.295704 0.130927 -0.127970 -0.832372 0.057033 0.004892 -0.012540 -0.002503 0.071737 -0.248682 0.038765
2719.476526000 0.691738297 -0.077864265 -0.079933963 0.713474489 -1.171628 -1.338811 0.134094 -0.101555 -0.783508 0.086455 0.004892 -0.012540 -0.002502 0.071731 -0.248674 0.038759
2719.528609000 0.690732931 -0.078564022 -0.079208758 0.714452018 -1.176326 -1.379217 0.139573 -0.108573 -0.750183 0.105767 0.004891 -0.012542 -0.002499 0.071727 -0.248661 0.038751
2719.580691000 0.689451284 -0.082885785 -0.072860617 0.715875830 -1.181074 -1.420116 0.142600 -0.098728 -0.776759 0.012920 0.004890 -0.012544 -0.002495 0.071746 -0.248615 0.038754
2719.632774000 0.689765017 -0.086261978 -0.070382676 0.715422513 -1.186793 -1.462684 0.141079 -0.110211 -0.822793 -0.065028 0.004888 -0.012541 -0.002492 0.071763 -0.248615 0.038755
2719.684857000 0.692011143 -0.088053807 -0.075461940 0.712511474 -1.191764 -1.508088 0.136075 -0.087784 -0.847666 -0.123992 0.004888 -0.012541 -0.002491 0.071784 -0.248645 0.038723
2719.736940000 0.691559348 -0.087369275 -0.078687998 0.712685399 -1.196777 -1.552593 0.130000 -0.093897 -0.863108 -0.137851 0.004886 -0.012540 -0.002496 0.071781 -0.248717 0.038670
2719.789023000 0.689651183 -0.090492687 -0.079623970 0.714039454 -1.202317 -1.598244 0.123183 -0.118261 -0.898939 -0.126264 0.004886 -0.012539 -0.002495 0.071777 -0.248717 0.038670
2719.841106000 0.689951416 -0.095432578 -0.085714632 0.712399234 -1.207940 -1.645185 0.117203 -0.121146 -0.905603 -0.099077 0.004889 -0.012539 -0.002490 0.071754 -0.248729 0.038674
2719.893189000 0.690512180 -0.095476313 -0.089658123 0.711363918 -1.213779 -1.692306 0.113829 -0.110843 -0.883124 -0.068274 0.004886 -0.012539 -0.002488 0.071733 -0.248803 0.038635
2719.945272000 0.693420679 -0.089198658 -0.096584169 0.708436913 -1.218914 -1.738113 0.110816 -0.105776 -0.868472 -0.040128 0.004886 -0.012538 -0.002485 0.071729 -0.248817 0.038627
2719.997354000 0.698085859 -0.081385407 -0.106793841 0.703311897 -1.225346 -1.782768 0.110388 -0.142799 -0.862016 0.015420 0.004886 -0.012537 -0.002484 0.071732 -0.248834 0.038614
2720.049438000 0.700742897 -0.075751186 -0.118280739 0.699450368 -1.233366 -1.827485 0.113032 -0.152094 -0.855491 0.082931 0.004886 -0.012535 -0.002485 0.071749 -0.248838 0.038604
2720.101521000 0.698149608 -0.072678403 -0.124304543 0.701322575 -1.241765 -1.872630 0.118123 -0.158762 -0.838122 0.100002 0.004884 -0.012532 -0.002485 0.071753 -0.248831 0.038600
2720.153604000 0.694705401 -0.073186228 -0.131338267 0.703404892 -1.251276 -1.916467 0.123550 -0.155915 -0.799819 0.102533 0.004880 -0.012526 -0.002491 0.071800 -0.248843 0.038549
2720.205686000 0.693444983 -0.078408487 -0.132642189 0.703841044 -1.260521 -1.960889 0.128674 -0.158898 -0.781570 0.096889 0.004876 -0.012521 -0.002494 0.071843 -0.248805 0.038528
2720.257769000 0.692258287 -0.084655356 -0.130080860 0.704763013 -1.269028 -2.003531 0.132367 -0.162722 -0.796749 0.048748 0.004874 -0.012518 -0.002494 0.071856 -0.248774 0.038532
2720.309853000 0.689899902 -0.091285267 -0.128749432 0.706490416 -1.277247 -2.046381 0.133803 -0.163079 -0.807895 -0.003370 0.004871 -0.012521 -0.002494 0.071862 -0.248776 0.038516
2720.361935000 0.689238440 -0.096980512 -0.125302413 0.706996788 -1.285869 -2.089387 0.132603 -0.167326 -0.837815 -0.056573 0.004869 -0.012524 -0.002496 0.071860 -0.248789 0.038504
2720.414018000 0.688870869 -0.100316247 -0.122616178 0.707360481 -1.294416 -2.134150 0.128823 -0.157611 -0.874760 -0.098445 0.004868 -0.012526 -0.002498 0.071854 -0.248816 0.038482
2720.466101000 0.688382136 -0.101468728 -0.120216265 0.708083457 -1.302294 -2.182943 0.124353 -0.148753 -0.895554 -0.057341 0.004865 -0.012531 -0.002495 0.071897 -0.248775 0.038508
2720.518184000 0.685832836 -0.099913863 -0.112745795 0.711996437 -1.308674 -2.229278 0.122667 -0.122095 -0.893407 -0.010611 0.004863 -0.012539 -0.002496 0.071924 -0.248753 0.038505
2720.570267000 0.683160574 -0.094848451 -0.104837877 0.716452665 -1.314192 -2.275246 0.122840 -0.142830 -0.895316 0.024336 0.004863 -0.012543 -0.002494 0.071969 -0.248706 0.038524
2720.622350000 0.684570934 -0.093678329 -0.097834587 0.716250934 -1.321928 -2.323914 0.123578 -0.182753 -0.927186 0.028024 0.004862 -0.012548 -0.002491 0.072022 -0.248652 0.038543
2720.674433000 0.690431819 -0.095913446 -0.095812955 0.710580321 -1.331403 -2.372047 0.125679 -0.191267 -0.914989 0.064250 0.004863 -0.012551 -0.002490 0.072030 -0.248644 0.038549
2720.726516000 0.691826741 -0.092720791 -0.095315967 0.709713662 -1.339519 -2.418213 0.129883 -0.164655 -0.869167 0.105967 0.004864 -0.012557 -0.002489 0.072053 -0.248610 0.038565
2720.778595000 0.689842696 -0.090036655 -0.089378202 0.712756615 -1.347568 -2.463227 0.134419 -0.173192 -0.862551 0.080231 0.004867 -0.012559 -0.002485 0.072063 -0.248577 0.038587
2720.830682000 0.687515404 -0.086292067 -0.087503176 0.715695077 -1.354939 -2.507475 0.136303 -0.147188 -0.857135 0.015710 0.004870 -0.012561 -0.002481 0.072074 -0.248549 0.038612
2720.882764000 0.688357189 -0.081325837 -0.095771268 0.714407693 -1.361700 -2.548432 0.136804 -0.126607 -0.814428 0.024439 0.004874 -0.012559 -0.002482 0.072043 -0.248585 0.038618
2720.934848000 0.688345172 -0.079528223 -0.097923457 0.714329884 -1.367728 -2.588648 0.138776 -0.116814 -0.770044 0.045815 0.004875 -0.012558 -0.002482 0.072044 -0.248586 0.038626
2720.986930000 0.687394185 -0.081867992 -0.094267411 0.715472237 -1.373228 -2.627721 0.139578 -0.111826 -0.784606 -0.009346 0.004878 -0.012558 -0.002480 0.072037 -0.248592 0.038635
2721.039013000 0.686859499 -0.083859089 -0.093495079 0.715856376 -1.378814 -2.669810 0.137920 -0.085606 -0.775622 -0.060975 0.004877 -0.012556 -0.002480 0.072040 -0.248613 0.038620
2721.091096000 0.686700036 -0.084096152 -0.094934417 0.715792116 -1.383356 -2.711605 0.133804 -0.067081 -0.775646 -0.113827 0.004876 -0.012554 -0.002482 0.072029 -0.248661 0.038593
2721.143180000 0.685895242 -0.081926396 -0.100605532 0.716040718 -1.387492 -2.755881 0.127498 -0.059140 -0.782751 -0.140643 0.004874 -0.012551 -0.002484 0.072031 -0.248701 0.038556
2721.195262000 0.683932629 -0.081677071 -0.107889297 0.716885566 -1.391831 -2.799543 0.121451 -0.065778 -0.760288 -0.098202 0.004871 -0.012548 -0.002487 0.072028 -0.248748 0.038514
2721.247340000 0.679452136 -0.083571624 -0.111645942 0.720344197 -1.396937 -2.838421 0.118373 -0.106305 -0.696313 -0.044974 0.004868 -0.012543 -0.002489 0.072016 -0.248757 0.038499
2721.299428000 0.683127719 -0.092195177 -0.112794668 0.715621361 -1.405298 -2.875100 0.116204 -0.159014 -0.624639 -0.043901 0.004867 -0.012537 -0.002492 0.072016 -0.248810 0.038455
2721.351511000 0.688632024 -0.099658627 -0.118756065 0.708343907 -1.415040 -2.905345 0.116132 -0.189325 -0.546912 0.012161 0.004864 -0.012532 -0.002494 0.072000 -0.248899 0.038412
2721.403594000 0.689257318 -0.105484447 -0.124361022 0.705926142 -1.426649 -2.936590 0.117354 -0.243328 -0.494330 0.005097 0.004863 -0.012530 -0.002491 0.071984 -0.248977 0.038398
2721.455677000 0.688106239 -0.108872031 -0.136893637 0.704213616 -1.441491 -2.960482 0.117757 -0.296651 -0.390837 0.019888 0.004861 -0.012524 -0.002494 0.071980 -0.249000 0.038382
2721.507761000 0.685703905 -0.115584072 -0.146224028 0.703611406 -1.459801 -2.981013 0.119632 -0.375718 -0.291470 0.065934 0.004861 -0.012521 -0.002494 0.071977 -0.248984 0.038401
2721.559843000 0.683637460 -0.128324525 -0.147183550 0.703213795 -1.482243 -3.000865 0.123150 -0.447847 -0.214533 0.089930 0.004860 -0.012518 -0.002494 0.071980 -0.248953 0.038412
2721.611926000 0.683325762 -0.142708959 -0.136645902 0.702871221 -1.506765 -3.016839 0.127124 -0.467651 -0.137170 0.078987 0.004859 -0.012518 -0.002491 0.071971 -0.248931 0.038428
2721.664009000 0.685561731 -0.149962062 -0.119108265 0.702374341 -1.532996 -3.028493 0.131727 -0.509847 -0.060272 0.107621 0.004856 -0.012516 -0.002488 0.071954 -0.248932 0.038419
2721.716092000 0.685467557 -0.149425713 -0.111264343 0.703865350 -1.561540 -3.036427 0.136252 -0.550019 -0.015007 0.070082 0.004852 -0.012513 -0.002486 0.071971 -0.248934 0.038413
2721.768174000 0.683062218 -0.143630657 -0.115319929 0.706751410 -1.593281 -3.043105 0.138599 -0.621120 0.017381 0.031990 0.004847 -0.012509 -0.002484 0.071959 -0.248906 0.038442
2721.820257000 0.682256145 -0.138782660 -0.125402708 0.706781499 -1.627450 -3.040837 0.139080 -0.688150 0.038110 0.004723 0.004846 -0.012507 -0.002482 0.071926 -0.248869 0.038480
2721.872340000 0.682873868 -0.135511728 -0.134938187 0.705061372 -1.665061 -3.038429 0.138846 -0.730537 0.087284 0.000239 0.004846 -0.012505 -0.002480 0.071895 -0.248817 0.038519
2721.924423000 0.685089162 -0.126804458 -0.143721946 0.702792623 -1.703465 -3.032506 0.138100 -0.753217 0.128425 -0.006824 0.004845 -0.012508 -0.002479 0.071844 -0.248756 0.038561
2721.976507000 0.685677622 -0.117509500 -0.149768294 0.702571829 -1.743720 -3.024759 0.138245 -0.799280 0.157376 0.006871 0.004843 -0.012510 -0.002478 0.071830 -0.248744 0.038583
2722.028590000 0.687027166 -0.113866633 -0.151975070 0.701378386 -1.786178 -3.016123 0.139651 -0.855359 0.185767 0.048713 0.004840 -0.012516 -0.002477 0.071780 -0.248706 0.038580
2722.080672000 0.689211083 -0.119136726 -0.149244059 0.698942583 -1.831350 -3.005260 0.141954 -0.891500 0.187262 0.038056 0.004841 -0.012520 -0.002475 0.071784 -0.248687 0.038592
2722.132755000 0.693052703 -0.124279872 -0.152407612 0.693544796 -1.876501 -2.995746 0.143026 -0.841361 0.199446 0.027835 0.004844 -0.012523 -0.002472 0.071817 -0.248647 0.038618
2722.184838000 0.694688052 -0.123276125 -0.153590364 0.691824767 -1.918261 -2.985519 0.143935 -0.778991 0.200629 0.000262 0.004842 -0.012529 -0.002472 0.071801 -0.248666 0.038610
2722.236922000 0.697034091 -0.121915988 -0.148430836 0.690831568 -1.956843 -2.975153 0.143133 -0.736718 0.191865 -0.027852 0.004845 -0.012537 -0.002471 0.071816 -0.248650 0.038619
2722.289004000 0.699103650 -0.119487247 -0.148555168 0.689135869 -1.992898 -2.965522 0.139922 -0.690337 0.163284 -0.078410 0.004849 -0.012543 -0.002470 0.071838 -0.248631 0.038640
2722.341087000 0.703161208 -0.119008260 -0.155474965 0.683541428 -2.028414 -2.957968 0.135352 -0.681969 0.148506 -0.071717 0.004852 -0.012546 -0.002471 0.071859 -0.248633 0.038639
2722.393170000 0.704964824 -0.125038501 -0.156432250 0.680381453 -2.063891 -2.951311 0.131807 -0.659679 0.145264 -0.066221 0.004854 -0.012546 -0.002473 0.071890 -0.248656 0.038622
2722.445252000 0.705419462 -0.131550110 -0.155624357 0.678865974 -2.098763 -2.945365 0.127237 -0.677535 0.118863 -0.093019 0.004859 -0.012546 -0.002473 0.071930 -0.248644 0.038643
2722.497336000 0.705715361 -0.139609982 -0.155674090 0.676934605 -2.134322 -2.941128 0.121143 -0.677980 0.084010 -0.130053 0.004860 -0.012547 -0.002472 0.071942 -0.248647 0.038657
2722.549418000 0.706993431 -0.142656255 -0.157890616 0.674447948 -2.170574 -2.940164 0.113856 -0.683431 0.057430 -0.142797 0.004863 -0.012547 -0.002473 0.071968 -0.248681 0.038645
2722.601501000 0.708722191 -0.141861547 -0.161373412 0.671972306 -2.207362 -2.939622 0.105863 -0.711447 0.014848 -0.154702 0.004865 -0.012546 -0.002474 0.071993 -0.248692 0.038643
2722.653585000 0.710741228 -0.138522117 -0.166424791 0.669299125 -2.245507 -2.939756 0.098672 -0.761402 -0.007967 -0.123469 0.004864 -0.012546 -0.002474 0.071987 -0.248725 0.038645
2722.705668000 0.714030619 -0.139130813 -0.162986979 0.666511918 -2.287865 -2.942755 0.093417 -0.828646 -0.038859 -0.101319 0.004862 -0.012546 -0.002478 0.071973 -0.248759 0.038597
2722.757751000 0.717137440 -0.136273954 -0.166457401 0.662899114 -2.332337 -2.946354 0.087587 -0.844546 -0.062847 -0.089294 0.004868 -0.012544 -0.002478 0.072015 -0.248679 0.038621
2722.809833000 0.720031913 -0.126203395 -0.175973414 0.659287573 -2.377544 -2.951408 0.083064 -0.855775 -0.058694 -0.037068 0.004873 -0.012541 -0.002479 0.072038 -0.248587 0.038645
2722.861917000 0.723298838 -0.120707458 -0.180616002 0.655474149 -2.424260 -2.955807 0.081961 -0.893730 -0.052518 0.005305 0.004876 -0.012541 -0.002484 0.072048 -0.248530 0.038621
2722.914000000 0.727739566 -0.122910761 -0.181284207 0.649941617 -2.470284 -2.956801 0.082945 -0.897751 -0.045441 0.029751 0.004877 -0.012541 -0.002483 0.072030 -0.248483 0.038623
2722.966082000 0.733905400 -0.133881299 -0.170117002 0.643831397 -2.517007 -2.960449 0.083852 -0.837273 -0.067878 0.014558 0.004882 -0.012539 -0.002484 0.072044 -0.248504 0.038629
2723.018165000 0.738333757 -0.127781280 -0.172493794 0.639359913 -2.558250 -2.964067 0.084570 -0.749845 -0.085987 0.018184 0.004885 -0.012536 -0.002486 0.072059 -0.248500 0.038627
2723.070248000 0.740911397 -0.123020185 -0.170576649 0.637824382 -2.596995 -2.968835 0.085573 -0.723188 -0.111534 0.016751 0.004886 -0.012535 -0.002489 0.072067 -0.248497 0.038619
2723.122331000 0.740806087 -0.117101121 -0.174748670 0.637931479 -2.633181 -2.974374 0.087037 -0.667065 -0.113161 0.035141 0.004886 -0.012533 -0.002493 0.072056 -0.248516 0.038603
2723.174414000 0.740275246 -0.118852726 -0.165268270 0.640744090 -2.669461 -2.980790 0.088914 -0.685712 -0.118321 0.039547 0.004890 -0.012530 -0.002497 0.072069 -0.248492 0.038604
2723.226496000 0.738793249 -0.124967051 -0.151189046 0.644755491 -2.705597 -2.988160 0.089424 -0.671268 -0.156267 -0.024016 0.004892 -0.012528 -0.002501 0.072055 -0.248493 0.038601
2723.278579000 0.738606107 -0.120933553 -0.144171110 0.647341320 -2.740532 -2.996890 0.086338 -0.652224 -0.163545 -0.064970 0.004897 -0.012528 -0.002503 0.072045 -0.248483 0.038601
2723.330662000 0.738698598 -0.114614214 -0.134979521 0.650360279 -2.775541 -3.005674 0.082233 -0.672016 -0.159684 -0.071826 0.004902 -0.012527 -0.002505 0.072037 -0.248473 0.038605
2723.382745000 0.739735394 -0.108302519 -0.116757081 0.653781229 -2.812761 -3.015312 0.078299 -0.718795 -0.156799 -0.074636 0.004905 -0.012527 -0.002506 0.071983 -0.248505 0.038622
2723.434828000 0.741966157 -0.097341801 -0.099596021 0.655813562 -2.850970 -3.022993 0.074210 -0.763713 -0.141210 -0.066369 0.004906 -0.012527 -0.002505 0.071947 -0.248520 0.038606
2723.486911000 0.743460390 -0.085776041 -0.083936520 0.657923840 -2.892056 -3.030061 0.071745 -0.816792 -0.135405 -0.038509 0.004907 -0.012527 -0.002504 0.071926 -0.248571 0.038607
2723.538994000 0.744291194 -0.071809979 -0.075286330 0.659701383 -2.933722 -3.036606 0.070583 -0.823638 -0.134238 -0.005018 0.004906 -0.012528 -0.002502 0.071945 -0.248595 0.038573
2723.591077000 0.747534157 -0.064690220 -0.066855156 0.657676401 -2.977578 -3.043584 0.071354 -0.868719 -0.152018 0.042941 0.004905 -0.012528 -0.002504 0.071975 -0.248584 0.038604
2723.643161000 0.752953054 -0.066453118 -0.059225266 0.652026111 -3.020926 -3.050234 0.075916 -0.805097 -0.124174 0.125308 0.004904 -0.012528 -0.002504 0.071999 -0.248610 0.038602
2723.695241000 0.754245805 -0.057865036 -0.045135431 0.652478119 -3.060489 -3.055219 0.083271 -0.715503 -0.126569 0.166750 0.004908 -0.012524 -0.002506 0.071966 -0.248617 0.038651
2723.747326000 0.751129118 -0.041707408 -0.028729497 0.658209812 -3.096341 -3.061644 0.090897 -0.687964 -0.164126 0.117595 0.004910 -0.012522 -0.002504 0.071969 -0.248602 0.038602
2723.799409000 0.751160828 -0.032252611 -0.018896337 0.659060018 -3.131768 -3.072036 0.094434 -0.655549 -0.251883 0.040077 0.004910 -0.012519 -0.002504 0.071986 -0.248610 0.038585
2723.851492000 0.752052541 -0.025596335 -0.019421148 0.658319544 -3.164633 -3.086019 0.096899 -0.571330 -0.245981 0.083387 0.004911 -0.012517 -0.002504 0.071973 -0.248588 0.038563
2723.903575000 0.747485332 -0.016181254 -0.007785197 0.664035568 -3.193674 -3.099518 0.101253 -0.514813 -0.273490 0.068731 0.004910 -0.012513 -0.002502 0.072003 -0.248612 0.038535
2723.955657000 0.742006575 -0.005986163 0.005089308 0.670346557 -3.219239 -3.114883 0.103196 -0.488155 -0.343106 -0.008081 0.004910 -0.012513 -0.002501 0.072025 -0.248625 0.038510
2724.007740000 0.741032286 0.003933438 0.014981149 0.671290730 -3.243555 -3.134517 0.100907 -0.454523 -0.397009 -0.072313 0.004909 -0.012514 -0.002500 0.072043 -0.248645 0.038487
2724.059823000 0.741051439 0.017874429 0.020810658 0.670887610 -3.265817 -3.156500 0.096357 -0.421952 -0.429032 -0.088592 0.004909 -0.012517 -0.002498 0.072068 -0.248659 0.038481
2724.111906000 0.739596956 0.034470439 0.026041047 0.671662114 -3.287205 -3.180558 0.092432 -0.414292 -0.457083 -0.062013 0.004910 -0.012520 -0.002495 0.072078 -0.248700 0.038456
2724.163985000 0.736194277 0.052757687 0.035330580 0.673785102 -3.307749 -3.205449 0.090473 -0.434703 -0.481657 -0.024644 0.004910 -0.012527 -0.002491 0.072078 -0.248749 0.038408
2724.216072000 0.731818384 0.071320468 0.043095901 0.676385975 -3.329473 -3.231441 0.089763 -0.458509 -0.545894 -0.017808 0.004909 -0.012531 -0.002488 0.072113 -0.248775 0.038363
2724.268155000 0.728889669 0.090343366 0.040855917 0.677413257 -3.352176 -3.262169 0.088915 -0.502532 -0.579981 -0.001895 0.004909 -0.012544 -0.002481 0.072153 -0.248733 0.038297
2724.320238000 0.732399127 0.095900032 0.045555024 0.672546981 -3.378140 -3.294145 0.090016 -0.556014 -0.622414 0.033668 0.004910 -0.012555 -0.002477 0.072178 -0.248753 0.038274
2724.372321000 0.737607027 0.092299555 0.054432616 0.666673651 -3.404171 -3.326782 0.092054 -0.487730 -0.604812 0.051698 0.004911 -0.012562 -0.002475 0.072164 -0.248802 0.038296
2724.424404000 0.735389993 0.105402219 0.055069021 0.667127674 -3.426064 -3.358702 0.094588 -0.417356 -0.584245 0.047182 0.004912 -0.012571 -0.002472 0.072178 -0.248838 0.038311
2724.476487000 0.734230819 0.112897713 0.059267143 0.666818279 -3.446496 -3.390290 0.096832 -0.376580 -0.596633 0.034112 0.004911 -0.012575 -0.002470 0.072230 -0.248857 0.038305
2724.528569000 0.733634782 0.118187290 0.066187412 0.665906148 -3.463336 -3.421800 0.098038 -0.309696 -0.594200 -0.015859 0.004910 -0.012580 -0.002467 0.072264 -0.248892 0.038279
2724.580653000 0.734499927 0.126808491 0.076784022 0.662218754 -3.477520 -3.455095 0.095232 -0.265121 -0.637219 -0.102782 0.004908 -0.012587 -0.002468 0.072299 -0.248969 0.038314
2724.632730000 0.733142464 0.138450092 0.082248005 0.660733657 -3.488918 -3.490307 0.088364 -0.241970 -0.676831 -0.153792 0.004907 -0.012597 -0.002465 0.072375 -0.248976 0.038295
2724.684818000 0.732585542 0.149441981 0.093126518 0.657505110 -3.501607 -3.527578 0.080583 -0.249325 -0.697924 -0.145922 0.004909 -0.012602 -0.002463 0.072365 -0.248992 0.038290
2724.736901000 0.732622347 0.158924334 0.110432407 0.652542900 -3.514316 -3.566377 0.072297 -0.231042 -0.733831 -0.173757 0.004911 -0.012605 -0.002461 0.072299 -0.249021 0.038273
2724.788984000 0.730535310 0.170558928 0.125847465 0.649145768 -3.525610 -3.606149 0.063479 -0.197706 -0.763557 -0.165531 0.004913 -0.012607 -0.002462 0.072176 -0.249051 0.038285
2724.841068000 0.723008561 0.186711779 0.143937335 0.649368444 -3.534746 -3.645302 0.056101 -0.158160 -0.746124 -0.128174 0.004912 -0.012606 -0.002460 0.072184 -0.249080 0.038200
2724.893150000 0.713726786 0.202897824 0.166587924 0.649365084 -3.543210 -3.685225 0.050849 -0.159570 -0.772108 -0.101758 0.004910 -0.012605 -0.002457 0.072235 -0.249109 0.038105
2724.945233000 0.711460080 0.213560605 0.187870620 0.642589334 -3.551854 -3.726025 0.045650 -0.138183 -0.749197 -0.097778 0.004907 -0.012605 -0.002454 0.072313 -0.249171 0.038049
2724.997316000 0.711234540 0.227874124 0.201817563 0.633631189 -3.558217 -3.762680 0.042478 -0.082305 -0.651945 -0.049009 0.004904 -0.012600 -0.002452 0.072361 -0.249248 0.037981
2725.049399000 0.703231644 0.254303862 0.213363941 0.628705518 -3.561932 -3.793163 0.041194 -0.013762 -0.507789 -0.012839 0.004900 -0.012598 -0.002447 0.072457 -0.249248 0.037860
2725.101482000 0.693891655 0.282824924 0.226735981 0.622185846 -3.559668 -3.815322 0.040183 0.080640 -0.364741 0.008348 0.004901 -0.012603 -0.002449 0.072305 -0.249257 0.038029
2725.153565000 0.681945949 0.312398228 0.237522861 0.617203338 -3.554518 -3.832962 0.041101 0.185649 -0.191521 0.029351 0.004898 -0.012605 -0.002445 0.072371 -0.249243 0.037972
2725.205647000 0.667796438 0.339543170 0.253984212 0.611760062 -3.544236 -3.838188 0.042393 0.255227 -0.038389 0.028734 0.004899 -0.012605 -0.002446 0.072163 -0.249263 0.038059
2725.257731000 0.655837778 0.360339851 0.273668311 0.604266213 -3.529116 -3.837181 0.043337 0.329700 0.041051 -0.004183 0.004898 -0.012603 -0.002446 0.072242 -0.249306 0.038069
2725.309814000 0.647503083 0.376973207 0.294096183 0.593412499 -3.510270 -3.834010 0.042058 0.399447 0.204338 -0.039241 0.004896 -0.012612 -0.002445 0.072266 -0.249308 0.038137
2725.361900000 0.635915930 0.399131820 0.316941658 0.579528003 -3.485287 -3.816468 0.039175 0.456126 0.381596 -0.058166 0.004897 -0.012618 -0.002445 0.072209 -0.249308 0.038157
2725.413981000 0.622169056 0.423462455 0.340236204 0.563759293 -3.460916 -3.794662 0.036205 0.510839 0.503059 -0.066526 0.004897 -0.012619 -0.002444 0.072141 -0.249364 0.038177
2725.466063000 0.606830837 0.447688060 0.360643289 0.548878998 -3.433978 -3.766794 0.033252 0.511894 0.576385 -0.047041 0.004896 -0.012622 -0.002445 0.072140 -0.249396 0.038253
2725.518146000 0.592896725 0.467073663 0.380415850 0.534415052 -3.409533 -3.740559 0.030564 0.498543 0.608090 -0.031484 0.004899 -0.012625 -0.002445 0.072038 -0.249386 0.038414
2725.570229000 0.578725772 0.484883595 0.399848684 0.519697422 -3.383880 -3.707193 0.028341 0.490852 0.664609 -0.046887 0.004900 -0.012625 -0.002446 0.072018 -0.249355 0.038443
2725.622311000 0.563815075 0.502898766 0.415502030 0.506520933 -3.357899 -3.671084 0.025566 0.507987 0.715105 -0.053612 0.004900 -0.012626 -0.002446 0.072021 -0.249341 0.038450
2725.674415000 0.549940446 0.518230360 0.427627856 0.496122179 -3.330841 -3.632751 0.023091 0.533173 0.751290 -0.046936 0.004900 -0.012625 -0.002446 0.071981 -0.249386 0.038440
2725.726478000 0.539167785 0.528769580 0.438000542 0.487705195 -3.302736 -3.592765 0.021173 0.543381 0.786786 -0.023259 0.004900 -0.012625 -0.002446 0.071971 -0.249392 0.038441
2725.778562000 0.530111050 0.534820675 0.450106460 0.479951347 -3.274777 -3.551599 0.021264 0.536533 0.798728 0.011285 0.004900 -0.012625 -0.002445 0.071982 -0.249432 0.038430
2725.830643000 0.521766320 0.538258290 0.458888463 0.476926932 -3.246835 -3.509976 0.021950 0.538186 0.798851 0.008792 0.004900 -0.012625 -0.002445 0.071982 -0.249432 0.038430
2725.882727000 0.514441658 0.542388008 0.461814669 0.477380603 -3.219266 -3.468290 0.022316 0.515081 0.799998 0.008992 0.004900 -0.012625 -0.002445 0.071982 -0.249432 0.038430
2725.934809000 0.513082818 0.545162021 0.462665370 0.474852766 -3.192788 -3.427190 0.023216 0.500423 0.776745 0.027874 0.004900 -0.012625 -0.002445 0.071982 -0.249432 0.038430
2725.986892000 0.512416435 0.545326289 0.466270060 0.471848351 -3.167216 -3.386947 0.025639 0.488484 0.768292 0.058538 0.004900 -0.012624 -0.002445 0.071993 -0.249439 0.038426
2726.038979000 0.508229811 0.546726290 0.471452957 0.469600822 -3.141390 -3.347532 0.028826 0.502031 0.738848 0.071932 0.004900 -0.012625 -0.002445 0.071989 -0.249432 0.038434
2726.091058000 0.502905368 0.548018087 0.475627942 0.469617320 -3.114947 -3.310503 0.033201 0.505891 0.678736 0.099630 0.004900 -0.012625 -0.002445 0.071989 -0.249432 0.038434
2726.143141000 0.501715339 0.546771210 0.482514606 0.465298418 -3.088485 -3.277585 0.039061 0.500538 0.619670 0.118786 0.004895 -0.012623 -0.002443 0.072055 -0.249376 0.038340
2726.195225000 0.498457215 0.546448763 0.491151031 0.460113920 -3.062357 -3.245808 0.044185 0.516832 0.581470 0.078834 0.004896 -0.012624 -0.002443 0.071959 -0.249338 0.038308
2726.247307000 0.491745702 0.551600951 0.497594389 0.454227234 -3.034749 -3.216671 0.047037 0.542836 0.538197 0.032967 0.004896 -0.012624 -0.002443 0.071959 -0.249338 0.038308
2726.299390000 0.481262927 0.562205206 0.500437854 0.449303077 -3.005623 -3.189890 0.047884 0.575473 0.485482 -0.008440 0.004896 -0.012624 -0.002443 0.071959 -0.249359 0.038311
2726.351473000 0.471139138 0.572578559 0.499875351 0.447555963 -2.974618 -3.166313 0.047041 0.604492 0.422081 -0.015937 0.004896 -0.012624 -0.002443 0.071959 -0.249359 0.038311
2726.403555000 0.462032209 0.578987837 0.503569018 0.444654435 -2.943140 -3.146277 0.047291 0.640508 0.355603 -0.012595 0.004899 -0.012622 -0.002445 0.072012 -0.249480 0.038436
2726.455646000 0.455691757 0.583274418 0.505708637 0.443164473 -2.908781 -3.129044 0.046354 0.697090 0.299837 -0.023869 0.004904 -0.012621 -0.002447 0.072018 -0.249618 0.038631
2726.507721000 0.451659472 0.585049640 0.511508590 0.438268870 -2.870297 -3.114337 0.043471 0.755137 0.258506 -0.051860 0.004901 -0.012622 -0.002446 0.072014 -0.249501 0.038523
2726.559804000 0.449323220 0.583850788 0.517555706 0.435158583 -2.829312 -3.101859 0.039385 0.823981 0.235234 -0.092878 0.004900 -0.012622 -0.002447 0.072032 -0.249451 0.038532
2726.611888000 0.447546980 0.582758465 0.522205415 0.432892339 -2.785428 -3.091072 0.034042 0.859202 0.219124 -0.108798 0.004898 -0.012621 -0.002447 0.072138 -0.249427 0.038553
2726.663970000 0.445765685 0.583924015 0.529136199 0.424665258 -2.739944 -3.080993 0.026915 0.900028 0.210798 -0.140703 0.004896 -0.012621 -0.002449 0.072199 -0.249346 0.038601
2726.716053000 0.440089081 0.588943108 0.534388293 0.417009315 -2.686005 -3.074787 0.022391 0.973902 0.195772 -0.170340 0.004883 -0.012623 -0.002453 0.072791 -0.249637 0.038679
2726.768136000 0.441620863 0.592959972 0.537182949 0.405960545 -2.634414 -3.066033 0.011720 1.027577 0.171859 -0.187016 0.004884 -0.012624 -0.002453 0.072785 -0.249521 0.038706
2726.820219000 0.447929450 0.598556898 0.532996434 0.396236860 -2.580990 -3.056492 0.003774 0.994169 0.206995 -0.108459 0.004883 -0.012623 -0.002453 0.072813 -0.249538 0.038707
2726.872302000 0.444400613 0.609491219 0.531503305 0.385399514 -2.532281 -3.043926 0.000279 0.895535 0.294425 -0.019690 0.004882 -0.012625 -0.002453 0.072818 -0.249490 0.038727
2726.924384000 0.427588398 0.625737841 0.533547446 0.375429673 -2.487603 -3.027955 0.000572 0.876677 0.353805 0.045366 0.004884 -0.012630 -0.002455 0.072831 -0.249458 0.038918
2726.976468000 0.411597047 0.639845645 0.537604314 0.363547827 -2.442124 -3.007934 0.003144 0.884728 0.414315 0.059498 0.004887 -0.012633 -0.002454 0.072769 -0.249460 0.038956
2727.028551000 0.396364125 0.652244798 0.537675288 0.358298044 -2.394693 -2.983291 0.007684 0.872477 0.461728 0.104316 0.004888 -0.012630 -0.002452 0.072757 -0.249486 0.038790
2727.080641000 0.384266136 0.659967669 0.542986013 0.349211115 -2.349238 -2.959078 0.013338 0.861220 0.486521 0.117114 0.004887 -0.012630 -0.002452 0.072839 -0.249421 0.038780
2727.132717000 0.371903417 0.664839491 0.550706468 0.341172515 -2.302791 -2.933145 0.017830 0.858192 0.517771 0.063841 0.004886 -0.012630 -0.002453 0.072938 -0.249371 0.038744
2727.184803000 0.360889505 0.669083697 0.557355748 0.333826814 -2.257352 -2.905113 0.019595 0.854168 0.559347 0.017641 0.004886 -0.012629 -0.002452 0.072952 -0.249345 0.038698
2727.236882000 0.346636923 0.673899869 0.564946445 0.326400559 -2.214770 -2.874698 0.019902 0.843037 0.596874 0.002521 0.004887 -0.012628 -0.002451 0.072900 -0.249329 0.038677
2727.288965000 0.331386244 0.678405544 0.572380052 0.319890842 -2.167557 -2.843267 0.019887 0.874301 0.620245 0.001723 0.004884 -0.012636 -0.002452 0.072979 -0.249319 0.038718
2727.341048000 0.318077723 0.681505293 0.578858057 0.315119735 -2.127407 -2.812012 0.021335 0.893704 0.636894 0.009372 0.004885 -0.012638 -0.002452 0.072752 -0.249528 0.039031
2727.393132000 0.305926771 0.684730880 0.582735801 0.313003863 -2.078966 -2.778755 0.021923 0.905905 0.645518 0.029040 0.004884 -0.012638 -0.002453 0.072810 -0.249497 0.039023
2727.445220000 0.296042003 0.687073199 0.586558392 0.310223796 -2.035736 -2.745022 0.024618 0.896236 0.633771 0.059353 0.004886 -0.012636 -0.002451 0.072699 -0.249532 0.039029
2727.497298000 0.293477782 0.691053259 0.585979062 0.304868371 -1.988483 -2.712063 0.027452 0.907353 0.634370 0.057986 0.004886 -0.012636 -0.002451 0.072699 -0.249532 0.039029
2727.549386000 0.295398623 0.696470251 0.581241336 0.299712115 -1.938411 -2.679482 0.032468 0.857993 0.621292 0.114440 0.004882 -0.012638 -0.002454 0.072862 -0.249606 0.039090
2727.601463000 0.288042469 0.699987303 0.583950677 0.293344369 -1.888277 -2.646003 0.037521 0.827983 0.646543 0.116190 0.004879 -0.012637 -0.002460 0.073096 -0.249436 0.038983
2727.653546000 0.277161128 0.702157926 0.587948833 0.290640888 -1.841609 -2.612112 0.042287 0.882848 0.642789 0.077767 0.004876 -0.012634 -0.002462 0.073225 -0.249391 0.038973
2727.705629000 0.270897484 0.702546864 0.590042543 0.291362755 -1.795289 -2.579019 0.045846 0.870852 0.613880 0.081119 0.004876 -0.012634 -0.002462 0.073227 -0.249342 0.038919
2727.757713000 0.267668774 0.700464001 0.595758813 0.287706528 -1.750032 -2.547616 0.050188 0.853626 0.597529 0.078068 0.004876 -0.012634 -0.002462 0.073246 -0.249332 0.038926
2727.809795000 0.263559381 0.697486232 0.603357911 0.282857987 -1.710411 -2.513983 0.052764 0.843820 0.624189 0.020311 0.004877 -0.012626 -0.002453 0.073095 -0.249364 0.038747
2727.861879000 0.257257962 0.695218803 0.610983193 0.277828535 -1.665459 -2.480925 0.052333 0.860879 0.635444 -0.026846 0.004876 -0.012625 -0.002453 0.073110 -0.249324 0.038711
2727.913961000 0.249194149 0.694379578 0.617007665 0.273935793 -1.619912 -2.446297 0.049397 0.878165 0.662989 -0.073887 0.004875 -0.012623 -0.002451 0.073117 -0.249316 0.038641
2727.966045000 0.238482427 0.695329847 0.621974177 0.269797441 -1.573437 -2.410031 0.043604 0.885640 0.687713 -0.091756 0.004877 -0.012621 -0.002450 0.073107 -0.249181 0.038511
2728.018127000 0.225233993 0.697488057 0.627004654 0.263903813 -1.527373 -2.372768 0.038840 0.910830 0.720885 -0.084341 0.004877 -0.012619 -0.002447 0.073071 -0.249193 0.038422
2728.070211000 0.214135616 0.698202284 0.632497736 0.258081621 -1.480330 -2.334054 0.036013 0.924792 0.738584 -0.016474 0.004877 -0.012616 -0.002443 0.073019 -0.249189 0.038295
2728.122294000 0.205323555 0.698648089 0.640358641 0.244282411 -1.432453 -2.293130 0.034375 0.944144 0.764698 -0.004001 0.004879 -0.012613 -0.002438 0.072950 -0.249060 0.038043
2728.174376000 0.203823256 0.704293166 0.638186176 0.234831050 -1.382800 -2.251795 0.033958 0.963288 0.805720 0.007068 0.004879 -0.012612 -0.002436 0.072917 -0.249066 0.037982
2728.226458000 0.201517193 0.709561751 0.635610868 0.227841537 -1.335271 -2.210207 0.036372 0.827331 0.805027 0.069132 0.004881 -0.012615 -0.002437 0.072907 -0.249045 0.038009
2728.278543000 0.184643966 0.715041100 0.637919321 0.218361562 -1.294062 -2.167883 0.039648 0.781908 0.827603 0.045231 0.004881 -0.012615 -0.002437 0.072907 -0.249045 0.038009
2728.330625000 0.174909044 0.719818568 0.636520854 0.214730665 -1.253148 -2.123726 0.041284 0.752916 0.849261 0.033846 0.004881 -0.012614 -0.002437 0.072923 -0.249034 0.037995
2728.382708000 0.165383920 0.723617092 0.634805207 0.214589872 -1.216357 -2.079790 0.044266 0.662031 0.828428 0.084614 0.004881 -0.012614 -0.002437 0.072923 -0.249034 0.037995
2728.434790000 0.155793186 0.724448609 0.639249458 0.205579245 -1.182595 -2.037125 0.049260 0.649781 0.822531 0.088623 0.004881 -0.012614 -0.002437 0.072918 -0.249041 0.038001
2728.486873000 0.144348039 0.723784318 0.645339462 0.197070757 -1.149564 -1.994122 0.052363 0.621911 0.836035 0.027536 0.004881 -0.012615 -0.002437 0.072916 -0.249041 0.038003
2728.538956000 0.124926106 0.724071011 0.650714838 0.191532869 -1.117388 -1.949512 0.052310 0.601508 0.868900 -0.028904 0.004881 -0.012614 -0.002437 0.072921 -0.249041 0.037999
2728.591038000 0.098786903 0.726189882 0.652749212 0.191853771 -1.093997 -1.907915 0.050350 0.589276 0.898050 -0.058601 0.004886 -0.012621 -0.002437 0.072751 -0.249116 0.038123
2728.643122000 0.073397020 0.729099595 0.652794025 0.192058893 -1.060519 -1.858975 0.047720 0.586276 0.904667 -0.055598 0.004885 -0.012620 -0.002437 0.072800 -0.249134 0.038068
2728.695205000 0.047932466 0.730992251 0.651715712 0.196518289 -1.025267 -1.809682 0.043954 0.609929 0.888285 -0.043578 0.004883 -0.012617 -0.002436 0.072860 -0.249048 0.037990
2728.747287000 0.033733351 0.731790368 0.651995305 0.195568507 -0.986999 -1.760704 0.041013 0.657866 0.854790 -0.033780 0.004877 -0.012619 -0.002436 0.072982 -0.248926 0.037864
2728.799370000 0.033476336 0.738037759 0.645079889 0.195068035 -0.953405 -1.717188 0.039300 0.650836 0.831717 -0.039596 0.004877 -0.012619 -0.002435 0.072976 -0.248983 0.037880
2728.851453000 0.039602290 0.743779528 0.639845669 0.189264872 -0.919303 -1.673387 0.039350 0.592969 0.824618 -0.013150 0.004878 -0.012615 -0.002438 0.073027 -0.249073 0.037914
2728.903536000 0.040199579 0.748407474 0.635846496 0.184308111 -0.889548 -1.629241 0.037844 0.523692 0.862150 -0.068246 0.004879 -0.012612 -0.002439 0.073058 -0.249143 0.037923
2728.955619000 0.033374348 0.750702505 0.632565710 0.187596707 -0.863612 -1.583269 0.036478 0.444288 0.863530 -0.020096 0.004879 -0.012613 -0.002439 0.073162 -0.249225 0.037962
2729.007702000 0.033767410 0.750986142 0.635055444 0.177719330 -0.836804 -1.536115 0.036676 0.412636 0.870872 -0.015006 0.004877 -0.012614 -0.002440 0.073263 -0.249236 0.038004
2729.059785000 0.038597936 0.749621623 0.639333718 0.166823318 -0.816500 -1.489847 0.035093 0.377189 0.910119 -0.059239 0.004876 -0.012612 -0.002443 0.073277 -0.249267 0.038008
2729.111868000 0.046019413 0.748264789 0.643032257 0.156497719 -0.796748 -1.440357 0.032092 0.342291 0.936757 -0.073006 0.004874 -0.012611 -0.002442 0.073307 -0.249297 0.037977
2729.163951000 0.055001427 0.746264656 0.647950664 0.142210559 -0.777830 -1.389748 0.028730 0.299915 0.956685 -0.106211 0.004872 -0.012610 -0.002443 0.073377 -0.249355 0.037966
2729.216034000 0.058507225 0.743628116 0.652594555 0.133095739 -0.758303 -1.334221 0.023680 0.266254 0.975814 -0.134451 0.004867 -0.012613 -0.002438 0.073479 -0.249432 0.037872
2729.268117000 0.062622105 0.741459786 0.656075148 0.126020864 -0.741385 -1.278469 0.018015 0.254463 0.986220 -0.122723 0.004863 -0.012612 -0.002432 0.073559 -0.249505 0.037765
2729.320200000 0.066786901 0.737146096 0.661319682 0.121702183 -0.727720 -1.226147 0.012966 0.243761 0.976499 -0.101654 0.004860 -0.012616 -0.002430 0.073594 -0.249567 0.037738
2729.372283000 0.078048595 0.734992834 0.664048875 0.112840783 -0.711829 -1.172717 0.007508 0.261813 0.974614 -0.119650 0.004859 -0.012619 -0.002427 0.073642 -0.249564 0.037689
2729.424365000 0.094454083 0.736711102 0.660586462 0.109365007 -0.695748 -1.118765 0.001692 0.254523 1.000025 -0.103832 0.004858 -0.012622 -0.002425 0.073704 -0.249598 0.037645
2729.476448000 0.111596286 0.737623416 0.655008554 0.120090631 -0.683325 -1.065953 -0.001672 0.211579 0.982886 -0.015187 0.004861 -0.012625 -0.002422 0.073739 -0.249580 0.037629
2729.528531000 0.121945990 0.734509190 0.655588061 0.125816215 -0.672521 -1.013779 -0.002422 0.180521 0.992139 -0.032415 0.004862 -0.012628 -0.002420 0.073803 -0.249597 0.037602
2729.580614000 0.134300501 0.731933806 0.652799819 0.141734520 -0.660305 -0.957834 -0.004602 0.188669 1.053824 -0.051687 0.004861 -0.012632 -0.002417 0.073874 -0.249630 0.037566
2729.632697000 0.141263338 0.731408867 0.649547029 0.152231391 -0.652650 -0.902966 -0.005487 0.123015 1.045894 0.005098 0.004862 -0.012634 -0.002415 0.073916 -0.249674 0.037559
2729.684780000 0.140981551 0.726590350 0.651022581 0.168405058 -0.649224 -0.849660 -0.004994 0.120034 1.058624 0.044219 0.004864 -0.012635 -0.002414 0.073889 -0.249652 0.037563
2729.736862000 0.149379339 0.718428446 0.656724384 0.173952480 -0.650758 -0.798306 -0.005652 0.126623 1.080959 0.033777 0.004874 -0.012625 -0.002418 0.073748 -0.249420 0.037442
2729.788946000 0.156802359 0.712619881 0.658242538 0.185209845 -0.644085 -0.740610 -0.005438 0.102387 1.095266 -0.006043 0.004871 -0.012632 -0.002423 0.073727 -0.249408 0.037341
2729.841029000 0.162319618 0.708242044 0.657853490 0.198177534 -0.640372 -0.685105 -0.006497 0.113151 1.099283 -0.015229 0.004870 -0.012634 -0.002427 0.073682 -0.249369 0.037300
2729.893112000 0.176645358 0.705390817 0.653630759 0.209730883 -0.632988 -0.626390 -0.008694 0.140898 1.106081 -0.059299 0.004869 -0.012636 -0.002427 0.073682 -0.249364 0.037262
2729.945195000 0.194016908 0.702975259 0.645522334 0.226901171 -0.624003 -0.567886 -0.011708 0.177436 1.084868 -0.036494 0.004866 -0.012643 -0.002428 0.073652 -0.249367 0.037174
2729.997278000 0.224036090 0.701602319 0.628844716 0.249231498 -0.612264 -0.510526 -0.014091 0.214176 1.022559 0.001960 0.004874 -0.012643 -0.002426 0.073747 -0.249248 0.037092
2730.049361000 0.257080893 0.703751209 0.607142321 0.264616424 -0.599946 -0.459116 -0.012636 0.253904 0.943638 0.033681 0.004870 -0.012643 -0.002432 0.073827 -0.249280 0.037033
2730.101444000 0.297874417 0.705689813 0.582564969 0.271828579 -0.582205 -0.407186 -0.011265 0.281741 0.887854 0.019363 0.004873 -0.012639 -0.002435 0.074052 -0.249273 0.036901
2730.153526000 0.319653619 0.701669846 0.571402894 0.281033313 -0.572783 -0.372504 -0.010370 0.248312 0.785110 0.008774 0.004878 -0.012643 -0.002448 0.074160 -0.249231 0.036901
2730.205609000 0.335023487 0.696232762 0.561014345 0.297123054 -0.558770 -0.336520 -0.011820 0.329540 0.696142 -0.059238 0.004885 -0.012638 -0.002452 0.074346 -0.249208 0.036890
2730.257692000 0.350014511 0.691897232 0.547175073 0.315226113 -0.540516 -0.302249 -0.016220 0.362726 0.633607 -0.093757 0.004889 -0.012637 -0.002455 0.074422 -0.249147 0.036810
2730.309775000 0.368569222 0.684063445 0.536280252 0.329571575 -0.517522 -0.265213 -0.022163 0.397174 0.605592 -0.121209 0.004893 -0.012637 -0.002457 0.074566 -0.249077 0.036576
2730.361858000 0.390463073 0.673953809 0.525369618 0.342507834 -0.495843 -0.233687 -0.028121 0.417713 0.580820 -0.090174 0.004895 -0.012634 -0.002457 0.074612 -0.249043 0.036559
2730.413941000 0.410376144 0.659795901 0.517368570 0.358595249 -0.474358 -0.206279 -0.031740 0.428720 0.535644 -0.024799 0.004898 -0.012637 -0.002462 0.074648 -0.248954 0.036461
2730.466024000 0.437831289 0.642461682 0.509491968 0.368733894 -0.450869 -0.180342 -0.033094 0.467672 0.459277 -0.030578 0.004899 -0.012634 -0.002463 0.074716 -0.248927 0.036457
2730.518107000 0.464552178 0.626013279 0.497779276 0.380150551 -0.426948 -0.156914 -0.035810 0.447117 0.396274 -0.074353 0.004902 -0.012629 -0.002463 0.074805 -0.248898 0.036454
2730.570190000 0.488603827 0.611752166 0.481931917 0.393404645 -0.403016 -0.136342 -0.041299 0.451826 0.326481 -0.125783 0.004907 -0.012625 -0.002461 0.074972 -0.248850 0.036423
2730.622273000 0.518218724 0.603041962 0.452075764 0.404248995 -0.379226 -0.120237 -0.050471 0.458845 0.281336 -0.165295 0.004912 -0.012617 -0.002459 0.075146 -0.248779 0.036462
2730.674356000 0.549137981 0.590750675 0.420025685 0.415980217 -0.357977 -0.106312 -0.056314 0.362623 0.252919 -0.066680 0.004915 -0.012611 -0.002455 0.075315 -0.248782 0.036534
2730.726439000 0.576215776 0.571737881 0.402297636 0.423376649 -0.340919 -0.091577 -0.058808 0.277395 0.254415 -0.067747 0.004919 -0.012612 -0.002448 0.075475 -0.248837 0.036703
2730.778522000 0.602717048 0.554745495 0.381272795 0.428509803 -0.327382 -0.077405 -0.064496 0.242843 0.259721 -0.133644 0.004925 -0.012610 -0.002440 0.075702 -0.248890 0.036950
2730.830605000 0.621953219 0.542491575 0.350849989 0.442471886 -0.316002 -0.063326 -0.071014 0.174533 0.270989 -0.104127 0.004928 -0.012610 -0.002438 0.075838 -0.248944 0.036985
2730.882687000 0.636524713 0.529351992 0.329574641 0.453875880 -0.309568 -0.051181 -0.075033 0.136308 0.263474 -0.075355 0.004924 -0.012610 -0.002441 0.075781 -0.248952 0.036956
2730.934766000 0.649997737 0.512285267 0.310118413 0.467860361 -0.303530 -0.038308 -0.079585 0.160755 0.251274 -0.098379 0.004922 -0.012606 -0.002441 0.075808 -0.248988 0.037084
2730.986853000 0.667520495 0.490054640 0.283391492 0.483685953 -0.295931 -0.027215 -0.084391 0.176482 0.217143 -0.065637 0.004921 -0.012605 -0.002440 0.075867 -0.248976 0.037192
2731.038936000 0.688535266 0.458251452 0.261254041 0.497665671 -0.287909 -0.016575 -0.086403 0.157395 0.207180 -0.028649 0.004922 -0.012604 -0.002442 0.075912 -0.249018 0.037106
2731.091019000 0.710054561 0.421974781 0.239837415 0.510135099 -0.279067 -0.005274 -0.086906 0.118142 0.217512 -0.017822 0.004915 -0.012603 -0.002443 0.075607 -0.249037 0.037173
2731.143102000 0.729944146 0.389584722 0.216605042 0.518157837 -0.275426 0.005998 -0.087128 0.066217 0.258870 0.022479 0.004910 -0.012598 -0.002449 0.075504 -0.249025 0.037116
2731.195185000 0.743024227 0.360241013 0.197585762 0.528300366 -0.275037 0.017443 -0.084675 0.019807 0.223470 0.071344 0.004905 -0.012594 -0.002449 0.075389 -0.249015 0.037278
2731.247268000 0.754644571 0.328052995 0.166593963 0.543267204 -0.274840 0.025302 -0.078858 0.001372 0.153966 0.151922 0.004898 -0.012590 -0.002448 0.075082 -0.249011 0.037466
2731.299351000 0.771792783 0.290456339 0.142453409 0.547428572 -0.275938 0.031660 -0.069198 -0.013878 0.160199 0.216327 0.004897 -0.012588 -0.002448 0.075034 -0.249009 0.037653
2731.351434000 0.781873577 0.254056441 0.129744828 0.554342235 -0.277444 0.039984 -0.058301 0.008917 0.192250 0.172672 0.004895 -0.012586 -0.002447 0.075005 -0.249009 0.037757
2731.403512000 0.786258957 0.226794189 0.108464991 0.564443615 -0.273345 0.051651 -0.049694 0.032249 0.162866 0.123547 0.004892 -0.012590 -0.002450 0.074718 -0.248985 0.037453
2731.455600000 0.797360710 0.189112482 0.093116372 0.565492448 -0.268633 0.061428 -0.044120 0.025771 0.149624 0.067384 0.004900 -0.012585 -0.002465 0.074877 -0.248928 0.036790
2731.507683000 0.803976351 0.154361786 0.078232953 0.568923608 -0.266732 0.069150 -0.042587 0.029907 0.136981 -0.015948 0.004900 -0.012585 -0.002468 0.074835 -0.248920 0.036718
2731.559766000 0.812489206 0.121897683 0.064360337 0.566445048 -0.266143 0.074461 -0.045075 0.051303 0.121992 -0.081525 0.004896 -0.012583 -0.002465 0.074687 -0.248896 0.036886
2731.611848000 0.819602610 0.096243303 0.049567961 0.562611594 -0.265804 0.077265 -0.050465 0.088019 0.100302 -0.130670 0.004891 -0.012578 -0.002461 0.074513 -0.248854 0.037226
2731.663931000 0.823721491 0.075074298 0.033559819 0.560999549 -0.264592 0.080219 -0.058554 0.086193 0.063126 -0.152220 0.004887 -0.012571 -0.002455 0.074484 -0.248847 0.037621
2731.716014000 0.827843311 0.047876428 0.016951562 0.558655479 -0.262020 0.081738 -0.067867 0.062344 0.006200 -0.206991 0.004884 -0.012565 -0.002458 0.074388 -0.248820 0.037590
2731.768098000 0.834407904 0.019864733 -0.000668032 0.550788884 -0.263558 0.081031 -0.078142 0.114971 0.034198 -0.174661 0.004887 -0.012552 -0.002458 0.074753 -0.248641 0.037800
2731.820180000 0.834621895 -0.001810250 -0.012783238 0.550671957 -0.258403 0.083251 -0.086239 0.133039 0.031038 -0.128586 0.004885 -0.012542 -0.002456 0.074774 -0.248618 0.038046
2731.872258000 0.833001541 -0.027605966 -0.023408408 0.552085491 -0.252774 0.084846 -0.092604 0.078758 -0.004865 -0.118346 0.004887 -0.012541 -0.002454 0.074882 -0.248618 0.038122
2731.924347000 0.836724195 -0.058023121 -0.044572222 0.542714710 -0.249123 0.080051 -0.096916 0.020572 -0.023085 -0.069995 0.004880 -0.012563 -0.002458 0.074312 -0.248630 0.037676
2731.976429000 0.835625905 -0.084614593 -0.067308372 0.538552969 -0.247424 0.079426 -0.097149 0.050143 0.000071 0.037530 0.004880 -0.012567 -0.002458 0.074270 -0.248634 0.037656
2732.028512000 0.832945350 -0.107661380 -0.068981216 0.538379664 -0.243789 0.077750 -0.095665 0.086209 -0.031921 -0.018546 0.004877 -0.012571 -0.002458 0.074097 -0.248669 0.037636
2732.080595000 0.830730951 -0.120668159 -0.075568157 0.538158653 -0.239058 0.075232 -0.098604 0.072625 -0.045740 -0.088318 0.004876 -0.012571 -0.002459 0.074013 -0.248696 0.037613
2732.132678000 0.829713344 -0.129768630 -0.098357474 0.533911675 -0.237886 0.072951 -0.100914 -0.032772 -0.009982 0.023121 0.004875 -0.012574 -0.002458 0.073884 -0.248707 0.037580
2732.184762000 0.825183147 -0.148085038 -0.113125143 0.533241313 -0.241811 0.074606 -0.095918 -0.109492 0.063871 0.137904 0.004875 -0.012573 -0.002457 0.073883 -0.248723 0.037685
2732.236844000 0.820842783 -0.169435254 -0.122955108 0.531404612 -0.249777 0.078811 -0.088688 -0.158983 0.103945 0.143507 0.004873 -0.012567 -0.002455 0.073845 -0.248730 0.037887
2732.288927000 0.815281110 -0.185114160 -0.137718882 0.531114836 -0.258549 0.085552 -0.079695 -0.172234 0.155283 0.194466 0.004873 -0.012567 -0.002455 0.073823 -0.248734 0.037891
2732.341010000 0.808693774 -0.192868558 -0.156173037 0.533316118 -0.267617 0.094576 -0.068835 -0.181324 0.186457 0.222211 0.004873 -0.012567 -0.002455 0.073823 -0.248734 0.037891
2732.393093000 0.802350147 -0.199668463 -0.179063560 0.533200701 -0.277435 0.104521 -0.055989 -0.189509 0.200136 0.280188 0.004873 -0.012567 -0.002455 0.073823 -0.248734 0.037891
2732.445176000 0.795430386 -0.210708296 -0.197592769 0.532775387 -0.287172 0.115602 -0.040163 -0.212410 0.213221 0.329624 0.004877 -0.012574 -0.002453 0.073901 -0.248705 0.037830
2732.497258000 0.788353638 -0.224769325 -0.215872728 0.530449109 -0.298517 0.127566 -0.022478 -0.204239 0.228349 0.371910 0.004878 -0.012574 -0.002449 0.074046 -0.248660 0.037939
2732.549341000 0.781255711 -0.238601086 -0.232683781 0.527794745 -0.309213 0.140149 -0.002680 -0.201089 0.239966 0.388827 0.004879 -0.012576 -0.002451 0.074110 -0.248647 0.037957
2732.601424000 0.774400730 -0.251580210 -0.249996317 0.523939642 -0.319787 0.153564 0.017353 -0.181570 0.241510 0.395678 0.004881 -0.012572 -0.002450 0.074220 -0.248618 0.038145
2732.653507000 0.767891250 -0.268230106 -0.264041500 0.518341321 -0.328369 0.164908 0.038793 -0.157861 0.206920 0.426708 0.004878 -0.012572 -0.002450 0.074046 -0.248653 0.038130
2732.705590000 0.758633687 -0.290285944 -0.273583381 0.515132152 -0.336835 0.174370 0.063899 -0.178396 0.171229 0.536839 0.004877 -0.012571 -0.002452 0.073974 -0.248670 0.038105
2732.757673000 0.741414020 -0.327688035 -0.265971863 0.521713304 -0.345982 0.183650 0.092777 -0.123932 0.149012 0.558643 0.004878 -0.012565 -0.002460 0.074139 -0.248630 0.038038
2732.809757000 0.725509514 -0.352576084 -0.263224328 0.529187115 -0.350588 0.189840 0.121008 -0.055321 0.093679 0.539516 0.004878 -0.012564 -0.002459 0.074140 -0.248626 0.038059
2732.861839000 0.708126994 -0.374429618 -0.259130269 0.539638884 -0.352526 0.193814 0.147550 -0.003797 0.058569 0.471625 0.004874 -0.012550 -0.002459 0.074147 -0.248599 0.038280
2732.913922000 0.694553683 -0.394150729 -0.255844831 0.544778677 -0.350967 0.195846 0.168879 0.073720 0.016639 0.336454 0.004875 -0.012549 -0.002460 0.074165 -0.248617 0.038306
2732.966005000 0.686851473 -0.407163293 -0.253310068 0.546156678 -0.344715 0.195391 0.182575 0.179435 -0.015182 0.187631 0.004872 -0.012545 -0.002462 0.074068 -0.248623 0.038325
2733.018088000 0.685644566 -0.407399050 -0.256620012 0.545952116 -0.331888 0.192562 0.187749 0.228391 -0.050619 0.022978 0.004868 -0.012540 -0.002456 0.073890 -0.248547 0.038503
2733.070171000 0.689033389 -0.404389418 -0.266378541 0.539207438 -0.320132 0.186761 0.187088 0.213234 -0.059723 -0.071667 0.004859 -0.012525 -0.002457 0.073459 -0.248571 0.038599
2733.122253000 0.687781695 -0.410163507 -0.271554361 0.533835617 -0.307964 0.183771 0.181283 0.196779 -0.049358 -0.141387 0.004856 -0.012495 -0.002448 0.073445 -0.248557 0.039433
2733.174337000 0.684597171 -0.414046112 -0.280109907 0.530500679 -0.297827 0.181517 0.173360 0.188166 -0.042917 -0.188966 0.004857 -0.012482 -0.002444 0.073439 -0.248708 0.039897
2733.226420000 0.686625520 -0.414000517 -0.287982414 0.523655513 -0.288371 0.179631 0.164495 0.175214 -0.032877 -0.167079 0.004857 -0.012481 -0.002441 0.073450 -0.248802 0.040080
2733.278503000 0.689754368 -0.411686291 -0.292060730 0.519089434 -0.279877 0.178654 0.157977 0.146032 -0.029319 -0.115082 0.004853 -0.012489 -0.002439 0.073413 -0.248902 0.040204
2733.330586000 0.690572932 -0.411259106 -0.298528337 0.514641434 -0.273372 0.177798 0.154333 0.123916 0.005018 -0.026674 0.004851 -0.012486 -0.002442 0.073377 -0.248919 0.040236
2733.382669000 0.688261502 -0.409826686 -0.304519700 0.515369717 -0.267261 0.178807 0.154625 0.103400 0.038015 0.024475 0.004852 -0.012488 -0.002442 0.073356 -0.248919 0.040212
2733.434752000 0.684665139 -0.413605654 -0.310073570 0.513827200 -0.263254 0.181507 0.155631 0.055052 0.063632 0.011956 0.004851 -0.012489 -0.002441 0.073325 -0.248914 0.040255
2733.486835000 0.681552548 -0.417661929 -0.313152125 0.512816130 -0.260245 0.185049 0.156073 0.070947 0.072703 -0.005470 0.004848 -0.012491 -0.002443 0.073289 -0.248932 0.040215
2733.538918000 0.680066851 -0.418282266 -0.321420547 0.509154059 -0.257089 0.189022 0.155423 0.052340 0.095348 -0.004570 0.004847 -0.012482 -0.002445 0.073264 -0.248963 0.040304
2733.591001000 0.677107481 -0.420331435 -0.328792950 0.506697286 -0.254675 0.194444 0.156598 0.047891 0.125366 0.060457 0.004846 -0.012478 -0.002445 0.073241 -0.248943 0.040293
2733.643084000 0.671474068 -0.420990799 -0.340174962 0.506132708 -0.252780 0.201418 0.162398 0.022235 0.158282 0.178188 0.004843 -0.012473 -0.002444 0.073214 -0.248924 0.040330
2733.695166000 0.663953530 -0.427073995 -0.343136290 0.508950880 -0.251138 0.211006 0.176548 0.058493 0.221872 0.363960 0.004842 -0.012469 -0.002445 0.073211 -0.248914 0.040344
2733.747249000 0.651607278 -0.430688788 -0.344414639 0.520858598 -0.249285 0.222729 0.197803 0.020797 0.255441 0.437046 0.004839 -0.012461 -0.002446 0.073152 -0.248906 0.040347
2733.799332000 0.636830017 -0.439185031 -0.347225147 0.530093139 -0.249216 0.235961 0.222291 0.008164 0.266484 0.487016 0.004836 -0.012452 -0.002446 0.073095 -0.248905 0.040377
2733.851415000 0.620486584 -0.443071164 -0.361385821 0.536735160 -0.249768 0.248305 0.248261 -0.022214 0.232559 0.500898 0.004833 -0.012445 -0.002447 0.073017 -0.248893 0.040385
2733.903498000 0.603667698 -0.451178103 -0.373616957 0.540771670 -0.251709 0.259815 0.274860 -0.025292 0.229159 0.506963 0.004830 -0.012439 -0.002447 0.072937 -0.248892 0.040376
2733.955580000 0.588097497 -0.462177111 -0.379719945 0.544377089 -0.253662 0.270921 0.299134 -0.040888 0.190126 0.406061 0.004831 -0.012438 -0.002449 0.072945 -0.248925 0.040357
2734.007664000 0.573261384 -0.467386958 -0.394708443 0.545092709 -0.255948 0.278335 0.316926 -0.034521 0.107438 0.260493 0.004829 -0.012428 -0.002449 0.072849 -0.248953 0.040386
2734.059747000 0.564328400 -0.472835977 -0.405955832 0.541442017 -0.258091 0.281609 0.326875 -0.027299 0.016740 0.112589 0.004828 -0.012427 -0.002450 0.072819 -0.248949 0.040349
2734.111830000 0.559912846 -0.473664479 -0.408994084 0.543013265 -0.258468 0.279604 0.329096 -0.004072 -0.082435 -0.023140 0.004827 -0.012424 -0.002448 0.072814 -0.248994 0.040382
2734.163912000 0.559995947 -0.472451804 -0.406308896 0.545991678 -0.258799 0.274255 0.324516 -0.020024 -0.129485 -0.162378 0.004828 -0.012423 -0.002448 0.072837 -0.249113 0.040426
2734.215995000 0.566187536 -0.469845137 -0.405250926 0.542631467 -0.259948 0.267212 0.314231 -0.034728 -0.131253 -0.225368 0.004827 -0.012422 -0.002446 0.072822 -0.249168 0.040471
2734.268079000 0.575112163 -0.471129327 -0.396194541 0.538807055 -0.261533 0.260795 0.303355 -0.006231 -0.099405 -0.190828 0.004825 -0.012422 -0.002446 0.072719 -0.249219 0.040481
2734.320156000 0.581186296 -0.469435772 -0.388609069 0.539291699 -0.261992 0.256700 0.295226 -0.016116 -0.039013 -0.127840 0.004826 -0.012422 -0.002448 0.072637 -0.249218 0.040492
2734.372245000 0.586686467 -0.472776888 -0.378115553 0.537875109 -0.263875 0.255931 0.289535 -0.026757 0.015344 -0.089120 0.004827 -0.012423 -0.002448 0.072587 -0.249207 0.040476
2734.424327000 0.589333571 -0.473791843 -0.374152662 0.536858471 -0.265143 0.257646 0.285612 -0.020868 0.059400 -0.054879 0.004829 -0.012421 -0.002450 0.072588 -0.249185 0.040471
2734.476410000 0.589294594 -0.476824918 -0.369343980 0.537545257 -0.265658 0.261794 0.283185 0.016431 0.104050 -0.041841 0.004831 -0.012420 -0.002452 0.072585 -0.249180 0.040445
2734.528493000 0.589218430 -0.479804286 -0.362955695 0.539326110 -0.263670 0.267122 0.279609 0.055571 0.106595 -0.087627 0.004835 -0.012416 -0.002453 0.072594 -0.249161 0.040443
2734.580576000 0.592063788 -0.486197984 -0.351677553 0.537954357 -0.260015 0.273084 0.273930 0.090674 0.121362 -0.128028 0.004835 -0.012413 -0.002452 0.072594 -0.249166 0.040442
2734.632659000 0.596109937 -0.489268602 -0.341410592 0.537315536 -0.254152 0.278880 0.266888 0.122750 0.103023 -0.137052 0.004837 -0.012410 -0.002453 0.072591 -0.249174 0.040473
2734.684742000 0.604755000 -0.489712793 -0.328954619 0.535015540 -0.248460 0.282779 0.260441 0.122942 0.074761 -0.102407 0.004836 -0.012404 -0.002453 0.072543 -0.249176 0.040448
2734.736824000 0.614200628 -0.489021010 -0.315447093 0.533018923 -0.241278 0.285154 0.256009 0.152416 0.013756 -0.067097 0.004838 -0.012400 -0.002451 0.072537 -0.249204 0.040506
2734.788903000 0.626692541 -0.481727650 -0.297814451 0.535258333 -0.232560 0.284682 0.254174 0.172827 -0.025162 -0.014364 0.004839 -0.012401 -0.002448 0.072479 -0.249247 0.040530
2734.840990000 0.637522112 -0.473106516 -0.279219324 0.540159560 -0.224025 0.282442 0.254749 0.151780 -0.048292 0.022842 0.004840 -0.012403 -0.002445 0.072400 -0.249300 0.040534
2734.893073000 0.643768799 -0.467725919 -0.258401470 0.547743442 -0.216002 0.279786 0.256837 0.157480 -0.053780 0.057297 0.004842 -0.012409 -0.002445 0.072303 -0.249352 0.040542
2734.945157000 0.644915690 -0.462130585 -0.241641982 0.558684372 -0.209107 0.277574 0.259676 0.110645 -0.037470 0.034414 0.004844 -0.012412 -0.002446 0.072226 -0.249400 0.040546
2734.997240000 0.647896708 -0.461535608 -0.219996320 0.564638254 -0.204810 0.275951 0.259646 0.058663 -0.020840 -0.024351 0.004846 -0.012418 -0.002446 0.072149 -0.249421 0.040546
2735.049322000 0.646910310 -0.465539074 -0.206399871 0.567608594 -0.204194 0.275478 0.256247 -0.033029 -0.001801 -0.082281 0.004849 -0.012423 -0.002449 0.072117 -0.249424 0.040565
2735.101405000 0.642830386 -0.471405860 -0.198317757 0.570276842 -0.206633 0.276715 0.252879 -0.065086 0.041491 -0.040173 0.004851 -0.012426 -0.002453 0.072091 -0.249443 0.040584
2735.153488000 0.632385860 -0.478664778 -0.199641318 0.575422886 -0.213302 0.280040 0.249853 -0.194757 0.071658 -0.093020 0.004852 -0.012429 -0.002455 0.072086 -0.249459 0.040576
2735.205571000 0.622986969 -0.490856593 -0.205821881 0.573222814 -0.224366 0.285284 0.245904 -0.216438 0.117120 -0.069442 0.004853 -0.012429 -0.002459 0.072085 -0.249507 0.040554
2735.257650000 0.607817625 -0.501156745 -0.221772152 0.574644903 -0.237283 0.291700 0.240384 -0.267638 0.104542 -0.163273 0.004853 -0.012426 -0.002461 0.072081 -0.249548 0.040542
2735.309737000 0.595883947 -0.513243610 -0.235037633 0.571192288 -0.249694 0.296430 0.231328 -0.181928 0.070261 -0.201369 0.004851 -0.012423 -0.002462 0.072049 -0.249560 0.040560
2735.361820000 0.583541973 -0.519287936 -0.251136998 0.571619641 -0.258840 0.298264 0.217480 -0.192977 -0.010229 -0.359419 0.004850 -0.012420 -0.002464 0.072019 -0.249639 0.040570
2735.413903000 0.582111360 -0.536000956 -0.237884509 0.563258645 -0.266376 0.295544 0.197848 -0.068849 -0.118086 -0.419263 0.004850 -0.012418 -0.002470 0.071916 -0.249755 0.040578
2735.465986000 0.582434146 -0.540258966 -0.232944624 0.560916676 -0.268066 0.286922 0.173185 -0.054021 -0.219394 -0.562336 0.004850 -0.012417 -0.002471 0.071834 -0.249844 0.040641
2735.518069000 0.582911317 -0.558355802 -0.209790392 0.551761893 -0.269953 0.274878 0.143067 -0.031067 -0.232344 -0.608968 0.004850 -0.012416 -0.002473 0.071545 -0.249971 0.040747
2735.570152000 0.584874654 -0.572570589 -0.195648241 0.540191008 -0.271151 0.260581 0.111375 -0.018998 -0.283474 -0.604758 0.004850 -0.012409 -0.002477 0.071547 -0.249970 0.040776
2735.622235000 0.591451029 -0.583438720 -0.193115140 0.522007168 -0.272818 0.245338 0.081736 -0.030630 -0.266312 -0.533216 0.004850 -0.012400 -0.002480 0.071538 -0.249966 0.040801
2735.674317000 0.600014672 -0.590415064 -0.192941036 0.504148988 -0.274733 0.230700 0.056158 -0.011937 -0.280273 -0.464639 0.004849 -0.012394 -0.002482 0.071455 -0.250007 0.040828
2735.726401000 0.615189622 -0.586798043 -0.201851966 0.486277256 -0.274745 0.214972 0.033496 0.032241 -0.304174 -0.414739 0.004848 -0.012398 -0.002482 0.071326 -0.250069 0.040867
2735.778483000 0.628586244 -0.578699529 -0.210323034 0.475131992 -0.272195 0.198906 0.012278 0.075683 -0.300912 -0.407065 0.004846 -0.012402 -0.002480 0.071207 -0.250120 0.040912
2735.830565000 0.632120816 -0.570968170 -0.217498233 0.476563891 -0.267476 0.182610 -0.008156 0.127267 -0.312115 -0.395415 0.004845 -0.012408 -0.002480 0.071107 -0.250188 0.040914
2735.882649000 0.637754407 -0.566387675 -0.221860889 0.472495570 -0.260297 0.165383 -0.030785 0.154022 -0.349288 -0.470932 0.004845 -0.012409 -0.002480 0.071037 -0.250256 0.040997
2735.934732000 0.642118500 -0.562465557 -0.223613771 0.470439380 -0.250378 0.147583 -0.054227 0.194115 -0.334405 -0.439360 0.004846 -0.012411 -0.002478 0.071020 -0.250280 0.041055
2735.986815000 0.644013213 -0.560950351 -0.221806766 0.470514021 -0.241245 0.129578 -0.077992 0.161487 -0.344871 -0.486581 0.004847 -0.012414 -0.002477 0.070951 -0.250330 0.041063
2736.038898000 0.653593818 -0.557471895 -0.227904247 0.458366514 -0.232312 0.112111 -0.103528 0.141946 -0.336733 -0.476944 0.004851 -0.012416 -0.002475 0.070917 -0.250343 0.041154
2736.090980000 0.655843301 -0.556836907 -0.237203524 0.451150432 -0.224654 0.095569 -0.127448 0.140811 -0.309615 -0.464752 0.004852 -0.012419 -0.002474 0.070827 -0.250401 0.041241
2736.143063000 0.660738290 -0.561518947 -0.242383124 0.435168708 -0.217454 0.080947 -0.151264 0.087432 -0.233810 -0.449112 0.004855 -0.012424 -0.002470 0.070727 -0.250460 0.041441
2736.195146000 0.654164388 -0.575421102 -0.249385466 0.422807755 -0.212016 0.071034 -0.174018 0.089464 -0.180821 -0.421302 0.004858 -0.012430 -0.002468 0.070703 -0.250480 0.041567
2736.247229000 0.655445722 -0.576135642 -0.263604421 0.411061232 -0.206093 0.062482 -0.193922 0.086318 -0.112991 -0.347357 0.004862 -0.012430 -0.002471 0.070633 -0.250586 0.041773
2736.299312000 0.649070353 -0.589360927 -0.261145224 0.403936315 -0.201686 0.057941 -0.211976 0.080107 -0.076344 -0.346283 0.004864 -0.012428 -0.002474 0.070621 -0.250655 0.041884
2736.351395000 0.647961002 -0.593131827 -0.268747056 0.395115421 -0.195870 0.054212 -0.228794 0.116539 -0.064372 -0.287204 0.004866 -0.012430 -0.002473 0.070521 -0.250753 0.042100
2736.403478000 0.646958910 -0.588255371 -0.285244940 0.392473071 -0.188570 0.052052 -0.241359 0.134227 -0.021727 -0.205957 0.004868 -0.012432 -0.002472 0.070511 -0.250829 0.042256
2736.455561000 0.645219684 -0.584224385 -0.296105067 0.393313128 -0.181237 0.050755 -0.251251 0.132813 -0.021882 -0.188504 0.004869 -0.012431 -0.002469 0.070463 -0.250908 0.042422
2736.507644000 0.637378990 -0.586730488 -0.309732139 0.391869060 -0.174905 0.050257 -0.260007 0.092609 0.022818 -0.151332 0.004871 -0.012422 -0.002466 0.070397 -0.251019 0.042666
2736.559727000 0.630324497 -0.599029847 -0.313103518 0.381864450 -0.171451 0.051067 -0.267300 0.037593 0.029284 -0.122629 0.004871 -0.012419 -0.002462 0.070301 -0.251131 0.042927
2736.611810000 0.616329571 -0.610947971 -0.328445111 0.372832730 -0.170902 0.052789 -0.271876 -0.012900 0.030430 -0.066369 0.004873 -0.012415 -0.002463 0.070250 -0.251252 0.043142
2736.663893000 0.606460958 -0.624393321 -0.334621062 0.361063474 -0.172828 0.053206 -0.274229 -0.034062 0.012993 -0.030206 0.004872 -0.012408 -0.002463 0.070146 -0.251389 0.043416
2736.715976000 0.595720258 -0.633120497 -0.342582311 0.356248749 -0.174236 0.051951 -0.274706 -0.002846 -0.023520 0.007778 0.004871 -0.012399 -0.002463 0.070072 -0.251487 0.043628
2736.768060000 0.586695063 -0.640981649 -0.345033054 0.354800818 -0.173909 0.049264 -0.273516 0.029446 -0.078315 0.027051 0.004869 -0.012393 -0.002462 0.069964 -0.251586 0.043845
2736.820142000 0.592581586 -0.629693103 -0.360040803 0.350291708 -0.170841 0.043681 -0.270109 0.086141 -0.102229 0.071071 0.004866 -0.012394 -0.002461 0.069873 -0.251690 0.044022
2736.872224000 0.585744878 -0.625948633 -0.372324885 0.355619778 -0.167391 0.038869 -0.267733 0.048184 -0.068218 -0.006546 0.004861 -0.012387 -0.002459 0.069795 -0.251725 0.044104
2736.924308000 0.584574650 -0.630807532 -0.372555125 0.348650276 -0.165868 0.035537 -0.268131 0.036629 -0.028650 -0.003802 0.004858 -0.012379 -0.002459 0.069713 -0.251795 0.044260
2736.976391000 0.582030392 -0.630473596 -0.376392922 0.349388088 -0.164724 0.033026 -0.269169 0.016775 -0.029410 -0.050673 0.004855 -0.012372 -0.002459 0.069660 -0.251841 0.044364
2737.028474000 0.581439188 -0.631130711 -0.380189337 0.345048640 -0.164522 0.031243 -0.272985 0.014006 -0.018331 -0.100419 0.004853 -0.012365 -0.002458 0.069608 -0.251896 0.044505
2737.080557000 0.581012345 -0.635704336 -0.378194609 0.339519499 -0.164108 0.030022 -0.277135 0.012541 -0.028268 -0.001478 0.004852 -0.012360 -0.002459 0.069593 -0.251923 0.044563
2737.132639000 0.580991202 -0.625550589 -0.390359205 0.344609016 -0.163104 0.027549 -0.275019 0.009047 -0.050164 0.017301 0.004849 -0.012358 -0.002458 0.069566 -0.251946 0.044599
2737.184723000 0.584697335 -0.623584119 -0.393174400 0.338652866 -0.163143 0.025411 -0.275892 0.008403 -0.043822 -0.032230 0.004847 -0.012356 -0.002458 0.069552 -0.251968 0.044641
2737.236805000 0.587569187 -0.618466723 -0.398483370 0.336856598 -0.162415 0.022712 -0.275745 0.028081 -0.050859 0.016118 0.004845 -0.012355 -0.002458 0.069546 -0.251978 0.044654
2737.288888000 0.591231061 -0.614744730 -0.400727170 0.334593012 -0.161629 0.019919 -0.275762 0.017505 -0.047016 -0.011814 0.004842 -0.012353 -0.002457 0.069518 -0.251997 0.044681
2737.340971000 0.591603792 -0.609271377 -0.408411020 0.334654719 -0.160029 0.017177 -0.275690 0.042428 -0.049712 0.010795 0.004839 -0.012352 -0.002455 0.069498 -0.251995 0.044694
2737.393054000 0.595128558 -0.602071076 -0.415146304 0.333145560 -0.158192 0.014341 -0.275463 0.035777 -0.051184 -0.008450 0.004835 -0.012352 -0.002455 0.069477 -0.251989 0.044682
2737.445137000 0.599027798 -0.593759748 -0.422746687 0.331512138 -0.156512 0.012016 -0.275770 0.020417 -0.041834 -0.000500 0.004833 -0.012353 -0.002454 0.069468 -0.251963 0.044641
2737.497220000 0.600522185 -0.588337859 -0.428709125 0.330817406 -0.155792 0.009936 -0.275618 0.010434 -0.041883 -0.006851 0.004831 -0.012354 -0.002454 0.069456 -0.251960 0.044637
2737.549303000 0.605143712 -0.584565516 -0.430909016 0.326192681 -0.155104 0.007213 -0.276094 0.022150 -0.062294 -0.009602 0.004829 -0.012355 -0.002453 0.069449 -0.251957 0.044627
2737.601385000 0.611357603 -0.579878152 -0.430914943 0.322948173 -0.153771 0.003579 -0.276893 0.039806 -0.067959 -0.010782 0.004826 -0.012352 -0.002454 0.069436 -0.251942 0.044589
2737.653469000 0.617225892 -0.570168913 -0.434673880 0.324034301 -0.151642 0.000035 -0.276887 0.042807 -0.066584 -0.002857 0.004824 -0.012351 -0.002454 0.069417 -0.251918 0.044554
2737.705555000 0.625412750 -0.563198712 -0.433036484 0.322715829 -0.150112 -0.002562 -0.277161 0.014809 -0.043628 -0.007363 0.004824 -0.012355 -0.002452 0.069408 -0.251902 0.044536
2737.757635000 0.630028406 -0.560717738 -0.427028498 0.326046758 -0.149412 -0.004248 -0.277335 0.016159 -0.029384 -0.004601 0.004824 -0.012357 -0.002450 0.069405 -0.251896 0.044549
2737.809718000 0.636838746 -0.553937360 -0.434259804 0.314655741 -0.149877 -0.005316 -0.278323 -0.024097 -0.047397 -0.030222 0.004823 -0.012362 -0.002450 0.069402 -0.251891 0.044555
2737.861800000 0.642447315 -0.557688120 -0.427805983 0.305331703 -0.150178 -0.006420 -0.278904 -0.015152 0.003112 -0.018450 0.004823 -0.012364 -0.002454 0.069410 -0.251877 0.044545
2737.913884000 0.644721482 -0.581262988 -0.399776029 0.294358075 -0.151142 -0.006048 -0.280879 -0.002081 -0.001231 -0.023159 0.004823 -0.012363 -0.002455 0.069439 -0.251905 0.044630
2737.965966000 0.648690948 -0.583105058 -0.391667017 0.292891606 -0.149268 -0.008501 -0.280483 0.052222 -0.069936 0.019117 0.004823 -0.012364 -0.002456 0.069435 -0.251911 0.044658
2738.018049000 0.659188357 -0.581118893 -0.381736695 0.286441336 -0.146706 -0.012069 -0.280873 0.044364 -0.081414 0.037564 0.004823 -0.012365 -0.002456 0.069453 -0.251923 0.044692
2738.070134000 0.662613665 -0.566978038 -0.397479989 0.285462247 -0.144290 -0.015109 -0.278399 0.009716 -0.033497 0.014574 0.004823 -0.012369 -0.002456 0.069420 -0.251891 0.044649
2738.122216000 0.671522470 -0.558272854 -0.403905385 0.272487492 -0.143279 -0.017037 -0.278400 0.017447 -0.064342 -0.015643 0.004823 -0.012374 -0.002455 0.069345 -0.251842 0.044562
2738.174294000 0.682142159 -0.551046379 -0.405620653 0.257879523 -0.142871 -0.018422 -0.279296 -0.000660 -0.009519 0.001574 0.004823 -0.012378 -0.002455 0.069320 -0.251827 0.044539
2738.226381000 0.682740078 -0.545175388 -0.409536707 0.262544222 -0.141832 -0.018149 -0.279107 0.021863 0.016575 0.017148 0.004823 -0.012382 -0.002455 0.069264 -0.251775 0.044472
2738.278464000 0.671939775 -0.559428592 -0.409133563 0.261048495 -0.139823 -0.016043 -0.279070 0.035216 0.031781 0.033853 0.004823 -0.012384 -0.002454 0.069239 -0.251750 0.044440
2738.330547000 0.657457489 -0.564143212 -0.410002501 0.285289388 -0.138410 -0.014771 -0.274569 0.015880 0.072854 0.041495 0.004824 -0.012385 -0.002453 0.069202 -0.251708 0.044368
2738.382630000 0.651077047 -0.580530892 -0.390595993 0.294138287 -0.138699 -0.012750 -0.274826 -0.007903 0.015664 -0.017011 0.004822 -0.012381 -0.002453 0.069158 -0.251677 0.044299
2738.434712000 0.653453060 -0.584975036 -0.382810937 0.290274167 -0.139883 -0.013435 -0.276813 -0.019121 -0.007589 -0.055288 0.004821 -0.012379 -0.002454 0.069114 -0.251652 0.044244
2738.486795000 0.652901552 -0.590008654 -0.372542976 0.294654174 -0.140980 -0.014189 -0.278720 -0.018540 -0.024703 -0.005715 0.004820 -0.012377 -0.002454 0.069080 -0.251619 0.044172
2738.538879000 0.646307203 -0.589953152 -0.375537649 0.305309272 -0.141684 -0.014993 -0.278385 -0.022481 0.002465 -0.019632 0.004820 -0.012377 -0.002454 0.069035 -0.251563 0.044074
2738.590962000 0.628735396 -0.608272637 -0.371549386 0.310881416 -0.142884 -0.013504 -0.281309 -0.013201 0.032510 -0.032012 0.004819 -0.012379 -0.002455 0.069003 -0.251534 0.044020
2738.643039000 0.611626185 -0.622190283 -0.365793600 0.324018060 -0.143223 -0.012827 -0.282634 0.002898 0.019170 -0.028088 0.004817 -0.012379 -0.002455 0.068972 -0.251497 0.043953
2738.695127000 0.592075061 -0.648281629 -0.339947578 0.337066307 -0.143712 -0.010186 -0.286444 -0.020641 0.062596 -0.123724 0.004813 -0.012381 -0.002453 0.068936 -0.251502 0.043945
2738.747210000 0.591825459 -0.652599918 -0.329974837 0.339076068 -0.144982 -0.008757 -0.288930 -0.017986 -0.004339 0.008677 0.004811 -0.012384 -0.002454 0.068942 -0.251526 0.043992
2738.799293000 0.590835532 -0.651587290 -0.328877138 0.343783660 -0.146176 -0.008591 -0.288759 -0.012864 0.002831 -0.000751 0.004810 -0.012386 -0.002455 0.068946 -0.251534 0.043998
2738.851376000 0.586638218 -0.655585344 -0.339129074 0.333249048 -0.147667 -0.009635 -0.289133 -0.031467 -0.034834 -0.022252 0.004809 -0.012387 -0.002454 0.068928 -0.251520 0.043968
2738.903458000 0.582581060 -0.655207829 -0.359438520 0.319540231 -0.148585 -0.012543 -0.290232 0.000016 -0.042945 0.026937 0.004808 -0.012384 -0.002453 0.068857 -0.251468 0.043899
2738.955541000 0.581785145 -0.648213875 -0.365667749 0.328073032 -0.148458 -0.013531 -0.289623 -0.006875 -0.007522 0.009014 0.004808 -0.012381 -0.002452 0.068783 -0.251395 0.043795
2739.007624000 0.583549864 -0.645999758 -0.365148300 0.329879655 -0.148802 -0.013910 -0.289684 -0.015070 0.008225 -0.000176 0.004807 -0.012379 -0.002452 0.068757 -0.251360 0.043746
2739.059708000 0.582252595 -0.646407328 -0.366362078 0.330027741 -0.149418 -0.013734 -0.289718 -0.012812 0.007532 0.000089 0.004807 -0.012377 -0.002451 0.068737 -0.251330 0.043709
2739.111791000 0.581795879 -0.646680660 -0.366680769 0.329943773 -0.149845 -0.014106 -0.289902 -0.010908 -0.004068 -0.000664 0.004807 -0.012375 -0.002450 0.068714 -0.251294 0.043654
2739.163874000 0.583995720 -0.646528690 -0.364206939 0.329094147 -0.150423 -0.014507 -0.290257 -0.012884 -0.006588 -0.001339 0.004807 -0.012374 -0.002450 0.068712 -0.251277 0.043629
2739.215956000 0.586182093 -0.640995872 -0.365947780 0.334061474 -0.150446 -0.015328 -0.289944 0.001224 -0.003670 0.013456 0.004806 -0.012373 -0.002450 0.068716 -0.251267 0.043621
2739.268040000 0.584958997 -0.638436903 -0.369217721 0.337490100 -0.150268 -0.015669 -0.289813 -0.008660 -0.009040 -0.000599 0.004807 -0.012371 -0.002450 0.068718 -0.251238 0.043573
2739.320123000 0.586706208 -0.642146877 -0.364571014 0.332432233 -0.151364 -0.015684 -0.290538 -0.035767 0.000913 -0.031864 0.004806 -0.012371 -0.002450 0.068723 -0.251238 0.043575
2739.372205000 0.590804490 -0.649592337 -0.354307543 0.321630247 -0.152965 -0.016176 -0.292012 -0.015677 -0.012998 -0.003561 0.004806 -0.012370 -0.002449 0.068722 -0.251236 0.043578
2739.424288000 0.592091540 -0.648725133 -0.353387365 0.322025901 -0.153942 -0.017073 -0.292210 -0.017354 -0.012645 -0.003224 0.004805 -0.012368 -0.002449 0.068718 -0.251230 0.043569
2739.476371000 0.594476996 -0.646916233 -0.351966543 0.322825093 -0.154937 -0.017940 -0.292479 -0.019988 -0.010488 -0.006730 0.004805 -0.012366 -0.002449 0.068716 -0.251219 0.043553
2739.528454000 0.596535172 -0.644866391 -0.351197996 0.323964648 -0.155778 -0.018694 -0.292693 -0.016631 -0.009199 -0.003089 0.004805 -0.012364 -0.002449 0.068720 -0.251212 0.043544
2739.580537000 0.597217676 -0.644637663 -0.350627969 0.323779799 -0.156881 -0.019087 -0.292915 -0.016815 -0.005956 -0.004011 0.004805 -0.012364 -0.002449 0.068720 -0.251211 0.043540
2739.632620000 0.597158022 -0.644511477 -0.350763297 0.323994386 -0.157746 -0.019340 -0.293210 -0.017237 -0.005842 -0.003621 0.004804 -0.012364 -0.002449 0.068721 -0.251197 0.043510
2739.684724000 0.597200385 -0.644681469 -0.350611666 0.323742123 -0.158740 -0.019645 -0.293508 -0.017531 -0.005917 -0.003259 0.004804 -0.012363 -0.002449 0.068724 -0.251191 0.043497
2739.736786000 0.596572555 -0.644839561 -0.351213402 0.323932514 -0.159317 -0.019892 -0.293817 -0.016601 -0.006209 -0.001877 0.004805 -0.012363 -0.002449 0.068730 -0.251178 0.043476
2739.788869000 0.596674898 -0.645050529 -0.351021846 0.323531365 -0.160301 -0.020248 -0.294172 -0.019765 -0.006478 -0.005417 0.004805 -0.012362 -0.002449 0.068732 -0.251170 0.043460
2739.840952000 0.596658764 -0.645045728 -0.351032289 0.323559362 -0.161098 -0.020573 -0.294504 -0.022131 -0.007001 -0.007173 0.004806 -0.012362 -0.002449 0.068737 -0.251165 0.043455
2739.893035000 0.597847801 -0.644230322 -0.350088177 0.324011678 -0.161586 -0.020924 -0.294922 -0.032067 -0.009848 -0.007831 0.004807 -0.012361 -0.002449 0.068749 -0.251156 0.043443
2739.945118000 0.599437060 -0.642672124 -0.349227820 0.325096420 -0.162724 -0.021053 -0.295296 -0.025931 -0.005547 -0.006774 0.004808 -0.012361 -0.002450 0.068753 -0.251148 0.043424
2739.997201000 0.599886873 -0.642421771 -0.348741286 0.325283758 -0.163755 -0.020991 -0.295676 -0.020274 -0.007758 -0.005693 0.004808 -0.012362 -0.002451 0.068759 -0.251148 0.043421
2740.049284000 0.600862660 -0.641021965 -0.348633087 0.326358508 -0.164320 -0.021187 -0.296066 -0.019868 -0.011438 -0.005753 0.004809 -0.012362 -0.002452 0.068765 -0.251140 0.043405
2740.101366000 0.604683168 -0.637702205 -0.346490224 0.328083357 -0.164621 -0.021592 -0.296534 -0.024241 -0.017416 -0.012533 0.004811 -0.012362 -0.002453 0.068772 -0.251135 0.043396
2740.153449000 0.609156324 -0.634085391 -0.343568366 0.329886448 -0.165076 -0.021930 -0.296989 -0.022291 -0.001222 -0.008838 0.004813 -0.012362 -0.002453 0.068778 -0.251137 0.043401
2740.205532000 0.608640536 -0.634242817 -0.344241054 0.329834570 -0.165363 -0.021852 -0.297404 -0.007405 -0.001798 -0.005334 0.004814 -0.012363 -0.002453 0.068781 -0.251134 0.043393
2740.257615000 0.596834922 -0.643977142 -0.351410908 0.324949059 -0.164629 -0.020811 -0.297600 -0.001602 0.057385 -0.006454 0.004816 -0.012360 -0.002453 0.068792 -0.251139 0.043413
2740.309698000 0.574844960 -0.660717928 -0.364466767 0.316494974 -0.164385 -0.018482 -0.297499 -0.007880 0.013537 0.000505 0.004816 -0.012359 -0.002454 0.068800 -0.251150 0.043434
2740.361781000 0.572761391 -0.661271981 -0.366306399 0.316991132 -0.164629 -0.018100 -0.297680 -0.014548 -0.000191 -0.009445 0.004817 -0.012359 -0.002455 0.068805 -0.251155 0.043441
2740.413864000 0.572073583 -0.662739362 -0.365959899 0.315565693 -0.165196 -0.018409 -0.298088 -0.025547 -0.006795 -0.011416 0.004817 -0.012357 -0.002456 0.068813 -0.251162 0.043458
2740.465946000 0.574104079 -0.662678307 -0.363663299 0.314660090 -0.166090 -0.019055 -0.298576 -0.030686 -0.008809 -0.017275 0.004818 -0.012354 -0.002456 0.068822 -0.251171 0.043481
2740.518030000 0.574157227 -0.664661154 -0.362035948 0.312248301 -0.166873 -0.019405 -0.299153 -0.011349 0.001867 -0.011693 0.004819 -0.012352 -0.002456 0.068829 -0.251176 0.043495
2740.570114000 0.576082519 -0.663355446 -0.360796716 0.312912467 -0.166347 -0.019856 -0.299424 0.015739 -0.015006 -0.006324 0.004819 -0.012348 -0.002457 0.068840 -0.251186 0.043519
2740.622197000 0.587323271 -0.653785532 -0.355080731 0.318643262 -0.164970 -0.020401 -0.299608 0.002930 0.003350 -0.007158 0.004820 -0.012345 -0.002457 0.068849 -0.251201 0.043551
2740.674279000 0.587247283 -0.653613261 -0.355399973 0.318780790 -0.164436 -0.020726 -0.299838 -0.016940 -0.009107 -0.008586 0.004822 -0.012341 -0.002458 0.068861 -0.251207 0.043567
2740.726368000 0.587413927 -0.653368905 -0.355521281 0.318839413 -0.164715 -0.021242 -0.300053 -0.021320 -0.008439 -0.007660 0.004822 -0.012338 -0.002459 0.068874 -0.251213 0.043583
2740.778445000 0.585029995 -0.655582964 -0.356545216 0.317531716 -0.164974 -0.021379 -0.300245 -0.024233 -0.003036 -0.008013 0.004823 -0.012336 -0.002460 0.068887 -0.251222 0.043605
2740.830527000 0.583689700 -0.656727616 -0.357106327 0.317001962 -0.165903 -0.021423 -0.300570 -0.036819 -0.013658 -0.008482 0.004823 -0.012335 -0.002462 0.068894 -0.251223 0.043604
2740.882610000 0.582439005 -0.657144799 -0.358394268 0.316984331 -0.167707 -0.022207 -0.300860 -0.044727 -0.020550 -0.010942 0.004823 -0.012334 -0.002464 0.068901 -0.251221 0.043603
2740.934693000 0.583132186 -0.657109165 -0.357413270 0.316891390 -0.168405 -0.022726 -0.301103 -0.021433 -0.008587 -0.008020 0.004824 -0.012331 -0.002465 0.068912 -0.251232 0.043627
2740.986776000 0.584569909 -0.655718494 -0.356866800 0.317737887 -0.168551 -0.023049 -0.301292 -0.023000 -0.013740 -0.007425 0.004825 -0.012330 -0.002466 0.068922 -0.251240 0.043647
2741.038859000 0.585875939 -0.654750676 -0.356048565 0.318245748 -0.168622 -0.023507 -0.301463 -0.028290 -0.010331 -0.009365 0.004826 -0.012328 -0.002467 0.068935 -0.251252 0.043676
2741.090942000 0.584745911 -0.655944012 -0.356577174 0.317273369 -0.168789 -0.023722 -0.301747 -0.020718 -0.008232 -0.008892 0.004827 -0.012326 -0.002469 0.068945 -0.251256 0.043685
2741.143025000 0.583938014 -0.656392172 -0.357241298 0.317087318 -0.168365 -0.023894 -0.301834 -0.018210 -0.008388 -0.008408 0.004829 -0.012324 -0.002470 0.068957 -0.251269 0.043716
2741.195108000 0.583549136 -0.656058141 -0.357902823 0.317747841 -0.167950 -0.024191 -0.301838 -0.016288 -0.006578 -0.007196 0.004830 -0.012321 -0.002470 0.068969 -0.251288 0.043761
2741.247191000 0.584582594 -0.655798235 -0.356925086 0.317484407 -0.167835 -0.024396 -0.301953 -0.018903 -0.013883 -0.007417 0.004831 -0.012319 -0.002471 0.068980 -0.251309 0.043807
2741.299274000 0.586941945 -0.653460888 -0.355996162 0.318990210 -0.167968 -0.025213 -0.301969 -0.020316 -0.014034 -0.007987 0.004832 -0.012316 -0.002471 0.068989 -0.251329 0.043853
2741.351357000 0.589816733 -0.650838456 -0.354407143 0.320813188 -0.167743 -0.026021 -0.301897 -0.018511 -0.012979 -0.008617 0.004833 -0.012312 -0.002472 0.069000 -0.251354 0.043908
2741.403439000 0.590949249 -0.649848739 -0.353754974 0.321454538 -0.167603 -0.026365 -0.302018 -0.015713 -0.008551 -0.008189 0.004833 -0.012310 -0.002473 0.069011 -0.251364 0.043933
2741.455523000 0.590908924 -0.649904868 -0.353759508 0.321410200 -0.167398 -0.026553 -0.302034 -0.015151 -0.008735 -0.007800 0.004833 -0.012308 -0.002475 0.069020 -0.251381 0.043971
2741.507605000 0.590850040 -0.649949961 -0.353801292 0.321381276 -0.166987 -0.026699 -0.302042 -0.014712 -0.007771 -0.008305 0.004834 -0.012306 -0.002476 0.069030 -0.251397 0.044008
2741.559685000 0.590810397 -0.649998355 -0.353796605 0.321361440 -0.166718 -0.026843 -0.302024 -0.014766 -0.008406 -0.007854 0.004834 -0.012304 -0.002477 0.069039 -0.251416 0.044049
2741.611771000 0.590785546 -0.650025499 -0.353825730 0.321320156 -0.166430 -0.026941 -0.301930 -0.013419 -0.008459 -0.007284 0.004834 -0.012303 -0.002479 0.069048 -0.251439 0.044097
2741.663854000 0.590733875 -0.650054521 -0.353893665 0.321281626 -0.166036 -0.027103 -0.301834 -0.013511 -0.008106 -0.007171 0.004834 -0.012300 -0.002480 0.069057 -0.251459 0.044142
2741.715937000 0.590693445 -0.650111947 -0.353891309 0.321242355 -0.165578 -0.027204 -0.301687 -0.013334 -0.007409 -0.007068 0.004834 -0.012298 -0.002482 0.069067 -0.251483 0.044193
2741.768020000 0.590684441 -0.650135353 -0.353899543 0.321202472 -0.165512 -0.027404 -0.301545 -0.013428 -0.008149 -0.006319 0.004834 -0.012296 -0.002483 0.069075 -0.251508 0.044243
2741.820103000 0.590696545 -0.650133829 -0.353880933 0.321203799 -0.165128 -0.027404 -0.301354 -0.012732 -0.007058 -0.006196 0.004834 -0.012295 -0.002485 0.069084 -0.251531 0.044292
2741.872186000 0.590670728 -0.650171126 -0.353872889 0.321184645 -0.165010 -0.027398 -0.301198 -0.013615 -0.006019 -0.006267 0.004833 -0.012293 -0.002486 0.069091 -0.251553 0.044339
2741.924269000 0.590615017 -0.650233582 -0.353872195 0.321161424 -0.164814 -0.027447 -0.301061 -0.013712 -0.005972 -0.005870 0.004833 -0.012291 -0.002488 0.069099 -0.251573 0.044382
2741.976352000 0.590583925 -0.650271976 -0.353868219 0.321145245 -0.164608 -0.027389 -0.300989 -0.013116 -0.005997 -0.005718 0.004833 -0.012290 -0.002489 0.069106 -0.251587 0.044413
2742.028430000 0.590530522 -0.650317669 -0.353895917 0.321120401 -0.164318 -0.027411 -0.300818 -0.013312 -0.005153 -0.005794 0.004833 -0.012288 -0.002491 0.069114 -0.251608 0.044457
2742.080517000 0.590481568 -0.650358122 -0.353907040 0.321116239 -0.163978 -0.027404 -0.300702 -0.013587 -0.004927 -0.005701 0.004833 -0.012287 -0.002492 0.069121 -0.251625 0.044494
2742.132601000 0.590425266 -0.650400183 -0.353939855 0.321098406 -0.163818 -0.027584 -0.300742 -0.012820 -0.005149 -0.005448 0.004834 -0.012284 -0.002493 0.069126 -0.251632 0.044512
2742.184684000 0.590378841 -0.650418582 -0.353994612 0.321086138 -0.163599 -0.027695 -0.300731 -0.012160 -0.004594 -0.005502 0.004834 -0.012282 -0.002494 0.069132 -0.251641 0.044535
2742.236766000 0.590336691 -0.650455152 -0.354024273 0.321056850 -0.163362 -0.027722 -0.300779 -0.012436 -0.004407 -0.005789 0.004835 -0.012281 -0.002495 0.069137 -0.251648 0.044552
2742.288850000 0.590304634 -0.650489152 -0.354052160 0.321016153 -0.163274 -0.027839 -0.300659 -0.012397 -0.004608 -0.005591 0.004834 -0.012279 -0.002495 0.069143 -0.251665 0.044590
2742.340932000 0.590253513 -0.650533401 -0.354096839 0.320971203 -0.163047 -0.028104 -0.300613 -0.011644 -0.005162 -0.005470 0.004835 -0.012277 -0.002496 0.069148 -0.251678 0.044617
2742.393016000 0.590205570 -0.650587609 -0.354120610 0.320923265 -0.163150 -0.028416 -0.300519 -0.012263 -0.004981 -0.005563 0.004834 -0.012275 -0.002496 0.069153 -0.251695 0.044653
2742.445098000 0.590181737 -0.650616804 -0.354133612 0.320893560 -0.163160 -0.028575 -0.300488 -0.012640 -0.005476 -0.005332 0.004834 -0.012273 -0.002497 0.069158 -0.251707 0.044679
2742.497176000 0.590146653 -0.650658118 -0.354151992 0.320854029 -0.162976 -0.028710 -0.300454 -0.011628 -0.005482 -0.005286 0.004835 -0.012272 -0.002497 0.069163 -0.251717 0.044703
2742.549264000 0.590123188 -0.650689696 -0.354167199 0.320816362 -0.162869 -0.028847 -0.300338 -0.011779 -0.005591 -0.005186 0.004835 -0.012271 -0.002498 0.069167 -0.251735 0.044739
2742.601347000 0.590069879 -0.650733770 -0.354166815 0.320825445 -0.162507 -0.028858 -0.300292 -0.011903 -0.005283 -0.005335 0.004835 -0.012269 -0.002499 0.069172 -0.251746 0.044765
2742.653429000 0.590043758 -0.650752523 -0.354189505 0.320810399 -0.162204 -0.028922 -0.300262 -0.011202 -0.005539 -0.005105 0.004835 -0.012268 -0.002500 0.069177 -0.251756 0.044788
2742.705513000 0.589994229 -0.650768457 -0.354244268 0.320808703 -0.161784 -0.029034 -0.300161 -0.010463 -0.005475 -0.005100 0.004836 -0.012266 -0.002500 0.069181 -0.251770 0.044819
2742.757595000 0.589965731 -0.650801937 -0.354262110 0.320773492 -0.161446 -0.029074 -0.300065 -0.010993 -0.005463 -0.005138 0.004836 -0.012265 -0.002501 0.069186 -0.251784 0.044850
2742.809679000 0.589919418 -0.650841210 -0.354292909 0.320744966 -0.161035 -0.029209 -0.299921 -0.010689 -0.005719 -0.005083 0.004836 -0.012263 -0.002502 0.069190 -0.251802 0.044888
2742.861761000 0.589883583 -0.650868898 -0.354306852 0.320739287 -0.160494 -0.029222 -0.299784 -0.009939 -0.005963 -0.004991 0.004837 -0.012262 -0.002503 0.069195 -0.251817 0.044921
2742.913845000 0.589848153 -0.650901144 -0.354319926 0.320724566 -0.160118 -0.029174 -0.299680 -0.009966 -0.005649 -0.004781 0.004837 -0.012262 -0.002504 0.069198 -0.251832 0.044952
2742.965927000 0.589811530 -0.650941566 -0.354341402 0.320686153 -0.159814 -0.029284 -0.299462 -0.010081 -0.005465 -0.004311 0.004837 -0.012260 -0.002504 0.069203 -0.251853 0.044994
2743.018010000 0.589769767 -0.650968147 -0.354361164 0.320687166 -0.159371 -0.029344 -0.299390 -0.009158 -0.005604 -0.003976 0.004837 -0.012259 -0.002505 0.069206 -0.251864 0.045019
2743.070093000 0.589727926 -0.650999365 -0.354378894 0.320681149 -0.158893 -0.029409 -0.299260 -0.008552 -0.005573 -0.003868 0.004838 -0.012258 -0.002506 0.069210 -0.251877 0.045047
2743.122176000 0.589697628 -0.651022568 -0.354381976 0.320686356 -0.158409 -0.029348 -0.299140 -0.008575 -0.005243 -0.003751 0.004838 -0.012257 -0.002507 0.069213 -0.251888 0.045073
2743.174259000 0.589664939 -0.651060639 -0.354373961 0.320678032 -0.158293 -0.029405 -0.299076 -0.008153 -0.004974 -0.003535 0.004838 -0.012256 -0.002508 0.069217 -0.251897 0.045092
2743.226342000 0.589644677 -0.651085568 -0.354363902 0.320675791 -0.157958 -0.029272 -0.298887 -0.008075 -0.004632 -0.003206 0.004837 -0.012255 -0.002509 0.069221 -0.251912 0.045123
2743.278425000 0.589641054 -0.651096429 -0.354354303 0.320671008 -0.157809 -0.029207 -0.298808 -0.008636 -0.004141 -0.003670 0.004837 -0.012255 -0.002510 0.069224 -0.251919 0.045142
2743.330508000 0.589628302 -0.651131673 -0.354327418 0.320652601 -0.157865 -0.029177 -0.298828 -0.008740 -0.003982 -0.003713 0.004837 -0.012255 -0.002511 0.069227 -0.251924 0.045153
2743.382591000 0.589580895 -0.651165631 -0.354343599 0.320652934 -0.157384 -0.029156 -0.298712 -0.008188 -0.003907 -0.003655 0.004837 -0.012253 -0.002512 0.069231 -0.251935 0.045178
2743.434674000 0.589533234 -0.651219356 -0.354358330 0.320615176 -0.157207 -0.029285 -0.298610 -0.008491 -0.003889 -0.003644 0.004837 -0.012251 -0.002513 0.069234 -0.251945 0.045201
2743.486757000 0.589499394 -0.651252870 -0.354380021 0.320585349 -0.156818 -0.029295 -0.298481 -0.008616 -0.003737 -0.003574 0.004837 -0.012250 -0.002513 0.069237 -0.251957 0.045227
2743.538840000 0.589468590 -0.651276413 -0.354394934 0.320577675 -0.156629 -0.029349 -0.298388 -0.008464 -0.003929 -0.003397 0.004837 -0.012249 -0.002514 0.069241 -0.251967 0.045249
2743.590923000 0.589458601 -0.651308048 -0.354400757 0.320525329 -0.156385 -0.029421 -0.298214 -0.008470 -0.004037 -0.003228 0.004837 -0.012248 -0.002514 0.069244 -0.251981 0.045278
2743.643006000 0.589439972 -0.651329164 -0.354411515 0.320504786 -0.156140 -0.029440 -0.298118 -0.008751 -0.003815 -0.003230 0.004837 -0.012247 -0.002515 0.069246 -0.251991 0.045300
2743.695089000 0.589409114 -0.651357139 -0.354439341 0.320473910 -0.156005 -0.029537 -0.298024 -0.008581 -0.003999 -0.003146 0.004837 -0.012246 -0.002515 0.069249 -0.252001 0.045321
2743.747171000 0.589391434 -0.651356915 -0.354478249 0.320463848 -0.155740 -0.029606 -0.297975 -0.008066 -0.004163 -0.003131 0.004837 -0.012245 -0.002516 0.069252 -0.252008 0.045337
2743.799255000 0.589368889 -0.651390364 -0.354477165 0.320438521 -0.155532 -0.029672 -0.297908 -0.008253 -0.004137 -0.003184 0.004837 -0.012244 -0.002516 0.069254 -0.252015 0.045355
2743.851337000 0.589352351 -0.651401315 -0.354484878 0.320438145 -0.155365 -0.029689 -0.297861 -0.008425 -0.003863 -0.003142 0.004837 -0.012244 -0.002517 0.069257 -0.252021 0.045370
2743.903420000 0.589340292 -0.651407600 -0.354502026 0.320428576 -0.155296 -0.029801 -0.297856 -0.008289 -0.004049 -0.003032 0.004838 -0.012243 -0.002517 0.069259 -0.252025 0.045381
2743.955503000 0.589325908 -0.651431420 -0.354513619 0.320393779 -0.155305 -0.029948 -0.297770 -0.008793 -0.004170 -0.003123 0.004837 -0.012242 -0.002517 0.069262 -0.252034 0.045400
2744.007586000 0.589288997 -0.651446069 -0.354533256 0.320410155 -0.155115 -0.029954 -0.297796 -0.008819 -0.004080 -0.003398 0.004838 -0.012241 -0.002518 0.069265 -0.252036 0.045407
2744.059669000 0.589254077 -0.651471645 -0.354554474 0.320398897 -0.155099 -0.030072 -0.297794 -0.008599 -0.004101 -0.003253 0.004837 -0.012240 -0.002519 0.069268 -0.252040 0.045419
2744.111753000 0.589248186 -0.651473469 -0.354569719 0.320389150 -0.155132 -0.030106 -0.297838 -0.008454 -0.004084 -0.003535 0.004837 -0.012240 -0.002519 0.069270 -0.252041 0.045425
2744.163835000 0.589235924 -0.651490934 -0.354563577 0.320382987 -0.155139 -0.030149 -0.297860 -0.008863 -0.003670 -0.003637 0.004837 -0.012239 -0.002520 0.069273 -0.252044 0.045435
2744.215918000 0.589241111 -0.651494234 -0.354559598 0.320371140 -0.155244 -0.030225 -0.297947 -0.008999 -0.003673 -0.003702 0.004837 -0.012239 -0.002520 0.069275 -0.252044 0.045440
2744.268001000 0.589226711 -0.651514769 -0.354565409 0.320349433 -0.155423 -0.030191 -0.298003 -0.009047 -0.003458 -0.003685 0.004837 -0.012239 -0.002520 0.069278 -0.252046 0.045446
2744.320084000 0.589218977 -0.651518486 -0.354579402 0.320340611 -0.155467 -0.030242 -0.298059 -0.009186 -0.003407 -0.003872 0.004837 -0.012238 -0.002521 0.069280 -0.252049 0.045455
2744.372167000 0.589202781 -0.651539248 -0.354576769 0.320331088 -0.155378 -0.030336 -0.298091 -0.009222 -0.003536 -0.003855 0.004837 -0.012238 -0.002521 0.069282 -0.252056 0.045469
2744.424250000 0.589191053 -0.651550981 -0.354591349 0.320312654 -0.155443 -0.030496 -0.298150 -0.009114 -0.004066 -0.003847 0.004837 -0.012237 -0.002521 0.069284 -0.252059 0.045478
2744.476333000 0.589187272 -0.651552771 -0.354602281 0.320303866 -0.155316 -0.030486 -0.298112 -0.009178 -0.004149 -0.004050 0.004837 -0.012237 -0.002521 0.069286 -0.252069 0.045498
2744.528416000 0.589165002 -0.651576929 -0.354615128 0.320281464 -0.155203 -0.030660 -0.298119 -0.009069 -0.004187 -0.004179 0.004838 -0.012235 -0.002521 0.069288 -0.252078 0.045516
2744.580498000 0.589149537 -0.651571925 -0.354620033 0.320314662 -0.154884 -0.030593 -0.298133 -0.008496 -0.004226 -0.004097 0.004838 -0.012235 -0.002522 0.069290 -0.252085 0.045532
2744.632581000 0.589134313 -0.651572974 -0.354632424 0.320326810 -0.154733 -0.030571 -0.298247 -0.007948 -0.004175 -0.004120 0.004839 -0.012235 -0.002522 0.069292 -0.252086 0.045538
2744.684664000 0.589128790 -0.651591915 -0.354618323 0.320314049 -0.154688 -0.030563 -0.298276 -0.008271 -0.003953 -0.004273 0.004838 -0.012235 -0.002523 0.069294 -0.252093 0.045552
2744.736748000 0.589116044 -0.651608171 -0.354626766 0.320295073 -0.154633 -0.030626 -0.298323 -0.008659 -0.003931 -0.004386 0.004839 -0.012235 -0.002523 0.069295 -0.252100 0.045567
2744.788830000 0.589108664 -0.651620836 -0.354629214 0.320280173 -0.154612 -0.030687 -0.298300 -0.008664 -0.004213 -0.004123 0.004839 -0.012234 -0.002523 0.069297 -0.252111 0.045587
2744.840913000 0.589081837 -0.651633137 -0.354645596 0.320286349 -0.154569 -0.030761 -0.298349 -0.008822 -0.004162 -0.004178 0.004839 -0.012234 -0.002524 0.069299 -0.252117 0.045600
2744.892996000 0.589067308 -0.651658371 -0.354631078 0.320277805 -0.154650 -0.030854 -0.298297 -0.009388 -0.004328 -0.004241 0.004838 -0.012233 -0.002524 0.069300 -0.252129 0.045623
2744.945078000 0.589024106 -0.651686559 -0.354644683 0.320284842 -0.154596 -0.030953 -0.298353 -0.009003 -0.004522 -0.003968 0.004839 -0.012233 -0.002524 0.069302 -0.252136 0.045636
2744.997162000 0.588978458 -0.651722590 -0.354653022 0.320286240 -0.154415 -0.030977 -0.298290 -0.009191 -0.004285 -0.003789 0.004839 -0.012232 -0.002525 0.069304 -0.252148 0.045659
2745.049245000 0.588948525 -0.651745298 -0.354669857 0.320276434 -0.154218 -0.030971 -0.298278 -0.009193 -0.003856 -0.003846 0.004839 -0.012231 -0.002526 0.069306 -0.252157 0.045677
2745.101328000 0.588907850 -0.651774478 -0.354689578 0.320270006 -0.154082 -0.031132 -0.298332 -0.008817 -0.004136 -0.003842 0.004840 -0.012230 -0.002526 0.069308 -0.252162 0.045689
2745.153411000 0.588902389 -0.651791221 -0.354683135 0.320253109 -0.154059 -0.031178 -0.298252 -0.008947 -0.004255 -0.003652 0.004839 -0.012229 -0.002527 0.069310 -0.252174 0.045711
2745.205493000 0.588886624 -0.651805938 -0.354699116 0.320234447 -0.154044 -0.031356 -0.298210 -0.009272 -0.004611 -0.003611 0.004839 -0.012228 -0.002527 0.069312 -0.252185 0.045731
2745.257576000 0.588855674 -0.651838718 -0.354697566 0.320226353 -0.153840 -0.031422 -0.298106 -0.009272 -0.004539 -0.003345 0.004840 -0.012228 -0.002528 0.069314 -0.252197 0.045755
2745.309659000 0.588831515 -0.651859635 -0.354710086 0.320214331 -0.153838 -0.031537 -0.298096 -0.009456 -0.004431 -0.003286 0.004840 -0.012227 -0.002528 0.069316 -0.252204 0.045769
2745.361742000 0.588801421 -0.651887159 -0.354737691 0.320183056 -0.153709 -0.031695 -0.297989 -0.009528 -0.004511 -0.003160 0.004840 -0.012225 -0.002529 0.069318 -0.252216 0.045792
2745.413820000 0.588765547 -0.651920861 -0.354761944 0.320153535 -0.153815 -0.031944 -0.298026 -0.009583 -0.004370 -0.003543 0.004840 -0.012224 -0.002529 0.069320 -0.252220 0.045802
2745.465909000 0.588725133 -0.651942663 -0.354795102 0.320146711 -0.153825 -0.032107 -0.298043 -0.009627 -0.004280 -0.003769 0.004840 -0.012223 -0.002530 0.069322 -0.252226 0.045815
2745.517991000 0.588702167 -0.651953058 -0.354829320 0.320129853 -0.153863 -0.032335 -0.298090 -0.009731 -0.004552 -0.003709 0.004840 -0.012222 -0.002530 0.069325 -0.252229 0.045824
2745.570074000 0.588678947 -0.651966861 -0.354841283 0.320131181 -0.153673 -0.032486 -0.298069 -0.009552 -0.004517 -0.003861 0.004840 -0.012220 -0.002531 0.069327 -0.252237 0.045841
2745.622157000 0.588669673 -0.652002749 -0.354819042 0.320099796 -0.153733 -0.032519 -0.298046 -0.009820 -0.004211 -0.003936 0.004840 -0.012220 -0.002531 0.069329 -0.252245 0.045857
2745.674240000 0.588648006 -0.652046563 -0.354819180 0.320050236 -0.153691 -0.032711 -0.297938 -0.009750 -0.004443 -0.003854 0.004840 -0.012219 -0.002531 0.069331 -0.252259 0.045883
2745.726324000 0.588621519 -0.652042545 -0.354868174 0.320052817 -0.153430 -0.032829 -0.297955 -0.009472 -0.004503 -0.004026 0.004840 -0.012218 -0.002532 0.069333 -0.252265 0.045897
2745.778406000 0.588597229 -0.652044942 -0.354882245 0.320077001 -0.153286 -0.032873 -0.298047 -0.009063 -0.004534 -0.004151 0.004841 -0.012218 -0.002532 0.069335 -0.252266 0.045904
2745.830489000 0.588575053 -0.652057228 -0.354894632 0.320079020 -0.153140 -0.032914 -0.298033 -0.008808 -0.004391 -0.004130 0.004841 -0.012217 -0.002533 0.069337 -0.252275 0.045922
2745.882568000 0.588566443 -0.652062563 -0.354911035 0.320065795 -0.153156 -0.032986 -0.298039 -0.008764 -0.004416 -0.004083 0.004841 -0.012217 -0.002533 0.069339 -0.252283 0.045937
2745.934655000 0.588540976 -0.652089872 -0.354921072 0.320045859 -0.153121 -0.033188 -0.298006 -0.008915 -0.004722 -0.004005 0.004841 -0.012216 -0.002533 0.069341 -0.252293 0.045956
2745.986738000 0.588540998 -0.652100265 -0.354894980 0.320053575 -0.153079 -0.033227 -0.298018 -0.008720 -0.004675 -0.003991 0.004840 -0.012215 -0.002534 0.069343 -0.252299 0.045970
2746.038821000 0.588523480 -0.652108286 -0.354903977 0.320059470 -0.153217 -0.033343 -0.298069 -0.008900 -0.004599 -0.004055 0.004840 -0.012215 -0.002534 0.069346 -0.252302 0.045979
2746.090904000 0.588518309 -0.652107087 -0.354885335 0.320092091 -0.153241 -0.033247 -0.298164 -0.009035 -0.004107 -0.004210 0.004840 -0.012215 -0.002535 0.069348 -0.252301 0.045983
2746.142986000 0.588489711 -0.652141818 -0.354900149 0.320057485 -0.153420 -0.033473 -0.298212 -0.009277 -0.004097 -0.004361 0.004839 -0.012214 -0.002535 0.069351 -0.252305 0.045994
2746.195070000 0.588467604 -0.652152625 -0.354909132 0.320066149 -0.153527 -0.033449 -0.298283 -0.009314 -0.003865 -0.004444 0.004839 -0.012214 -0.002536 0.069353 -0.252309 0.046004
2746.247153000 0.588457703 -0.652144536 -0.354924762 0.320083504 -0.153742 -0.033510 -0.298480 -0.009543 -0.003809 -0.004684 0.004839 -0.012214 -0.002537 0.069355 -0.252306 0.046004
2746.299236000 0.588455694 -0.652146624 -0.354942221 0.320063583 -0.153758 -0.033595 -0.298580 -0.009494 -0.003941 -0.004623 0.004839 -0.012213 -0.002537 0.069357 -0.252309 0.046013
2746.351329000 0.588456890 -0.652141042 -0.354952575 0.320061275 -0.153903 -0.033681 -0.298626 -0.009720 -0.003824 -0.004793 0.004839 -0.012213 -0.002537 0.069359 -0.252315 0.046026
2746.403402000 0.588444740 -0.652142633 -0.354948784 0.320084573 -0.153867 -0.033594 -0.298781 -0.009451 -0.003318 -0.004901 0.004839 -0.012213 -0.002538 0.069361 -0.252315 0.046030
2746.455484000 0.588456186 -0.652131600 -0.354928593 0.320108399 -0.153851 -0.033502 -0.298842 -0.009437 -0.003046 -0.004902 0.004839 -0.012213 -0.002538 0.069363 -0.252321 0.046043
2746.507567000 0.588440917 -0.652145109 -0.354938774 0.320097658 -0.153732 -0.033456 -0.298914 -0.009102 -0.002868 -0.004800 0.004839 -0.012213 -0.002538 0.069366 -0.252325 0.046055
2746.559650000 0.588436822 -0.652153564 -0.354943530 0.320082687 -0.153671 -0.033502 -0.298998 -0.008822 -0.002834 -0.004947 0.004839 -0.012212 -0.002538 0.069368 -0.252329 0.046065
2746.611733000 0.588431781 -0.652156525 -0.354951320 0.320077281 -0.153594 -0.033411 -0.299043 -0.008866 -0.002670 -0.004824 0.004839 -0.012212 -0.002538 0.069371 -0.252334 0.046078
2746.663816000 0.588415095 -0.652186482 -0.354949716 0.320048696 -0.153626 -0.033461 -0.299087 -0.008706 -0.002763 -0.004545 0.004839 -0.012212 -0.002539 0.069373 -0.252342 0.046093
2746.715899000 0.588410884 -0.652190920 -0.354958454 0.320037704 -0.153571 -0.033432 -0.299047 -0.008802 -0.002734 -0.004379 0.004839 -0.012212 -0.002539 0.069375 -0.252354 0.046114
2746.767982000 0.588404952 -0.652185837 -0.354967831 0.320048568 -0.153375 -0.033328 -0.299028 -0.008731 -0.002609 -0.004521 0.004839 -0.012211 -0.002539 0.069378 -0.252363 0.046132
2746.820064000 0.588404824 -0.652196943 -0.354962426 0.320032165 -0.153209 -0.033194 -0.298973 -0.008867 -0.002197 -0.004559 0.004839 -0.012211 -0.002540 0.069380 -0.252375 0.046154
2746.872148000 0.588392293 -0.652213239 -0.354988480 0.319993094 -0.153362 -0.033437 -0.298970 -0.009105 -0.002918 -0.004570 0.004838 -0.012210 -0.002539 0.069382 -0.252386 0.046172
2746.924231000 0.588387224 -0.652215728 -0.355001155 0.319983278 -0.153084 -0.033424 -0.298929 -0.008832 -0.003171 -0.004540 0.004839 -0.012209 -0.002539 0.069384 -0.252397 0.046193
2746.976313000 0.588379904 -0.652208370 -0.355010897 0.320000928 -0.152946 -0.033417 -0.299047 -0.008591 -0.003146 -0.004920 0.004839 -0.012209 -0.002539 0.069386 -0.252400 0.046201
2747.028396000 0.588371785 -0.652206703 -0.355019152 0.320010094 -0.152628 -0.033293 -0.299060 -0.008262 -0.003253 -0.004717 0.004840 -0.012209 -0.002540 0.069388 -0.252409 0.046218
2747.080479000 0.588355610 -0.652210986 -0.355031135 0.320017812 -0.152273 -0.033315 -0.299077 -0.007976 -0.003267 -0.004812 0.004840 -0.012209 -0.002539 0.069390 -0.252417 0.046235
2747.132563000 0.588348173 -0.652225183 -0.355030189 0.320003597 -0.152197 -0.033379 -0.299061 -0.007983 -0.003132 -0.004950 0.004840 -0.012208 -0.002539 0.069393 -0.252429 0.046255
2747.184646000 0.588343297 -0.652234357 -0.355046594 0.319975660 -0.152190 -0.033507 -0.298967 -0.008692 -0.003799 -0.004879 0.004840 -0.012208 -0.002539 0.069394 -0.252445 0.046281
2747.236729000 0.588349793 -0.652240198 -0.355026459 0.319974152 -0.151924 -0.033289 -0.298930 -0.008149 -0.003348 -0.004344 0.004840 -0.012209 -0.002540 0.069396 -0.252458 0.046302
2747.288811000 0.588351720 -0.652252084 -0.354994913 0.319981380 -0.151788 -0.033032 -0.298893 -0.008539 -0.002868 -0.004536 0.004840 -0.012210 -0.002540 0.069399 -0.252469 0.046321
2747.340894000 0.588358484 -0.652253845 -0.354981248 0.319980515 -0.151638 -0.032969 -0.298807 -0.008520 -0.002847 -0.004347 0.004840 -0.012210 -0.002540 0.069401 -0.252484 0.046345
2747.392977000 0.588360456 -0.652254544 -0.354989124 0.319966725 -0.151562 -0.032908 -0.298700 -0.008605 -0.002903 -0.003934 0.004840 -0.012210 -0.002540 0.069403 -0.252499 0.046369
2747.445060000 0.588352078 -0.652258510 -0.354994150 0.319968471 -0.151510 -0.032903 -0.298588 -0.008615 -0.002713 -0.003931 0.004839 -0.012210 -0.002539 0.069405 -0.252513 0.046392
2747.497143000 0.588373888 -0.652248859 -0.354970351 0.319974443 -0.151446 -0.032806 -0.298565 -0.008472 -0.002868 -0.003784 0.004840 -0.012210 -0.002539 0.069406 -0.252521 0.046407
2747.549226000 0.588399456 -0.652235016 -0.354964011 0.319962679 -0.151287 -0.032669 -0.298530 -0.008576 -0.002964 -0.003724 0.004840 -0.012211 -0.002539 0.069408 -0.252530 0.046423
2747.601309000 0.588416398 -0.652218094 -0.354961349 0.319968970 -0.151013 -0.032640 -0.298443 -0.008389 -0.002717 -0.003903 0.004840 -0.012211 -0.002539 0.069411 -0.252542 0.046444
2747.653392000 0.588402829 -0.652214219 -0.354974571 0.319987150 -0.150715 -0.032535 -0.298456 -0.008153 -0.002878 -0.003958 0.004841 -0.012211 -0.002539 0.069413 -0.252548 0.046457
2747.705475000 0.588412165 -0.652194043 -0.354985754 0.319998702 -0.150546 -0.032548 -0.298430 -0.008057 -0.003138 -0.004054 0.004841 -0.012211 -0.002538 0.069415 -0.252556 0.046472
2747.757557000 0.588395493 -0.652194895 -0.355017274 0.319992651 -0.150130 -0.032656 -0.298405 -0.007501 -0.003429 -0.004219 0.004842 -0.012210 -0.002538 0.069418 -0.252565 0.046489
2747.809641000 0.588405583 -0.652193271 -0.355010956 0.319984419 -0.149864 -0.032599 -0.298360 -0.007192 -0.003468 -0.003935 0.004842 -0.012210 -0.002538 0.069421 -0.252574 0.046507
2747.861724000 0.588385125 -0.652194842 -0.355039128 0.319987577 -0.149384 -0.032607 -0.298321 -0.006811 -0.003762 -0.003941 0.004843 -0.012210 -0.002538 0.069423 -0.252584 0.046524
