# timestamp(s) q(JPL xyzw) p v bg ba -- vio_live, OpenVINS state after each processed frame
6030.814149000 0.582525342 -0.600153142 -0.387704348 0.387512283 0.001738 0.000816 -0.000576 -0.000968 0.003922 -0.003049 0.004606 -0.012347 -0.002587 -0.003387 -0.226975 0.098762
6030.866232000 0.582715031 -0.600771502 -0.387186742 0.386785757 0.001644 0.000858 -0.000726 -0.001016 0.000970 -0.001672 0.004606 -0.012347 -0.002587 -0.003387 -0.226975 0.098762
6030.918314000 0.582227992 -0.600529681 -0.387886416 0.387193487 0.001667 0.000868 -0.000720 0.003625 0.000773 0.002569 0.004606 -0.012347 -0.002587 -0.003387 -0.226975 0.098762
6030.970397000 0.579259202 -0.602949197 -0.389977014 0.385783580 0.001774 0.001184 -0.000728 -0.001894 0.007476 -0.004013 0.004606 -0.012347 -0.002587 -0.003387 -0.226975 0.098762
6031.022480000 0.576791778 -0.606684957 -0.397160437 0.376175752 0.001757 0.001242 -0.000759 -0.001138 -0.000471 -0.000246 0.004606 -0.012347 -0.002587 -0.003387 -0.226975 0.098762
6031.074563000 0.576202535 -0.610240148 -0.402505639 0.365495296 0.001578 0.001637 -0.000884 -0.016927 -0.000188 -0.006215 0.004606 -0.012347 -0.002587 -0.003387 -0.226975 0.098762
6031.126646000 0.592136775 -0.601488223 -0.397992165 0.359427593 0.000929 0.001847 -0.000263 -0.016335 0.012033 0.028678 0.004606 -0.012347 -0.002587 -0.003387 -0.226975 0.098762
6031.178728000 0.593851155 -0.601654537 -0.397895801 0.356414865 -0.000041 0.002571 0.002179 -0.022605 0.014174 0.066700 0.004606 -0.012347 -0.002587 -0.003387 -0.226975 0.098762
6031.230811000 0.596170596 -0.602750936 -0.395775695 0.353034742 -0.000813 0.003046 0.005650 -0.014773 0.007686 0.070571 0.004606 -0.012347 -0.002587 -0.003387 -0.226975 0.098762
6031.282894000 0.599310757 -0.606309310 -0.389516102 0.348558235 -0.001985 0.003803 0.009832 -0.032378 0.018208 0.080153 0.004606 -0.012347 -0.002587 -0.003387 -0.226975 0.098762
6031.334978000 0.600350089 -0.610649749 -0.390137562 0.338347953 -0.003807 0.004502 0.014673 -0.025647 0.007042 0.113630 0.004606 -0.012347 -0.002587 -0.003387 -0.226975 0.098762
6031.387060000 0.603861309 -0.606615147 -0.391888558 0.337332094 -0.005024 0.004770 0.020571 -0.029560 0.013073 0.110477 0.004606 -0.012347 -0.002587 -0.003387 -0.226975 0.098762
6031.439143000 0.604315705 -0.607132965 -0.388475662 0.339527249 -0.005986 0.005260 0.026600 -0.008691 0.002708 0.118996 0.004606 -0.012347 -0.002587 -0.003387 -0.226975 0.098762
6031.491226000 0.604685806 -0.604102783 -0.387985648 0.344792750 -0.006407 0.004996 0.033580 -0.014294 -0.009718 0.138804 0.004606 -0.012347 -0.002587 -0.003387 -0.226975 0.098762
6031.543309000 0.607156568 -0.600932557 -0.388990181 0.344858816 -0.007285 0.004953 0.039664 -0.009544 -0.003154 0.118866 0.004606 -0.012347 -0.002587 -0.003387 -0.226975 0.098762
6031.595392000 0.608220323 -0.597042533 -0.387705507 0.351130593 -0.007384 0.005038 0.046008 0.004373 0.008909 0.116758 0.004606 -0.012347 -0.002587 -0.003387 -0.226975 0.098762
6031.647479000 0.609785622 -0.593291314 -0.388154262 0.354264280 -0.007320 0.005580 0.051826 -0.013929 0.019470 0.100880 0.004606 -0.012347 -0.002587 -0.003387 -0.226975 0.098762
6031.699558000 0.617246611 -0.585776514 -0.393154602 0.348284304 -0.007049 0.005821 0.057430 0.014668 0.014003 0.137459 0.004606 -0.012347 -0.002587 -0.003387 -0.226975 0.098762
6031.751640000 0.612711479 -0.581782075 -0.397522340 0.357896983 -0.012903 0.004782 0.062400 0.004522 0.017479 0.167420 0.004878 -0.012452 -0.002531 -0.003968 -0.226531 0.097854
6031.803723000 0.608651329 -0.581463972 -0.399623530 0.362965899 0.017559 0.024051 0.084410 0.025206 0.041982 0.163034 0.004788 -0.012278 -0.002689 -0.002537 -0.228248 0.098430
6031.855806000 0.606508700 -0.577694099 -0.405994957 0.365492571 0.019844 0.024564 0.089452 0.017226 -0.016778 0.187090 0.004738 -0.012308 -0.002777 -0.002572 -0.227857 0.098111
6031.907889000 0.606206694 -0.571712520 -0.411100804 0.369667916 0.017296 0.022935 0.098599 0.021355 0.031537 0.219937 0.004835 -0.012120 -0.002792 -0.002646 -0.227587 0.098221
6031.959971000 0.601792314 -0.572602855 -0.403067243 0.384068716 0.011950 0.021692 0.108347 0.020845 0.051927 0.200446 0.004762 -0.012028 -0.002666 -0.002932 -0.227432 0.098150
6032.012055000 0.600244617 -0.571352055 -0.396575881 0.394956706 0.012793 0.023231 0.118826 -0.000798 0.032826 0.173269 0.004659 -0.011843 -0.002625 -0.002334 -0.227654 0.098678
6032.064137000 0.597308438 -0.570567467 -0.394498747 0.402549542 0.013790 0.023464 0.124046 0.020009 0.019317 0.186565 0.004656 -0.011579 -0.002600 -0.002099 -0.227444 0.098443
6032.116220000 0.588058637 -0.570719885 -0.389501330 0.420421890 0.012910 0.022134 0.130159 -0.012583 0.050254 0.167886 0.004449 -0.011346 -0.002576 -0.003719 -0.226503 0.097495
6032.168307000 0.579027205 -0.575877492 -0.383902544 0.430942510 0.012437 0.024439 0.138321 -0.013553 0.037956 0.122904 0.004639 -0.011388 -0.002788 -0.003683 -0.226454 0.097595
6032.220386000 0.579213300 -0.579984072 -0.374566755 0.433393788 0.011351 0.025619 0.144182 -0.016106 0.016065 0.107115 0.004590 -0.011436 -0.002821 -0.003873 -0.226493 0.097451
6032.272469000 0.589810957 -0.577766222 -0.378911321 0.418013683 0.010311 0.026001 0.149934 -0.014395 -0.026708 0.108740 0.004609 -0.011580 -0.002818 -0.003469 -0.226827 0.097757
6032.324552000 0.601387780 -0.561695568 -0.396030789 0.407419246 0.010545 0.024894 0.156210 0.018583 -0.013595 0.126043 0.004571 -0.011736 -0.002734 -0.003705 -0.226770 0.097465
6032.376635000 0.592255409 -0.559549636 -0.398750768 0.420874756 0.011734 0.025700 0.161786 0.021331 0.030939 0.102615 0.004585 -0.011788 -0.002730 -0.003577 -0.226547 0.097860
6032.428717000 0.578551920 -0.562504323 -0.389445850 0.444070369 0.012632 0.027471 0.166145 0.010460 0.021986 0.065165 0.004620 -0.011770 -0.002698 -0.003747 -0.226820 0.097364
6032.480800000 0.577496684 -0.560037102 -0.382456954 0.454513698 0.013054 0.028035 0.170205 0.002262 -0.029501 0.062651 0.004607 -0.011825 -0.002656 -0.003938 -0.227544 0.096064
6032.532883000 0.593531081 -0.552649839 -0.373971759 0.449937924 0.013333 0.025980 0.172724 0.012138 -0.051638 0.042976 0.004625 -0.011940 -0.002571 -0.004091 -0.227847 0.095172
6032.584961000 0.613645279 -0.550738284 -0.361447612 0.435295805 0.012946 0.024180 0.174760 -0.024294 -0.016473 0.002921 0.004684 -0.012125 -0.002491 -0.003860 -0.228247 0.095154
6032.637049000 0.625956618 -0.556908963 -0.346008718 0.422266132 0.011684 0.024654 0.175549 -0.026876 0.010830 0.023808 0.004701 -0.012259 -0.002503 -0.003832 -0.228348 0.095380
6032.689131000 0.631705692 -0.561219405 -0.341693707 0.411371011 0.011130 0.025592 0.176817 -0.013852 0.015513 0.015725 0.004753 -0.012299 -0.002550 -0.004009 -0.228490 0.095400
6032.741215000 0.638005124 -0.567373905 -0.333489121 0.399776587 0.010199 0.026624 0.177370 -0.035484 0.012472 0.032715 0.004803 -0.012395 -0.002575 -0.004054 -0.228373 0.095582
6032.793298000 0.645818171 -0.577161079 -0.306969439 0.394428373 0.009030 0.027376 0.180014 -0.026135 0.004430 0.071610 0.004838 -0.012459 -0.002602 -0.004071 -0.228277 0.095895
6032.845381000 0.651458141 -0.574511963 -0.300156008 0.394264715 0.010080 0.026445 0.184102 0.046766 -0.069748 0.092017 0.004922 -0.012538 -0.002625 -0.004056 -0.228246 0.095104
6032.897464000 0.654074469 -0.552173312 -0.304534884 0.417791487 0.015336 0.024036 0.189950 0.136366 -0.082447 0.147530 0.005006 -0.012748 -0.002440 -0.005791 -0.230290 0.091269
6032.949547000 0.648307652 -0.527371352 -0.311912195 0.451981668 0.022433 0.021531 0.197263 0.102777 -0.040355 0.154244 0.005037 -0.012859 -0.002283 -0.008740 -0.233275 0.086993
6033.001630000 0.634522124 -0.527597104 -0.312752521 0.470328429 0.026380 0.019220 0.201820 0.058064 -0.063618 0.029905 0.005028 -0.012889 -0.002270 -0.009350 -0.233598 0.086766
6033.053712000 0.644343337 -0.525969878 -0.309381950 0.460934009 0.029409 0.014824 0.203133 0.063917 -0.098784 0.029618 0.004993 -0.012914 -0.002250 -0.009292 -0.233689 0.087181
6033.105795000 0.651626990 -0.510107245 -0.314599957 0.464972828 0.034127 0.010943 0.205887 0.109777 -0.066426 0.064425 0.004976 -0.012947 -0.002239 -0.009126 -0.233596 0.087554
6033.157878000 0.645809786 -0.502092973 -0.318657114 0.478842365 0.039437 0.008086 0.210514 0.093984 -0.042242 0.094978 0.004951 -0.012966 -0.002220 -0.007830 -0.233280 0.087856
6033.209961000 0.634283374 -0.497682974 -0.315230464 0.500625622 0.043775 0.006824 0.215581 0.071501 -0.017974 0.071713 0.004914 -0.012985 -0.002218 -0.006889 -0.232562 0.089404
6033.262044000 0.627676211 -0.499350623 -0.310605936 0.510093601 0.045917 0.006722 0.218583 0.033298 0.015060 0.043959 0.004868 -0.013005 -0.002202 -0.006362 -0.232509 0.089920
6033.314126000 0.614083189 -0.516783372 -0.321148071 0.502693446 0.045533 0.008748 0.220761 -0.006448 0.032104 0.036909 0.004803 -0.012960 -0.002240 -0.006050 -0.232379 0.091130
6033.366209000 0.611734462 -0.524209752 -0.340324539 0.484937410 0.044510 0.008614 0.222856 -0.002267 0.009577 0.023155 0.004706 -0.012897 -0.002264 -0.002824 -0.231620 0.092338
6033.418292000 0.615247424 -0.524776545 -0.342036579 0.478634687 0.043526 0.009101 0.223352 -0.014331 0.016802 -0.004591 0.004643 -0.012861 -0.002253 -0.002015 -0.231689 0.092312
6033.470375000 0.616146284 -0.528052846 -0.346151897 0.470853282 0.040539 0.010709 0.223435 -0.041611 0.080527 0.011216 0.004574 -0.012802 -0.002269 0.000218 -0.231436 0.092813
6033.522458000 0.609026983 -0.536906295 -0.344866822 0.471046325 0.037583 0.014887 0.222597 -0.040968 0.078436 -0.017981 0.004544 -0.012774 -0.002275 0.003067 -0.230556 0.094545
6033.574542000 0.613018220 -0.539586358 -0.350391812 0.458563848 0.034839 0.017023 0.220423 -0.040048 0.028960 -0.052251 0.004516 -0.012748 -0.002287 0.005289 -0.230268 0.095012
6033.626624000 0.623610261 -0.541421944 -0.347352473 0.444205786 0.031871 0.017813 0.217465 -0.040974 0.029057 -0.030856 0.004494 -0.012721 -0.002273 0.007389 -0.230541 0.094270
6033.678707000 0.627865792 -0.541635918 -0.348385619 0.437084135 0.029782 0.019135 0.216906 -0.036853 0.043208 -0.021416 0.004501 -0.012700 -0.002287 0.008860 -0.230829 0.093605
6033.730789000 0.633776370 -0.546938911 -0.337122593 0.430736228 0.027276 0.021068 0.214872 -0.036648 0.043600 -0.050726 0.004495 -0.012683 -0.002289 0.010426 -0.231374 0.092269
6033.782873000 0.639998729 -0.549413051 -0.339330140 0.416415637 0.025182 0.022516 0.212521 -0.037471 0.026717 -0.030258 0.004501 -0.012667 -0.002307 0.011723 -0.231620 0.091716
6033.834956000 0.645644450 -0.550213106 -0.345378775 0.401400404 0.022545 0.023701 0.210936 -0.040119 0.020772 -0.021507 0.004509 -0.012653 -0.002334 0.012875 -0.231884 0.091041
6033.887038000 0.637213355 -0.550484329 -0.352252969 0.408465408 0.021287 0.025472 0.212199 -0.006256 0.045610 0.046881 0.004515 -0.012644 -0.002346 0.012869 -0.231936 0.090804
6033.939121000 0.629592033 -0.549198497 -0.356742086 0.418007137 0.020978 0.026516 0.213741 0.006879 -0.001161 0.009186 0.004524 -0.012624 -0.002359 0.013939 -0.231753 0.090983
6033.991204000 0.625847804 -0.543909222 -0.362637196 0.425407509 0.021900 0.026117 0.214950 0.010424 0.000012 0.038058 0.004527 -0.012599 -0.002361 0.014496 -0.231337 0.091529
6034.043287000 0.627307769 -0.542178271 -0.366085682 0.422503206 0.021404 0.025881 0.215872 -0.020158 -0.010128 -0.004573 0.004524 -0.012581 -0.002382 0.014418 -0.231529 0.091097
6034.095370000 0.637967667 -0.537186239 -0.371848123 0.407623815 0.020951 0.024412 0.215518 -0.014611 -0.018601 0.010756 0.004530 -0.012565 -0.002391 0.013316 -0.231894 0.090383
6034.147453000 0.640200881 -0.535146391 -0.372386141 0.406312361 0.020584 0.024312 0.216596 -0.012362 0.019668 0.020808 0.004537 -0.012547 -0.002407 0.013210 -0.232079 0.090040
6034.199536000 0.641010448 -0.538665309 -0.364101006 0.407891833 0.019933 0.025265 0.216684 -0.011168 0.012453 -0.011174 0.004542 -0.012525 -0.002420 0.013361 -0.232245 0.089860
6034.251619000 0.644913702 -0.537763786 -0.362312187 0.404507487 0.019567 0.025536 0.216283 -0.017148 0.025140 0.000861 0.004556 -0.012517 -0.002439 0.013569 -0.232499 0.089453
6034.303702000 0.644192569 -0.542172007 -0.354370111 0.406801270 0.018792 0.026694 0.217204 -0.019702 0.025842 0.061657 0.004570 -0.012502 -0.002448 0.013482 -0.232733 0.089231
6034.355785000 0.638522130 -0.542011909 -0.354020243 0.416151711 0.018529 0.028205 0.221365 -0.006083 0.031270 0.088280 0.004578 -0.012497 -0.002451 0.013419 -0.232758 0.089161
6034.407868000 0.635129740 -0.541145363 -0.351438336 0.424573910 0.018358 0.029878 0.225710 -0.016354 0.038486 0.078883 0.004584 -0.012497 -0.002472 0.013396 -0.232897 0.088945
6034.459950000 0.629717110 -0.544259346 -0.345668800 0.433302674 0.017462 0.031960 0.228963 -0.029113 0.035820 0.049545 0.004594 -0.012490 -0.002492 0.013428 -0.232995 0.088787
6034.512034000 0.628399579 -0.544742213 -0.341684071 0.437746372 0.016557 0.032610 0.230635 -0.016908 -0.001959 0.021000 0.004602 -0.012482 -0.002505 0.013493 -0.233044 0.088854
6034.564117000 0.632563515 -0.541023029 -0.338814207 0.438591398 0.016175 0.031554 0.230616 -0.002954 -0.028561 -0.012078 0.004593 -0.012483 -0.002509 0.013435 -0.233076 0.088937
6034.616199000 0.639007974 -0.534895395 -0.337212191 0.437999617 0.016179 0.029699 0.229803 0.002310 -0.036446 -0.001288 0.004592 -0.012490 -0.002507 0.013532 -0.233075 0.089008
6034.668281000 0.642228020 -0.527268114 -0.337904775 0.441986276 0.016462 0.028122 0.229693 -0.004808 -0.028083 -0.003974 0.004602 -0.012505 -0.002505 0.013867 -0.233161 0.089020
6034.720364000 0.647448305 -0.523316017 -0.335605801 0.440817179 0.016175 0.026739 0.229022 -0.003895 -0.025394 -0.009464 0.004603 -0.012509 -0.002501 0.013886 -0.233113 0.089087
6034.772447000 0.649416455 -0.518541417 -0.336579417 0.442817528 0.016133 0.025391 0.228702 -0.012437 -0.026197 -0.003046 0.004620 -0.012514 -0.002488 0.014115 -0.232981 0.089149
6034.824531000 0.650641806 -0.517211559 -0.336157727 0.442894373 0.015072 0.023936 0.228188 -0.036479 -0.025724 -0.012973 0.004616 -0.012518 -0.002485 0.014153 -0.233053 0.089030
6034.876613000 0.650790332 -0.516984024 -0.337862996 0.441642455 0.013411 0.022585 0.228233 -0.034610 -0.021831 0.016890 0.004619 -0.012520 -0.002482 0.014329 -0.233098 0.089022
6034.928696000 0.649884000 -0.517754238 -0.340241286 0.440246753 0.011611 0.021441 0.228978 -0.048342 -0.017171 0.009797 0.004631 -0.012520 -0.002472 0.014549 -0.233042 0.089138
6034.980779000 0.650380307 -0.522336650 -0.338946627 0.435069034 0.009722 0.020797 0.229352 -0.028802 -0.005258 0.018581 0.004639 -0.012519 -0.002465 0.014825 -0.233021 0.089345
6035.032862000 0.648865788 -0.524183513 -0.338894195 0.435150042 0.009188 0.020598 0.230163 -0.007413 0.002672 0.004383 0.004653 -0.012506 -0.002463 0.015146 -0.232960 0.089519
6035.084945000 0.649053090 -0.524623173 -0.339241066 0.434069247 0.009267 0.020235 0.229147 0.000972 -0.014861 -0.023576 0.004659 -0.012495 -0.002462 0.015393 -0.232964 0.089655
6035.137028000 0.649640556 -0.519044117 -0.346013991 0.434551114 0.009652 0.019163 0.228269 0.004061 -0.019308 -0.000019 0.004667 -0.012487 -0.002460 0.015615 -0.232993 0.089608
6035.189111000 0.652277258 -0.512710640 -0.351172847 0.433981348 0.010288 0.017442 0.229703 0.016403 -0.028704 0.053883 0.004663 -0.012476 -0.002450 0.015688 -0.233041 0.089549
6035.241193000 0.652198187 -0.506935549 -0.355934206 0.436995097 0.010945 0.016278 0.232884 -0.004750 -0.008074 0.057354 0.004667 -0.012472 -0.002444 0.015702 -0.233040 0.089527
6035.293276000 0.652598045 -0.507312739 -0.354288834 0.437297380 0.010931 0.015279 0.236167 0.012323 -0.031229 0.072824 0.004668 -0.012468 -0.002445 0.015816 -0.233126 0.089256
6035.345359000 0.652867693 -0.504146561 -0.352518881 0.441962055 0.012126 0.012878 0.240034 0.029359 -0.052205 0.060735 0.004668 -0.012461 -0.002441 0.015935 -0.233184 0.088997
6035.397442000 0.653788189 -0.498928982 -0.354580506 0.444863506 0.013836 0.009682 0.242721 0.033754 -0.061438 0.057614 0.004677 -0.012459 -0.002434 0.016118 -0.233372 0.088597
6035.449525000 0.653576175 -0.494241958 -0.355037666 0.450012584 0.015748 0.006221 0.245474 0.032931 -0.059738 0.040121 0.004680 -0.012448 -0.002419 0.016200 -0.233375 0.088443
6035.501604000 0.654370250 -0.491629821 -0.355715329 0.451183221 0.017245 0.003110 0.247140 0.032488 -0.048522 0.034614 0.004684 -0.012441 -0.002416 0.016496 -0.233468 0.088211
6035.553691000 0.654139344 -0.489533167 -0.354649012 0.454624103 0.019420 0.000906 0.248966 0.042912 -0.032539 0.038267 0.004692 -0.012437 -0.002413 0.016831 -0.233621 0.087904
6035.605774000 0.655568654 -0.487142487 -0.353013805 0.456402444 0.021718 -0.000389 0.250869 0.040920 -0.009562 0.039244 0.004697 -0.012434 -0.002412 0.017375 -0.233789 0.087681
6035.657857000 0.655281854 -0.486690100 -0.350473507 0.459245859 0.023417 -0.000425 0.252971 0.028811 0.006901 0.048799 0.004697 -0.012433 -0.002404 0.017726 -0.233928 0.087425
6035.709940000 0.655713118 -0.485265360 -0.350631530 0.460016703 0.023974 0.000197 0.256373 -0.005027 0.023267 0.091259 0.004695 -0.012435 -0.002399 0.018231 -0.234110 0.087153
6035.762023000 0.653821822 -0.487067376 -0.348599977 0.462342353 0.023231 0.002035 0.261686 -0.020863 0.046247 0.122094 0.004695 -0.012436 -0.002400 0.018675 -0.234395 0.086814
6035.814106000 0.649778690 -0.490285015 -0.346560204 0.466159075 0.021636 0.004765 0.267723 -0.038298 0.056312 0.115381 0.004688 -0.012427 -0.002405 0.018977 -0.234447 0.086799
6035.866188000 0.644850562 -0.494777378 -0.342942664 0.470907027 0.019941 0.007940 0.273813 -0.028854 0.055740 0.131735 0.004687 -0.012433 -0.002417 0.019226 -0.234644 0.086486
6035.918271000 0.639243664 -0.498341766 -0.337684466 0.478531320 0.018873 0.010505 0.280769 -0.020150 0.036908 0.125557 0.004688 -0.012432 -0.002424 0.019436 -0.234726 0.086278
6035.970349000 0.637978545 -0.498696784 -0.335071848 0.481675981 0.018395 0.011705 0.287187 -0.001966 0.022252 0.123696 0.004688 -0.012423 -0.002422 0.019669 -0.234843 0.086003
6036.022437000 0.637124527 -0.498879336 -0.331766952 0.484894251 0.018241 0.012891 0.293868 -0.005153 0.037410 0.131466 0.004691 -0.012409 -0.002417 0.019874 -0.234980 0.085710
6036.074520000 0.635341065 -0.499360768 -0.325814037 0.490740021 0.017920 0.014829 0.300989 0.009375 0.041567 0.148080 0.004687 -0.012401 -0.002422 0.020395 -0.234973 0.085715
6036.126603000 0.632229620 -0.498903717 -0.317832599 0.500363096 0.018452 0.017078 0.309181 0.003609 0.054756 0.164969 0.004693 -0.012391 -0.002423 0.020613 -0.234954 0.085703
6036.178686000 0.629422616 -0.501477350 -0.306266810 0.508476430 0.018427 0.019841 0.318008 0.006588 0.050577 0.194826 0.004694 -0.012399 -0.002430 0.021160 -0.235287 0.085087
6036.230769000 0.626414103 -0.501570215 -0.294983180 0.518669080 0.019110 0.022533 0.329014 0.015337 0.060313 0.230466 0.004693 -0.012403 -0.002432 0.021803 -0.235754 0.084105
6036.282852000 0.623169790 -0.502587611 -0.280903132 0.529300044 0.019771 0.025245 0.340838 0.011739 0.044244 0.241586 0.004688 -0.012403 -0.002419 0.022671 -0.235453 0.084844
6036.334935000 0.620903940 -0.499197293 -0.270749353 0.540347247 0.020559 0.026758 0.354326 0.000207 0.035107 0.267144 0.004680 -0.012380 -0.002408 0.023326 -0.235164 0.085445
6036.387018000 0.618808864 -0.495540949 -0.259467943 0.551535261 0.019737 0.028058 0.368886 -0.034454 0.022722 0.287705 0.004671 -0.012368 -0.002401 0.023999 -0.234813 0.086216
6036.439095000 0.614382287 -0.493878724 -0.246852620 0.563632856 0.017031 0.029017 0.384242 -0.071366 0.030889 0.328645 0.004681 -0.012367 -0.002387 0.022064 -0.234945 0.085921
6036.491183000 0.603124177 -0.494269556 -0.228998759 0.582664913 0.013346 0.030917 0.402197 -0.089847 0.036806 0.351900 0.004689 -0.012365 -0.002387 0.020697 -0.234987 0.085752
6036.543266000 0.582462450 -0.496386998 -0.212187758 0.607711936 0.009252 0.032291 0.420094 -0.078840 0.000500 0.322770 0.004698 -0.012351 -0.002369 0.019841 -0.234923 0.085820
6036.595349000 0.568679931 -0.495112946 -0.200670723 0.625457887 0.005863 0.030552 0.436837 -0.043801 -0.090251 0.306858 0.004708 -0.012354 -0.002359 0.016607 -0.235622 0.083797
6036.647432000 0.568994366 -0.485416100 -0.186642319 0.637009628 0.003511 0.021953 0.451492 0.001775 -0.249843 0.233590 0.004672 -0.012360 -0.002357 0.014280 -0.236347 0.082258
6036.699515000 0.580067261 -0.465006601 -0.190620642 0.641057412 0.005492 0.007186 0.464522 0.058747 -0.301790 0.240294 0.004659 -0.012365 -0.002357 0.011588 -0.236825 0.081058
6036.751597000 0.579863174 -0.447494321 -0.198824690 0.651134606 0.008558 -0.008281 0.476521 0.046144 -0.313267 0.223252 0.004649 -0.012370 -0.002385 0.011517 -0.236821 0.081278
6036.803681000 0.583502361 -0.438526445 -0.200420876 0.653491411 0.010714 -0.022387 0.490979 0.040046 -0.248491 0.252348 0.004615 -0.012398 -0.002424 0.007315 -0.237336 0.080192
6036.855763000 0.589418762 -0.439800386 -0.185389994 0.651760457 0.012961 -0.032305 0.505996 0.055870 -0.136525 0.310191 0.004608 -0.012399 -0.002453 0.006737 -0.237665 0.079439
6036.907846000 0.579537499 -0.442314253 -0.156399791 0.666358383 0.017680 -0.035700 0.526533 0.077349 -0.073250 0.338678 0.004543 -0.012439 -0.002501 -0.002003 -0.238762 0.076855
6036.959929000 0.565703533 -0.448991858 -0.132262348 0.678890636 0.021544 -0.039646 0.543359 0.069543 -0.102475 0.310636 0.004548 -0.012439 -0.002509 -0.003509 -0.238461 0.077525
6037.012013000 0.564976636 -0.451280375 -0.111786174 0.681653340 0.025585 -0.046180 0.559899 0.078598 -0.139952 0.311441 0.004541 -0.012439 -0.002510 -0.003037 -0.238408 0.077720
6037.064095000 0.567818373 -0.452912324 -0.101332377 0.679841505 0.029166 -0.053700 0.575813 0.063521 -0.120257 0.321254 0.004546 -0.012442 -0.002522 -0.000748 -0.238799 0.076883
6037.116178000 0.566586726 -0.453376028 -0.093731378 0.681648067 0.028380 -0.058304 0.593771 -0.003300 -0.008673 0.337906 0.004499 -0.012435 -0.002530 0.002663 -0.239317 0.076045
6037.168261000 0.561631526 -0.456669569 -0.086241001 0.684532996 0.024770 -0.057236 0.610701 -0.101469 0.086781 0.294882 0.004499 -0.012439 -0.002548 0.007609 -0.240434 0.073773
6037.220344000 0.556769962 -0.460182679 -0.083059995 0.686542168 0.016882 -0.050606 0.624904 -0.190890 0.189733 0.234905 0.004494 -0.012443 -0.002545 0.009561 -0.240854 0.072886
6037.272427000 0.546473696 -0.465805772 -0.080867802 0.691268313 0.005161 -0.039768 0.634996 -0.263768 0.224312 0.152793 0.004497 -0.012448 -0.002564 0.010616 -0.241119 0.072321
6037.324509000 0.539524640 -0.472649986 -0.081213682 0.692040094 -0.009949 -0.026977 0.642125 -0.316853 0.275721 0.131679 0.004491 -0.012448 -0.002580 0.010701 -0.241206 0.072095
6037.376592000 0.530715304 -0.479279548 -0.091926369 0.692951603 -0.026468 -0.012342 0.648249 -0.324359 0.291114 0.087942 0.004488 -0.012437 -0.002596 0.011421 -0.241561 0.071227
6037.428675000 0.527087983 -0.480121197 -0.106730818 0.693015460 -0.042186 0.003077 0.653397 -0.297031 0.321446 0.100027 0.004486 -0.012445 -0.002614 0.012184 -0.241860 0.070455
6037.480758000 0.519307810 -0.476781998 -0.133476566 0.696550308 -0.057573 0.021251 0.660032 -0.315524 0.358697 0.111659 0.004459 -0.012431 -0.002616 0.011205 -0.242028 0.069985
6037.532841000 0.514524394 -0.475725918 -0.149772684 0.697508166 -0.073960 0.041945 0.666059 -0.312448 0.420296 0.114866 0.004470 -0.012456 -0.002623 0.011911 -0.242135 0.069739
6037.584924000 0.503258218 -0.473980280 -0.173501581 0.701406488 -0.090959 0.063990 0.671742 -0.321123 0.450522 0.100249 0.004470 -0.012447 -0.002621 0.013726 -0.242103 0.069946
6037.637007000 0.495111635 -0.471394220 -0.195446144 0.703173352 -0.108149 0.088487 0.675920 -0.339649 0.495072 0.060913 0.004496 -0.012474 -0.002633 0.016312 -0.242158 0.069996
6037.689090000 0.486904182 -0.473797086 -0.214836313 0.701630956 -0.126683 0.115237 0.676334 -0.361537 0.520841 0.006246 0.004515 -0.012507 -0.002666 0.018512 -0.242521 0.069203
6037.741173000 0.482897770 -0.477483195 -0.236362275 0.694947780 -0.146112 0.143852 0.675435 -0.377441 0.582374 -0.018091 0.004505 -0.012516 -0.002673 0.019551 -0.242576 0.069134
6037.793256000 0.474443442 -0.485769601 -0.255916937 0.688068192 -0.166126 0.175024 0.672966 -0.380997 0.609068 -0.069557 0.004498 -0.012523 -0.002654 0.020109 -0.242457 0.069517
6037.845338000 0.471107716 -0.493019805 -0.273391493 0.678414389 -0.186037 0.206645 0.666971 -0.354894 0.634511 -0.087537 0.004492 -0.012563 -0.002624 0.022105 -0.242086 0.070597
6037.897421000 0.463836012 -0.499790164 -0.291618871 0.670838564 -0.205521 0.239166 0.660949 -0.353001 0.615593 -0.145642 0.004462 -0.012571 -0.002622 0.021994 -0.242143 0.070515
6037.949505000 0.462180853 -0.507319271 -0.311848764 0.657089313 -0.223875 0.270618 0.651669 -0.340989 0.614642 -0.157297 0.004509 -0.012578 -0.002615 0.023292 -0.242038 0.070877
6038.001587000 0.459660769 -0.515385236 -0.328824721 0.644177257 -0.241305 0.302121 0.642484 -0.336059 0.610010 -0.180419 0.004516 -0.012588 -0.002564 0.023270 -0.241182 0.073076
6038.053670000 0.455176640 -0.523112417 -0.345781759 0.632141282 -0.256552 0.334061 0.632439 -0.290344 0.607667 -0.185805 0.004541 -0.012594 -0.002507 0.022433 -0.240454 0.074875
6038.105753000 0.450705070 -0.528666944 -0.362262635 0.621403239 -0.270810 0.365194 0.622153 -0.272278 0.593189 -0.200513 0.004561 -0.012601 -0.002491 0.022612 -0.240393 0.075081
6038.157836000 0.449177094 -0.536342527 -0.378853871 0.605843524 -0.283530 0.396432 0.611331 -0.269645 0.589313 -0.211410 0.004607 -0.012618 -0.002485 0.023400 -0.241387 0.072793
6038.209919000 0.445025274 -0.545230613 -0.394009139 0.591128482 -0.295043 0.428161 0.600520 -0.240416 0.600999 -0.218244 0.004639 -0.012634 -0.002499 0.024510 -0.242430 0.070306
6038.262004000 0.439227269 -0.553981530 -0.408861843 0.577075267 -0.306833 0.459441 0.588693 -0.224833 0.610669 -0.241829 0.004647 -0.012641 -0.002494 0.024732 -0.242698 0.069714
6038.314085000 0.433292156 -0.563160349 -0.424229224 0.561371440 -0.318051 0.490952 0.575841 -0.198360 0.610280 -0.250897 0.004653 -0.012644 -0.002492 0.024798 -0.242798 0.069522
6038.366167000 0.427436040 -0.573254693 -0.438394493 0.544506894 -0.328221 0.523225 0.562937 -0.182911 0.640314 -0.256113 0.004669 -0.012644 -0.002496 0.025156 -0.243338 0.068307
6038.418250000 0.418058004 -0.585218573 -0.449842816 0.529516920 -0.336338 0.556820 0.549886 -0.147273 0.647228 -0.257481 0.004705 -0.012654 -0.002514 0.026930 -0.245055 0.064385
6038.470334000 0.407618140 -0.595180606 -0.465587604 0.512675025 -0.343539 0.589949 0.536876 -0.114031 0.627219 -0.260641 0.004708 -0.012650 -0.002550 0.027887 -0.245784 0.062629
6038.522416000 0.399834434 -0.604663852 -0.480912266 0.493191082 -0.348867 0.622170 0.523218 -0.093110 0.608606 -0.270647 0.004731 -0.012645 -0.002565 0.029080 -0.246810 0.060297
6038.574499000 0.393329563 -0.614506786 -0.491929135 0.475056828 -0.353028 0.653110 0.508816 -0.077262 0.579493 -0.285037 0.004739 -0.012649 -0.002570 0.029800 -0.247267 0.059269
6038.626582000 0.388970946 -0.624934938 -0.501720795 0.454350273 -0.356802 0.683213 0.493589 -0.060068 0.544211 -0.287683 0.004778 -0.012655 -0.002601 0.032578 -0.248812 0.055665
6038.678665000 0.385129597 -0.632127901 -0.511717464 0.436159085 -0.360223 0.709764 0.478979 -0.034479 0.482847 -0.285187 0.004769 -0.012640 -0.002590 0.031029 -0.247888 0.057782
6038.730748000 0.381953606 -0.636396496 -0.520958557 0.421560345 -0.362040 0.733366 0.464002 -0.032538 0.432362 -0.287758 0.004768 -0.012638 -0.002591 0.030919 -0.247867 0.057821
6038.782831000 0.379874698 -0.642977912 -0.524637420 0.408693279 -0.364828 0.754007 0.449559 -0.044314 0.370480 -0.281532 0.004745 -0.012631 -0.002586 0.029234 -0.247167 0.059402
6038.834913000 0.382387885 -0.647830311 -0.522276267 0.401650215 -0.371166 0.770970 0.436123 -0.075909 0.298417 -0.291935 0.004683 -0.012636 -0.002574 0.025627 -0.245879 0.062138
6038.886997000 0.387595444 -0.650966283 -0.521102161 0.393020620 -0.375496 0.786302 0.422579 -0.094009 0.267151 -0.256199 0.004699 -0.012644 -0.002585 0.026710 -0.247122 0.059319
6038.939079000 0.392694633 -0.651513647 -0.521301616 0.386737015 -0.381135 0.799696 0.410310 -0.130748 0.250872 -0.238735 0.004709 -0.012647 -0.002591 0.027044 -0.247854 0.057663
6038.991162000 0.396382513 -0.654589213 -0.519733142 0.379830656 -0.386466 0.812291 0.398519 -0.155190 0.239772 -0.212258 0.004743 -0.012651 -0.002587 0.028198 -0.248872 0.055524
6039.043245000 0.398658921 -0.655379619 -0.521548875 0.373544362 -0.393967 0.823984 0.387478 -0.202019 0.232310 -0.207286 0.004761 -0.012651 -0.002578 0.028658 -0.249229 0.054867
6039.095328000 0.399996414 -0.657769841 -0.521773587 0.367551396 -0.406417 0.836263 0.377741 -0.257732 0.231668 -0.193170 0.004759 -0.012657 -0.002580 0.028566 -0.249705 0.053759
6039.147411000 0.401598006 -0.660220423 -0.521123352 0.362296132 -0.418205 0.847325 0.367740 -0.302423 0.197762 -0.171020 0.004797 -0.012636 -0.002602 0.030265 -0.250401 0.052415
6039.199494000 0.404715123 -0.659942838 -0.519964390 0.360996057 -0.436484 0.858323 0.359911 -0.350335 0.187554 -0.155002 0.004784 -0.012654 -0.002623 0.030580 -0.250746 0.051504
6039.251577000 0.409978117 -0.660171143 -0.516697293 0.359327028 -0.455446 0.867439 0.352211 -0.401950 0.163622 -0.152372 0.004788 -0.012661 -0.002631 0.031026 -0.251297 0.050361
6039.303660000 0.419371023 -0.656732549 -0.512902998 0.360223289 -0.475783 0.875167 0.344836 -0.438821 0.119631 -0.139253 0.004803 -0.012686 -0.002621 0.031884 -0.251935 0.049040
6039.355737000 0.436604437 -0.648163676 -0.506570498 0.364207009 -0.499533 0.879694 0.339486 -0.457639 0.093977 -0.091237 0.004797 -0.012689 -0.002625 0.031123 -0.251990 0.048985
6039.407825000 0.450312753 -0.636214069 -0.500751804 0.376427567 -0.524273 0.883872 0.336083 -0.457866 0.101596 -0.073883 0.004785 -0.012687 -0.002627 0.030079 -0.251764 0.049379
6039.459908000 0.461972305 -0.624857917 -0.494724956 0.389077617 -0.548440 0.888719 0.332759 -0.475145 0.101735 -0.056705 0.004785 -0.012694 -0.002615 0.029882 -0.251802 0.049296
6039.511991000 0.474058954 -0.615827014 -0.489247068 0.395806144 -0.573007 0.894455 0.330202 -0.477510 0.116279 -0.052484 0.004783 -0.012708 -0.002611 0.029897 -0.251898 0.049055
6039.564073000 0.483475603 -0.608584245 -0.484532492 0.401378652 -0.598054 0.901956 0.327077 -0.477927 0.118988 -0.031876 0.004816 -0.012726 -0.002585 0.030116 -0.251517 0.049557
6039.616157000 0.491050373 -0.599442834 -0.481010446 0.410081421 -0.621815 0.908130 0.325932 -0.450103 0.122191 -0.018255 0.004819 -0.012736 -0.002579 0.030117 -0.251508 0.049654
6039.668240000 0.495511058 -0.589353971 -0.480117666 0.420259104 -0.644130 0.915200 0.324930 -0.432225 0.148560 -0.021454 0.004825 -0.012745 -0.002576 0.030371 -0.251538 0.049615
6039.720322000 0.497617003 -0.586260963 -0.476929334 0.425692156 -0.666590 0.924332 0.322632 -0.431923 0.187236 -0.062007 0.004829 -0.012753 -0.002574 0.030390 -0.251493 0.049624
6039.772405000 0.496732157 -0.587270553 -0.474053289 0.428536978 -0.688310 0.934818 0.318995 -0.426947 0.207298 -0.082375 0.004833 -0.012762 -0.002578 0.030867 -0.251770 0.049006
6039.824483000 0.494016505 -0.589712156 -0.470979498 0.431700797 -0.710381 0.946087 0.314258 -0.434646 0.211129 -0.112599 0.004833 -0.012773 -0.002592 0.031624 -0.252122 0.048227
6039.876572000 0.493911682 -0.590848174 -0.467635644 0.433896981 -0.733745 0.957638 0.307439 -0.452944 0.196219 -0.129063 0.004853 -0.012787 -0.002580 0.031631 -0.251940 0.048074
6039.928654000 0.497230137 -0.591174671 -0.464361491 0.433177914 -0.758436 0.967971 0.300589 -0.488105 0.197730 -0.146096 0.004848 -0.012783 -0.002590 0.031779 -0.252137 0.047763
6039.980737000 0.501053733 -0.589672836 -0.463226084 0.432033215 -0.785425 0.978665 0.293047 -0.536394 0.217177 -0.158826 0.004838 -0.012769 -0.002600 0.032126 -0.252435 0.047192
6040.032820000 0.505111656 -0.588548219 -0.462321609 0.429804536 -0.814841 0.990919 0.284506 -0.586092 0.241660 -0.161454 0.004851 -0.012775 -0.002580 0.031701 -0.252213 0.047443
6040.084903000 0.508264230 -0.587158114 -0.460119332 0.430352206 -0.846380 1.004147 0.276653 -0.623723 0.267061 -0.156135 0.004843 -0.012776 -0.002584 0.031750 -0.252371 0.047043
6040.136985000 0.512793782 -0.586513257 -0.457862064 0.428260514 -0.879515 1.018424 0.268082 -0.676970 0.281109 -0.159830 0.004873 -0.012795 -0.002592 0.031820 -0.252336 0.046912
6040.189069000 0.519100412 -0.584311922 -0.458077985 0.423413392 -0.915296 1.032987 0.260618 -0.719546 0.289040 -0.128131 0.004883 -0.012800 -0.002603 0.031932 -0.252417 0.046637
6040.241152000 0.526915238 -0.579893149 -0.457258939 0.420711933 -0.953336 1.048509 0.254731 -0.749478 0.322093 -0.105983 0.004879 -0.012807 -0.002598 0.031757 -0.252414 0.046538
6040.293234000 0.534015664 -0.577135128 -0.456251520 0.416625569 -0.992762 1.066210 0.250059 -0.783501 0.353708 -0.069212 0.004887 -0.012827 -0.002596 0.031423 -0.252304 0.046557
6040.345317000 0.539632414 -0.577560365 -0.454842470 0.410291616 -1.033330 1.085324 0.247792 -0.786133 0.384126 -0.028184 0.004882 -0.012829 -0.002597 0.031246 -0.252327 0.046402
6040.397401000 0.542962399 -0.579618603 -0.451921042 0.406203742 -1.073241 1.104853 0.247846 -0.754894 0.366284 0.026399 0.004877 -0.012836 -0.002599 0.031055 -0.252313 0.046307
6040.449483000 0.543947540 -0.575100934 -0.452479237 0.410661088 -1.112036 1.123817 0.251245 -0.705094 0.359169 0.067253 0.004841 -0.012835 -0.002596 0.031221 -0.252468 0.046007
6040.501567000 0.539971292 -0.570273343 -0.454772164 0.420001902 -1.148583 1.143497 0.253898 -0.684463 0.384685 0.032607 0.004831 -0.012828 -0.002591 0.031011 -0.252316 0.046238
6040.553649000 0.534758541 -0.571797583 -0.460511991 0.418341407 -1.184647 1.164913 0.254662 -0.672646 0.403864 0.018506 0.004833 -0.012817 -0.002592 0.030690 -0.252069 0.046612
6040.605732000 0.531760474 -0.576128159 -0.463120042 0.413312194 -1.217704 1.186514 0.256704 -0.612053 0.400824 0.076181 0.004885 -0.012818 -0.002613 0.030209 -0.251698 0.047211
6040.657815000 0.522990762 -0.577994134 -0.459592390 0.425650419 -1.250495 1.208008 0.260089 -0.614159 0.414237 0.027781 0.004862 -0.012794 -0.002613 0.029923 -0.251713 0.047092
6040.709898000 0.518057972 -0.575460221 -0.462986772 0.431398564 -1.284949 1.230030 0.260459 -0.638802 0.396554 -0.016993 0.004839 -0.012780 -0.002596 0.029333 -0.251471 0.047410
6040.761981000 0.517090262 -0.569878665 -0.470160511 0.432209511 -1.320594 1.251246 0.259152 -0.677120 0.400055 -0.040499 0.004809 -0.012774 -0.002586 0.029181 -0.251522 0.047294
6040.814063000 0.514927368 -0.568159220 -0.473117702 0.433825480 -1.359393 1.274397 0.256574 -0.713324 0.418581 -0.033949 0.004823 -0.012744 -0.002576 0.028107 -0.250852 0.048234
6040.866146000 0.511875957 -0.566589269 -0.476160225 0.436154841 -1.398070 1.296527 0.255057 -0.758021 0.426388 -0.046631 0.004807 -0.012742 -0.002566 0.028314 -0.251000 0.048048
6040.918229000 0.513129366 -0.568101936 -0.481073411 0.427231574 -1.440547 1.319941 0.252172 -0.790834 0.434208 -0.052469 0.004816 -0.012720 -0.002569 0.027909 -0.250795 0.048206
6040.970313000 0.516241057 -0.566484750 -0.487328638 0.418450712 -1.482784 1.342502 0.249770 -0.780204 0.429209 -0.033134 0.004820 -0.012699 -0.002568 0.027423 -0.250601 0.048318
6041.022395000 0.516195464 -0.569761819 -0.487857980 0.413410576 -1.524641 1.366787 0.247856 -0.806548 0.472585 -0.042122 0.004816 -0.012695 -0.002583 0.027774 -0.250786 0.047991
6041.074481000 0.514416701 -0.580078973 -0.484463846 0.405189615 -1.567868 1.392084 0.245334 -0.821592 0.485019 -0.062102 0.004812 -0.012688 -0.002603 0.027976 -0.250896 0.047723
6041.126562000 0.513837184 -0.592008307 -0.481214478 0.392339317 -1.611551 1.417598 0.241716 -0.815361 0.442901 -0.055335 0.004806 -0.012686 -0.002622 0.028289 -0.251049 0.047426
6041.178645000 0.517568818 -0.591739681 -0.487211422 0.380252153 -1.653765 1.440290 0.241836 -0.768826 0.425940 0.045353 0.004799 -0.012689 -0.002636 0.028323 -0.251089 0.047282
6041.230727000 0.514111511 -0.594744905 -0.485939760 0.381877470 -1.693163 1.462860 0.244659 -0.695295 0.406804 0.058465 0.004789 -0.012681 -0.002656 0.028314 -0.251091 0.047255
6041.282809000 0.508790289 -0.598515891 -0.483208372 0.386549919 -1.729431 1.484672 0.246913 -0.656404 0.393877 0.034563 0.004782 -0.012680 -0.002670 0.028194 -0.251030 0.047345
6041.334893000 0.504747708 -0.602565473 -0.479469645 0.390196696 -1.764148 1.504974 0.248185 -0.641892 0.375451 0.013749 0.004770 -0.012673 -0.002670 0.028064 -0.251007 0.047366
6041.386975000 0.498453587 -0.601550703 -0.481650528 0.397106462 -1.798085 1.524763 0.248088 -0.629518 0.359834 -0.027778 0.004764 -0.012662 -0.002668 0.027712 -0.250771 0.047682
6041.439058000 0.498381511 -0.608675603 -0.474720316 0.394677717 -1.831895 1.544127 0.246109 -0.649594 0.390477 -0.035331 0.004768 -0.012656 -0.002670 0.027717 -0.250778 0.047651
6041.491141000 0.493360524 -0.613427652 -0.465485424 0.404506154 -1.866442 1.564957 0.244148 -0.612005 0.356307 -0.039449 0.004769 -0.012642 -0.002671 0.027436 -0.250592 0.047912
6041.543224000 0.498351122 -0.606280062 -0.466422431 0.408069555 -1.900844 1.583996 0.240806 -0.657924 0.378551 -0.079219 0.004767 -0.012627 -0.002672 0.027330 -0.250509 0.047996
6041.595307000 0.500230522 -0.605266315 -0.462060097 0.412216666 -1.936151 1.604781 0.236022 -0.692574 0.403418 -0.088354 0.004774 -0.012620 -0.002673 0.027249 -0.250437 0.048041
6041.647390000 0.504206402 -0.602785489 -0.457469743 0.416109352 -1.975094 1.626852 0.231572 -0.692381 0.399876 -0.077625 0.004756 -0.012609 -0.002670 0.027093 -0.250328 0.048163
6041.699473000 0.509864927 -0.595645266 -0.457707249 0.419223744 -2.011591 1.647943 0.228263 -0.667120 0.417237 -0.053902 0.004761 -0.012603 -0.002677 0.026966 -0.250251 0.048252
6041.751556000 0.513890671 -0.594336442 -0.454147716 0.420036218 -2.045910 1.670930 0.226012 -0.628519 0.438157 -0.018835 0.004771 -0.012598 -0.002683 0.026854 -0.250186 0.048391
6041.803639000 0.517783138 -0.595791082 -0.446412685 0.421484665 -2.078146 1.694826 0.224872 -0.590418 0.462981 -0.020170 0.004779 -0.012603 -0.002692 0.026803 -0.250122 0.048484
6041.855722000 0.521273598 -0.595534503 -0.447590509 0.416263411 -2.110048 1.719460 0.225067 -0.565348 0.442214 0.033999 0.004761 -0.012600 -0.002694 0.026798 -0.250118 0.048453
6041.907805000 0.523600290 -0.589528116 -0.452711507 0.416355169 -2.138067 1.742485 0.228379 -0.502560 0.425454 0.090856 0.004763 -0.012612 -0.002692 0.026627 -0.250037 0.048521
6041.959887000 0.520334714 -0.582195958 -0.457202833 0.425752536 -2.164507 1.766461 0.232320 -0.472629 0.477949 0.049800 0.004754 -0.012615 -0.002698 0.026545 -0.249994 0.048586
6042.011970000 0.513564215 -0.583045755 -0.465897640 0.423377885 -2.190565 1.793134 0.233971 -0.456685 0.498314 0.027043 0.004748 -0.012604 -0.002696 0.026383 -0.249905 0.048777
6042.064053000 0.509586305 -0.591734345 -0.469194211 0.412345796 -2.216999 1.820643 0.235939 -0.415716 0.469237 0.064011 0.004735 -0.012590 -0.002710 0.026046 -0.249750 0.049033
6042.116136000 0.502033050 -0.597213032 -0.469280577 0.413612320 -2.237717 1.845242 0.239346 -0.364754 0.457400 0.059833 0.004736 -0.012587 -0.002718 0.025979 -0.249693 0.049084
6042.168219000 0.490810850 -0.604972453 -0.471906908 0.412815831 -2.255998 1.869144 0.240591 -0.359465 0.478224 -0.015954 0.004742 -0.012586 -0.002709 0.025961 -0.249643 0.049147
6042.220305000 0.481982195 -0.616180381 -0.476445919 0.401265731 -2.272279 1.891711 0.238066 -0.334228 0.436778 -0.076127 0.004747 -0.012590 -0.002701 0.026093 -0.249695 0.049056
6042.272381000 0.476342336 -0.623534003 -0.481322867 0.390680975 -2.286869 1.912357 0.234089 -0.286739 0.403042 -0.078714 0.004752 -0.012595 -0.002695 0.026248 -0.249731 0.048914
6042.324468000 0.469318294 -0.628107028 -0.485573015 0.386575669 -2.300147 1.932706 0.230622 -0.290454 0.430172 -0.075969 0.004756 -0.012600 -0.002691 0.026455 -0.249807 0.048734
6042.376550000 0.460897696 -0.638764593 -0.487842223 0.376248686 -2.316278 1.956164 0.226582 -0.310402 0.457243 -0.074247 0.004756 -0.012601 -0.002691 0.026673 -0.249927 0.048716
6042.428639000 0.449004657 -0.648625144 -0.494687339 0.364643219 -2.332721 1.981111 0.222836 -0.314517 0.503738 -0.063796 0.004755 -0.012599 -0.002684 0.026373 -0.249773 0.048917
6042.480721000 0.434055183 -0.657487544 -0.503464447 0.354724933 -2.350186 2.008638 0.220158 -0.321280 0.524126 -0.042084 0.004744 -0.012597 -0.002692 0.026301 -0.249787 0.048861
6042.532803000 0.419858017 -0.668361230 -0.511179030 0.340159539 -2.367792 2.037166 0.218764 -0.334119 0.565365 -0.001578 0.004738 -0.012597 -0.002694 0.026271 -0.249828 0.048841
6042.584882000 0.400900032 -0.677488259 -0.521549283 0.329051925 -2.382684 2.066540 0.220430 -0.312869 0.595351 0.030605 0.004743 -0.012583 -0.002701 0.026794 -0.250013 0.048414
6042.636965000 0.379755045 -0.688626120 -0.530149708 0.317051193 -2.397826 2.098203 0.222542 -0.296753 0.618901 0.037549 0.004754 -0.012572 -0.002700 0.027235 -0.250090 0.048270
6042.689048000 0.360002020 -0.701527768 -0.538684441 0.296776700 -2.412493 2.130784 0.224640 -0.263373 0.624523 0.043328 0.004755 -0.012579 -0.002704 0.027124 -0.250058 0.048145
6042.741139000 0.340897943 -0.711765882 -0.548031794 0.277198618 -2.424402 2.162810 0.228278 -0.207362 0.603954 0.083925 0.004764 -0.012582 -0.002710 0.027130 -0.250082 0.047788
6042.793214000 0.318024410 -0.722570191 -0.553675591 0.264945529 -2.433681 2.194663 0.232572 -0.158194 0.592370 0.075176 0.004777 -0.012583 -0.002713 0.027269 -0.250102 0.047456
6042.845297000 0.297048853 -0.728567249 -0.564259239 0.250126477 -2.440530 2.224271 0.236176 -0.105055 0.551769 0.069216 0.004777 -0.012583 -0.002713 0.027269 -0.250102 0.047456
6042.897384000 0.275146538 -0.734768514 -0.574078642 0.234186521 -2.444459 2.252413 0.239520 -0.044880 0.522450 0.057787 0.004775 -0.012584 -0.002713 0.027235 -0.250096 0.047495
6042.949474000 0.251819258 -0.740084351 -0.583053160 0.221158830 -2.445882 2.278757 0.242153 -0.015908 0.491221 0.039030 0.004775 -0.012584 -0.002713 0.027235 -0.250096 0.047495
6043.001545000 0.230511836 -0.747563839 -0.588772391 0.203370774 -2.446134 2.303643 0.243807 0.009994 0.463831 0.027822 0.004775 -0.012584 -0.002713 0.027235 -0.250096 0.047495
6043.053628000 0.209726006 -0.753093313 -0.595152985 0.186167637 -2.443936 2.326595 0.245389 0.054169 0.415043 0.038665 0.004782 -0.012581 -0.002715 0.027321 -0.250087 0.047285
6043.105723000 0.190210493 -0.757084626 -0.602050084 0.167864629 -2.440017 2.347090 0.248076 0.094434 0.369869 0.070737 0.004784 -0.012581 -0.002716 0.027362 -0.250095 0.047208
6043.157797000 0.169795069 -0.761016680 -0.606881660 0.154006163 -2.435827 2.364867 0.253208 0.143179 0.307996 0.094504 0.004762 -0.012589 -0.002710 0.027027 -0.250105 0.047813
6043.209873000 0.147531383 -0.764437354 -0.610224002 0.146617496 -2.425608 2.379255 0.257073 0.181734 0.257460 0.078211 0.004781 -0.012585 -0.002708 0.027183 -0.250006 0.047508
6043.261960000 0.129269732 -0.768703605 -0.610976965 0.138171101 -2.411461 2.388335 0.261665 0.193838 0.200008 0.078230 0.004806 -0.012578 -0.002704 0.028526 -0.250407 0.046743
6043.314049000 0.117375663 -0.768419515 -0.615711203 0.129050832 -2.398688 2.397256 0.266157 0.195564 0.172966 0.088902 0.004821 -0.012570 -0.002711 0.029138 -0.250601 0.046061
6043.366126000 0.107270707 -0.767778712 -0.619762901 0.122076989 -2.388191 2.406324 0.270642 0.198286 0.178395 0.086391 0.004822 -0.012569 -0.002711 0.029188 -0.250601 0.045992
6043.418208000 0.098263508 -0.766486681 -0.624259605 0.114640286 -2.377748 2.415406 0.274788 0.188613 0.190137 0.075646 0.004825 -0.012566 -0.002710 0.029295 -0.250573 0.046014
6043.470291000 0.085992612 -0.767277264 -0.626590743 0.106183386 -2.368811 2.424304 0.275693 0.202992 0.195114 0.038066 0.004833 -0.012559 -0.002683 0.028847 -0.249861 0.047364
6043.522374000 0.071828292 -0.770036185 -0.625972227 0.100218473 -2.359435 2.434997 0.276007 0.204700 0.155676 0.012881 0.004837 -0.012559 -0.002678 0.028218 -0.249597 0.047717
6043.574457000 0.060678163 -0.769519454 -0.628513534 0.095544273 -2.348267 2.438774 0.276182 0.193425 0.148425 -0.002876 0.004848 -0.012555 -0.002652 0.028326 -0.249203 0.049175
6043.626541000 0.054212538 -0.769978828 -0.630310141 0.083082679 -2.338400 2.443654 0.275380 0.188417 0.137446 0.000555 0.004842 -0.012533 -0.002652 0.028215 -0.248899 0.049973
6043.678623000 0.048037955 -0.772835094 -0.628379424 0.074549130 -2.326228 2.447820 0.275554 0.252254 0.137475 -0.007851 0.004857 -0.012523 -0.002647 0.028804 -0.248831 0.050457
6043.730706000 0.039707503 -0.771819887 -0.630424325 0.072681134 -2.310907 2.453041 0.274883 0.269666 0.059205 -0.051474 0.004868 -0.012522 -0.002656 0.029267 -0.249118 0.049865
6043.782789000 0.035424038 -0.775443171 -0.626811302 0.067384103 -2.292738 2.451130 0.271559 0.249077 0.017477 -0.090278 0.004883 -0.012514 -0.002659 0.030190 -0.249442 0.049351
6043.834872000 0.042932456 -0.774014526 -0.628617406 0.062437764 -2.279926 2.451220 0.267850 0.214773 0.005402 -0.091430 0.004890 -0.012514 -0.002664 0.030763 -0.249723 0.048651
6043.886955000 0.039653594 -0.774999814 -0.627033451 0.068058293 -2.265203 2.454244 0.262809 0.249639 0.050280 -0.149117 0.004895 -0.012518 -0.002676 0.031351 -0.250197 0.047295
6043.939037000 0.025533902 -0.778235998 -0.622923024 0.075257279 -2.251807 2.456696 0.253424 0.225562 0.049155 -0.210888 0.004903 -0.012507 -0.002688 0.031931 -0.250391 0.046765
6043.991120000 0.017851322 -0.783638760 -0.617418966 0.066222687 -2.240167 2.458920 0.243921 0.188398 0.064652 -0.219739 0.004907 -0.012506 -0.002668 0.033710 -0.251000 0.045430
6044.043203000 0.011586131 -0.788417374 -0.612133469 0.059635747 -2.230995 2.462036 0.234290 0.160062 0.037339 -0.150570 0.004914 -0.012500 -0.002663 0.034253 -0.251199 0.044874
6044.095286000 0.007476908 -0.789615964 -0.610560826 0.060549168 -2.222383 2.463204 0.228826 0.163168 0.034602 -0.088422 0.004922 -0.012494 -0.002659 0.034683 -0.251318 0.044675
6044.147369000 0.002035893 -0.792081638 -0.607356925 0.060992627 -2.213380 2.465558 0.224141 0.178637 0.074053 -0.085524 0.004924 -0.012494 -0.002649 0.034653 -0.251298 0.044761
6044.199452000 -0.000852870 -0.792650182 -0.607480991 0.051689530 -2.203910 2.468514 0.222046 0.212347 0.075113 -0.018501 0.004934 -0.012487 -0.002643 0.035777 -0.251454 0.044524
6044.251535000 -0.008446685 -0.792804935 -0.607562070 0.047511256 -2.192011 2.471790 0.221562 0.261500 0.076285 0.032585 0.004942 -0.012467 -0.002657 0.035041 -0.251222 0.044762
6044.303617000 -0.017082518 -0.791554067 -0.609245904 0.044382147 -2.177234 2.475755 0.224320 0.302202 0.071732 0.064922 0.004945 -0.012465 -0.002658 0.035104 -0.251140 0.044913
6044.355701000 -0.028176349 -0.789131534 -0.612096888 0.042601814 -2.161332 2.479939 0.227205 0.333505 0.071139 0.041682 0.004952 -0.012467 -0.002644 0.035802 -0.251160 0.045109
6044.407784000 -0.037064941 -0.788305346 -0.613004295 0.037770434 -2.145577 2.484149 0.229142 0.340656 0.051189 0.031131 0.004954 -0.012472 -0.002635 0.036088 -0.251324 0.044654
6044.459867000 -0.043687973 -0.785308740 -0.616552653 0.035275623 -2.129919 2.486771 0.230417 0.345418 0.034081 0.020534 0.004959 -0.012479 -0.002628 0.036481 -0.251498 0.044111
6044.511950000 -0.048099788 -0.783411017 -0.618973245 0.028735207 -2.112915 2.488719 0.231482 0.350266 0.038909 0.019745 0.004961 -0.012478 -0.002626 0.036703 -0.251552 0.044128
6044.564033000 -0.053739527 -0.782677859 -0.619760809 0.020590566 -2.094612 2.489880 0.233364 0.374563 0.009659 0.045267 0.004960 -0.012476 -0.002623 0.037282 -0.251564 0.044566
6044.616116000 -0.063709042 -0.780188735 -0.622032457 0.017953194 -2.074960 2.489879 0.235918 0.412061 -0.013644 0.038815 0.004960 -0.012481 -0.002620 0.037724 -0.251665 0.044511
6044.668198000 -0.075478835 -0.777522725 -0.624096460 0.016277777 -2.053677 2.488965 0.237562 0.415517 -0.029752 0.023464 0.004964 -0.012488 -0.002623 0.038204 -0.251698 0.044412
6044.720281000 -0.082858574 -0.776478886 -0.624604472 0.009178771 -2.032580 2.487291 0.238160 0.431185 -0.037432 -0.001932 0.004965 -0.012491 -0.002620 0.038522 -0.251708 0.044577
6044.772364000 -0.091341683 -0.776244014 -0.623776881 0.002080859 -2.010132 2.485195 0.237386 0.431052 -0.045870 -0.011038 0.004969 -0.012489 -0.002622 0.038629 -0.251629 0.044996
6044.824447000 0.097134774 0.776645189 0.622362800 0.007185530 -1.987385 2.482375 0.236605 0.427959 -0.057654 -0.022041 0.004968 -0.012490 -0.002627 0.038684 -0.251698 0.044958
6044.876530000 0.103185818 0.778012967 0.619462585 0.017737407 -1.965093 2.478599 0.235292 0.416489 -0.071982 -0.025991 0.004967 -0.012484 -0.002630 0.038722 -0.251709 0.045103
6044.928613000 0.107924919 0.778770799 0.617308324 0.028261057 -1.943798 2.474136 0.234345 0.407856 -0.089849 -0.011951 0.004971 -0.012486 -0.002634 0.038930 -0.251726 0.045150
6044.980696000 0.113689004 0.778387540 0.616354564 0.035981936 -1.922086 2.469499 0.233933 0.396834 -0.089415 0.004451 0.004975 -0.012490 -0.002637 0.038998 -0.251729 0.045130
6045.032779000 0.119189332 0.778355542 0.614711977 0.045669889 -1.900652 2.465424 0.234676 0.392308 -0.080399 0.030631 0.004977 -0.012494 -0.002647 0.039079 -0.251741 0.044900
6045.084861000 0.124928984 0.776999039 0.614706345 0.052927802 -1.878339 2.461358 0.237425 0.373858 -0.070422 0.056392 0.004974 -0.012498 -0.002650 0.039056 -0.251862 0.044433
6045.136944000 0.126965647 0.774648327 0.616399647 0.062057791 -1.859503 2.457855 0.241443 0.361075 -0.071697 0.097442 0.004971 -0.012490 -0.002660 0.039111 -0.251825 0.044539
6045.189027000 0.129439411 0.772055210 0.618417936 0.068814595 -1.840392 2.453449 0.246457 0.359672 -0.112490 0.098864 0.004974 -0.012488 -0.002662 0.039068 -0.251756 0.044690
6045.241110000 0.130596895 0.769161404 0.621587221 0.070459303 -1.821257 2.446619 0.250606 0.364435 -0.147861 0.063077 0.004977 -0.012486 -0.002665 0.039006 -0.251716 0.044709
6045.293193000 0.134164396 0.767019246 0.623935863 0.066222570 -1.801721 2.438883 0.251100 0.344083 -0.151045 -0.044488 0.004981 -0.012486 -0.002667 0.039105 -0.251660 0.044742
6045.345276000 0.126808860 0.766811987 0.625283278 0.070283083 -1.785178 2.431922 0.246917 0.313139 -0.110507 -0.089974 0.004985 -0.012485 -0.002669 0.039070 -0.251639 0.044910
6045.397358000 0.120205554 0.768840955 0.622683696 0.081848801 -1.768760 2.427953 0.242800 0.342358 -0.076859 -0.072876 0.004990 -0.012478 -0.002669 0.038840 -0.251546 0.045170
6045.449441000 0.123005085 0.770222703 0.619480049 0.088719809 -1.749240 2.423976 0.236869 0.372629 -0.072791 -0.116772 0.004994 -0.012474 -0.002677 0.038865 -0.251487 0.045062
6045.501524000 0.132050913 0.774093653 0.609416961 0.109327670 -1.728289 2.420241 0.232854 0.395245 -0.025974 -0.067652 0.005002 -0.012479 -0.002654 0.039814 -0.251720 0.045115
6045.553607000 0.152419969 0.774883591 0.602158081 0.117171751 -1.708824 2.417099 0.229793 0.360166 -0.097485 -0.066360 0.005001 -0.012479 -0.002658 0.040214 -0.251797 0.044942
6045.605690000 0.169295700 0.769686804 0.603726212 0.120149284 -1.689363 2.410860 0.226241 0.331972 -0.127851 -0.081128 0.004993 -0.012483 -0.002664 0.040038 -0.251916 0.044652
6045.657773000 0.182006387 0.767146619 0.601438328 0.128963860 -1.671402 2.402923 0.222609 0.332980 -0.152024 -0.062264 0.004991 -0.012484 -0.002665 0.040212 -0.251983 0.044673
6045.709857000 0.197552714 0.766385116 0.596126869 0.135127845 -1.651981 2.395383 0.219469 0.382476 -0.131801 -0.053466 0.004989 -0.012490 -0.002669 0.040173 -0.252055 0.044547
6045.761939000 0.213516136 0.764662270 0.591690683 0.140016458 -1.631744 2.388018 0.218398 0.408791 -0.137766 -0.000671 0.004988 -0.012492 -0.002670 0.040683 -0.252167 0.044449
6045.814021000 0.227565197 0.760001489 0.591185563 0.145297790 -1.608996 2.381096 0.219000 0.451886 -0.130769 0.005612 0.004985 -0.012498 -0.002678 0.041052 -0.252355 0.043926
6045.866105000 0.242027662 0.754393270 0.591671974 0.149123038 -1.584590 2.374570 0.219663 0.475726 -0.119286 0.012673 0.004983 -0.012507 -0.002685 0.041154 -0.252447 0.043474
6045.918188000 0.253931597 0.749590575 0.591628900 0.153648815 -1.559936 2.368364 0.220798 0.462985 -0.119289 0.027228 0.004983 -0.012508 -0.002690 0.041178 -0.252479 0.043336
6045.970271000 0.261090774 0.745251425 0.592495739 0.159313279 -1.535814 2.363156 0.222212 0.440631 -0.086302 0.029865 0.004982 -0.012514 -0.002694 0.040824 -0.252507 0.043133
6046.022353000 0.263814665 0.743373298 0.591350903 0.167636726 -1.512271 2.359070 0.223807 0.443012 -0.048955 0.013012 0.004979 -0.012518 -0.002695 0.041158 -0.252560 0.042919
6046.074436000 0.268259527 0.741220102 0.588826645 0.178641455 -1.488097 2.356989 0.224400 0.458453 -0.014638 0.004215 0.004976 -0.012521 -0.002696 0.041307 -0.252603 0.042746
6046.126514000 0.273663575 0.738660086 0.585921986 0.190223424 -1.464913 2.355171 0.226030 0.461054 0.003506 0.021892 0.004980 -0.012523 -0.002687 0.042185 -0.252762 0.042747
6046.178602000 0.282823716 0.734480993 0.584412782 0.197509791 -1.439990 2.354536 0.228112 0.477642 0.018062 0.025216 0.004976 -0.012525 -0.002685 0.042887 -0.252885 0.042444
6046.230685000 0.293772512 0.728824232 0.583876198 0.203964544 -1.414021 2.355793 0.229284 0.513388 0.041698 0.000295 0.004972 -0.012529 -0.002686 0.043024 -0.252958 0.042280
6046.282768000 0.305879801 0.724661089 0.580193993 0.211373564 -1.386089 2.358796 0.228110 0.534932 0.071149 -0.037502 0.004973 -0.012531 -0.002686 0.043074 -0.252977 0.042176
6046.334850000 0.314774252 0.721445858 0.575460587 0.221986840 -1.358654 2.363351 0.225651 0.553284 0.093993 -0.064081 0.004969 -0.012533 -0.002680 0.042946 -0.253024 0.042348
6046.386933000 0.323009672 0.718255276 0.571908674 0.229553000 -1.329508 2.367280 0.222917 0.571740 0.116866 -0.092669 0.004965 -0.012527 -0.002679 0.043735 -0.253227 0.042218
6046.439017000 0.329593888 0.716540462 0.567468975 0.236466905 -1.297664 2.371483 0.218996 0.586304 0.158086 -0.106650 0.004961 -0.012528 -0.002681 0.045134 -0.253535 0.041599
6046.491100000 0.327431430 0.717803894 0.561058392 0.250518881 -1.265589 2.381317 0.213958 0.635581 0.188102 -0.061379 0.004967 -0.012533 -0.002688 0.044996 -0.253436 0.041475
6046.543183000 0.332775027 0.716611835 0.556084232 0.257873199 -1.229927 2.390545 0.211067 0.737175 0.174444 -0.051091 0.004978 -0.012535 -0.002682 0.045167 -0.253292 0.041536
6046.595268000 0.345091545 0.716553427 0.546020461 0.263295780 -1.189775 2.399321 0.209937 0.748830 0.184448 -0.002433 0.004979 -0.012543 -0.002686 0.045549 -0.253396 0.041120
6046.647348000 0.353475091 0.716807847 0.535371956 0.273164307 -1.150203 2.408832 0.210885 0.752829 0.165815 0.049542 0.004979 -0.012550 -0.002696 0.045553 -0.253452 0.040720
6046.699432000 0.358485847 0.716193476 0.527855997 0.282706294 -1.110239 2.417994 0.214963 0.760084 0.165810 0.123495 0.004975 -0.012558 -0.002705 0.045480 -0.253509 0.040383
6046.751514000 0.363692055 0.711363301 0.527324644 0.289169610 -1.071888 2.431792 0.219480 0.780533 0.166865 0.137583 0.004975 -0.012563 -0.002712 0.043947 -0.253187 0.040805
6046.803597000 0.368632573 0.703624525 0.529261858 0.298168476 -1.032002 2.441105 0.225164 0.774817 0.154964 0.099038 0.004972 -0.012563 -0.002711 0.043680 -0.253114 0.041005
6046.855680000 0.374567355 0.696168162 0.528197141 0.309930584 -0.992954 2.452191 0.227958 0.744138 0.135314 0.082128 0.004981 -0.012593 -0.002704 0.042621 -0.252814 0.041180
6046.907762000 0.383578027 0.688930969 0.527440521 0.316304465 -0.955587 2.461462 0.231354 0.708728 0.142433 0.088800 0.004985 -0.012608 -0.002698 0.041980 -0.252656 0.041234
6046.959846000 0.391982058 0.681401325 0.530001840 0.318025707 -0.918807 2.468916 0.235443 0.691829 0.154547 0.050570 0.004986 -0.012610 -0.002699 0.042087 -0.252707 0.041076
6047.011928000 0.396257465 0.675167072 0.532021946 0.322617568 -0.883315 2.478467 0.236288 0.703140 0.186948 -0.003646 0.004986 -0.012603 -0.002700 0.041931 -0.252672 0.041204
6047.064006000 0.396859007 0.672712451 0.530132436 0.330031041 -0.845827 2.487708 0.235857 0.729204 0.183739 -0.023882 0.004981 -0.012605 -0.002698 0.042130 -0.252743 0.040969
6047.116094000 0.402837073 0.666459203 0.532106932 0.332289989 -0.805144 2.496526 0.233914 0.807103 0.168372 -0.050590 0.004978 -0.012608 -0.002700 0.042132 -0.252752 0.040774
6047.168177000 0.411460651 0.660985466 0.530426332 0.335330065 -0.760739 2.506265 0.230095 0.846186 0.191673 -0.084117 0.004976 -0.012613 -0.002696 0.041916 -0.252695 0.040727
6047.220261000 0.417510313 0.657820349 0.527546113 0.338603938 -0.716421 2.517196 0.225071 0.864504 0.214738 -0.096741 0.004977 -0.012615 -0.002697 0.041770 -0.252605 0.040784
6047.272343000 0.421969852 0.657259863 0.524422328 0.339016428 -0.671569 2.528754 0.220367 0.875977 0.250717 -0.079631 0.004975 -0.012618 -0.002693 0.041797 -0.252589 0.040616
6047.324426000 0.424451153 0.662463797 0.518377265 0.335064094 -0.627257 2.543568 0.216154 0.848764 0.296531 -0.071803 0.004974 -0.012622 -0.002691 0.041537 -0.252494 0.040698
6047.376510000 0.419999202 0.672084432 0.514468870 0.327452238 -0.586136 2.561990 0.213391 0.809151 0.365669 -0.033383 0.004976 -0.012626 -0.002693 0.041289 -0.252417 0.040911
6047.428592000 0.415494430 0.679655797 0.512298402 0.320909213 -0.545835 2.582617 0.212580 0.777446 0.419353 0.011532 0.004976 -0.012627 -0.002696 0.041150 -0.252376 0.041056
6047.480675000 0.404078859 0.687649621 0.513629127 0.316296372 -0.508333 2.607075 0.214634 0.708380 0.489292 0.071830 0.004985 -0.012628 -0.002708 0.041007 -0.252250 0.041415
6047.532758000 0.388441395 0.693559070 0.521336416 0.310318290 -0.477917 2.633890 0.218493 0.664327 0.507465 0.063163 0.004990 -0.012624 -0.002702 0.041049 -0.252173 0.041758
6047.584840000 0.372108081 0.700349709 0.527688020 0.304288044 -0.450579 2.660905 0.220280 0.609464 0.536805 0.024032 0.004998 -0.012610 -0.002697 0.041249 -0.252085 0.042038
6047.636924000 0.353699593 0.710602859 0.527369933 0.303020013 -0.419209 2.689530 0.221785 0.579680 0.581243 0.040351 0.004999 -0.012611 -0.002696 0.041325 -0.252091 0.042009
6047.689006000 0.338063766 0.719082416 0.531851010 0.292861524 -0.392089 2.720117 0.224033 0.550287 0.610080 0.041443 0.005004 -0.012607 -0.002691 0.041446 -0.252093 0.042037
6047.741090000 0.319489897 0.725218154 0.542594503 0.278524755 -0.366878 2.752555 0.224193 0.535422 0.660534 -0.023301 0.005011 -0.012608 -0.002688 0.041534 -0.252069 0.042132
6047.793173000 0.296441631 0.733814014 0.546948938 0.272921622 -0.341134 2.787318 0.221740 0.545557 0.698032 -0.054416 0.005020 -0.012606 -0.002687 0.041568 -0.252043 0.042207
6047.845260000 0.277830395 0.739778482 0.555009799 0.259811840 -0.312025 2.823466 0.218021 0.562879 0.712434 -0.076703 0.005025 -0.012598 -0.002688 0.041540 -0.252010 0.042209
6047.897337000 0.259995297 0.745317406 0.563699642 0.243201817 -0.281403 2.861474 0.213234 0.572852 0.761868 -0.095055 0.005027 -0.012597 -0.002696 0.041513 -0.251957 0.042284
6047.949421000 0.242526126 0.752917715 0.566910445 0.230018563 -0.250757 2.901560 0.208108 0.574391 0.778902 -0.092455 0.005029 -0.012595 -0.002701 0.041487 -0.251909 0.042333
6048.001504000 0.221733271 0.759716233 0.570307301 0.220034505 -0.221785 2.941800 0.203748 0.541686 0.768031 -0.052491 0.005034 -0.012593 -0.002706 0.041404 -0.251838 0.042420
6048.053587000 0.206236205 0.766911418 0.572603691 0.203564531 -0.192798 2.980405 0.201489 0.536484 0.718852 -0.022999 0.005035 -0.012590 -0.002712 0.041356 -0.251778 0.042495
6048.105670000 0.195525039 0.775168906 0.574658748 0.175072698 -0.167812 3.016566 0.202185 0.443751 0.683365 0.028729 0.005040 -0.012594 -0.002719 0.041313 -0.251761 0.042657
6048.157759000 0.172589835 0.783793611 0.579131368 0.143133444 -0.145896 3.052459 0.203936 0.332650 0.672664 0.036060 0.005032 -0.012596 -0.002725 0.041315 -0.251734 0.042702
6048.209836000 0.133918964 0.788702774 0.586346821 0.127322624 -0.130161 3.086789 0.206213 0.322175 0.657877 0.026782 0.005035 -0.012600 -0.002730 0.041252 -0.251767 0.042793
6048.261918000 0.100849557 0.791122175 0.591188767 0.120211950 -0.114174 3.119374 0.209039 0.375669 0.618298 0.062261 0.005043 -0.012605 -0.002724 0.041234 -0.251811 0.042658
6048.314001000 0.089917492 0.793041253 0.593533141 0.103531761 -0.092434 3.151363 0.212860 0.407730 0.595486 0.076687 0.005037 -0.012606 -0.002724 0.041319 -0.251828 0.042664
6048.366084000 0.082350078 0.791181579 0.600435207 0.082022778 -0.071513 3.182188 0.215972 0.388895 0.587763 0.037417 0.005035 -0.012608 -0.002723 0.041346 -0.251830 0.042645
6048.418167000 0.071317274 0.790071609 0.605343649 0.065266875 -0.052442 3.212712 0.216785 0.373034 0.592256 -0.005999 0.005040 -0.012609 -0.002715 0.041391 -0.251897 0.042415
6048.470250000 0.053713324 0.789986942 0.608748055 0.049611642 -0.032506 3.243347 0.216345 0.368986 0.558389 -0.004591 0.005033 -0.012611 -0.002717 0.041444 -0.251876 0.042505
6048.522332000 0.034771547 0.787598845 0.614758158 0.023482017 -0.009760 3.273585 0.215484 0.371152 0.557613 -0.025843 0.005026 -0.012623 -0.002735 0.041058 -0.251600 0.043114
6048.574418000 0.003812855 0.790812779 0.612031767 0.004210197 0.009920 3.302181 0.213187 0.364827 0.533524 -0.047583 0.005024 -0.012628 -0.002745 0.040924 -0.251502 0.043449
6048.626498000 0.027392990 -0.789999131 -0.612306282 0.015232046 0.029785 3.329992 0.211393 0.378045 0.516026 -0.020270 0.005022 -0.012623 -0.002728 0.041114 -0.251650 0.042919
6048.678582000 0.054813967 -0.787586373 -0.612694791 0.036169433 0.047518 3.356251 0.211129 0.374017 0.502405 0.014140 0.005031 -0.012622 -0.002708 0.041192 -0.251772 0.042312
6048.730664000 0.076672224 -0.786285496 -0.609941831 0.062027821 0.067044 3.381325 0.212548 0.396243 0.459844 0.019907 0.005031 -0.012622 -0.002708 0.041192 -0.251772 0.042312
6048.782747000 0.092903634 -0.789735536 -0.599772935 0.089213924 0.087702 3.404444 0.212778 0.385661 0.425353 0.005130 0.005031 -0.012622 -0.002708 0.041192 -0.251772 0.042312
6048.834830000 0.116299391 -0.794953976 -0.586024827 0.105344809 0.106860 3.425035 0.213280 0.334417 0.344589 0.033915 0.005031 -0.012622 -0.002708 0.041192 -0.251772 0.042312
6048.886913000 0.156105296 -0.789889998 -0.579150521 0.127630723 0.123213 3.440588 0.216855 0.306337 0.277574 0.050106 0.005036 -0.012624 -0.002709 0.041053 -0.251820 0.042359
6048.938996000 0.187882630 -0.779672689 -0.576506393 0.156368134 0.140484 3.456242 0.217619 0.353080 0.334841 -0.022799 0.005036 -0.012624 -0.002709 0.041053 -0.251820 0.042359
6048.991079000 0.206899306 -0.776259593 -0.569636229 0.173575021 0.158970 3.474958 0.214602 0.346070 0.370501 -0.085502 0.005036 -0.012624 -0.002709 0.041053 -0.251820 0.042359
6049.043161000 0.230013328 -0.776657920 -0.559567920 0.175442546 0.175990 3.493619 0.210521 0.318557 0.345046 -0.061713 0.005036 -0.012624 -0.002709 0.041053 -0.251820 0.042359
6049.095245000 0.247321552 -0.774827029 -0.546918707 0.198381083 0.193245 3.511162 0.207450 0.331460 0.335645 -0.077765 0.005036 -0.012624 -0.002709 0.041053 -0.251820 0.042359
6049.147328000 0.257319143 -0.770056017 -0.540094781 0.221581174 0.210184 3.530752 0.202725 0.325023 0.441135 -0.100634 0.005036 -0.012624 -0.002709 0.041053 -0.251820 0.042359
6049.199412000 0.253303092 -0.774155316 -0.528875352 0.238352578 0.227007 3.556374 0.195636 0.359387 0.547012 -0.131709 0.005038 -0.012625 -0.002712 0.040967 -0.251776 0.042451
6049.251494000 0.244700861 -0.780540128 -0.515385689 0.255452909 0.242412 3.584325 0.189907 0.299015 0.559692 -0.108501 0.005042 -0.012623 -0.002702 0.041025 -0.251937 0.042088
6049.303577000 0.244246226 -0.782989504 -0.504849800 0.269068573 0.259713 3.617107 0.187382 0.280013 0.601523 -0.050832 0.005032 -0.012625 -0.002712 0.041423 -0.251956 0.042534
6049.355660000 0.245842678 -0.783660948 -0.498267652 0.277788127 0.271280 3.651642 0.186712 0.264377 0.685804 -0.062175 0.005019 -0.012617 -0.002692 0.042224 -0.252360 0.041785
6049.407742000 0.255598407 -0.784259553 -0.493360310 0.276047120 0.283051 3.687592 0.184296 0.226896 0.677740 -0.050820 0.005021 -0.012618 -0.002688 0.042433 -0.252486 0.041682
6049.459825000 0.275641289 -0.782516619 -0.488129313 0.270960135 0.292274 3.723059 0.181859 0.225890 0.693313 -0.070369 0.005010 -0.012612 -0.002671 0.042884 -0.252693 0.041080
6049.511904000 0.286046882 -0.787170954 -0.478412423 0.263932991 0.306638 3.760604 0.177932 0.218291 0.746249 -0.064540 0.005013 -0.012619 -0.002698 0.042611 -0.252433 0.041970
6049.563991000 0.282422606 -0.795670662 -0.466548412 0.263587271 0.315275 3.796852 0.175989 0.171160 0.633796 -0.023762 0.005014 -0.012627 -0.002694 0.042910 -0.252557 0.041943
6049.616074000 0.304278923 -0.789692853 -0.463680183 0.262297967 0.322967 3.826689 0.176397 0.133010 0.537439 0.007992 0.005015 -0.012630 -0.002694 0.042974 -0.252589 0.042007
6049.668158000 0.327445990 -0.781930534 -0.463310913 0.258276522 0.330051 3.856489 0.176314 0.140915 0.565661 -0.014079 0.005005 -0.012629 -0.002695 0.043371 -0.252650 0.041999
6049.720240000 0.341176434 -0.778731709 -0.462780262 0.251017917 0.338630 3.888266 0.175995 0.132303 0.570793 0.018827 0.004995 -0.012630 -0.002700 0.043646 -0.252626 0.042196
6049.772323000 0.351856315 -0.772243999 -0.465703963 0.250910657 0.349052 3.919816 0.178186 0.151026 0.589133 0.058674 0.004992 -0.012635 -0.002708 0.043558 -0.252493 0.042653
6049.824407000 0.342997962 -0.770469863 -0.462068584 0.274264857 0.337282 3.946924 0.183357 0.159644 0.591196 0.023098 0.004964 -0.012609 -0.002658 0.045515 -0.253387 0.040110
6049.876488000 0.350364013 -0.760877271 -0.463353288 0.289161835 0.350180 3.983192 0.183173 0.143833 0.568799 -0.012884 0.004938 -0.012605 -0.002662 0.046117 -0.253331 0.040238
6049.928572000 0.357769448 -0.748875578 -0.471934972 0.297428600 0.359412 4.017615 0.182813 0.163050 0.657416 0.003502 0.004922 -0.012606 -0.002665 0.046464 -0.253277 0.040295
6049.980651000 0.358652031 -0.739322828 -0.480765768 0.305997962 0.367836 4.054423 0.182694 0.171400 0.714468 0.007079 0.004915 -0.012608 -0.002663 0.046618 -0.253253 0.040270
6050.032737000 0.362416395 -0.726650203 -0.491818307 0.314242888 0.377378 4.092549 0.183462 0.204049 0.727838 0.028218 0.004910 -0.012611 -0.002663 0.046733 -0.253208 0.040330
6050.084819000 0.372279255 -0.716071239 -0.496977294 0.318847465 0.388202 4.132045 0.183653 0.217440 0.753537 0.011376 0.004905 -0.012614 -0.002661 0.046893 -0.253108 0.040368
6050.136903000 0.381303403 -0.712732278 -0.496319252 0.316682199 0.399468 4.172109 0.184952 0.269595 0.782223 0.025201 0.004894 -0.012618 -0.002661 0.047177 -0.253138 0.040360
6050.188985000 0.383669414 -0.718635928 -0.491347768 0.308119384 0.415250 4.214663 0.186368 0.272642 0.790090 0.123203 0.004906 -0.012624 -0.002655 0.047039 -0.252908 0.040604
6050.241068000 0.388167152 -0.717504532 -0.488674764 0.309371109 0.428583 4.253455 0.194872 0.268059 0.716006 0.197021 0.004903 -0.012627 -0.002655 0.047161 -0.252893 0.040642
6050.293151000 0.398462100 -0.708053326 -0.487459745 0.319799061 0.439994 4.292869 0.204467 0.229510 0.729355 0.136776 0.004890 -0.012630 -0.002647 0.047791 -0.252940 0.040391
6050.345233000 0.412380610 -0.697539171 -0.488221577 0.324069481 0.456907 4.337700 0.210470 0.217125 0.758850 0.083970 0.004868 -0.012624 -0.002650 0.048289 -0.252945 0.040435
6050.397316000 0.418214029 -0.693624495 -0.493629055 0.316721395 0.465637 4.379383 0.214817 0.188543 0.766724 0.075331 0.004859 -0.012621 -0.002643 0.048714 -0.253077 0.039985
6050.449397000 0.417885433 -0.693991511 -0.496157586 0.312370289 0.475592 4.419032 0.218688 0.153107 0.728904 0.064077 0.004852 -0.012619 -0.002646 0.048900 -0.253040 0.040194
6050.501483000 0.412016800 -0.697750522 -0.495088128 0.313487019 0.484909 4.457308 0.221004 0.119777 0.739837 0.023516 0.004850 -0.012615 -0.002661 0.048868 -0.252896 0.040926
6050.553566000 0.401043201 -0.703068725 -0.494163132 0.317271992 0.490738 4.496222 0.220880 0.059964 0.696528 -0.037470 0.004842 -0.012616 -0.002673 0.049067 -0.252860 0.041220
6050.605648000 0.397213309 -0.703608523 -0.496108127 0.317857452 0.490450 4.533520 0.218867 0.010889 0.665159 -0.083057 0.004825 -0.012606 -0.002675 0.049473 -0.253049 0.040981
6050.657732000 0.398499327 -0.702850257 -0.495887760 0.318268962 0.493990 4.568153 0.214118 -0.028329 0.633834 -0.109060 0.004819 -0.012599 -0.002696 0.049469 -0.252919 0.041679
6050.709815000 0.403502321 -0.703752067 -0.491586102 0.316641767 0.492263 4.609049 0.208278 -0.083320 0.675975 -0.112579 0.004810 -0.012603 -0.002696 0.049870 -0.252997 0.041558
6050.761897000 0.411196205 -0.706721538 -0.487781071 0.305829978 0.489374 4.648813 0.202518 -0.135786 0.721059 -0.110703 0.004806 -0.012599 -0.002706 0.049886 -0.252972 0.041898
6050.813980000 0.424660915 -0.705337155 -0.486479205 0.292404835 0.483600 4.689046 0.198238 -0.157961 0.735633 -0.061326 0.004801 -0.012598 -0.002714 0.050124 -0.252973 0.042104
6050.866063000 0.437494717 -0.702168979 -0.485289936 0.282932458 0.478049 4.733434 0.196783 -0.179424 0.821770 -0.016426 0.004787 -0.012593 -0.002721 0.050414 -0.252978 0.042392
6050.918146000 0.439757800 -0.705285789 -0.483598427 0.274440513 0.472168 4.780878 0.196249 -0.185604 0.882832 0.044390 0.004799 -0.012595 -0.002726 0.050276 -0.252776 0.042737
6050.970229000 0.430802702 -0.711270042 -0.485570073 0.269676962 0.460139 4.827524 0.200576 -0.193437 0.874813 0.103935 0.004790 -0.012596 -0.002727 0.050551 -0.252907 0.042648
6051.022312000 0.424976987 -0.713071674 -0.488988021 0.267981463 0.448734 4.872358 0.207510 -0.188312 0.794172 0.162345 0.004783 -0.012595 -0.002722 0.050637 -0.253008 0.042364
6051.074395000 0.424866617 -0.704925285 -0.500616988 0.268237454 0.436260 4.912340 0.215369 -0.196552 0.802788 0.160634 0.004787 -0.012607 -0.002723 0.050755 -0.252957 0.042538
6051.126478000 0.415707444 -0.702547733 -0.512923065 0.265563425 0.427782 4.962357 0.222631 -0.170084 0.845220 0.139014 0.004784 -0.012615 -0.002722 0.050899 -0.252945 0.042441
6051.178561000 0.397881861 -0.705120980 -0.525377678 0.261672933 0.417886 5.007131 0.227920 -0.148108 0.832231 0.118692 0.004788 -0.012615 -0.002708 0.050832 -0.252840 0.042293
6051.230644000 0.381829678 -0.706778082 -0.538824910 0.253650459 0.410102 5.050596 0.233916 -0.133384 0.825639 0.123630 0.004786 -0.012612 -0.002715 0.050825 -0.252809 0.042354
6051.282726000 0.362942052 -0.708429442 -0.552504993 0.247263071 0.403940 5.094217 0.240128 -0.098533 0.824910 0.114735 0.004783 -0.012606 -0.002720 0.050730 -0.252812 0.042405
6051.334811000 0.344841366 -0.708386799 -0.563776313 0.247848429 0.399788 5.139615 0.244207 -0.057839 0.808002 0.079705 0.004785 -0.012617 -0.002721 0.050765 -0.252746 0.041979
6051.386893000 0.325248858 -0.710652131 -0.568870497 0.256072426 0.397647 5.181128 0.247067 -0.031095 0.801258 0.033242 0.004787 -0.012613 -0.002722 0.050699 -0.252717 0.042007
6051.438975000 0.312652977 -0.711935975 -0.571793768 0.261624099 0.395683 5.220344 0.246764 -0.042792 0.770177 -0.003512 0.004796 -0.012609 -0.002726 0.050639 -0.252650 0.042072
6051.491060000 0.309814992 -0.708798713 -0.577133211 0.261794407 0.393247 5.259216 0.245047 -0.035780 0.777511 0.000920 0.004813 -0.012609 -0.002732 0.050670 -0.252592 0.042043
6051.543141000 0.310442909 -0.703159525 -0.585778014 0.257013619 0.391972 5.300145 0.244329 -0.023879 0.823942 0.043073 0.004825 -0.012611 -0.002738 0.050627 -0.252502 0.041882
6051.595228000 0.305323936 -0.701505843 -0.593089466 0.250822109 0.392383 5.345723 0.248949 0.024274 0.878472 0.107125 0.004824 -0.012607 -0.002734 0.050617 -0.252544 0.041818
6051.647306000 0.289163204 -0.704780575 -0.597809900 0.249584264 0.394156 5.392119 0.255069 0.068857 0.927116 0.134965 0.004824 -0.012613 -0.002730 0.050725 -0.252510 0.042011
6051.699391000 0.269040038 -0.711671707 -0.602584908 0.240898876 0.397432 5.437221 0.262601 0.070129 0.930270 0.193495 0.004834 -0.012610 -0.002732 0.050686 -0.252453 0.042248
6051.751472000 0.249220816 -0.716254641 -0.610122129 0.229388890 0.400109 5.481613 0.274021 0.066623 0.860542 0.233256 0.004837 -0.012618 -0.002737 0.050783 -0.252467 0.042370
6051.803555000 0.235018809 -0.716854690 -0.615406298 0.228386955 0.402910 5.523246 0.286221 0.066269 0.770382 0.221674 0.004837 -0.012625 -0.002740 0.050863 -0.252490 0.042447
6051.855638000 0.224756507 -0.711213392 -0.623523654 0.234261127 0.406051 5.561510 0.296226 0.047042 0.683444 0.154978 0.004837 -0.012624 -0.002739 0.050845 -0.252476 0.042436
6051.907721000 0.221064483 -0.709323069 -0.626735329 0.234934257 0.407312 5.595857 0.301513 -0.000888 0.638926 0.052494 0.004837 -0.012624 -0.002739 0.050845 -0.252476 0.042436
6051.959804000 0.221710608 -0.709571452 -0.629743381 0.225335383 0.406108 5.627966 0.303409 -0.045056 0.594264 0.023577 0.004837 -0.012624 -0.002739 0.050845 -0.252476 0.042436
6052.011887000 0.225108390 -0.709825537 -0.630660099 0.218498876 0.402759 5.657573 0.304610 -0.082072 0.545624 0.022969 0.004837 -0.012624 -0.002739 0.050845 -0.252476 0.042436
6052.063970000 0.229469915 -0.707446933 -0.632876219 0.215244251 0.397109 5.685712 0.304915 -0.135259 0.539940 -0.008652 0.004837 -0.012624 -0.002739 0.050845 -0.252476 0.042436
6052.116053000 0.232929019 -0.705168084 -0.635465202 0.211343376 0.389003 5.713984 0.303552 -0.178323 0.546498 -0.041510 0.004837 -0.012624 -0.002739 0.050845 -0.252476 0.042436
6052.168135000 0.235231466 -0.703405429 -0.637204332 0.209422060 0.378369 5.743134 0.300716 -0.231267 0.573364 -0.063449 0.004837 -0.012624 -0.002739 0.050845 -0.252476 0.042436
6052.220218000 0.236235959 -0.702927717 -0.637004498 0.210500512 0.364695 5.773486 0.296991 -0.296032 0.585844 -0.084217 0.004837 -0.012624 -0.002739 0.050845 -0.252476 0.042436
6052.272301000 0.241051907 -0.700701861 -0.637380307 0.211322559 0.347317 5.804324 0.292660 -0.368232 0.595989 -0.103824 0.004835 -0.012624 -0.002739 0.050829 -0.252533 0.042435
6052.324384000 0.247547232 -0.699871338 -0.636833404 0.208191482 0.326447 5.835809 0.286935 -0.432616 0.606993 -0.114127 0.004835 -0.012624 -0.002739 0.050829 -0.252533 0.042435
6052.376467000 0.256873087 -0.698311323 -0.635539665 0.206074861 0.302216 5.866808 0.281403 -0.494997 0.579191 -0.091470 0.004835 -0.012624 -0.002739 0.050829 -0.252533 0.042435
6052.428550000 0.268403761 -0.693881827 -0.634441882 0.209692464 0.275446 5.897044 0.277334 -0.532175 0.592877 -0.066117 0.004835 -0.012624 -0.002739 0.050829 -0.252533 0.042435
6052.480632000 0.278450755 -0.693177064 -0.630384536 0.211154141 0.246671 5.930610 0.276270 -0.562297 0.581779 -0.015076 0.004829 -0.012624 -0.002740 0.050870 -0.252641 0.042355
6052.532715000 0.287399206 -0.694218678 -0.622941872 0.217728151 0.216659 5.958880 0.277111 -0.568769 0.542648 0.027909 0.004829 -0.012623 -0.002739 0.050812 -0.252673 0.042371
6052.584799000 0.296142113 -0.690366979 -0.618237076 0.231249219 0.185875 5.984813 0.279415 -0.597840 0.486203 0.037261 0.004828 -0.012624 -0.002738 0.050771 -0.252708 0.042375
6052.636882000 0.310579506 -0.681089470 -0.618452809 0.239110074 0.153523 6.006509 0.281798 -0.615387 0.439826 0.044011 0.004829 -0.012623 -0.002736 0.050699 -0.252721 0.042405
6052.688965000 0.323944205 -0.672677926 -0.618051937 0.246122658 0.120595 6.025661 0.283883 -0.601699 0.400878 0.048759 0.004830 -0.012622 -0.002733 0.050617 -0.252686 0.042458
6052.741048000 0.330616757 -0.666165842 -0.616864056 0.257671046 0.089622 6.045386 0.286392 -0.584420 0.373946 0.043540 0.004829 -0.012622 -0.002733 0.050605 -0.252693 0.042458
6052.793130000 0.334674545 -0.664412626 -0.611568622 0.269318831 0.057947 6.063152 0.288242 -0.593558 0.322846 0.037868 0.004829 -0.012623 -0.002731 0.050563 -0.252619 0.042524
6052.845213000 0.342700214 -0.660043649 -0.606111347 0.282007055 0.026253 6.077383 0.290370 -0.597311 0.266631 0.027245 0.004828 -0.012623 -0.002729 0.050542 -0.252640 0.042516
6052.897296000 0.353903041 -0.650972950 -0.600655367 0.300333125 -0.005160 6.090548 0.291109 -0.601435 0.251992 -0.003293 0.004827 -0.012624 -0.002729 0.050538 -0.252655 0.042505
6052.949379000 0.363808230 -0.644295327 -0.594278511 0.315214459 -0.037381 6.104821 0.289705 -0.625153 0.291612 -0.055783 0.004826 -0.012624 -0.002728 0.050535 -0.252670 0.042492
6053.001462000 0.372851482 -0.640940448 -0.586440517 0.325982567 -0.069342 6.117300 0.286160 -0.634774 0.307390 -0.090439 0.004832 -0.012626 -0.002730 0.050418 -0.252725 0.042518
6053.053544000 0.382577680 -0.636669732 -0.577916512 0.338080577 -0.103248 6.134379 0.281602 -0.660673 0.296026 -0.099764 0.004830 -0.012627 -0.002730 0.050437 -0.252766 0.042479
6053.105629000 0.398525989 -0.629170948 -0.568921851 0.348781998 -0.138288 6.149669 0.276690 -0.672708 0.283573 -0.098869 0.004829 -0.012628 -0.002729 0.050446 -0.252801 0.042443
6053.157710000 0.416634149 -0.624891457 -0.556835445 0.354768854 -0.173883 6.165100 0.271594 -0.685488 0.303393 -0.090026 0.004830 -0.012628 -0.002726 0.050444 -0.252837 0.042396
6053.209793000 0.433598986 -0.617724991 -0.549292112 0.358728212 -0.208221 6.180526 0.268905 -0.641533 0.292803 -0.021980 0.004831 -0.012628 -0.002726 0.050439 -0.252857 0.042380
6053.261876000 0.446759213 -0.611337350 -0.537795227 0.370741345 -0.240157 6.196337 0.268693 -0.599263 0.307592 0.004281 0.004832 -0.012629 -0.002726 0.050442 -0.252884 0.042359
6053.313959000 0.458048701 -0.606455499 -0.525263594 0.382754845 -0.270766 6.212549 0.269452 -0.583263 0.307846 0.022351 0.004833 -0.012628 -0.002724 0.050439 -0.252909 0.042310
6053.366042000 0.470301618 -0.600687121 -0.513829949 0.392390308 -0.302879 6.230226 0.270149 -0.587319 0.278879 0.021339 0.004834 -0.012627 -0.002716 0.050405 -0.252836 0.042283
6053.418125000 0.485927026 -0.592634386 -0.502667528 0.399980958 -0.332614 6.243539 0.271834 -0.573398 0.239001 0.036762 0.004836 -0.012627 -0.002716 0.050391 -0.252846 0.042271
6053.470208000 0.500750125 -0.579545917 -0.493599651 0.411989353 -0.363688 6.257732 0.273102 -0.556117 0.219337 0.018430 0.004837 -0.012623 -0.002709 0.050364 -0.252778 0.042222
6053.522291000 0.515217261 -0.572543317 -0.478935396 0.421148680 -0.393509 6.268398 0.272775 -0.565487 0.185865 -0.024984 0.004834 -0.012624 -0.002710 0.050403 -0.252800 0.042229
6053.574374000 0.530600467 -0.563663027 -0.466218700 0.428237388 -0.428855 6.279535 0.270023 -0.567314 0.118375 -0.035060 0.004811 -0.012625 -0.002701 0.050634 -0.252670 0.042249
6053.626456000 0.548743880 -0.553487452 -0.454800092 0.430916083 -0.461742 6.286534 0.268609 -0.582448 0.068628 -0.027151 0.004801 -0.012627 -0.002698 0.050736 -0.252676 0.042271
6053.678540000 0.561714017 -0.542841057 -0.443419039 0.439523043 -0.496030 6.291833 0.265819 -0.597925 0.034695 -0.066043 0.004791 -0.012627 -0.002698 0.050777 -0.252586 0.042403
6053.730622000 0.574483917 -0.531612333 -0.434615348 0.445495293 -0.531457 6.295269 0.260849 -0.616838 0.018010 -0.108644 0.004778 -0.012632 -0.002693 0.050897 -0.252559 0.042421
6053.782705000 0.585647574 -0.521328238 -0.428506034 0.449017111 -0.566193 6.298480 0.254760 -0.643066 0.009630 -0.132904 0.004773 -0.012634 -0.002691 0.050949 -0.252578 0.042426
6053.834788000 0.596503162 -0.513309052 -0.419347163 0.452598887 -0.604253 6.302165 0.246998 -0.671822 -0.011268 -0.124923 0.004768 -0.012638 -0.002666 0.051079 -0.252565 0.042055
6053.886871000 0.606206909 -0.504133505 -0.411509913 0.457189440 -0.640294 6.301476 0.241277 -0.711523 -0.024425 -0.125073 0.004766 -0.012628 -0.002671 0.051189 -0.252605 0.042116
6053.938954000 0.617103994 -0.493850278 -0.406067647 0.458697754 -0.679715 6.301877 0.234962 -0.740374 -0.042125 -0.116214 0.004762 -0.012628 -0.002669 0.051249 -0.252630 0.042125
6053.991036000 0.628112450 -0.481911611 -0.401337570 0.460612749 -0.721097 6.302438 0.230002 -0.761859 -0.027453 -0.071041 0.004757 -0.012632 -0.002662 0.051348 -0.252672 0.042056
6054.043120000 0.635805568 -0.475363563 -0.392180240 0.464731559 -0.762029 6.301681 0.227923 -0.784943 -0.018347 -0.023074 0.004749 -0.012636 -0.002666 0.051470 -0.252675 0.042120
6054.095202000 0.643957744 -0.467901735 -0.385252884 0.466868937 -0.803066 6.300254 0.228862 -0.794408 -0.008440 0.024640 0.004746 -0.012637 -0.002670 0.051548 -0.252700 0.042184
6054.147286000 0.649729158 -0.466055018 -0.374307606 0.469615328 -0.844665 6.299003 0.231106 -0.778674 -0.027556 0.044652 0.004740 -0.012644 -0.002668 0.051679 -0.252712 0.042156
6054.199368000 0.656803919 -0.456150105 -0.366494855 0.475622976 -0.885047 6.295641 0.232909 -0.763225 -0.066057 0.051268 0.004742 -0.012665 -0.002648 0.051492 -0.252656 0.041860
6054.251451000 0.662030039 -0.444310983 -0.362860802 0.482323560 -0.927636 6.294641 0.235016 -0.762628 -0.061137 0.037883 0.004739 -0.012678 -0.002640 0.051456 -0.252599 0.041779
6054.303529000 0.664218649 -0.438319752 -0.360361486 0.486650780 -0.967620 6.292615 0.236792 -0.720782 -0.061365 0.034769 0.004737 -0.012689 -0.002634 0.051413 -0.252561 0.041730
6054.355617000 0.666871193 -0.433996867 -0.355100911 0.490747261 -1.005097 6.287967 0.240317 -0.669172 -0.086578 0.045075 0.004723 -0.012685 -0.002622 0.051771 -0.252743 0.041208
6054.407700000 0.668451860 -0.429464424 -0.345873203 0.499103343 -1.041016 6.283691 0.241809 -0.666927 -0.103427 0.001791 0.004719 -0.012685 -0.002616 0.051842 -0.252765 0.041042
6054.459782000 0.671715879 -0.424933225 -0.337949390 0.504003712 -1.078604 6.278993 0.241045 -0.667455 -0.118944 -0.050743 0.004709 -0.012680 -0.002609 0.052069 -0.252818 0.040840
6054.511866000 0.676809466 -0.417991827 -0.333366824 0.506041837 -1.113303 6.272390 0.237513 -0.657141 -0.130456 -0.082697 0.004703 -0.012676 -0.002612 0.052149 -0.252814 0.040833
6054.563948000 0.682467447 -0.409990879 -0.326088856 0.509717294 -1.147140 6.265743 0.233052 -0.646294 -0.127200 -0.090156 0.004702 -0.012674 -0.002615 0.052176 -0.252803 0.040889
6054.616031000 0.688396864 -0.400441279 -0.317543841 0.514706177 -1.181725 6.259422 0.228146 -0.667925 -0.122028 -0.094370 0.004704 -0.012676 -0.002608 0.052110 -0.252817 0.040650
6054.668115000 0.694438341 -0.389323362 -0.309924169 0.519740051 -1.218432 6.253582 0.222589 -0.708917 -0.111640 -0.097995 0.004705 -0.012679 -0.002600 0.052052 -0.252772 0.040497
6054.720197000 0.699866247 -0.378325068 -0.303811090 0.524171919 -1.256813 6.248024 0.217836 -0.757292 -0.084175 -0.065830 0.004703 -0.012681 -0.002601 0.052054 -0.252706 0.040525
6054.772281000 0.703743614 -0.370885347 -0.296222462 0.528622018 -1.294395 6.243279 0.215828 -0.784576 -0.057706 -0.011264 0.004702 -0.012674 -0.002607 0.052074 -0.252688 0.040776
6054.824363000 0.706624980 -0.364251016 -0.285287130 0.535363044 -1.339264 6.242501 0.215998 -0.800139 -0.053926 0.016417 0.004701 -0.012679 -0.002594 0.052121 -0.252751 0.040447
6054.876446000 0.712025413 -0.354574904 -0.276705243 0.539194452 -1.382788 6.240019 0.217341 -0.814730 -0.053505 0.033343 0.004699 -0.012683 -0.002586 0.052158 -0.252770 0.040294
6054.928529000 0.718215027 -0.349304196 -0.269578206 0.538034706 -1.427116 6.237525 0.220374 -0.808670 -0.070326 0.078093 0.004694 -0.012679 -0.002576 0.052310 -0.252868 0.040062
6054.980611000 0.722521185 -0.340287976 -0.262121561 0.541719039 -1.467800 6.234131 0.225562 -0.756132 -0.078127 0.122727 0.004696 -0.012690 -0.002580 0.052193 -0.252777 0.040311
6055.032694000 0.723650516 -0.331406174 -0.253779813 0.549632317 -1.508244 6.230389 0.230275 -0.791950 -0.068822 0.067740 0.004697 -0.012698 -0.002577 0.052165 -0.252716 0.040426
6055.084777000 0.722546507 -0.332917386 -0.248262686 0.552682728 -1.550491 6.227626 0.231555 -0.780419 -0.066874 -0.023886 0.004688 -0.012696 -0.002571 0.052358 -0.252784 0.040348
6055.136860000 0.725707915 -0.332274899 -0.250405125 0.547940404 -1.588296 6.223854 0.229537 -0.707543 -0.095876 -0.034086 0.004687 -0.012692 -0.002575 0.052331 -0.252770 0.040474
6055.188943000 0.729726546 -0.329999916 -0.249368701 0.544439596 -1.625033 6.219468 0.228809 -0.652569 -0.103043 0.001182 0.004687 -0.012696 -0.002580 0.052355 -0.252719 0.040663
6055.241025000 0.730767703 -0.328848348 -0.240902086 0.547543161 -1.658312 6.214028 0.227326 -0.662231 -0.121936 -0.048604 0.004689 -0.012700 -0.002577 0.052298 -0.252713 0.040786
6055.293110000 0.734130170 -0.325768899 -0.240853629 0.544900952 -1.691142 6.206805 0.222725 -0.667468 -0.145200 -0.107560 0.004692 -0.012701 -0.002574 0.052189 -0.252675 0.040885
6055.345192000 0.737897513 -0.320279553 -0.242049073 0.542531580 -1.721364 6.197377 0.217074 -0.649983 -0.157863 -0.114077 0.004691 -0.012704 -0.002578 0.052130 -0.252672 0.041001
6055.397275000 0.741854421 -0.316830693 -0.236119818 0.541772795 -1.755690 6.189310 0.211083 -0.672996 -0.171063 -0.115657 0.004693 -0.012701 -0.002577 0.052064 -0.252683 0.040992
6055.449358000 0.746318839 -0.313849908 -0.233607493 0.538455166 -1.792262 6.179960 0.204602 -0.721263 -0.199761 -0.132001 0.004692 -0.012703 -0.002580 0.052071 -0.252670 0.041053
6055.501441000 0.753469518 -0.310355997 -0.234816566 0.529928317 -1.829674 6.169161 0.197343 -0.734205 -0.218395 -0.139192 0.004691 -0.012696 -0.002582 0.052038 -0.252685 0.041064
6055.553523000 0.760169723 -0.306274828 -0.233440196 0.523300484 -1.868669 6.158158 0.190124 -0.782804 -0.217886 -0.137932 0.004692 -0.012686 -0.002585 0.051992 -0.252691 0.041073
6055.605606000 0.765899065 -0.309569552 -0.231304742 0.513871025 -1.911325 6.148856 0.182715 -0.806948 -0.199075 -0.127151 0.004695 -0.012677 -0.002593 0.051935 -0.252660 0.041346
6055.657689000 0.771372606 -0.317137218 -0.224509457 0.503987888 -1.951864 6.138514 0.175668 -0.787512 -0.196823 -0.159585 0.004690 -0.012667 -0.002609 0.052168 -0.252664 0.041429
6055.709772000 0.779037918 -0.321343816 -0.218505306 0.492029985 -1.992231 6.127803 0.165844 -0.754881 -0.228936 -0.201893 0.004690 -0.012666 -0.002610 0.052173 -0.252651 0.041636
6055.761854000 0.788026114 -0.316272179 -0.220793085 0.479830351 -2.033493 6.117668 0.155946 -0.711669 -0.249988 -0.180299 0.004691 -0.012644 -0.002618 0.052192 -0.252675 0.041946
6055.813937000 0.795167616 -0.313929471 -0.219850299 0.469917647 -2.071496 6.106512 0.146206 -0.712167 -0.227553 -0.178689 0.004696 -0.012630 -0.002627 0.052191 -0.252649 0.042025
6055.866020000 0.798957509 -0.319069397 -0.217897741 0.460849426 -2.108561 6.096341 0.137164 -0.673505 -0.201914 -0.143771 0.004698 -0.012620 -0.002634 0.052244 -0.252622 0.042143
6055.918103000 0.798926569 -0.327206388 -0.213675901 0.457159630 -2.143309 6.087087 0.129516 -0.631887 -0.191636 -0.138163 0.004699 -0.012604 -0.002639 0.052264 -0.252586 0.042296
6055.970190000 0.799128413 -0.333205467 -0.206374913 0.455825945 -2.176100 6.078119 0.121428 -0.599781 -0.195763 -0.153728 0.004699 -0.012584 -0.002645 0.052275 -0.252559 0.042444
6056.022269000 0.802393728 -0.333043867 -0.199141844 0.453418807 -2.205164 6.068253 0.113692 -0.557569 -0.205580 -0.148013 0.004701 -0.012572 -0.002651 0.052270 -0.252583 0.042472
6056.074352000 0.808103736 -0.331298649 -0.190179114 0.448376473 -2.231506 6.057423 0.105295 -0.554029 -0.216564 -0.160347 0.004702 -0.012555 -0.002661 0.052258 -0.252581 0.042472
6056.126435000 0.812937163 -0.329550915 -0.179245494 0.445421617 -2.258778 6.046182 0.096992 -0.560387 -0.228606 -0.171035 0.004701 -0.012540 -0.002668 0.052292 -0.252616 0.042480
6056.178518000 0.817916773 -0.329009909 -0.167222123 0.441363109 -2.286183 6.033389 0.088097 -0.565360 -0.258604 -0.180328 0.004702 -0.012534 -0.002673 0.052261 -0.252623 0.042597
6056.230601000 0.825699006 -0.323964517 -0.156860131 0.434353592 -2.313698 6.019896 0.079905 -0.539540 -0.265238 -0.156153 0.004703 -0.012522 -0.002680 0.052336 -0.252659 0.042537
6056.282684000 0.832533022 -0.317870764 -0.145029368 0.429899322 -2.338673 6.006501 0.073463 -0.505993 -0.240524 -0.100094 0.004712 -0.012517 -0.002686 0.052370 -0.252648 0.042287
6056.334767000 0.838059518 -0.304875058 -0.135795313 0.431586696 -2.360799 5.994252 0.070243 -0.443444 -0.241241 -0.051137 0.004717 -0.012508 -0.002686 0.052407 -0.252680 0.042040
6056.386850000 0.843221588 -0.289630903 -0.125073159 0.435256246 -2.380726 5.981523 0.067816 -0.406182 -0.245976 -0.045984 0.004722 -0.012513 -0.002685 0.052300 -0.252667 0.041984
6056.438933000 0.849506344 -0.272107966 -0.119293988 0.435964644 -2.399497 5.967794 0.066110 -0.360349 -0.266033 -0.002981 0.004726 -0.012524 -0.002682 0.052251 -0.252681 0.041901
6056.491015000 0.851745220 -0.253751262 -0.121767049 0.441942488 -2.418254 5.953326 0.067375 -0.328628 -0.283595 0.032102 0.004724 -0.012531 -0.002674 0.052381 -0.252748 0.041777
6056.543098000 0.850427824 -0.240517816 -0.124193167 0.451109470 -2.433238 5.938612 0.070085 -0.262032 -0.277183 0.063010 0.004724 -0.012533 -0.002673 0.052383 -0.252762 0.041758
6056.595181000 0.851133646 -0.228535223 -0.120678052 0.456924475 -2.444335 5.924563 0.073503 -0.167878 -0.269917 0.060669 0.004724 -0.012539 -0.002670 0.052410 -0.252767 0.041870
6056.647264000 0.854199964 -0.214900642 -0.114154191 0.459487710 -2.450104 5.910506 0.076450 -0.052751 -0.275455 0.037468 0.004723 -0.012547 -0.002665 0.052473 -0.252797 0.041996
6056.699347000 0.858187404 -0.195467735 -0.108652165 0.462062172 -2.448077 5.895907 0.078245 0.050260 -0.280334 0.016254 0.004724 -0.012554 -0.002659 0.052476 -0.252812 0.042216
6056.751428000 0.862496769 -0.171703826 -0.105935414 0.464106462 -2.442728 5.881383 0.079225 0.176109 -0.274659 0.023382 0.004723 -0.012558 -0.002647 0.052570 -0.252848 0.042177
6056.803513000 0.865428174 -0.147283407 -0.100487585 0.468234898 -2.429163 5.867963 0.080985 0.261371 -0.259073 0.015068 0.004723 -0.012576 -0.002642 0.052533 -0.252842 0.042335
6056.855596000 0.868439665 -0.127379105 -0.092281339 0.470182163 -2.419020 5.857184 0.081997 0.345489 -0.246604 0.010792 0.004721 -0.012627 -0.002617 0.052326 -0.252819 0.042332
6056.907678000 0.870340263 -0.110396953 -0.081460973 0.472952903 -2.391757 5.844388 0.083512 0.444418 -0.228017 0.010366 0.004719 -0.012650 -0.002608 0.052273 -0.252827 0.042652
6056.959762000 0.871984785 -0.093121111 -0.069028863 0.475611196 -2.361028 5.832571 0.084952 0.537613 -0.201207 0.023488 0.004720 -0.012671 -0.002597 0.052159 -0.252851 0.042501
6057.011844000 0.872416806 -0.072811469 -0.054932627 0.480176856 -2.328882 5.822163 0.087007 0.617064 -0.175174 0.021420 0.004718 -0.012688 -0.002581 0.052216 -0.252915 0.042439
6057.063927000 0.872524190 -0.046185931 -0.044384907 0.484353567 -2.292524 5.813412 0.088375 0.662196 -0.154589 0.018963 0.004720 -0.012688 -0.002578 0.052181 -0.252939 0.042498
6057.116010000 0.872874352 -0.020823934 -0.035323659 0.486219054 -2.256988 5.805207 0.090328 0.689208 -0.135904 0.048134 0.004720 -0.012695 -0.002560 0.052449 -0.253096 0.041881
6057.168093000 0.870841213 0.002583959 -0.026328673 0.490852020 -2.216756 5.797886 0.094230 0.712680 -0.116049 0.087512 0.004721 -0.012699 -0.002558 0.052404 -0.253124 0.041911
6057.220176000 0.867822360 0.021888250 -0.014022417 0.496194144 -2.179071 5.793319 0.099834 0.719735 -0.083279 0.132286 0.004721 -0.012715 -0.002550 0.052264 -0.253074 0.042317
6057.272258000 0.863760192 0.037751034 0.000417583 0.502486831 -2.140274 5.789480 0.107638 0.741339 -0.055703 0.147410 0.004719 -0.012724 -0.002543 0.052365 -0.253121 0.042222
6057.324342000 0.858912155 0.054297744 0.014392301 0.509032932 -2.101792 5.787366 0.115265 0.746765 -0.032946 0.132497 0.004718 -0.012726 -0.002541 0.052388 -0.253129 0.042161
6057.376425000 0.856119787 0.070526275 0.028213175 0.511164330 -2.063496 5.786574 0.120808 0.750119 -0.006890 0.096620 0.004725 -0.012716 -0.002533 0.052425 -0.253229 0.041565
6057.428508000 0.854011997 0.088590628 0.039463624 0.511133869 -2.024307 5.787258 0.124381 0.764782 0.027853 0.056985 0.004724 -0.012722 -0.002533 0.052447 -0.253193 0.041622
6057.480591000 0.850766550 0.108431264 0.049730381 0.511825974 -1.984485 5.789677 0.126996 0.755285 0.046111 0.040469 0.004721 -0.012731 -0.002532 0.052475 -0.253150 0.041862
6057.532674000 0.847662285 0.124601421 0.059516761 0.512250809 -1.945412 5.791981 0.128632 0.753493 0.050861 0.027148 0.004725 -0.012722 -0.002528 0.052444 -0.253219 0.041709
6057.584756000 0.844975203 0.138886836 0.068770353 0.511857394 -1.906829 5.794365 0.129691 0.750716 0.057013 0.007975 0.004721 -0.012727 -0.002527 0.052555 -0.253211 0.041614
6057.636839000 0.842196119 0.153352966 0.077603174 0.511044335 -1.867680 5.797834 0.129461 0.748190 0.076582 -0.019019 0.004721 -0.012726 -0.002527 0.052569 -0.253223 0.041606
6057.688921000 0.839289451 0.166512644 0.085450526 0.510455645 -1.829351 5.801317 0.128880 0.727002 0.088265 -0.045436 0.004708 -0.012743 -0.002522 0.053225 -0.253225 0.042094
6057.741005000 0.838186580 0.176797309 0.093963083 0.507303566 -1.791585 5.807123 0.125673 0.713400 0.119599 -0.087543 0.004713 -0.012743 -0.002517 0.053212 -0.253248 0.042361
6057.793088000 0.837875166 0.188295697 0.101393948 0.502224257 -1.754069 5.814267 0.120121 0.713306 0.144791 -0.127700 0.004712 -0.012747 -0.002519 0.053255 -0.253217 0.042576
6057.845171000 0.836188757 0.203417222 0.107172731 0.497919474 -1.717826 5.819080 0.114052 0.707282 0.142755 -0.145592 0.004693 -0.012753 -0.002516 0.053953 -0.253262 0.042524
6057.897254000 0.835514936 0.218089843 0.110315284 0.492120056 -1.681265 5.827620 0.107010 0.686355 0.139258 -0.119684 0.004695 -0.012777 -0.002517 0.053874 -0.253136 0.042862
6057.949336000 0.834800856 0.229166930 0.117955508 0.486494138 -1.645679 5.836629 0.102070 0.658275 0.139680 -0.085249 0.004697 -0.012794 -0.002518 0.053805 -0.253020 0.043553
6058.001420000 0.834077982 0.239193035 0.126882662 0.480626052 -1.612296 5.843931 0.098098 0.640261 0.125172 -0.080767 0.004695 -0.012805 -0.002512 0.053805 -0.253011 0.043661
6058.053503000 0.831520468 0.253581741 0.134275629 0.475646998 -1.578978 5.852612 0.093952 0.651164 0.151043 -0.078214 0.004698 -0.012809 -0.002500 0.053600 -0.253035 0.043840
6058.105585000 0.826768310 0.273419587 0.141299821 0.470882418 -1.545164 5.859521 0.090535 0.640175 0.121266 -0.058246 0.004694 -0.012809 -0.002498 0.053729 -0.253055 0.043753
6058.157669000 0.822874646 0.288069356 0.150729057 0.466019437 -1.512484 5.864446 0.087515 0.631788 0.088281 -0.056780 0.004693 -0.012812 -0.002500 0.053728 -0.253019 0.043752
6058.209751000 0.818340907 0.303571736 0.157189428 0.462010654 -1.479790 5.868560 0.084855 0.641592 0.059642 -0.042004 0.004693 -0.012818 -0.002498 0.053672 -0.252997 0.043656
6058.261834000 0.814300040 0.314415399 0.165937614 0.458827974 -1.446999 5.870498 0.082298 0.637114 0.030189 -0.037122 0.004693 -0.012820 -0.002496 0.053668 -0.252977 0.043229
6058.313916000 0.811017127 0.322948864 0.174927119 0.455363321 -1.414188 5.871113 0.080402 0.654575 0.017809 -0.036271 0.004692 -0.012830 -0.002501 0.053703 -0.252893 0.043408
6058.366000000 0.808441999 0.331589696 0.182241966 0.450841074 -1.380017 5.871709 0.078868 0.686759 0.001171 -0.024156 0.004697 -0.012838 -0.002502 0.053625 -0.252845 0.043685
6058.418082000 0.802757674 0.341414091 0.189205856 0.450796717 -1.345260 5.873275 0.077785 0.702032 -0.030485 0.002004 0.004708 -0.012844 -0.002498 0.053247 -0.252780 0.043986
6058.470165000 0.798033792 0.347703334 0.197581474 0.450783784 -1.309075 5.870099 0.078308 0.707768 -0.099101 0.013380 0.004709 -0.012848 -0.002500 0.053256 -0.252753 0.044188
6058.522248000 0.796447179 0.348912850 0.205109096 0.449290522 -1.272765 5.862881 0.079601 0.706989 -0.149295 0.021685 0.004703 -0.012855 -0.002501 0.053405 -0.252735 0.044345
6058.574331000 0.795745925 0.347442095 0.212091033 0.448430383 -1.237217 5.852691 0.081732 0.693446 -0.201949 0.031166 0.004698 -0.012861 -0.002504 0.053630 -0.252727 0.044516
6058.626413000 0.797486564 0.342829482 0.216586477 0.446736415 -1.201735 5.841315 0.083305 0.683724 -0.253238 0.023050 0.004700 -0.012860 -0.002505 0.053582 -0.252714 0.044661
6058.678496000 0.801053200 0.336914586 0.214973949 0.445632734 -1.168365 5.824494 0.085980 0.689722 -0.288233 0.024268 0.004687 -0.012882 -0.002505 0.054088 -0.252719 0.044834
6058.730580000 0.804572917 0.329983237 0.209992104 0.446852101 -1.132688 5.809445 0.087729 0.682961 -0.304402 0.052572 0.004689 -0.012881 -0.002506 0.054037 -0.252698 0.044899
6058.782664000 0.807686905 0.318629185 0.209945632 0.449488751 -1.098548 5.793390 0.090732 0.663331 -0.327577 0.049437 0.004691 -0.012883 -0.002508 0.054050 -0.252679 0.045052
6058.834746000 0.811839163 0.307345442 0.206402839 0.451501738 -1.063681 5.776519 0.093484 0.658720 -0.311884 0.061875 0.004691 -0.012882 -0.002508 0.054025 -0.252677 0.044994
6058.886828000 0.813600732 0.297889015 0.204418709 0.455553482 -1.029551 5.761011 0.095982 0.631360 -0.269797 0.038304 0.004690 -0.012882 -0.002507 0.054000 -0.252681 0.044883
6058.938911000 0.813313057 0.292628514 0.201836382 0.460600151 -0.997441 5.748213 0.096999 0.597610 -0.225131 0.002383 0.004690 -0.012881 -0.002507 0.053970 -0.252677 0.044831
6058.990994000 0.815266681 0.292362675 0.194155343 0.460616986 -0.966667 5.737448 0.096432 0.587268 -0.188573 -0.013649 0.004690 -0.012881 -0.002507 0.053970 -0.252677 0.044831
6059.043077000 0.815962467 0.293467051 0.192566282 0.459347984 -0.936261 5.728386 0.096002 0.584900 -0.163870 -0.008526 0.004690 -0.012881 -0.002507 0.053970 -0.252677 0.044831
6059.095160000 0.815965538 0.293938094 0.194439329 0.458251006 -0.910379 5.717981 0.098429 0.594288 -0.153500 -0.021002 0.004679 -0.012899 -0.002521 0.054660 -0.252741 0.045797
6059.147243000 0.814341712 0.298201849 0.193395166 0.458826266 -0.877819 5.710092 0.096535 0.628979 -0.140053 -0.042443 0.004675 -0.012900 -0.002521 0.054612 -0.252742 0.045589
6059.199325000 0.813192006 0.304570342 0.189957336 0.458117757 -0.844033 5.702574 0.093638 0.666767 -0.136597 -0.063827 0.004673 -0.012901 -0.002523 0.054654 -0.252751 0.045566
6059.251408000 0.812021038 0.310092743 0.186906585 0.457744747 -0.808850 5.694706 0.090551 0.705271 -0.136575 -0.052469 0.004672 -0.012905 -0.002527 0.054686 -0.252734 0.045568
6059.303491000 0.809720409 0.316301187 0.184939335 0.458370878 -0.770916 5.686968 0.088644 0.742878 -0.144108 -0.036337 0.004669 -0.012907 -0.002529 0.054762 -0.252745 0.045602
6059.355574000 0.808220980 0.320213750 0.182156224 0.459413879 -0.731343 5.679214 0.087095 0.755661 -0.133751 -0.022898 0.004665 -0.012903 -0.002526 0.054810 -0.252778 0.045542
6059.407657000 0.804924541 0.325476295 0.181079001 0.461922136 -0.691823 5.672868 0.086088 0.737620 -0.130637 -0.032140 0.004663 -0.012898 -0.002523 0.054807 -0.252805 0.045515
6059.459740000 0.804151869 0.329694105 0.172842850 0.463429517 -0.654472 5.667324 0.084550 0.672525 -0.177408 -0.033754 0.004669 -0.012891 -0.002520 0.054657 -0.252845 0.045773
6059.511823000 0.814884724 0.321472265 0.159080513 0.455315122 -0.621606 5.658578 0.083608 0.614388 -0.224017 0.002645 0.004677 -0.012884 -0.002517 0.054506 -0.252854 0.045909
6059.563906000 0.823463351 0.309543053 0.153766270 0.449941264 -0.588982 5.646831 0.085503 0.659015 -0.217378 0.072720 0.004673 -0.012883 -0.002517 0.054541 -0.252837 0.045880
6059.615989000 0.826492073 0.298319599 0.155971680 0.451208495 -0.553996 5.635090 0.090544 0.672393 -0.242008 0.097588 0.004677 -0.012880 -0.002517 0.054560 -0.252847 0.046016
6059.668073000 0.827006449 0.285271479 0.159039217 0.457588291 -0.518950 5.621680 0.094567 0.616603 -0.265732 0.068164 0.004678 -0.012876 -0.002516 0.054590 -0.252843 0.045859
6059.720155000 0.829977314 0.273848666 0.156313328 0.460120321 -0.489674 5.607632 0.097802 0.559406 -0.273528 0.054034 0.004679 -0.012878 -0.002519 0.054580 -0.252840 0.045969
6059.772237000 0.831198414 0.264944925 0.155814398 0.463287445 -0.460171 5.593759 0.100630 0.550691 -0.261357 0.053085 0.004681 -0.012874 -0.002517 0.054595 -0.252842 0.045992
6059.824320000 0.829874634 0.257371675 0.158337518 0.469038531 -0.431013 5.579186 0.102569 0.535623 -0.317913 0.015474 0.004683 -0.012869 -0.002515 0.054612 -0.252848 0.046013
6059.876403000 0.831396010 0.246052367 0.157703019 0.472618943 -0.404173 5.561129 0.101798 0.524286 -0.365046 -0.037045 0.004684 -0.012871 -0.002517 0.054615 -0.252837 0.046015
6059.928486000 0.833166166 0.235719092 0.151377809 0.476818004 -0.377281 5.540674 0.098962 0.510022 -0.429640 -0.070213 0.004685 -0.012870 -0.002517 0.054616 -0.252838 0.046029
6059.980569000 0.837400212 0.219414701 0.146579589 0.478677865 -0.355861 5.516366 0.094930 0.509828 -0.484031 -0.082803 0.004687 -0.012881 -0.002527 0.054591 -0.252799 0.046080
6060.032652000 0.840023836 0.206267758 0.140932667 0.481613487 -0.331128 5.491128 0.089613 0.539265 -0.502062 -0.098800 0.004692 -0.012887 -0.002528 0.054586 -0.252755 0.045994
6060.084735000 0.842046245 0.197453430 0.132829499 0.484072917 -0.300837 5.463616 0.084453 0.547039 -0.531538 -0.118534 0.004687 -0.012884 -0.002527 0.054568 -0.252784 0.046072
6060.136818000 0.845130893 0.191168096 0.117510122 0.485180279 -0.270221 5.434452 0.079443 0.531006 -0.572779 -0.068906 0.004685 -0.012877 -0.002525 0.054586 -0.252796 0.046087
6060.188901000 0.850192288 0.180365200 0.103767152 0.483605052 -0.254087 5.405400 0.075597 0.468221 -0.598470 -0.018209 0.004695 -0.012893 -0.002530 0.054539 -0.252666 0.045864
6060.240983000 0.857112226 0.161175637 0.093610348 0.480227185 -0.230588 5.374519 0.074924 0.400073 -0.613554 0.003329 0.004702 -0.012884 -0.002529 0.054600 -0.252636 0.045791
6060.293066000 0.864374008 0.140495033 0.078888630 0.476335286 -0.212374 5.343465 0.074879 0.372384 -0.608421 0.028498 0.004704 -0.012886 -0.002528 0.054567 -0.252599 0.045676
6060.345149000 0.868791375 0.119291320 0.066577601 0.475960661 -0.192170 5.311300 0.077037 0.368790 -0.606331 0.056325 0.004701 -0.012886 -0.002526 0.054522 -0.252577 0.045600
6060.397232000 0.871850378 0.096701336 0.063940513 0.475854369 -0.174673 5.280906 0.080521 0.362085 -0.575421 0.066334 0.004703 -0.012890 -0.002529 0.054519 -0.252590 0.045627
6060.449315000 0.872433783 0.078342546 0.056945080 0.479039661 -0.157529 5.252011 0.083971 0.345225 -0.543457 0.038270 0.004705 -0.012884 -0.002533 0.054567 -0.252645 0.045890
6060.501397000 0.873534400 0.069339905 0.037972773 0.480299593 -0.136520 5.224551 0.086609 0.356474 -0.503918 0.060177 0.004703 -0.012861 -0.002528 0.054680 -0.252590 0.046011
6060.553481000 0.872920449 0.055982944 0.028823106 0.483782004 -0.119793 5.199226 0.089359 0.324220 -0.489049 0.085501 0.004708 -0.012862 -0.002527 0.054683 -0.252514 0.045678
6060.605564000 0.873607764 0.038928710 0.026101744 0.484368382 -0.101218 5.172827 0.093042 0.343373 -0.462787 0.084117 0.004706 -0.012862 -0.002535 0.054625 -0.252504 0.045373
6060.657646000 0.871440368 0.029211394 0.020370321 0.489206940 -0.084200 5.150179 0.097662 0.361350 -0.467009 0.056487 0.004703 -0.012879 -0.002522 0.054630 -0.252506 0.045614
6060.709729000 0.870109218 0.022003846 0.011020937 0.492244166 -0.065661 5.124821 0.099130 0.344522 -0.485323 0.032762 0.004704 -0.012894 -0.002523 0.054617 -0.252497 0.045314
6060.761812000 0.868498305 0.010158315 0.004546309 0.495567185 -0.048082 5.098417 0.099811 0.331318 -0.513639 0.003940 0.004706 -0.012891 -0.002526 0.054651 -0.252500 0.045249
6060.813895000 0.866461529 -0.000616526 -0.003593227 0.499230534 -0.030967 5.071011 0.098646 0.314530 -0.532806 -0.057012 0.004705 -0.012890 -0.002527 0.054638 -0.252489 0.045223
6060.865978000 0.865052490 -0.011262771 -0.017775809 0.501239823 -0.015816 5.044832 0.093324 0.286268 -0.536360 -0.114439 0.004716 -0.012865 -0.002530 0.054799 -0.252457 0.045310
6060.918060000 0.864626320 -0.021399287 -0.041612337 0.500231757 -0.002925 5.018663 0.087713 0.229724 -0.509525 -0.094813 0.004721 -0.012854 -0.002535 0.054863 -0.252474 0.045357
6060.970144000 0.866845368 -0.036261395 -0.064116171 0.493105806 0.008381 4.993020 0.084691 0.194089 -0.453213 -0.036436 0.004717 -0.012866 -0.002526 0.054802 -0.252437 0.045465
6061.022227000 0.869748684 -0.055672127 -0.081722265 0.483486621 0.022312 4.964493 0.084725 0.188235 -0.451655 0.005212 0.004699 -0.012867 -0.002516 0.054529 -0.252349 0.045803
6061.074304000 0.869172456 -0.072352093 -0.097373226 0.479398448 0.034269 4.938402 0.087035 0.215812 -0.478619 0.067915 0.004691 -0.012863 -0.002514 0.054406 -0.252314 0.045981
6061.126392000 0.866294733 -0.091279730 -0.105816838 0.479587576 0.044798 4.913741 0.091884 0.193732 -0.469652 0.099616 0.004693 -0.012864 -0.002515 0.054464 -0.252349 0.046010
6061.178475000 0.862909350 -0.112697305 -0.109306748 0.480352793 0.054740 4.890288 0.097145 0.169372 -0.424938 0.096228 0.004692 -0.012860 -0.002513 0.054457 -0.252321 0.046090
6061.230558000 0.860658115 -0.130028541 -0.113539972 0.479029083 0.064322 4.867153 0.101947 0.162379 -0.421833 0.082387 0.004685 -0.012858 -0.002511 0.054294 -0.252289 0.046159
6061.282641000 0.856680202 -0.145205623 -0.115630950 0.481293925 0.073904 4.843516 0.105410 0.140135 -0.439409 0.038059 0.004677 -0.012852 -0.002508 0.054108 -0.252236 0.046265
6061.334724000 0.852330302 -0.163491341 -0.118503722 0.482452594 0.080339 4.818621 0.105764 0.111706 -0.467591 -0.002771 0.004676 -0.012867 -0.002514 0.054134 -0.252291 0.045895
6061.386810000 0.848966671 -0.180794834 -0.123348824 0.480992606 0.087007 4.791061 0.105361 0.111023 -0.506312 -0.008209 0.004673 -0.012868 -0.002519 0.054063 -0.252280 0.045687
6061.438889000 0.845498738 -0.192843905 -0.129926456 0.480689326 0.095803 4.762968 0.105613 0.147487 -0.550304 -0.002813 0.004673 -0.012867 -0.002509 0.054118 -0.252183 0.045833
6061.490972000 0.841423150 -0.201893273 -0.134933873 0.482741171 0.102132 4.735526 0.104599 0.154056 -0.598872 -0.044346 0.004679 -0.012861 -0.002506 0.054250 -0.252163 0.046031
6061.543067000 0.839214588 -0.205238075 -0.146965391 0.481661065 0.109380 4.704344 0.101828 0.155647 -0.661952 -0.046766 0.004686 -0.012862 -0.002507 0.054373 -0.252127 0.045888
6061.595138000 0.838399714 -0.212172742 -0.156315491 0.477110170 0.116102 4.669372 0.099882 0.110716 -0.704361 -0.031101 0.004687 -0.012862 -0.002507 0.054378 -0.252122 0.045908
6061.647222000 0.836654952 -0.223761929 -0.163525339 0.472438942 0.120420 4.634857 0.098745 0.086710 -0.709751 0.000196 0.004687 -0.012847 -0.002505 0.054353 -0.252049 0.046165
6061.699305000 0.835159238 -0.234336305 -0.172440754 0.466754465 0.123521 4.598564 0.099539 0.034299 -0.692381 0.012156 0.004682 -0.012843 -0.002503 0.054247 -0.252034 0.046325
6061.751387000 0.836462907 -0.250925339 -0.184721898 0.450826020 0.123300 4.564377 0.100640 -0.012404 -0.692086 0.041573 0.004686 -0.012830 -0.002503 0.054300 -0.252005 0.046461
6061.803470000 0.837663542 -0.266256544 -0.195303435 0.435067595 0.123218 4.528293 0.104838 0.014099 -0.712291 0.131098 0.004687 -0.012828 -0.002504 0.054310 -0.252006 0.046427
6061.855553000 0.833590606 -0.277122643 -0.199014473 0.434422586 0.124258 4.489797 0.113953 0.003178 -0.744113 0.196389 0.004686 -0.012824 -0.002502 0.054301 -0.251983 0.046549
6061.907636000 0.826693696 -0.287405505 -0.201446988 0.439766665 0.126437 4.448214 0.124555 -0.001450 -0.738216 0.203342 0.004685 -0.012820 -0.002498 0.054263 -0.251915 0.046656
6061.959719000 0.821181280 -0.292679266 -0.210984056 0.442137853 0.125737 4.411658 0.135018 -0.024938 -0.693790 0.197246 0.004686 -0.012818 -0.002496 0.054266 -0.251913 0.046689
6062.011801000 0.815483222 -0.305381171 -0.218087642 0.440644115 0.123562 4.376550 0.145334 -0.050261 -0.658773 0.200262 0.004686 -0.012818 -0.002496 0.054265 -0.251909 0.046695
6062.063884000 0.804441811 -0.321484434 -0.221122714 0.447912801 0.121226 4.343334 0.156085 -0.002291 -0.667169 0.204882 0.004686 -0.012822 -0.002498 0.054272 -0.251954 0.046628
6062.115968000 0.793557231 -0.331105587 -0.227731031 0.456918580 0.122564 4.307421 0.166735 0.043545 -0.694695 0.202105 0.004686 -0.012819 -0.002498 0.054278 -0.251932 0.046677
6062.168058000 0.786932087 -0.334952350 -0.233712291 0.462518518 0.125327 4.270505 0.176434 0.055102 -0.717895 0.172098 0.004686 -0.012821 -0.002498 0.054266 -0.251942 0.046646
6062.220133000 0.779798588 -0.340430019 -0.238753837 0.467993772 0.127823 4.232774 0.185083 0.036779 -0.731411 0.157217 0.004686 -0.012821 -0.002498 0.054266 -0.251942 0.046646
6062.272216000 0.772190940 -0.350600649 -0.241006364 0.471928246 0.130481 4.193226 0.192677 0.028984 -0.757138 0.146277 0.004688 -0.012812 -0.002495 0.054315 -0.251864 0.046821
6062.324299000 0.763170958 -0.362148986 -0.245026658 0.475794217 0.131854 4.152842 0.200373 0.015072 -0.758816 0.130001 0.004687 -0.012819 -0.002498 0.054326 -0.251945 0.046707
6062.376382000 0.754138853 -0.378319187 -0.248617440 0.475750514 0.132845 4.111280 0.206641 0.019660 -0.748904 0.108054 0.004682 -0.012829 -0.002502 0.054210 -0.252013 0.046479
6062.428465000 0.744802953 -0.394212813 -0.252191235 0.475672577 0.134088 4.072896 0.211708 0.024200 -0.720787 0.075519 0.004682 -0.012829 -0.002502 0.054210 -0.252013 0.046480
6062.480547000 0.739618638 -0.409258993 -0.257538295 0.468129656 0.135413 4.035593 0.214282 0.024053 -0.712416 0.037201 0.004682 -0.012830 -0.002502 0.054190 -0.252008 0.046458
6062.532632000 0.739281570 -0.426399055 -0.261548989 0.450820068 0.135777 3.998114 0.216024 -0.017274 -0.688783 0.045448 0.004679 -0.012832 -0.002503 0.054111 -0.252002 0.046419
6062.584713000 0.734639735 -0.442962496 -0.270576674 0.436894668 0.134089 3.967977 0.218680 -0.014248 -0.698586 0.119542 0.004695 -0.012802 -0.002497 0.054343 -0.251695 0.046709
6062.636796000 0.725095426 -0.456271243 -0.278584277 0.434101344 0.132459 3.933007 0.225964 -0.028960 -0.684730 0.163654 0.004699 -0.012801 -0.002500 0.054457 -0.251711 0.046613
6062.688879000 0.715239036 -0.469454776 -0.279587836 0.435747607 0.130977 3.897187 0.232367 -0.010971 -0.663219 0.125523 0.004699 -0.012806 -0.002503 0.054356 -0.251657 0.046320
6062.740962000 0.710741374 -0.481011988 -0.277718313 0.431678939 0.130151 3.869740 0.237295 0.010196 -0.649254 0.121069 0.004728 -0.012792 -0.002522 0.055082 -0.251694 0.046071
6062.793045000 0.708824254 -0.484670486 -0.278494571 0.430236528 0.131353 3.837410 0.244203 0.024385 -0.665239 0.125783 0.004732 -0.012791 -0.002519 0.055212 -0.251688 0.046135
6062.845127000 0.705229254 -0.489587985 -0.274433372 0.433176209 0.132844 3.802577 0.250240 0.020545 -0.675530 0.094959 0.004731 -0.012794 -0.002518 0.055204 -0.251694 0.046156
6062.897210000 0.701998642 -0.493955298 -0.269951130 0.436271083 0.133395 3.766248 0.254060 0.003095 -0.689659 0.048315 0.004728 -0.012792 -0.002520 0.055131 -0.251703 0.046126
6062.949293000 0.695290810 -0.501200397 -0.271435000 0.437826327 0.131486 3.729373 0.255375 -0.047226 -0.697601 -0.003900 0.004725 -0.012792 -0.002521 0.055050 -0.251731 0.046056
6063.001376000 0.693293423 -0.506781517 -0.269492444 0.435764324 0.131261 3.694427 0.252575 -0.073134 -0.706264 -0.071722 0.004742 -0.012780 -0.002523 0.055595 -0.251642 0.046284
6063.053459000 0.688806025 -0.514447508 -0.271398040 0.432704431 0.126714 3.658224 0.247899 -0.111027 -0.704906 -0.100840 0.004750 -0.012781 -0.002527 0.055789 -0.251671 0.046234
6063.105543000 0.690759403 -0.520215287 -0.268839462 0.424208493 0.120413 3.621333 0.242800 -0.155262 -0.672386 -0.085639 0.004751 -0.012772 -0.002527 0.055765 -0.251622 0.046410
6063.157625000 0.687762101 -0.525300631 -0.268249805 0.423183863 0.112122 3.587373 0.240301 -0.212278 -0.602105 -0.035391 0.004755 -0.012765 -0.002522 0.055812 -0.251614 0.046543
6063.209708000 0.677329121 -0.537396939 -0.272534325 0.422083918 0.097524 3.561651 0.236806 -0.325693 -0.487112 -0.074407 0.004759 -0.012752 -0.002531 0.055893 -0.251555 0.046609
6063.261791000 0.672519330 -0.549826050 -0.286248685 0.404315169 0.079900 3.535459 0.233724 -0.415367 -0.406810 -0.030790 0.004765 -0.012747 -0.002535 0.056083 -0.251542 0.046670
6063.313874000 0.660907990 -0.568245865 -0.301182290 0.386764132 0.056274 3.516073 0.234594 -0.477591 -0.312036 0.065270 0.004766 -0.012744 -0.002536 0.056100 -0.251529 0.046690
6063.365960000 0.639569358 -0.581995735 -0.317254401 0.389334876 0.032570 3.501631 0.240174 -0.490532 -0.290741 0.118572 0.004771 -0.012728 -0.002538 0.056356 -0.251573 0.046858
6063.418039000 0.616591471 -0.590588554 -0.339648852 0.394536153 0.007859 3.487777 0.247496 -0.492265 -0.302482 0.127874 0.004767 -0.012702 -0.002537 0.056179 -0.251486 0.047272
6063.470123000 0.604871196 -0.595388455 -0.355484513 0.391502470 -0.017856 3.474899 0.252966 -0.494644 -0.281253 0.081170 0.004763 -0.012699 -0.002535 0.056079 -0.251501 0.047407
6063.522205000 0.589340272 -0.606010736 -0.373459582 0.382043155 -0.044398 3.462015 0.259069 -0.489432 -0.217540 0.124271 0.004758 -0.012699 -0.002533 0.055922 -0.251487 0.047523
6063.574287000 0.566875098 -0.618070236 -0.386823206 0.383418327 -0.069592 3.451368 0.263768 -0.472320 -0.228769 0.043462 0.004756 -0.012691 -0.002535 0.055802 -0.251505 0.047593
6063.626371000 0.548223195 -0.633314979 -0.402852741 0.368880922 -0.094737 3.440767 0.265290 -0.466937 -0.211372 0.015223 0.004749 -0.012694 -0.002535 0.055582 -0.251520 0.047667
6063.678453000 0.527299873 -0.649427529 -0.417774942 0.354489530 -0.117611 3.426563 0.265326 -0.409739 -0.243217 0.000018 0.004743 -0.012684 -0.002538 0.055406 -0.251499 0.047824
6063.730537000 0.503892618 -0.663821031 -0.432855344 0.343613328 -0.138592 3.413219 0.265153 -0.375615 -0.279947 -0.008610 0.004737 -0.012682 -0.002531 0.055265 -0.251383 0.048121
6063.782619000 0.481533103 -0.674703069 -0.447352231 0.335823794 -0.158449 3.397948 0.263101 -0.381478 -0.322149 -0.048017 0.004732 -0.012670 -0.002527 0.055170 -0.251247 0.048429
6063.834702000 0.467892041 -0.682959712 -0.459255006 0.322068176 -0.178894 3.379293 0.260226 -0.388845 -0.376879 -0.058201 0.004729 -0.012668 -0.002524 0.055080 -0.251197 0.048536
6063.886785000 0.453559842 -0.691488567 -0.471049241 0.306984761 -0.198763 3.359946 0.257151 -0.346088 -0.429066 -0.009837 0.004734 -0.012656 -0.002519 0.055239 -0.251064 0.048708
6063.938868000 0.437594054 -0.693485827 -0.485489151 0.303132209 -0.216746 3.338213 0.257008 -0.313085 -0.470559 -0.001254 0.004729 -0.012651 -0.002516 0.055031 -0.250973 0.048849
6063.990947000 0.425656106 -0.695160923 -0.498931331 0.294339427 -0.232326 3.314711 0.255692 -0.282221 -0.516840 0.001590 0.004734 -0.012629 -0.002511 0.055239 -0.250796 0.049147
6064.043034000 0.417462085 -0.695264098 -0.513736641 0.280014116 -0.247448 3.289707 0.256073 -0.268138 -0.524368 0.021416 0.004734 -0.012624 -0.002512 0.055117 -0.250754 0.049163
6064.095117000 0.416030901 -0.696270690 -0.520366913 0.267102399 -0.262043 3.262626 0.257536 -0.259915 -0.559430 0.068041 0.004736 -0.012627 -0.002516 0.055067 -0.250721 0.048972
6064.147200000 0.417614906 -0.693051342 -0.523064965 0.267732459 -0.275555 3.234389 0.262683 -0.243338 -0.546704 0.103508 0.004735 -0.012622 -0.002512 0.054972 -0.250672 0.049092
6064.199282000 0.411623349 -0.693628919 -0.524474556 0.272711534 -0.287639 3.208735 0.268359 -0.203506 -0.441671 0.076939 0.004729 -0.012625 -0.002512 0.054846 -0.250705 0.049048
6064.251365000 0.412791707 -0.695426515 -0.525290597 0.264678593 -0.298260 3.186444 0.271676 -0.211080 -0.395860 0.060434 0.004730 -0.012628 -0.002510 0.054878 -0.250725 0.049023
6064.303449000 0.411668608 -0.693737425 -0.533012950 0.255253869 -0.309658 3.166111 0.276234 -0.226460 -0.347508 0.063886 0.004722 -0.012637 -0.002511 0.054844 -0.250776 0.048910
6064.355531000 0.405745100 -0.694431504 -0.537676335 0.253061177 -0.322236 3.148722 0.279284 -0.253577 -0.305197 0.044057 0.004719 -0.012641 -0.002509 0.054785 -0.250771 0.048916
6064.407614000 0.395687502 -0.696917762 -0.543161581 0.250424703 -0.335674 3.134151 0.280957 -0.276529 -0.266539 0.001289 0.004718 -0.012644 -0.002509 0.054811 -0.250822 0.048842
6064.459692000 0.391050234 -0.701560378 -0.544579926 0.241506637 -0.350095 3.121134 0.280925 -0.288592 -0.249906 -0.005620 0.004715 -0.012644 -0.002513 0.054999 -0.250914 0.048762
6064.511780000 0.387572243 -0.703358864 -0.547587835 0.234992825 -0.364714 3.107755 0.280666 -0.283143 -0.242250 -0.008413 0.004712 -0.012645 -0.002512 0.055070 -0.250908 0.048816
6064.563863000 0.381227086 -0.704743053 -0.549900826 0.235822432 -0.379238 3.093958 0.279907 -0.298158 -0.259930 -0.027615 0.004711 -0.012644 -0.002513 0.055160 -0.250916 0.048964
6064.615946000 0.377052683 -0.702672631 -0.555437791 0.235735673 -0.395244 3.080319 0.278181 -0.322445 -0.255477 -0.043621 0.004708 -0.012645 -0.002513 0.055165 -0.250898 0.049002
6064.668029000 0.373157507 -0.703626362 -0.556903923 0.235629876 -0.412639 3.066856 0.274819 -0.350810 -0.252732 -0.070540 0.004707 -0.012646 -0.002516 0.055303 -0.250858 0.048991
6064.720111000 0.367080122 -0.706396293 -0.557720894 0.234955032 -0.431265 3.053283 0.271152 -0.372599 -0.232276 -0.063786 0.004710 -0.012648 -0.002516 0.055451 -0.250777 0.049020
6064.772194000 0.359301642 -0.709634695 -0.558511301 0.235342424 -0.451508 3.041194 0.268713 -0.408830 -0.213635 -0.031711 0.004706 -0.012643 -0.002515 0.055390 -0.250696 0.049203
6064.824277000 0.348165774 -0.713408295 -0.560634279 0.235623435 -0.473115 3.031359 0.267433 -0.421275 -0.164562 -0.019807 0.004704 -0.012638 -0.002521 0.055338 -0.250687 0.049251
6064.876360000 0.333122997 -0.720096441 -0.564254353 0.228270037 -0.494566 3.023617 0.266519 -0.412486 -0.134474 -0.014172 0.004705 -0.012643 -0.002525 0.055489 -0.250719 0.049149
6064.928438000 0.325500266 -0.728935127 -0.562530266 0.215088021 -0.516169 3.013647 0.267241 -0.418504 -0.185117 0.041614 0.004704 -0.012646 -0.002524 0.055639 -0.250724 0.049171
6064.980526000 0.314836806 -0.729648146 -0.566747487 0.217459548 -0.537743 3.003049 0.270056 -0.401905 -0.193419 0.046961 0.004699 -0.012637 -0.002524 0.055517 -0.250653 0.049347
6065.032609000 0.305214176 -0.731780769 -0.568594964 0.219182527 -0.558151 2.993506 0.270794 -0.373115 -0.179685 -0.008051 0.004695 -0.012632 -0.002525 0.055412 -0.250601 0.049452
6065.084692000 0.303164327 -0.736011299 -0.568238367 0.208527975 -0.577054 2.984481 0.269934 -0.356827 -0.174784 -0.020526 0.004697 -0.012640 -0.002524 0.055439 -0.250599 0.049355
6065.136775000 0.299542247 -0.740274828 -0.567457996 0.200646566 -0.594920 2.975299 0.269251 -0.334564 -0.178832 -0.007275 0.004699 -0.012645 -0.002524 0.055474 -0.250587 0.049302
6065.188858000 0.293221508 -0.741734054 -0.569325881 0.199298225 -0.612692 2.965371 0.268591 -0.346291 -0.188807 -0.019145 0.004697 -0.012639 -0.002526 0.055392 -0.250537 0.049399
6065.240940000 0.291497858 -0.744892464 -0.569016955 0.190745698 -0.631446 2.955204 0.267260 -0.368928 -0.190738 -0.024371 0.004697 -0.012638 -0.002528 0.055385 -0.250500 0.049406
6065.293023000 0.289557227 -0.748025360 -0.568060230 0.184179933 -0.651086 2.945241 0.266014 -0.397601 -0.185769 -0.024477 0.004699 -0.012645 -0.002529 0.055452 -0.250510 0.049300
6065.345106000 0.286150526 -0.748597050 -0.570108853 0.180820986 -0.672839 2.935590 0.264542 -0.449545 -0.157573 -0.041783 0.004700 -0.012651 -0.002530 0.055541 -0.250512 0.049246
6065.397189000 0.282468611 -0.751547258 -0.570702956 0.172297240 -0.697575 2.927665 0.262029 -0.503253 -0.146601 -0.044835 0.004701 -0.012648 -0.002531 0.055568 -0.250461 0.049325
6065.449272000 0.278777303 -0.753668252 -0.572288952 0.163562636 -0.725049 2.919356 0.260453 -0.544308 -0.144906 -0.012828 0.004701 -0.012647 -0.002532 0.055630 -0.250434 0.049361
6065.501355000 0.271090743 -0.755956939 -0.574108539 0.159493891 -0.754250 2.910492 0.260073 -0.567655 -0.169461 0.007929 0.004702 -0.012643 -0.002537 0.055756 -0.250419 0.049362
6065.553438000 0.267780476 -0.755060060 -0.578052411 0.155026878 -0.785219 2.900474 0.260097 -0.593272 -0.171055 -0.012669 0.004703 -0.012639 -0.002542 0.055856 -0.250382 0.049360
6065.605520000 0.266312839 -0.758314711 -0.577150581 0.144684062 -0.816953 2.891476 0.258979 -0.611029 -0.150908 -0.016503 0.004703 -0.012626 -0.002547 0.055914 -0.250368 0.049433
6065.657604000 0.267952215 -0.758344175 -0.579112245 0.133209351 -0.849668 2.883194 0.259271 -0.616279 -0.136152 0.029114 0.004702 -0.012614 -0.002552 0.055949 -0.250352 0.049495
6065.709687000 0.267945245 -0.759112856 -0.579166473 0.128527092 -0.882734 2.877541 0.260866 -0.638458 -0.130563 0.065391 0.004703 -0.012603 -0.002558 0.055829 -0.250258 0.049569
6065.761770000 0.270460971 -0.753608042 -0.584046365 0.133475188 -0.916599 2.870803 0.264956 -0.629067 -0.129653 0.091721 0.004701 -0.012596 -0.002563 0.055726 -0.250177 0.049592
6065.813852000 0.271994715 -0.747365264 -0.589840247 0.139830328 -0.948651 2.865105 0.268977 -0.599629 -0.102075 0.068947 0.004701 -0.012589 -0.002564 0.055719 -0.250112 0.049665
6065.865935000 0.277293108 -0.743510177 -0.591727933 0.141983109 -0.979883 2.860814 0.272424 -0.592407 -0.084545 0.047078 0.004700 -0.012584 -0.002568 0.055693 -0.250149 0.049633
6065.918018000 0.283729101 -0.740181200 -0.591631635 0.146974819 -1.011828 2.858961 0.274297 -0.608462 -0.042094 0.010144 0.004697 -0.012584 -0.002567 0.055544 -0.250161 0.049564
6065.970101000 0.287076982 -0.735829122 -0.594026293 0.152561700 -1.044907 2.857529 0.274011 -0.643428 -0.008712 -0.035713 0.004693 -0.012580 -0.002566 0.055510 -0.250173 0.049551
6066.022183000 0.288337759 -0.735109037 -0.594075411 0.153461545 -1.079773 2.858953 0.270678 -0.676653 0.060645 -0.096595 0.004689 -0.012576 -0.002564 0.055465 -0.250175 0.049547
6066.074266000 0.285821686 -0.740834525 -0.588815928 0.150883976 -1.116544 2.863897 0.264588 -0.717224 0.108919 -0.132877 0.004686 -0.012569 -0.002562 0.055386 -0.250166 0.049546
6066.126349000 0.282060447 -0.746431135 -0.583371616 0.151525649 -1.155643 2.870494 0.257143 -0.775747 0.132373 -0.153719 0.004684 -0.012562 -0.002563 0.055319 -0.250192 0.049501
6066.178432000 0.281067065 -0.752095899 -0.576793821 0.150538869 -1.198129 2.878228 0.248337 -0.837435 0.114271 -0.142968 0.004686 -0.012548 -0.002569 0.055233 -0.250014 0.049560
6066.230515000 0.285186040 -0.751864051 -0.573932554 0.154825044 -1.242187 2.885511 0.241767 -0.863900 0.083537 -0.106628 0.004685 -0.012546 -0.002566 0.055149 -0.250022 0.049438
6066.282598000 0.291611851 -0.750270806 -0.572155575 0.157144024 -1.286513 2.893799 0.235751 -0.834609 0.150319 -0.100676 0.004683 -0.012541 -0.002564 0.055021 -0.249929 0.049424
6066.334681000 0.297463262 -0.756419190 -0.564104757 0.145366572 -1.329492 2.903681 0.232205 -0.819947 0.131434 -0.003101 0.004686 -0.012530 -0.002564 0.054931 -0.249862 0.049397
6066.386763000 0.303921748 -0.757890812 -0.557897555 0.148268024 -1.371528 2.909895 0.234372 -0.807015 0.097746 0.066895 0.004690 -0.012532 -0.002562 0.054860 -0.249794 0.049334
6066.438847000 0.305665492 -0.755371933 -0.555586040 0.165245275 -1.414772 2.915569 0.237006 -0.839328 0.084914 0.031286 0.004692 -0.012521 -0.002561 0.054740 -0.249726 0.049342
6066.490929000 0.309977212 -0.749738215 -0.559132524 0.170814393 -1.459731 2.920751 0.236623 -0.861519 0.087208 -0.043128 0.004691 -0.012513 -0.002561 0.054645 -0.249687 0.049320
6066.543013000 0.318737004 -0.750144503 -0.557951471 0.156141294 -1.504475 2.924645 0.234995 -0.855243 0.044209 0.000576 0.004692 -0.012519 -0.002556 0.054559 -0.249705 0.049254
6066.595095000 0.318917200 -0.749138746 -0.557992104 0.160398786 -1.548210 2.926718 0.237220 -0.819017 0.019343 0.054233 0.004693 -0.012523 -0.002551 0.054438 -0.249704 0.049182
6066.647178000 0.309826552 -0.750565644 -0.556801935 0.175015217 -1.591814 2.929609 0.238651 -0.841314 0.027008 0.012625 0.004690 -0.012510 -0.002555 0.054363 -0.249718 0.049138
6066.699261000 0.307066656 -0.751732477 -0.556325600 0.176380776 -1.636682 2.930687 0.239375 -0.863377 0.025517 0.002489 0.004687 -0.012510 -0.002557 0.054361 -0.249770 0.049094
6066.751344000 0.303350323 -0.755836206 -0.553860152 0.173000414 -1.682229 2.933654 0.239552 -0.871835 0.046559 0.002866 0.004689 -0.012506 -0.002562 0.054280 -0.249806 0.049007
6066.803427000 0.293090380 -0.761623141 -0.551207183 0.173778195 -1.728109 2.936501 0.239884 -0.890512 0.042710 0.016353 0.004691 -0.012503 -0.002565 0.054256 -0.249787 0.048987
6066.855509000 0.283693257 -0.764775894 -0.551369043 0.175008989 -1.775179 2.938534 0.240511 -0.909915 0.015898 0.005711 0.004691 -0.012493 -0.002570 0.054277 -0.249747 0.049033
6066.907592000 0.277523750 -0.765540061 -0.553979386 0.173308463 -1.823033 2.939492 0.238870 -0.926193 0.024342 -0.052383 0.004692 -0.012483 -0.002576 0.054347 -0.249735 0.049051
6066.959678000 0.272251503 -0.769862508 -0.552797861 0.166148618 -1.870578 2.940584 0.235262 -0.926210 0.006541 -0.050794 0.004696 -0.012476 -0.002582 0.054490 -0.249675 0.049068
6067.011757000 0.270797349 -0.769508343 -0.555183338 0.162164011 -1.918063 2.940814 0.232730 -0.903881 -0.007689 -0.030454 0.004698 -0.012469 -0.002585 0.054518 -0.249607 0.049104
6067.063841000 0.266963652 -0.771891438 -0.555596282 0.155649567 -1.963247 2.942565 0.230854 -0.858058 0.052481 0.015042 0.004701 -0.012449 -0.002595 0.054660 -0.249463 0.049235
6067.115924000 0.259211990 -0.776477972 -0.555266772 0.146866996 -2.006793 2.946804 0.232823 -0.833473 0.080677 0.065085 0.004703 -0.012442 -0.002599 0.054701 -0.249475 0.049247
6067.168007000 0.249669373 -0.781186736 -0.553771901 0.144045720 -2.048776 2.952054 0.237357 -0.830574 0.073261 0.092569 0.004708 -0.012443 -0.002601 0.054791 -0.249503 0.049234
6067.220090000 0.238618058 -0.780638859 -0.558279735 0.148283954 -2.091789 2.955002 0.240477 -0.827580 0.020273 0.047390 0.004712 -0.012434 -0.002604 0.054813 -0.249422 0.049279
6067.272173000 0.237594106 -0.782548712 -0.557292447 0.143498026 -2.134859 2.955535 0.241740 -0.805238 -0.018025 0.026071 0.004714 -0.012419 -0.002609 0.054864 -0.249412 0.049317
6067.324256000 0.238314455 -0.782340939 -0.557207979 0.143764198 -2.176705 2.954306 0.242689 -0.798600 -0.046406 0.018993 0.004717 -0.012409 -0.002610 0.054861 -0.249377 0.049352
6067.376339000 0.235266259 -0.780573404 -0.559221166 0.150421528 -2.217103 2.952474 0.242269 -0.807251 -0.041470 -0.022594 0.004722 -0.012412 -0.002613 0.054851 -0.249302 0.049333
6067.428421000 0.233174290 -0.781231913 -0.558451473 0.153096051 -2.258631 2.950935 0.239333 -0.830302 -0.044999 -0.072594 0.004727 -0.012411 -0.002617 0.054877 -0.249262 0.049306
6067.480504000 0.232586215 -0.782745033 -0.557461565 0.149834807 -2.301114 2.949382 0.233885 -0.845308 -0.047808 -0.099804 0.004727 -0.012398 -0.002619 0.054952 -0.249172 0.049399
6067.532587000 0.230598514 -0.783922586 -0.556617976 0.149887068 -2.344985 2.946619 0.228351 -0.870455 -0.056033 -0.116752 0.004727 -0.012398 -0.002621 0.055010 -0.249177 0.049422
6067.584670000 0.227909870 -0.785896866 -0.554842307 0.150243871 -2.387513 2.944040 0.220458 -0.899131 -0.048333 -0.139961 0.004738 -0.012395 -0.002632 0.055179 -0.249074 0.049518
6067.636753000 0.224448189 -0.789177365 -0.551960619 0.148867631 -2.433698 2.940712 0.212746 -0.914276 -0.054842 -0.147062 0.004743 -0.012403 -0.002635 0.055247 -0.249096 0.049538
6067.688836000 0.223382185 -0.790241848 -0.550675674 0.149581162 -2.481321 2.937523 0.204965 -0.905939 -0.081273 -0.141133 0.004747 -0.012394 -0.002634 0.055238 -0.249047 0.049597
6067.740919000 0.227256012 -0.788458099 -0.552002128 0.148263893 -2.527897 2.933261 0.197054 -0.854044 -0.066609 -0.157403 0.004744 -0.012393 -0.002631 0.055207 -0.249060 0.049660
6067.793001000 0.236984069 -0.790634605 -0.548196643 0.134966342 -2.570853 2.929685 0.191659 -0.804030 -0.060148 -0.059779 0.004744 -0.012401 -0.002629 0.055226 -0.249125 0.049646
6067.845084000 0.240568079 -0.790081426 -0.547618772 0.134208871 -2.610229 2.927328 0.190046 -0.739379 -0.026353 -0.008180 0.004746 -0.012402 -0.002631 0.055230 -0.249143 0.049655
6067.897167000 0.236762996 -0.791203383 -0.546237460 0.139875400 -2.650514 2.925953 0.190214 -0.705126 -0.003357 0.027756 0.004744 -0.012394 -0.002626 0.055171 -0.249093 0.049654
6067.949250000 0.232241418 -0.789110809 -0.550581438 0.142225647 -2.684175 2.926626 0.190631 -0.661340 0.031909 0.004397 0.004749 -0.012384 -0.002627 0.055168 -0.249026 0.049871
6068.001333000 0.228549665 -0.794623981 -0.547028544 0.130757609 -2.712918 2.931844 0.191025 -0.591837 0.026327 0.019287 0.004756 -0.012379 -0.002636 0.055265 -0.249147 0.049770
6068.053416000 0.225114973 -0.800279412 -0.540522469 0.129273246 -2.738816 2.935105 0.193232 -0.532962 -0.003017 0.049228 0.004761 -0.012371 -0.002641 0.055332 -0.249233 0.049706
6068.105499000 0.223053213 -0.801545973 -0.538709988 0.132524966 -2.767765 2.933656 0.195643 -0.507524 -0.027033 0.046951 0.004760 -0.012367 -0.002641 0.055307 -0.249189 0.049703
6068.157582000 0.223039523 -0.801902170 -0.537132052 0.136731268 -2.793731 2.932764 0.197067 -0.479426 -0.015199 0.005886 0.004759 -0.012364 -0.002643 0.055371 -0.249204 0.049687
6068.209664000 0.225970308 -0.800315794 -0.538935550 0.134091473 -2.815185 2.934023 0.197052 -0.442172 0.006798 0.005731 0.004765 -0.012362 -0.002650 0.055416 -0.249212 0.049637
6068.261748000 0.223262842 -0.799458262 -0.541549383 0.133208318 -2.835228 2.936686 0.196887 -0.370939 0.060704 -0.002188 0.004770 -0.012358 -0.002654 0.055422 -0.249216 0.049608
6068.313828000 0.212713532 -0.800572937 -0.544593652 0.131353265 -2.852677 2.942359 0.195901 -0.312367 0.133013 -0.026025 0.004775 -0.012358 -0.002655 0.055377 -0.249148 0.049541
6068.365913000 0.196469083 -0.805451107 -0.545480702 0.122878870 -2.865914 2.951892 0.192977 -0.239060 0.200690 -0.056609 0.004780 -0.012352 -0.002662 0.055511 -0.249129 0.049557
6068.417996000 0.179914924 -0.810050704 -0.548107567 0.105007484 -2.874482 2.965944 0.190146 -0.166658 0.239031 -0.057365 0.004782 -0.012347 -0.002668 0.055541 -0.249208 0.049447
6068.470080000 0.163564908 -0.813111783 -0.552211995 0.084602959 -2.881391 2.978488 0.188174 -0.068499 0.257590 -0.020133 0.004781 -0.012344 -0.002668 0.055558 -0.249201 0.049479
6068.522162000 0.140755617 -0.818069074 -0.554202717 0.061726775 -2.878353 2.995026 0.187323 0.061137 0.238721 -0.020123 0.004781 -0.012341 -0.002671 0.055607 -0.249313 0.049346
6068.574244000 0.113617785 -0.826639001 -0.549920341 0.036695775 -2.871557 3.008609 0.187405 0.130079 0.183951 0.034840 0.004783 -0.012329 -0.002678 0.055812 -0.249366 0.049279
6068.626329000 0.085955320 -0.829630688 -0.551252100 0.021112269 -2.863815 3.016134 0.190368 0.150859 0.130114 0.064484 0.004781 -0.012335 -0.002676 0.055860 -0.249383 0.049333
6068.678411000 0.063947165 -0.827979968 -0.557072573 0.005484519 -2.855326 3.020977 0.194653 0.181020 0.080951 0.091598 0.004776 -0.012338 -0.002676 0.055849 -0.249406 0.049372
6068.730494000 -0.042557872 0.825324473 0.562981466 0.008956072 -2.843593 3.025125 0.200405 0.273073 0.049914 0.113324 0.004770 -0.012326 -0.002683 0.055714 -0.249490 0.049334
6068.782571000 -0.011193661 0.823945572 0.566260272 0.018376608 -2.827164 3.028401 0.206212 0.357750 0.019337 0.100336 0.004766 -0.012308 -0.002689 0.055710 -0.249526 0.049342
6068.834659000 0.016797922 0.821809211 0.568788344 0.028762312 -2.806954 3.028717 0.211501 0.391364 -0.030416 0.113547 0.004765 -0.012298 -0.002695 0.055678 -0.249509 0.049273
6068.886742000 0.037030983 0.820253822 0.569397249 0.039989324 -2.785253 3.027144 0.216701 0.437136 -0.048041 0.110782 0.004765 -0.012290 -0.002698 0.055687 -0.249427 0.049241
6068.938825000 0.057017550 0.816970511 0.572049155 0.045474682 -2.760255 3.024552 0.222529 0.506960 -0.065412 0.109696 0.004764 -0.012286 -0.002701 0.055593 -0.249429 0.049189
6068.990907000 0.078983460 0.808461316 0.580837318 0.052724983 -2.732354 3.021750 0.228363 0.569918 -0.053743 0.075284 0.004760 -0.012283 -0.002703 0.055520 -0.249521 0.049186
6069.042990000 0.100880504 0.803980903 0.581916287 0.069363292 -2.700923 3.018912 0.230533 0.634283 -0.052567 0.045444 0.004759 -0.012279 -0.002707 0.055593 -0.249460 0.049106
6069.095073000 0.123464305 0.800618184 0.579532451 0.088933834 -2.666427 3.014765 0.232045 0.699177 -0.071530 0.027708 0.004757 -0.012289 -0.002701 0.055568 -0.249392 0.049153
6069.147157000 0.147663161 0.797065287 0.576100085 0.104838977 -2.627399 3.009850 0.230438 0.738253 -0.098982 0.009184 0.004768 -0.012279 -0.002710 0.056072 -0.249222 0.048959
6069.199240000 0.168796876 0.791507820 0.575337632 0.118362134 -2.588255 3.004199 0.230503 0.764876 -0.117441 -0.012438 0.004767 -0.012278 -0.002711 0.056043 -0.249210 0.048962
6069.251323000 0.188158162 0.785955639 0.573711363 0.133137191 -2.547969 2.997434 0.229769 0.780724 -0.130772 -0.019320 0.004770 -0.012280 -0.002708 0.056153 -0.249197 0.049028
6069.303405000 0.204459127 0.780116327 0.573203192 0.145096805 -2.507344 2.990174 0.229226 0.778494 -0.142989 -0.006840 0.004772 -0.012283 -0.002705 0.056197 -0.249193 0.049078
6069.355489000 0.217862080 0.772650345 0.576150997 0.153615064 -2.467048 2.982950 0.228277 0.780349 -0.141276 -0.009285 0.004773 -0.012278 -0.002703 0.056283 -0.249109 0.049165
6069.407571000 0.228297998 0.766748596 0.577884639 0.161325628 -2.426609 2.975723 0.228011 0.781130 -0.141376 0.000099 0.004773 -0.012277 -0.002704 0.056298 -0.249100 0.049191
6069.459654000 0.234548456 0.759627291 0.581372492 0.173087914 -2.386036 2.968828 0.228398 0.796910 -0.133819 0.004291 0.004772 -0.012270 -0.002703 0.056370 -0.249081 0.049298
6069.511737000 0.243841827 0.756771394 0.578265406 0.182886141 -2.344416 2.962066 0.228704 0.816603 -0.138179 0.015542 0.004770 -0.012256 -0.002698 0.056575 -0.249022 0.049612
6069.563819000 0.253726238 0.752507575 0.577363892 0.189753214 -2.301678 2.954601 0.229631 0.820080 -0.146643 0.023675 0.004766 -0.012260 -0.002698 0.056446 -0.248974 0.049522
6069.615902000 0.262157743 0.748955329 0.576283782 0.195540882 -2.259429 2.947126 0.230891 0.802321 -0.152948 0.022376 0.004763 -0.012260 -0.002696 0.056379 -0.248944 0.049539
6069.667986000 0.269129318 0.745860315 0.575982517 0.198761012 -2.217131 2.937355 0.230531 0.793631 -0.163416 -0.005996 0.004766 -0.012263 -0.002705 0.056522 -0.248955 0.049250
6069.720068000 0.276129551 0.742781231 0.575236878 0.202807909 -2.175985 2.929412 0.230464 0.784105 -0.166674 -0.020063 0.004763 -0.012266 -0.002706 0.056328 -0.249090 0.049197
6069.772151000 0.284367944 0.737571988 0.574833404 0.211397711 -2.135168 2.920887 0.229479 0.765643 -0.169995 -0.040541 0.004757 -0.012272 -0.002702 0.056159 -0.249138 0.049169
6069.824234000 0.296043530 0.733973158 0.569575069 0.221869044 -2.096137 2.912493 0.227020 0.749538 -0.172892 -0.043733 0.004755 -0.012270 -0.002702 0.056108 -0.249087 0.049199
6069.876317000 0.308861048 0.729031734 0.564255044 0.233952622 -2.058500 2.903887 0.225020 0.715343 -0.179143 -0.022650 0.004754 -0.012269 -0.002701 0.056065 -0.249010 0.049191
6069.928400000 0.325279559 0.721953474 0.560425986 0.242691376 -2.021621 2.894112 0.224478 0.717250 -0.192329 -0.014917 0.004754 -0.012265 -0.002703 0.056096 -0.249030 0.049274
6069.980483000 0.345912330 0.712043192 0.559285063 0.246047498 -1.985164 2.884535 0.223204 0.695756 -0.176159 -0.031625 0.004753 -0.012262 -0.002701 0.056124 -0.248965 0.049362
6070.032566000 0.361908580 0.702912852 0.556741068 0.254902109 -1.949009 2.875933 0.220914 0.700748 -0.152112 -0.062821 0.004751 -0.012260 -0.002701 0.056143 -0.248962 0.049402
6070.084648000 0.379405339 0.696039896 0.547960933 0.267055926 -1.912428 2.868316 0.217447 0.714920 -0.152834 -0.068053 0.004750 -0.012258 -0.002699 0.056123 -0.248922 0.049486
6070.136731000 0.398799400 0.687824441 0.539830985 0.276476191 -1.874792 2.860246 0.213986 0.711101 -0.147521 -0.065971 0.004750 -0.012259 -0.002700 0.056103 -0.248942 0.049445
6070.188814000 0.415151586 0.680647701 0.533338542 0.282697485 -1.837218 2.852293 0.210341 0.711858 -0.133335 -0.054720 0.004753 -0.012262 -0.002706 0.056228 -0.248936 0.049225
6070.240897000 0.426264053 0.674044366 0.529570583 0.288995066 -1.799676 2.846120 0.207236 0.740526 -0.100073 -0.061406 0.004752 -0.012258 -0.002708 0.056226 -0.248937 0.049233
6070.292980000 0.431649227 0.669957020 0.525728355 0.297399114 -1.756576 2.838607 0.204438 0.808268 -0.072273 -0.071060 0.004755 -0.012266 -0.002709 0.056366 -0.249130 0.049082
6070.345063000 0.436544244 0.665824033 0.519975208 0.309407923 -1.711830 2.834652 0.200247 0.878830 -0.064218 -0.061761 0.004756 -0.012269 -0.002711 0.056423 -0.249072 0.048991
6070.397145000 0.439423964 0.662765300 0.512672912 0.323751790 -1.663847 2.831589 0.197634 0.914840 -0.075636 -0.026326 0.004755 -0.012275 -0.002714 0.056352 -0.249067 0.048850
6070.449228000 0.445491624 0.658753356 0.505169698 0.335238430 -1.615355 2.824864 0.196152 0.929246 -0.138480 -0.008666 0.004757 -0.012273 -0.002718 0.056529 -0.249019 0.048771
6070.501311000 0.460535098 0.652445289 0.496137933 0.340690063 -1.565300 2.813806 0.194746 0.942465 -0.180318 -0.004235 0.004762 -0.012277 -0.002722 0.056836 -0.248880 0.048674
6070.553395000 0.472235909 0.646677367 0.486836564 0.348986804 -1.516697 2.806150 0.194835 0.928747 -0.148191 0.025460 0.004764 -0.012280 -0.002723 0.056777 -0.248868 0.048622
6070.605477000 0.476799213 0.641951270 0.476865182 0.364911874 -1.468469 2.797486 0.196781 0.901823 -0.146656 0.050470 0.004766 -0.012279 -0.002726 0.056930 -0.248912 0.048496
6070.657560000 0.482400804 0.635101924 0.470895674 0.377083908 -1.422484 2.788601 0.199937 0.859796 -0.177999 0.062225 0.004766 -0.012280 -0.002728 0.056969 -0.248970 0.048427
6070.709643000 0.491307824 0.627299074 0.468135895 0.382048788 -1.377434 2.781674 0.202370 0.819202 -0.195145 0.054106 0.004776 -0.012312 -0.002715 0.056794 -0.248958 0.048388
6070.761726000 0.500029215 0.616345968 0.475557244 0.379386003 -1.335582 2.769736 0.204840 0.804623 -0.206674 0.022200 0.004777 -0.012311 -0.002715 0.056921 -0.248997 0.048382
6070.813809000 0.506709328 0.603067136 0.484581462 0.380442496 -1.292300 2.756673 0.204653 0.829583 -0.224243 -0.040630 0.004777 -0.012309 -0.002722 0.057009 -0.249098 0.048224
6070.865892000 0.516607631 0.591159322 0.486080144 0.383892309 -1.248024 2.741959 0.201300 0.872415 -0.250880 -0.109024 0.004776 -0.012302 -0.002730 0.057148 -0.249205 0.048109
6070.917975000 0.528067131 0.582865486 0.481436364 0.386822903 -1.202309 2.727686 0.194391 0.891868 -0.248232 -0.147768 0.004775 -0.012297 -0.002735 0.057314 -0.249195 0.048021
6070.970057000 0.535224748 0.577953284 0.478181696 0.388389927 -1.155104 2.715326 0.186607 0.919734 -0.239773 -0.138471 0.004772 -0.012296 -0.002737 0.057285 -0.249180 0.047976
6071.022140000 0.537421252 0.576013718 0.477315072 0.389303118 -1.108458 2.703118 0.180679 0.944571 -0.225446 -0.098174 0.004770 -0.012291 -0.002739 0.057382 -0.249175 0.047998
6071.074223000 0.536685438 0.576027278 0.475172990 0.392901955 -1.060214 2.689759 0.176677 0.975514 -0.279710 -0.065611 0.004769 -0.012292 -0.002739 0.057532 -0.249164 0.048038
6071.126306000 0.543256774 0.571952617 0.468198814 0.398160961 -1.009329 2.673486 0.174073 0.968793 -0.344279 -0.041395 0.004768 -0.012292 -0.002740 0.057526 -0.249147 0.048011
6071.178389000 0.554850326 0.571527756 0.455435693 0.397587059 -0.958043 2.655256 0.172129 0.953995 -0.341258 -0.011936 0.004766 -0.012292 -0.002743 0.057476 -0.249205 0.047910
6071.230472000 0.558751305 0.575935855 0.443335994 0.399434684 -0.909038 2.638721 0.174691 0.910335 -0.287850 0.105968 0.004765 -0.012292 -0.002747 0.057484 -0.249225 0.047818
6071.282555000 0.557770391 0.573947266 0.453336307 0.392381090 -0.861841 2.623239 0.180125 0.889949 -0.292085 0.082751 0.004763 -0.012288 -0.002753 0.057466 -0.249262 0.047766
6071.334638000 0.556389782 0.571052343 0.458565438 0.392488688 -0.817745 2.607841 0.182959 0.875482 -0.286979 0.037565 0.004764 -0.012289 -0.002751 0.057571 -0.249257 0.047777
6071.386721000 0.551453849 0.574172380 0.449967175 0.404665629 -0.773466 2.594066 0.185378 0.836299 -0.279262 0.057999 0.004762 -0.012283 -0.002753 0.057502 -0.249241 0.047824
6071.438804000 0.550611216 0.574981172 0.443635416 0.411596353 -0.730466 2.578632 0.188972 0.805938 -0.325719 0.083570 0.004762 -0.012280 -0.002753 0.057515 -0.249203 0.047821
6071.490887000 0.557132315 0.561548476 0.454729535 0.409252907 -0.689452 2.560204 0.192276 0.808618 -0.373725 0.049715 0.004763 -0.012278 -0.002753 0.057575 -0.249146 0.047826
6071.542969000 0.563048632 0.550507529 0.460686267 0.409494642 -0.647983 2.541176 0.193118 0.819286 -0.351607 -0.004835 0.004763 -0.012275 -0.002755 0.057634 -0.249114 0.047816
6071.595052000 0.563556850 0.546702263 0.457931067 0.416916598 -0.604568 2.522535 0.191137 0.855521 -0.369178 -0.058960 0.004763 -0.012273 -0.002758 0.057669 -0.249069 0.047798
6071.647135000 0.565107552 0.541515007 0.457930337 0.421562282 -0.560176 2.502621 0.187589 0.876254 -0.379936 -0.075252 0.004760 -0.012268 -0.002763 0.057696 -0.249069 0.047761
6071.699220000 0.562494309 0.540620872 0.459005804 0.425021055 -0.517101 2.484300 0.183662 0.894267 -0.358802 -0.068376 0.004762 -0.012262 -0.002765 0.057732 -0.249065 0.047767
6071.751301000 0.555161338 0.545012443 0.456222958 0.431992984 -0.471357 2.465814 0.180582 0.901914 -0.378267 -0.040910 0.004762 -0.012260 -0.002764 0.057739 -0.248999 0.047813
6071.803384000 0.546873157 0.550032849 0.456287150 0.436114266 -0.427521 2.446747 0.179033 0.868029 -0.402853 -0.015903 0.004763 -0.012257 -0.002762 0.057750 -0.248930 0.047886
6071.855467000 0.543215537 0.554162046 0.453164803 0.438706016 -0.383050 2.425431 0.179357 0.867752 -0.426064 0.040665 0.004765 -0.012256 -0.002762 0.057769 -0.248920 0.047907
6071.907551000 0.546182035 0.554466951 0.453663153 0.434098295 -0.338765 2.403310 0.182495 0.852758 -0.403851 0.078921 0.004766 -0.012253 -0.002766 0.057790 -0.248909 0.047901
6071.959632000 0.539973812 0.560247865 0.452743335 0.435401062 -0.297177 2.385246 0.187564 0.845236 -0.348404 0.113673 0.004771 -0.012256 -0.002763 0.057845 -0.248888 0.047954
6072.011715000 0.534116634 0.561288896 0.454483434 0.439453076 -0.253956 2.366966 0.192898 0.832575 -0.371187 0.082179 0.004773 -0.012254 -0.002762 0.057838 -0.248878 0.047976
6072.063798000 0.534855205 0.558688952 0.449131412 0.447300279 -0.211759 2.347162 0.195978 0.805831 -0.375675 0.044174 0.004775 -0.012242 -0.002766 0.057865 -0.248897 0.047959
6072.115881000 0.538803165 0.555150696 0.445515312 0.450571815 -0.169894 2.326850 0.197055 0.770884 -0.387645 0.003485 0.004777 -0.012240 -0.002769 0.057881 -0.248895 0.047919
6072.167958000 0.547130875 0.544596346 0.447633069 0.451317251 -0.130807 2.305763 0.195996 0.802558 -0.431451 -0.053184 0.004779 -0.012237 -0.002774 0.057932 -0.248909 0.047909
6072.220047000 0.562198779 0.532873638 0.445571828 0.448825094 -0.089780 2.283365 0.190949 0.820495 -0.419980 -0.127758 0.004781 -0.012234 -0.002777 0.057979 -0.248917 0.047899
6072.272130000 0.566472146 0.528503964 0.442582022 0.451568402 -0.047171 2.261637 0.183739 0.844297 -0.412687 -0.157769 0.004781 -0.012230 -0.002782 0.058004 -0.248947 0.047875
6072.324212000 0.569972942 0.527101429 0.440111904 0.451216624 -0.003066 2.240157 0.175127 0.877423 -0.414469 -0.159628 0.004780 -0.012224 -0.002786 0.058024 -0.248933 0.047857
6072.376296000 0.567821305 0.528076369 0.443274031 0.449691502 0.043348 2.219147 0.167979 0.908344 -0.397510 -0.129115 0.004779 -0.012222 -0.002787 0.058078 -0.248942 0.047873
6072.428379000 0.562742071 0.533656125 0.446707652 0.446077096 0.091394 2.198437 0.162270 0.938894 -0.401108 -0.088168 0.004778 -0.012218 -0.002789 0.058132 -0.248927 0.047869
6072.480461000 0.558703493 0.540142866 0.447131285 0.442910494 0.139914 2.177227 0.158876 0.930188 -0.427561 -0.047335 0.004777 -0.012215 -0.002788 0.058188 -0.248917 0.047854
6072.532544000 0.560914447 0.548194648 0.440886257 0.436436616 0.189657 2.153978 0.158922 0.897357 -0.416527 0.047071 0.004777 -0.012211 -0.002792 0.058261 -0.248940 0.047814
6072.584627000 0.559046518 0.558536667 0.438052568 0.428501726 0.237606 2.132060 0.164125 0.875745 -0.374923 0.123184 0.004780 -0.012213 -0.002793 0.058348 -0.249011 0.047770
6072.636707000 0.547349758 0.571347117 0.443552693 0.420988983 0.283383 2.113984 0.172986 0.841156 -0.310815 0.193582 0.004783 -0.012213 -0.002793 0.058405 -0.249035 0.047749
6072.688793000 0.533043660 0.576449735 0.462525781 0.411873841 0.323349 2.099706 0.182508 0.821951 -0.318395 0.134856 0.004783 -0.012217 -0.002786 0.058412 -0.249107 0.047723
6072.740876000 0.523730270 0.581343405 0.471186714 0.407098920 0.363033 2.085016 0.187884 0.784717 -0.292768 0.070728 0.004784 -0.012222 -0.002782 0.058423 -0.249178 0.047701
6072.792958000 0.509189184 0.591869773 0.466202101 0.416019409 0.397396 2.071986 0.192398 0.714575 -0.245313 0.110605 0.004790 -0.012216 -0.002780 0.058400 -0.249322 0.047711
6072.845042000 0.499318377 0.598091237 0.470119993 0.414674840 0.431842 2.059309 0.198931 0.686407 -0.292435 0.121173 0.004793 -0.012217 -0.002778 0.058355 -0.249287 0.047745
6072.897124000 0.500077627 0.592056782 0.488758624 0.400632177 0.465272 2.045295 0.203874 0.693049 -0.309683 0.061748 0.004794 -0.012227 -0.002775 0.058295 -0.249251 0.047803
6072.949207000 0.499872489 0.589159775 0.497936283 0.393799076 0.500949 2.031304 0.205236 0.707920 -0.280078 -0.013627 0.004794 -0.012235 -0.002773 0.058253 -0.249195 0.047882
6073.001290000 0.496191628 0.592176629 0.499924624 0.391402707 0.536143 2.018924 0.203085 0.705121 -0.250936 -0.066309 0.004792 -0.012242 -0.002770 0.058236 -0.249160 0.047928
6073.053373000 0.486738816 0.598356720 0.502157318 0.391014819 0.568119 2.008642 0.199851 0.725694 -0.245705 -0.072213 0.004791 -0.012241 -0.002769 0.058154 -0.249193 0.047965
6073.105456000 0.479159295 0.604398165 0.504633890 0.387883830 0.605764 1.996961 0.196254 0.768308 -0.244319 -0.075575 0.004789 -0.012244 -0.002765 0.058152 -0.249194 0.047977
6073.157539000 0.468623944 0.612941361 0.503402563 0.388947744 0.644748 1.985466 0.193070 0.797370 -0.259032 -0.032445 0.004791 -0.012253 -0.002763 0.058082 -0.249108 0.048029
6073.209622000 0.460177868 0.616917818 0.508580052 0.385998792 0.685816 1.972132 0.192567 0.810379 -0.291666 0.009850 0.004789 -0.012265 -0.002756 0.058083 -0.249107 0.048015
6073.261704000 0.460573050 0.619270608 0.511916589 0.377250295 0.730483 1.955656 0.193447 0.815519 -0.307634 0.013328 0.004789 -0.012268 -0.002752 0.058118 -0.249230 0.047964
6073.313787000 0.469548026 0.623644509 0.507679215 0.364491416 0.776461 1.937966 0.195345 0.772832 -0.302438 0.023565 0.004789 -0.012283 -0.002758 0.058173 -0.249393 0.047997
6073.365870000 0.471444344 0.632396038 0.504957641 0.350475766 0.816570 1.923486 0.197611 0.699002 -0.242667 0.050095 0.004786 -0.012288 -0.002754 0.058171 -0.249437 0.047944
6073.417953000 0.460669854 0.645368935 0.506268464 0.339078849 0.854535 1.911906 0.200181 0.663964 -0.205671 0.044560 0.004788 -0.012298 -0.002751 0.058183 -0.249416 0.047936
6073.470036000 0.444167619 0.656874537 0.508260052 0.336009952 0.891539 1.900455 0.201993 0.656412 -0.225224 0.024474 0.004788 -0.012304 -0.002741 0.058208 -0.249457 0.047827
6073.522120000 0.437283903 0.661762916 0.508378546 0.335266887 0.926413 1.889120 0.203545 0.643189 -0.226719 0.032119 0.004792 -0.012318 -0.002737 0.058138 -0.249458 0.047835
6073.574202000 0.437547579 0.661085067 0.516554568 0.323558386 0.959330 1.878889 0.205120 0.618138 -0.209750 0.018826 0.004793 -0.012328 -0.002731 0.058099 -0.249486 0.047797
6073.626284000 0.436685789 0.658067251 0.529095382 0.310340284 0.989300 1.871417 0.204956 0.598316 -0.160430 -0.027096 0.004793 -0.012338 -0.002724 0.058063 -0.249480 0.047755
6073.678368000 0.426827640 0.662906540 0.534409658 0.304597117 1.018843 1.865524 0.203003 0.571363 -0.136863 -0.040845 0.004794 -0.012349 -0.002719 0.058020 -0.249482 0.047731
6073.730451000 0.415749701 0.667191319 0.544455020 0.292534888 1.043984 1.860623 0.200492 0.547208 -0.149754 -0.048256 0.004794 -0.012354 -0.002713 0.058008 -0.249389 0.047715
6073.782533000 0.400925307 0.671812378 0.557841866 0.277018917 1.068209 1.856276 0.197808 0.559624 -0.149767 -0.051802 0.004794 -0.012361 -0.002705 0.057987 -0.249344 0.047629
6073.834616000 0.384678354 0.678716398 0.567195978 0.263922976 1.091212 1.850882 0.196423 0.564057 -0.168585 -0.018621 0.004794 -0.012362 -0.002707 0.057862 -0.249381 0.047620
6073.886699000 0.368447318 0.684228871 0.577240258 0.250741123 1.120864 1.840819 0.196641 0.568401 -0.220291 0.024815 0.004792 -0.012364 -0.002704 0.057902 -0.249425 0.047560
6073.938782000 0.359269612 0.687088482 0.585179986 0.237485049 1.150238 1.827670 0.198763 0.568029 -0.281752 0.054251 0.004791 -0.012362 -0.002705 0.057911 -0.249412 0.047556
6073.990864000 0.354260894 0.693423115 0.585601266 0.225243779 1.179190 1.812102 0.203647 0.529989 -0.313420 0.125481 0.004792 -0.012360 -0.002706 0.057926 -0.249379 0.047580
6074.042947000 0.345806882 0.698001471 0.591932136 0.206949010 1.206173 1.795996 0.211945 0.516740 -0.297333 0.159288 0.004791 -0.012363 -0.002706 0.057929 -0.249415 0.047583
6074.095031000 0.330517060 0.700951918 0.603487715 0.187689796 1.231287 1.783156 0.221152 0.496576 -0.232871 0.166143 0.004793 -0.012367 -0.002711 0.057832 -0.249432 0.047653
6074.147115000 0.311541078 0.705627755 0.613101692 0.170698398 1.254959 1.773260 0.228640 0.520569 -0.212983 0.105628 0.004797 -0.012371 -0.002711 0.057685 -0.249494 0.047629
6074.199196000 0.303068676 0.707678743 0.615433189 0.169062605 1.281939 1.762640 0.232834 0.534460 -0.217220 0.048626 0.004803 -0.012376 -0.002717 0.057479 -0.249513 0.047730
6074.251279000 0.298680810 0.711420811 0.611862624 0.174052675 1.307380 1.750940 0.236149 0.464825 -0.253378 0.076467 0.004802 -0.012377 -0.002722 0.057539 -0.249542 0.047760
6074.303362000 0.296521604 0.709394221 0.616869056 0.168247868 1.331275 1.736356 0.240980 0.458062 -0.291105 0.062462 0.004802 -0.012377 -0.002722 0.057544 -0.249565 0.047731
6074.355445000 0.298982840 0.705897740 0.622239494 0.158542279 1.355395 1.720874 0.242720 0.463462 -0.296223 -0.006546 0.004802 -0.012376 -0.002725 0.057502 -0.249607 0.047743
6074.407528000 0.295913354 0.707275812 0.621925544 0.159388928 1.380914 1.704878 0.240997 0.490776 -0.302272 -0.067519 0.004803 -0.012375 -0.002725 0.057499 -0.249653 0.047715
6074.459611000 0.292998007 0.711041765 0.618087395 0.162910246 1.408247 1.688600 0.236062 0.552479 -0.314978 -0.118688 0.004802 -0.012374 -0.002729 0.057494 -0.249668 0.047730
6074.511694000 0.294266210 0.711263076 0.616478052 0.165731852 1.441795 1.670886 0.229921 0.635929 -0.337529 -0.120742 0.004802 -0.012375 -0.002724 0.057512 -0.249676 0.047632
6074.563777000 0.297768590 0.710829869 0.614773870 0.167653966 1.475878 1.653311 0.223691 0.677950 -0.342411 -0.125194 0.004800 -0.012375 -0.002720 0.057535 -0.249657 0.047605
6074.615859000 0.298544773 0.712071264 0.611012408 0.174612059 1.510823 1.636609 0.217237 0.728049 -0.313268 -0.128158 0.004797 -0.012377 -0.002729 0.057603 -0.249618 0.047667
6074.667942000 0.299585652 0.714850852 0.604335220 0.184433290 1.551124 1.622092 0.211978 0.789854 -0.251844 -0.067792 0.004791 -0.012378 -0.002719 0.057654 -0.249616 0.047577
6074.720026000 0.302745661 0.717773435 0.596233522 0.194041099 1.593589 1.609918 0.210932 0.801122 -0.223935 0.026388 0.004788 -0.012378 -0.002712 0.057661 -0.249613 0.047491
6074.772108000 0.307607772 0.718952295 0.591719824 0.195838468 1.635381 1.598634 0.215163 0.784271 -0.221407 0.114153 0.004782 -0.012377 -0.002709 0.057743 -0.249633 0.047398
6074.824192000 0.316199470 0.718456087 0.589101852 0.191827406 1.677412 1.586412 0.220889 0.771940 -0.216926 0.110053 0.004782 -0.012378 -0.002712 0.057803 -0.249566 0.047448
6074.876275000 0.313649919 0.721156102 0.587064153 0.192128304 1.716272 1.575145 0.227301 0.672794 -0.186760 0.135201 0.004782 -0.012375 -0.002713 0.057801 -0.249572 0.047405
6074.928357000 0.297213038 0.722731175 0.591932262 0.197332856 1.750654 1.565602 0.233750 0.666970 -0.192106 0.094669 0.004783 -0.012375 -0.002714 0.057788 -0.249565 0.047386
6074.980440000 0.289666347 0.720964751 0.596341812 0.201692039 1.784582 1.555352 0.237399 0.677792 -0.215039 0.028385 0.004783 -0.012372 -0.002711 0.057793 -0.249585 0.047310
6075.032522000 0.291544627 0.723002003 0.590670533 0.208274233 1.815426 1.546862 0.238691 0.599005 -0.206540 -0.007743 0.004776 -0.012369 -0.002704 0.057845 -0.249679 0.047144
6075.084600000 0.289078395 0.724725457 0.589742910 0.208350650 1.844061 1.535590 0.237889 0.513822 -0.213221 -0.011059 0.004779 -0.012369 -0.002702 0.057840 -0.249582 0.047169
6075.136688000 0.284558834 0.724078955 0.594680467 0.202709348 1.867408 1.526219 0.237332 0.465659 -0.213740 -0.014150 0.004780 -0.012369 -0.002696 0.057833 -0.249569 0.047107
6075.188771000 0.280552859 0.722975210 0.601035642 0.193269490 1.888866 1.516545 0.236981 0.462006 -0.239200 -0.027008 0.004779 -0.012369 -0.002685 0.057775 -0.249644 0.046989
6075.240854000 0.278213339 0.723007230 0.605304956 0.182931116 1.911639 1.504908 0.234875 0.464674 -0.249736 -0.060040 0.004780 -0.012369 -0.002680 0.057700 -0.249695 0.046930
6075.292937000 0.270812890 0.726109810 0.607235434 0.175185759 1.935377 1.492063 0.232139 0.469976 -0.282545 -0.066963 0.004776 -0.012366 -0.002675 0.057672 -0.249800 0.046828
6075.345020000 0.263021172 0.726369813 0.612257299 0.168367924 1.963751 1.473718 0.228666 0.529062 -0.336347 -0.073465 0.004782 -0.012369 -0.002680 0.057574 -0.249844 0.046896
6075.397104000 0.258911279 0.727854301 0.613731269 0.162871098 1.991790 1.454866 0.224346 0.576177 -0.386492 -0.076717 0.004784 -0.012369 -0.002678 0.057544 -0.249818 0.046899
6075.449186000 0.253716750 0.729359628 0.614187705 0.162590919 2.022070 1.433681 0.221398 0.618086 -0.446697 -0.032124 0.004783 -0.012369 -0.002677 0.057538 -0.249785 0.046900
6075.501269000 0.254972652 0.730046545 0.613303048 0.160873738 2.056406 1.409147 0.220321 0.685605 -0.518576 -0.012928 0.004781 -0.012370 -0.002672 0.057554 -0.249792 0.046854
6075.553351000 0.262795470 0.731758316 0.607704562 0.161751269 2.092352 1.381713 0.220225 0.710685 -0.560179 -0.000502 0.004778 -0.012369 -0.002673 0.057582 -0.249833 0.046841
6075.605435000 0.267369782 0.735916311 0.599150829 0.167209052 2.128348 1.351975 0.221488 0.675137 -0.580309 0.054462 0.004779 -0.012371 -0.002672 0.057554 -0.249830 0.046861
6075.657519000 0.265121030 0.735288090 0.600779198 0.167709927 2.161631 1.321955 0.224973 0.631768 -0.585782 0.062810 0.004778 -0.012371 -0.002673 0.057559 -0.249847 0.046863
6075.709601000 0.259921558 0.730920370 0.608251950 0.168005244 2.195540 1.292201 0.227092 0.680842 -0.564954 0.014390 0.004777 -0.012371 -0.002671 0.057572 -0.249884 0.046844
6075.761684000 0.266082895 0.727664487 0.607346912 0.175596174 2.232690 1.264699 0.226662 0.724902 -0.515722 -0.039254 0.004775 -0.012372 -0.002669 0.057595 -0.249938 0.046819
6075.813765000 0.277848405 0.726795985 0.599505387 0.187513070 2.269865 1.238455 0.224077 0.695980 -0.487650 -0.056931 0.004775 -0.012372 -0.002669 0.057598 -0.249934 0.046819
6075.865849000 0.288550604 0.728682268 0.588225261 0.199378391 2.305000 1.213688 0.221947 0.654829 -0.471972 -0.005551 0.004775 -0.012372 -0.002669 0.057598 -0.249934 0.046819
6075.917932000 0.300790958 0.722309288 0.589210941 0.201555349 2.339495 1.189672 0.221832 0.684856 -0.453817 -0.012889 0.004775 -0.012372 -0.002669 0.057601 -0.249930 0.046821
6075.970017000 0.317027411 0.715242991 0.588114440 0.205042656 2.376310 1.168079 0.219862 0.715118 -0.399206 -0.072938 0.004773 -0.012372 -0.002668 0.057613 -0.249986 0.046792
6076.022096000 0.328842939 0.711954743 0.580704931 0.218551018 2.413229 1.148067 0.215314 0.701558 -0.374897 -0.097094 0.004773 -0.012372 -0.002668 0.057613 -0.249985 0.046792
6076.074184000 0.340533481 0.708153829 0.575282995 0.227166413 2.450222 1.129528 0.209626 0.710015 -0.348640 -0.127343 0.004771 -0.012372 -0.002667 0.057626 -0.250012 0.046780
6076.126263000 0.352832357 0.705100700 0.568184472 0.235602924 2.488024 1.112385 0.202449 0.742050 -0.317481 -0.158165 0.004770 -0.012372 -0.002667 0.057631 -0.250036 0.046772
6076.178346000 0.368219056 0.704296639 0.556800390 0.241566341 2.528448 1.097839 0.193994 0.762449 -0.268336 -0.176776 0.004765 -0.012373 -0.002666 0.057640 -0.250127 0.046748
6076.230429000 0.374318101 0.705550535 0.545493958 0.254009339 2.568106 1.085000 0.185290 0.765653 -0.225754 -0.149351 0.004765 -0.012373 -0.002666 0.057638 -0.250132 0.046750
6076.282511000 0.376895303 0.706427015 0.537000505 0.265596047 2.608874 1.073685 0.179051 0.808798 -0.217414 -0.090556 0.004765 -0.012373 -0.002666 0.057638 -0.250140 0.046750
6076.334595000 0.388520020 0.703450913 0.529856511 0.271037055 2.653157 1.062587 0.175144 0.883036 -0.223102 -0.064929 0.004763 -0.012372 -0.002666 0.057644 -0.250162 0.046735
6076.386677000 0.404233989 0.700946623 0.517854982 0.277659740 2.700018 1.048772 0.173613 0.865563 -0.224354 0.000279 0.004766 -0.012373 -0.002669 0.057617 -0.250242 0.046767
6076.438760000 0.414768382 0.698390713 0.510041928 0.282974969 2.743611 1.038392 0.175089 0.816817 -0.213358 0.054544 0.004763 -0.012374 -0.002668 0.057632 -0.250188 0.046753
6076.490843000 0.421103201 0.694961296 0.506514981 0.288346087 2.785730 1.027351 0.178627 0.797598 -0.202929 0.085564 0.004763 -0.012373 -0.002668 0.057634 -0.250164 0.046756
6076.542926000 0.423762252 0.689769494 0.507542391 0.295032744 2.829625 1.014826 0.184580 0.791168 -0.208263 0.089354 0.004761 -0.012380 -0.002686 0.057605 -0.250365 0.046717
6076.595008000 0.425532279 0.685179612 0.505905908 0.305794688 2.872282 1.000447 0.187210 0.772819 -0.227454 0.056871 0.004762 -0.012384 -0.002696 0.057577 -0.250241 0.046705
6076.647092000 0.430554148 0.681619182 0.498842312 0.318079807 2.913353 0.988506 0.190344 0.750793 -0.254688 0.059570 0.004758 -0.012385 -0.002693 0.057573 -0.250266 0.046724
6076.699175000 0.439915438 0.674617749 0.495459840 0.325399518 2.951645 0.976556 0.194449 0.721891 -0.258893 0.084356 0.004754 -0.012382 -0.002695 0.057603 -0.250282 0.046682
6076.751257000 0.449323845 0.664921178 0.497024079 0.330083285 2.987338 0.962600 0.198209 0.720306 -0.255910 0.055341 0.004758 -0.012380 -0.002691 0.057617 -0.250304 0.046693
6076.803340000 0.457692472 0.655064600 0.497939559 0.336844424 3.022970 0.949965 0.200446 0.711969 -0.245943 0.021341 0.004761 -0.012378 -0.002689 0.057634 -0.250318 0.046687
6076.855423000 0.464848107 0.647553913 0.497464450 0.342226954 3.056899 0.938041 0.200513 0.711799 -0.244658 -0.019023 0.004764 -0.012371 -0.002686 0.057660 -0.250324 0.046667
6076.907506000 0.472703142 0.640453922 0.496955579 0.345551250 3.092558 0.924515 0.198955 0.726276 -0.247816 -0.032865 0.004769 -0.012371 -0.002688 0.057709 -0.250323 0.046608
6076.959589000 0.479655139 0.634724120 0.497673040 0.345510903 3.131670 0.911486 0.197637 0.732126 -0.237900 -0.020253 0.004766 -0.012372 -0.002688 0.057677 -0.250354 0.046631
6077.011671000 0.481481882 0.629245317 0.502009383 0.346716178 3.168417 0.898602 0.196539 0.761458 -0.232800 -0.027401 0.004768 -0.012368 -0.002690 0.057707 -0.250354 0.046582
6077.063754000 0.481958368 0.626742112 0.501940622 0.350665180 3.210959 0.886866 0.195539 0.813771 -0.237571 -0.010866 0.004762 -0.012370 -0.002691 0.057625 -0.250353 0.046613
6077.115836000 0.484565346 0.624649960 0.497812403 0.356639403 3.254079 0.873757 0.195734 0.856154 -0.263268 0.024508 0.004761 -0.012368 -0.002691 0.057636 -0.250319 0.046603
6077.167923000 0.492866488 0.621705870 0.490846974 0.360046780 3.299834 0.859500 0.197951 0.898030 -0.274302 0.061352 0.004761 -0.012367 -0.002691 0.057637 -0.250321 0.046589
6077.220007000 0.502630485 0.617159682 0.484403162 0.363084148 3.347870 0.845983 0.202333 0.908630 -0.261016 0.097852 0.004758 -0.012370 -0.002690 0.057582 -0.250327 0.046617
6077.272086000 0.507962910 0.614277070 0.478501029 0.368339692 3.394875 0.833778 0.208449 0.885698 -0.231911 0.129057 0.004757 -0.012371 -0.002684 0.057537 -0.250308 0.046679
6077.324169000 0.507805744 0.612257052 0.475443288 0.375803551 3.439844 0.822768 0.215340 0.852772 -0.208097 0.127111 0.004758 -0.012372 -0.002681 0.057528 -0.250353 0.046716
6077.376252000 0.504526449 0.608402123 0.477129326 0.384249301 3.480499 0.812347 0.222239 0.805459 -0.204387 0.086563 0.004760 -0.012372 -0.002680 0.057547 -0.250534 0.046736
6077.428335000 0.506648750 0.607186658 0.473143720 0.388286526 3.523080 0.801614 0.223505 0.753821 -0.167738 0.015000 0.004759 -0.012370 -0.002681 0.057604 -0.250342 0.046705
6077.480419000 0.501637751 0.610878862 0.464883690 0.398835477 3.559539 0.794587 0.224869 0.687074 -0.121098 0.034338 0.004760 -0.012369 -0.002680 0.057608 -0.250367 0.046721
6077.532501000 0.502560733 0.609786944 0.466457619 0.397504568 3.593791 0.785202 0.225510 0.694384 -0.140591 0.014517 0.004770 -0.012365 -0.002688 0.057796 -0.250369 0.046604
6077.584583000 0.507381864 0.603557719 0.470325744 0.396327413 3.631015 0.777738 0.224420 0.706303 -0.104947 -0.041783 0.004770 -0.012365 -0.002689 0.057821 -0.250330 0.046579
6077.636668000 0.501517629 0.606964425 0.469983179 0.398986299 3.665200 0.774266 0.222251 0.670704 -0.018282 -0.048793 0.004774 -0.012363 -0.002688 0.057891 -0.250370 0.046555
6077.688750000 0.493467844 0.610100921 0.471960774 0.401894739 3.701425 0.772404 0.219440 0.741378 -0.064873 -0.062616 0.004775 -0.012363 -0.002688 0.057910 -0.250367 0.046547
6077.740832000 0.499901597 0.606627465 0.473134489 0.397800537 3.742048 0.767620 0.215717 0.808257 -0.083301 -0.085033 0.004776 -0.012362 -0.002689 0.057921 -0.250405 0.046552
6077.792916000 0.503386877 0.605614385 0.469200922 0.399604009 3.784419 0.764140 0.210785 0.828243 -0.049083 -0.101353 0.004776 -0.012362 -0.002690 0.057950 -0.250391 0.046539
6077.844998000 0.500858724 0.609843352 0.463120320 0.403424334 3.827915 0.762213 0.205995 0.818199 0.008039 -0.089259 0.004777 -0.012362 -0.002694 0.057959 -0.250459 0.046526
6077.897081000 0.493712602 0.617749657 0.458405034 0.405583596 3.869866 0.763548 0.202260 0.822803 0.025671 -0.047576 0.004779 -0.012362 -0.002694 0.057979 -0.250429 0.046514
6077.949164000 0.494224239 0.625094741 0.453827900 0.398797197 3.911941 0.765273 0.200431 0.772412 0.062646 -0.015660 0.004780 -0.012363 -0.002695 0.058002 -0.250407 0.046496
6078.001247000 0.490249063 0.635322261 0.453326081 0.387965134 3.949692 0.771021 0.200381 0.690445 0.165395 0.018859 0.004782 -0.012364 -0.002696 0.058017 -0.250398 0.046505
6078.053330000 0.475209868 0.649753602 0.455777222 0.379819645 3.985353 0.781253 0.202426 0.641361 0.245994 0.058898 0.004781 -0.012364 -0.002699 0.058025 -0.250391 0.046493
6078.105413000 0.451975331 0.658980048 0.469684187 0.375313684 4.014743 0.795856 0.206039 0.601706 0.267073 0.054557 0.004784 -0.012363 -0.002695 0.058013 -0.250399 0.046531
6078.157496000 0.434446575 0.666760597 0.477992334 0.371765798 4.045828 0.809565 0.207666 0.578124 0.263087 0.014470 0.004784 -0.012363 -0.002695 0.058013 -0.250399 0.046531
6078.209579000 0.422504183 0.673832807 0.482980164 0.366291857 4.077456 0.822685 0.208139 0.528537 0.274285 0.019810 0.004782 -0.012364 -0.002698 0.058003 -0.250357 0.046526
6078.261661000 0.417619202 0.678185412 0.492117333 0.351396186 4.103999 0.837393 0.209582 0.485329 0.293958 0.035940 0.004782 -0.012364 -0.002698 0.058003 -0.250357 0.046526
6078.313748000 0.410420164 0.681433413 0.504367786 0.335882316 4.128090 0.853331 0.211258 0.437935 0.314859 0.025534 0.004782 -0.012364 -0.002698 0.058003 -0.250357 0.046526
6078.365827000 0.397844819 0.688032139 0.513911172 0.322841420 4.147282 0.870403 0.212762 0.365003 0.316675 0.024368 0.004783 -0.012363 -0.002696 0.058003 -0.250384 0.046537
6078.417910000 0.380772024 0.696897418 0.523034993 0.309485137 4.164982 0.886280 0.213928 0.317688 0.292715 0.025174 0.004783 -0.012363 -0.002696 0.058003 -0.250384 0.046537
6078.469994000 0.363261380 0.705228054 0.535198843 0.290270152 4.174473 0.902155 0.215780 0.303772 0.267176 0.041349 0.004789 -0.012361 -0.002691 0.058029 -0.250410 0.046524
6078.522076000 0.346815550 0.711437983 0.548227706 0.270224633 4.189725 0.916040 0.218391 0.285115 0.244470 0.059887 0.004789 -0.012361 -0.002689 0.058045 -0.250396 0.046523
6078.574159000 0.328306530 0.717393323 0.560254581 0.252341925 4.199825 0.930331 0.220474 0.240637 0.206027 0.053443 0.004793 -0.012364 -0.002684 0.058098 -0.250262 0.046520
6078.626242000 0.311166577 0.725645358 0.567065149 0.234630118 4.216906 0.937084 0.223792 0.181721 0.160840 0.057394 0.004786 -0.012362 -0.002692 0.058072 -0.250337 0.046541
6078.678324000 0.290967848 0.734048144 0.574968022 0.214296074 4.224936 0.942757 0.228759 0.113125 0.105723 0.069129 0.004784 -0.012360 -0.002693 0.058037 -0.250505 0.046542
6078.730407000 0.267099405 0.743023894 0.582359710 0.193469812 4.230999 0.947168 0.232379 0.032590 0.064870 0.087509 0.004780 -0.012360 -0.002695 0.058068 -0.250453 0.046563
6078.782490000 0.239952226 0.748065880 0.594119437 0.172749711 4.229265 0.948493 0.236280 -0.029384 0.022529 0.074874 0.004780 -0.012363 -0.002702 0.058027 -0.250343 0.046649
6078.834572000 0.215443443 0.752874108 0.603541393 0.150008295 4.226616 0.949259 0.238573 -0.071730 0.009638 0.010763 0.004780 -0.012363 -0.002702 0.058027 -0.250343 0.046649
6078.886657000 0.193966550 0.759304865 0.607523727 0.129414147 4.221107 0.949557 0.238053 -0.149835 -0.003448 -0.020044 0.004780 -0.012363 -0.002702 0.058027 -0.250343 0.046649
6078.938740000 0.171964062 0.764770888 0.611298565 0.108939957 4.215680 0.952008 0.237794 -0.203547 0.008519 -0.078885 0.004771 -0.012362 -0.002695 0.058127 -0.250566 0.046617
6078.990823000 0.150932032 0.772011321 0.610379623 0.093030949 4.201884 0.952682 0.235034 -0.248785 0.013248 -0.081381 0.004775 -0.012366 -0.002694 0.058074 -0.250771 0.046636
6079.042907000 0.130352780 0.777552178 0.610105154 0.078692212 4.185183 0.951949 0.229910 -0.301515 0.013059 -0.076855 0.004782 -0.012367 -0.002692 0.058036 -0.250762 0.046511
6079.094987000 0.110126348 0.783816748 0.607821960 0.063686408 4.168699 0.952993 0.225708 -0.331104 0.024522 -0.087059 0.004782 -0.012367 -0.002692 0.058036 -0.250772 0.046503
6079.147070000 0.092693596 0.788290337 0.606246469 0.049713787 4.150464 0.954503 0.220769 -0.379504 0.033452 -0.098352 0.004782 -0.012367 -0.002692 0.058036 -0.250772 0.046503
6079.199153000 0.072493996 0.795029905 0.600981004 0.038651041 4.126285 0.954623 0.215687 -0.453483 0.019667 -0.081166 0.004786 -0.012368 -0.002697 0.057974 -0.250725 0.046595
6079.251236000 0.049797934 0.798801142 0.599085806 0.023088928 4.100573 0.954726 0.212612 -0.524402 -0.012080 -0.040107 0.004786 -0.012369 -0.002697 0.057970 -0.250728 0.046596
6079.303319000 0.025435981 0.800695781 0.598517870 0.003954200 4.071882 0.953705 0.210942 -0.564089 -0.019404 -0.033057 0.004787 -0.012369 -0.002697 0.057939 -0.250758 0.046598
6079.355405000 0.001338577 -0.801999748 -0.597229433 0.010564862 4.042121 0.952901 0.209372 -0.584294 -0.015237 -0.026146 0.004787 -0.012369 -0.002697 0.057957 -0.250747 0.046591
6079.407480000 0.025610706 -0.802144593 -0.596075691 0.024533930 4.011797 0.952415 0.208170 -0.588040 -0.007571 -0.024196 0.004787 -0.012369 -0.002696 0.057958 -0.250762 0.046580
6079.459583000 0.047405700 -0.801298392 -0.595190745 0.037703630 3.981167 0.952219 0.207523 -0.598344 -0.010958 0.000077 0.004786 -0.012368 -0.002696 0.057968 -0.250772 0.046566
6079.511652000 0.066885246 -0.799272716 -0.595070894 0.050794889 3.949875 0.951546 0.208037 -0.605466 -0.015732 0.018800 0.004786 -0.012368 -0.002696 0.057968 -0.250769 0.046565
6079.563733000 0.085112469 -0.797074853 -0.594383442 0.064310729 3.917624 0.950055 0.209398 -0.621248 -0.035140 0.037075 0.004787 -0.012369 -0.002696 0.057956 -0.250748 0.046574
6079.615817000 0.103939721 -0.793379094 -0.594747910 0.077595556 3.885834 0.948367 0.211202 -0.640386 -0.060451 0.043324 0.004784 -0.012367 -0.002694 0.058017 -0.250729 0.046528
6079.667899000 0.124096504 -0.789516840 -0.594446447 0.088863034 3.853083 0.945694 0.212995 -0.640620 -0.075615 0.041434 0.004782 -0.012368 -0.002691 0.058110 -0.250651 0.046463
6079.719982000 0.143464811 -0.785531489 -0.593697302 0.099406446 3.819805 0.941802 0.215156 -0.641319 -0.079050 0.044685 0.004781 -0.012368 -0.002691 0.058121 -0.250656 0.046452
6079.772064000 0.161547696 -0.780615797 -0.593569726 0.110527366 3.789796 0.941293 0.218845 -0.637888 -0.068417 0.047502 0.004769 -0.012365 -0.002688 0.058442 -0.250809 0.046470
6079.824148000 0.178354332 -0.775115548 -0.594021157 0.120517567 3.756774 0.938457 0.221044 -0.636589 -0.045938 0.029360 0.004768 -0.012365 -0.002688 0.058490 -0.250833 0.046456
6079.876226000 0.192983373 -0.770363733 -0.594054561 0.128048097 3.723824 0.936558 0.222571 -0.638033 -0.037914 0.024194 0.004766 -0.012365 -0.002688 0.058556 -0.250846 0.046494
6079.928314000 0.206310798 -0.766272537 -0.593551289 0.134011649 3.689839 0.934144 0.224137 -0.643979 -0.044656 0.037804 0.004767 -0.012366 -0.002688 0.058515 -0.250853 0.046497
6079.980396000 0.217988832 -0.761055716 -0.593698218 0.144213357 3.656939 0.932772 0.226937 -0.646365 -0.052510 0.044023 0.004761 -0.012366 -0.002685 0.058688 -0.250928 0.046428
6080.032479000 0.229153692 -0.755461596 -0.594477563 0.152848914 3.623004 0.930664 0.228987 -0.647344 -0.036562 0.032815 0.004761 -0.012367 -0.002682 0.058678 -0.250957 0.046339
6080.084562000 0.239207425 -0.750807029 -0.594692489 0.159403440 3.589873 0.928673 0.229387 -0.652933 -0.033192 0.026143 0.004768 -0.012355 -0.002680 0.058621 -0.250939 0.046157
6080.136645000 0.249457429 -0.744935851 -0.595759527 0.167069310 3.556190 0.928383 0.230970 -0.648859 -0.035470 0.026374 0.004758 -0.012356 -0.002674 0.058960 -0.251027 0.045984
6080.188727000 0.258992968 -0.740243117 -0.595019183 0.175826454 3.522911 0.926985 0.232189 -0.647889 -0.042443 0.022564 0.004755 -0.012356 -0.002674 0.059047 -0.250999 0.045986
6080.240810000 0.268337759 -0.736255919 -0.592542271 0.186589730 3.488800 0.924813 0.232998 -0.659347 -0.043343 0.010413 0.004755 -0.012356 -0.002673 0.059086 -0.251016 0.045956
6080.292893000 0.278931591 -0.732708328 -0.588627231 0.197113308 3.455285 0.925013 0.233484 -0.663851 -0.048319 0.013291 0.004745 -0.012364 -0.002665 0.059298 -0.250968 0.045899
6080.344976000 0.290842286 -0.727711888 -0.584697689 0.209701659 3.420508 0.923040 0.233781 -0.674075 -0.031348 -0.002455 0.004742 -0.012363 -0.002664 0.059345 -0.250957 0.045871
6080.397060000 0.303003922 -0.722250895 -0.580829118 0.221765200 3.385163 0.922586 0.233008 -0.681807 0.005719 -0.022752 0.004742 -0.012363 -0.002663 0.059363 -0.250958 0.045832
6080.449143000 0.315955950 -0.716540989 -0.576683770 0.232758842 3.348287 0.921710 0.231443 -0.709319 0.013657 -0.036597 0.004748 -0.012359 -0.002665 0.059149 -0.250979 0.045828
6080.501225000 0.329202785 -0.710468961 -0.570974649 0.246672520 3.309802 0.924215 0.229256 -0.742424 0.023964 -0.053030 0.004740 -0.012361 -0.002659 0.059408 -0.251065 0.045661
6080.553308000 0.343963488 -0.703949755 -0.563709777 0.261486424 3.266526 0.921454 0.227508 -0.791722 -0.007998 -0.058568 0.004751 -0.012366 -0.002653 0.059069 -0.251301 0.045643
6080.605391000 0.362321206 -0.695833958 -0.554993689 0.276623302 3.224713 0.921877 0.223710 -0.836362 -0.027978 -0.063598 0.004744 -0.012361 -0.002654 0.059299 -0.251266 0.045596
6080.657474000 0.385420623 -0.684013256 -0.546974946 0.290508549 3.181058 0.919318 0.220934 -0.858228 -0.059030 -0.021553 0.004744 -0.012357 -0.002652 0.059234 -0.251275 0.045517
6080.709556000 0.407492281 -0.670331567 -0.539505991 0.305841326 3.134875 0.916730 0.221547 -0.866437 -0.055283 0.048774 0.004738 -0.012354 -0.002653 0.059450 -0.251269 0.045475
6080.761639000 0.427422923 -0.654792742 -0.531159577 0.326229387 3.088997 0.913646 0.224562 -0.845338 -0.056818 0.065193 0.004733 -0.012351 -0.002655 0.059650 -0.251253 0.045487
6080.813722000 0.446528697 -0.642894440 -0.521631467 0.339410480 3.045886 0.911181 0.228520 -0.824898 -0.034988 0.109569 0.004730 -0.012344 -0.002662 0.059752 -0.251134 0.045576
6080.865805000 0.463231491 -0.631915202 -0.512652719 0.351122417 3.002149 0.909281 0.236191 -0.789855 -0.065586 0.181728 0.004725 -0.012345 -0.002663 0.059949 -0.251131 0.045584
6080.917888000 0.478492900 -0.615047702 -0.505302837 0.370715405 2.961312 0.904530 0.247557 -0.740136 -0.106529 0.242431 0.004726 -0.012347 -0.002666 0.059940 -0.251070 0.045647
6080.969971000 0.488922914 -0.595184720 -0.498792289 0.397386193 2.923304 0.899942 0.259515 -0.725046 -0.111679 0.216832 0.004721 -0.012350 -0.002663 0.060125 -0.251062 0.045576
6081.022054000 0.500444671 -0.578059687 -0.494622675 0.413219722 2.886680 0.892726 0.269869 -0.691593 -0.143878 0.185212 0.004725 -0.012348 -0.002665 0.060013 -0.251059 0.045608
6081.074137000 0.511676467 -0.560745312 -0.492048797 0.426192291 2.852345 0.884839 0.278856 -0.663186 -0.160345 0.170771 0.004726 -0.012348 -0.002664 0.059969 -0.251066 0.045589
6081.126219000 0.519296855 -0.548479681 -0.484417536 0.441407371 2.814513 0.877181 0.287321 -0.676963 -0.136278 0.133831 0.004721 -0.012349 -0.002664 0.060182 -0.251053 0.045537
6081.178302000 0.523685096 -0.541956202 -0.472321247 0.457110528 2.778415 0.870056 0.292083 -0.697342 -0.147397 0.057625 0.004721 -0.012349 -0.002664 0.060169 -0.251053 0.045523
6081.230385000 0.533539093 -0.532111452 -0.468603158 0.461090575 2.742304 0.861356 0.294387 -0.649611 -0.191029 0.039868 0.004721 -0.012350 -0.002664 0.060168 -0.251039 0.045534
6081.282468000 0.543386097 -0.515567700 -0.464851874 0.472053209 2.709864 0.849741 0.295872 -0.611640 -0.189788 0.008370 0.004724 -0.012345 -0.002663 0.060054 -0.251084 0.045455
6081.334551000 0.553584020 -0.500239705 -0.458235351 0.483037611 2.674014 0.839754 0.295358 -0.628673 -0.156665 -0.021802 0.004724 -0.012344 -0.002661 0.060085 -0.251088 0.045336
6081.386634000 0.561590182 -0.487791892 -0.450439474 0.493740638 2.636498 0.830891 0.293420 -0.667223 -0.124506 -0.057039 0.004723 -0.012337 -0.002660 0.060134 -0.251108 0.045230
6081.438717000 0.571096190 -0.475920270 -0.446945801 0.497582646 2.581680 0.821886 0.289858 -0.731740 -0.111120 -0.069122 0.004723 -0.012331 -0.002652 0.060453 -0.251157 0.044829
6081.490800000 0.581239451 -0.464520162 -0.445155489 0.498215125 2.543328 0.817297 0.288301 -0.747428 -0.089610 -0.006719 0.004722 -0.012335 -0.002651 0.060550 -0.251267 0.044836
6081.542883000 0.588364859 -0.458732557 -0.437552256 0.501935512 2.503426 0.814830 0.288896 -0.767104 -0.032389 0.028171 0.004720 -0.012337 -0.002651 0.060671 -0.251239 0.044852
6081.594965000 0.594252396 -0.460112716 -0.424295677 0.505107471 2.463841 0.814162 0.290497 -0.742283 -0.021114 0.093392 0.004717 -0.012335 -0.002648 0.060861 -0.251136 0.044825
6081.647048000 0.593941540 -0.456330426 -0.414278243 0.517077873 2.428841 0.813762 0.297133 -0.678063 -0.009091 0.171189 0.004714 -0.012333 -0.002646 0.061003 -0.251038 0.044813
6081.699131000 0.594659334 -0.446963231 -0.408155931 0.529162435 2.397778 0.813670 0.306296 -0.650081 -0.014387 0.210216 0.004713 -0.012334 -0.002644 0.061058 -0.250990 0.044822
6081.751214000 0.592248683 -0.429947459 -0.414642239 0.540794316 2.365208 0.814745 0.317519 -0.636648 0.045588 0.201012 0.004712 -0.012338 -0.002644 0.061101 -0.250988 0.044843
6081.803297000 0.587746231 -0.425774202 -0.420015882 0.544846176 2.331975 0.820134 0.327066 -0.658645 0.138561 0.176395 0.004711 -0.012341 -0.002645 0.061112 -0.250939 0.044881
6081.855380000 0.581335384 -0.434023666 -0.412715904 0.550761482 2.299520 0.828554 0.335320 -0.614828 0.178605 0.128679 0.004710 -0.012341 -0.002643 0.061169 -0.250996 0.044834
6081.907463000 0.577246397 -0.435790872 -0.409965257 0.555699020 2.268198 0.837515 0.340555 -0.616883 0.190795 0.056685 0.004707 -0.012337 -0.002643 0.061205 -0.251047 0.044814
6081.959546000 0.575845930 -0.436612235 -0.410416376 0.556174091 2.220510 0.843268 0.342036 -0.650765 0.222719 -0.005124 0.004709 -0.012322 -0.002636 0.061235 -0.251048 0.044545
6082.011629000 0.573865467 -0.437840711 -0.409546533 0.557893874 2.182946 0.855654 0.340481 -0.700833 0.277484 -0.100887 0.004706 -0.012320 -0.002635 0.061279 -0.251137 0.044489
6082.063712000 0.575904101 -0.442716471 -0.409113098 0.552234612 2.149118 0.872396 0.332499 -0.740703 0.318565 -0.170646 0.004706 -0.012319 -0.002640 0.061275 -0.251075 0.044622
6082.115795000 0.579211909 -0.441225286 -0.414233982 0.546117221 2.117889 0.890715 0.322929 -0.758957 0.350472 -0.173437 0.004704 -0.012317 -0.002643 0.061246 -0.250962 0.044774
6082.167877000 0.582613550 -0.439311143 -0.417518042 0.541521796 2.082963 0.911174 0.312828 -0.825978 0.386071 -0.170261 0.004706 -0.012315 -0.002652 0.061261 -0.250827 0.044978
6082.219960000 0.585529816 -0.439689002 -0.421872028 0.534651670 2.045025 0.933579 0.305177 -0.849703 0.409978 -0.107423 0.004705 -0.012318 -0.002656 0.061267 -0.250734 0.045167
6082.272043000 0.588235488 -0.439622619 -0.423191493 0.530678739 2.003930 0.955829 0.300820 -0.887652 0.405465 -0.035316 0.004708 -0.012323 -0.002656 0.061187 -0.250658 0.045264
6082.324126000 0.589988641 -0.443576816 -0.419321608 0.528509603 1.953999 0.976403 0.300259 -0.936108 0.392942 -0.000870 0.004706 -0.012323 -0.002653 0.061275 -0.250696 0.045198
6082.376209000 0.592771203 -0.445086518 -0.416248472 0.526552468 1.907248 0.995958 0.301386 -0.923199 0.355137 0.034007 0.004705 -0.012322 -0.002654 0.061328 -0.250697 0.045231
6082.428292000 0.596390150 -0.446285840 -0.416829848 0.520961242 1.858862 1.013973 0.303474 -0.929647 0.340558 0.042797 0.004704 -0.012319 -0.002654 0.061372 -0.250743 0.045231
6082.480375000 0.599578536 -0.442835828 -0.419758145 0.517885228 1.812952 1.030891 0.306807 -0.858865 0.309049 0.076468 0.004702 -0.012320 -0.002653 0.061433 -0.250776 0.045203
6082.532458000 0.600082776 -0.433526221 -0.424344715 0.521428078 1.765483 1.045904 0.310589 -0.874294 0.329185 0.050341 0.004701 -0.012312 -0.002647 0.061487 -0.250832 0.045108
6082.584541000 0.598266488 -0.434562706 -0.429195268 0.518675125 1.719461 1.064265 0.311348 -0.896757 0.355229 -0.010161 0.004698 -0.012314 -0.002645 0.061495 -0.250764 0.045175
6082.636623000 0.596969827 -0.440937809 -0.433425173 0.511217658 1.672979 1.081997 0.310227 -0.853483 0.341270 -0.033630 0.004697 -0.012315 -0.002641 0.061566 -0.250736 0.045121
6082.688706000 0.593732650 -0.445704800 -0.433343180 0.510923145 1.628031 1.100008 0.307497 -0.877438 0.358098 -0.081408 0.004698 -0.012317 -0.002639 0.061595 -0.250740 0.045098
6082.740789000 0.589098448 -0.456584102 -0.429819735 0.509655739 1.580671 1.118478 0.301281 -0.903384 0.344794 -0.145088 0.004699 -0.012317 -0.002640 0.061616 -0.250733 0.045071
6082.792872000 0.589642339 -0.462752909 -0.429435713 0.503752545 1.532944 1.135456 0.292826 -0.891389 0.300125 -0.176779 0.004696 -0.012314 -0.002643 0.061595 -0.250743 0.045107
6082.844955000 0.592321241 -0.462762095 -0.431308577 0.498978660 1.485850 1.149626 0.283075 -0.906837 0.255906 -0.205331 0.004694 -0.012314 -0.002642 0.061643 -0.250790 0.045039
6082.897039000 0.597235090 -0.460613412 -0.430906507 0.495444360 1.437215 1.162577 0.272320 -0.959408 0.247668 -0.205404 0.004689 -0.012313 -0.002646 0.061648 -0.250792 0.045050
6082.949121000 0.601950985 -0.462677672 -0.430077039 0.488485541 1.385327 1.175443 0.261757 -1.024736 0.240157 -0.187291 0.004686 -0.012312 -0.002650 0.061614 -0.250773 0.045073
6083.001204000 0.607450529 -0.462570007 -0.432210556 0.479819631 1.331984 1.187754 0.253271 -1.044059 0.234250 -0.135108 0.004684 -0.012314 -0.002648 0.061592 -0.250763 0.045064
6083.053286000 0.612401484 -0.463868630 -0.431036601 0.473284021 1.278860 1.200302 0.247227 -1.062155 0.271858 -0.106077 0.004682 -0.012318 -0.002644 0.061580 -0.250762 0.044992
6083.105370000 0.616270458 -0.474414387 -0.425720789 0.462497051 1.223685 1.215299 0.242006 -1.062472 0.303670 -0.098824 0.004681 -0.012315 -0.002643 0.061550 -0.250772 0.044973
6083.157461000 0.622082856 -0.481398179 -0.422545523 0.450248814 1.171834 1.229243 0.238830 -0.978846 0.250589 -0.022569 0.004680 -0.012317 -0.002639 0.061504 -0.250783 0.044922
6083.209535000 0.627340366 -0.476460279 -0.423983652 0.446841729 1.123376 1.240520 0.238393 -0.935640 0.209720 -0.003014 0.004679 -0.012318 -0.002635 0.061481 -0.250801 0.044869
6083.261612000 0.632876119 -0.469035646 -0.424591282 0.446313370 1.077808 1.249849 0.239170 -0.862106 0.174646 0.024149 0.004678 -0.012319 -0.002632 0.061478 -0.250791 0.044821
6083.313701000 0.640860216 -0.463234132 -0.416038584 0.449025854 1.035923 1.257381 0.240173 -0.820026 0.136781 0.005170 0.004677 -0.012320 -0.002628 0.061476 -0.250819 0.044768
6083.365784000 0.646643935 -0.457694415 -0.405001395 0.456444206 0.995192 1.262439 0.240580 -0.829052 0.092331 -0.006180 0.004677 -0.012321 -0.002624 0.061492 -0.250874 0.044690
6083.417867000 0.645701846 -0.451425058 -0.400323516 0.468001738 0.953127 1.266435 0.240056 -0.852289 0.084775 -0.031614 0.004676 -0.012321 -0.002621 0.061500 -0.250883 0.044649
6083.469950000 0.648289085 -0.445692231 -0.393275680 0.475829736 0.908662 1.269799 0.236730 -0.864836 0.061319 -0.076023 0.004675 -0.012321 -0.002620 0.061505 -0.250845 0.044646
6083.522032000 0.650621644 -0.433111766 -0.385859235 0.490120725 0.863687 1.271906 0.232738 -0.913360 0.050415 -0.079969 0.004674 -0.012318 -0.002621 0.061509 -0.250832 0.044645
6083.574115000 0.653231549 -0.422609842 -0.379080336 0.500986590 0.813510 1.274964 0.227570 -1.013916 0.053543 -0.094289 0.004674 -0.012320 -0.002618 0.061525 -0.250781 0.044634
6083.626198000 0.662593282 -0.407462940 -0.378952365 0.501337412 0.762081 1.275779 0.223592 -1.040761 0.011130 -0.023856 0.004679 -0.012321 -0.002618 0.061456 -0.250686 0.044663
6083.678281000 0.669454151 -0.395042197 -0.376758686 0.503811170 0.705250 1.276480 0.223680 -1.080150 0.009138 0.056267 0.004679 -0.012323 -0.002615 0.061478 -0.250596 0.044644
6083.730358000 0.672987453 -0.392633312 -0.365688984 0.509115446 0.646564 1.277532 0.226134 -1.091304 -0.031238 0.090342 0.004683 -0.012329 -0.002611 0.061436 -0.250471 0.044650
6083.782446000 0.682651585 -0.388432665 -0.354928832 0.507082244 0.590587 1.272840 0.231710 -0.997375 -0.165890 0.154191 0.004684 -0.012333 -0.002608 0.061420 -0.250432 0.044629
6083.834530000 0.693497630 -0.366265131 -0.345602903 0.515237348 0.540828 1.261228 0.239904 -0.932030 -0.275034 0.162728 0.004685 -0.012338 -0.002600 0.061445 -0.250422 0.044562
6083.886613000 0.703481473 -0.339872956 -0.329609344 0.530054593 0.490760 1.245621 0.246773 -0.814803 -0.351510 0.108669 0.004684 -0.012340 -0.002601 0.061508 -0.250356 0.044555
6083.938695000 0.721309680 -0.312280722 -0.315191885 0.531833782 0.452919 1.225489 0.249805 -0.745398 -0.424416 0.043848 0.004686 -0.012350 -0.002598 0.061419 -0.250401 0.044531
6083.990779000 0.734481562 -0.284158069 -0.304763266 0.535640157 0.418980 1.202980 0.251755 -0.680451 -0.447373 0.039494 0.004690 -0.012353 -0.002598 0.061302 -0.250410 0.044559
6084.042862000 0.741943865 -0.261192002 -0.293955760 0.543035957 0.388660 1.179244 0.251908 -0.679752 -0.462904 0.013483 0.004693 -0.012357 -0.002595 0.061189 -0.250373 0.044549
6084.094945000 0.745597029 -0.248449227 -0.279144173 0.551757721 0.359554 1.155893 0.250946 -0.632397 -0.468665 -0.021678 0.004698 -0.012362 -0.002593 0.061018 -0.250413 0.044560
6084.147027000 0.750052913 -0.233730953 -0.263532405 0.559768828 0.330971 1.130580 0.248231 -0.574075 -0.485851 -0.068132 0.004692 -0.012358 -0.002591 0.061118 -0.250496 0.044492
6084.199110000 0.755172710 -0.213903781 -0.251323452 0.566388448 0.304915 1.104179 0.243708 -0.562633 -0.511280 -0.115844 0.004692 -0.012358 -0.002591 0.061083 -0.250551 0.044512
6084.251193000 0.762087031 -0.191004493 -0.244902673 0.568122629 0.278189 1.077124 0.238765 -0.572967 -0.525554 -0.070700 0.004691 -0.012360 -0.002593 0.061052 -0.250591 0.044551
6084.303276000 0.766420297 -0.174639792 -0.234004052 0.572138948 0.247566 1.050688 0.237608 -0.584590 -0.515243 0.002706 0.004689 -0.012363 -0.002595 0.061083 -0.250642 0.044608
6084.355358000 0.765784397 -0.160691523 -0.213899552 0.584807210 0.217984 1.023390 0.239396 -0.591677 -0.503884 0.026746 0.004684 -0.012357 -0.002598 0.061170 -0.250709 0.044640
6084.407441000 0.769716738 -0.153835921 -0.193046701 0.588730519 0.187412 0.996743 0.240782 -0.565287 -0.510072 0.035669 0.004681 -0.012354 -0.002598 0.061207 -0.250740 0.044635
6084.459524000 0.775646216 -0.140629801 -0.177011345 0.589290412 0.157668 0.969612 0.242880 -0.489825 -0.518731 0.079856 0.004678 -0.012355 -0.002592 0.061261 -0.250708 0.044546
6084.511607000 0.777697181 -0.118736504 -0.161938970 0.595705051 0.132901 0.942383 0.247930 -0.457703 -0.507690 0.129803 0.004675 -0.012354 -0.002590 0.061310 -0.250705 0.044518
6084.563690000 0.775323250 -0.095452272 -0.147612631 0.606607974 0.105113 0.916346 0.252903 -0.494921 -0.490780 0.137524 0.004676 -0.012360 -0.002583 0.061291 -0.250472 0.044448
6084.615772000 0.774714886 -0.083394187 -0.133591949 0.612385048 0.078118 0.890726 0.259334 -0.513759 -0.475594 0.127660 0.004675 -0.012360 -0.002581 0.061284 -0.250413 0.044441
6084.667855000 0.769223053 -0.073955776 -0.114541189 0.624264971 0.051780 0.866719 0.265076 -0.512149 -0.463170 0.089650 0.004674 -0.012357 -0.002583 0.061251 -0.250386 0.044464
6084.719939000 0.766726003 -0.068346562 -0.091855550 0.631682310 0.028574 0.842656 0.268219 -0.522972 -0.487978 0.038043 0.004675 -0.012360 -0.002587 0.061252 -0.250422 0.044560
6084.772022000 0.764919334 -0.064812999 -0.066117011 0.637437235 0.001373 0.817541 0.269682 -0.545163 -0.480355 0.022417 0.004670 -0.012359 -0.002586 0.061306 -0.250383 0.044538
6084.824105000 0.763798810 -0.063775845 -0.036881087 0.641236153 -0.028621 0.791678 0.269347 -0.575121 -0.495610 -0.017349 0.004668 -0.012360 -0.002581 0.061317 -0.250408 0.044452
6084.876187000 0.760113661 -0.057656877 -0.012072802 0.647114483 -0.058749 0.765953 0.268035 -0.622018 -0.514491 -0.035554 0.004663 -0.012356 -0.002585 0.061302 -0.250394 0.044531
6084.928270000 0.755533326 -0.050888730 -0.001523985 0.653128936 -0.095045 0.736363 0.265774 -0.714817 -0.603207 -0.065525 0.004660 -0.012353 -0.002584 0.061332 -0.250450 0.044494
6084.980353000 0.757453218 -0.047752288 0.001303702 0.651139495 -0.129889 0.707395 0.263313 -0.752622 -0.613247 -0.026584 0.004659 -0.012370 -0.002594 0.061246 -0.250530 0.044824
6085.032436000 0.757798884 -0.047866040 0.009197444 0.650665122 -0.169602 0.676426 0.262015 -0.779998 -0.602199 -0.024898 0.004664 -0.012364 -0.002598 0.061179 -0.250460 0.044881
6085.084519000 0.763722652 -0.050157219 0.016964788 0.643369381 -0.208306 0.644804 0.262352 -0.716830 -0.580930 0.030522 0.004658 -0.012357 -0.002598 0.061217 -0.250438 0.044875
6085.136601000 0.764646699 -0.040835993 0.020074750 0.642841234 -0.242798 0.615576 0.265704 -0.605737 -0.548104 0.092709 0.004657 -0.012353 -0.002599 0.061188 -0.250385 0.044886
6085.188684000 0.762177760 -0.029798439 0.035944976 0.645681867 -0.273550 0.587618 0.270232 -0.559801 -0.542844 0.049533 0.004659 -0.012344 -0.002606 0.061135 -0.250356 0.044977
6085.240767000 0.758796421 -0.024730437 0.046126179 0.649221667 -0.301956 0.557358 0.270245 -0.527274 -0.628628 -0.061220 0.004657 -0.012342 -0.002609 0.061107 -0.250359 0.044999
6085.292850000 0.768272868 -0.025474743 0.033913035 0.638715699 -0.328984 0.523168 0.266673 -0.468712 -0.647140 -0.059205 0.004658 -0.012340 -0.002609 0.061149 -0.250327 0.045011
6085.344933000 0.770582868 -0.020709448 0.023714287 0.636561698 -0.352231 0.490233 0.264411 -0.400660 -0.616882 -0.032704 0.004660 -0.012341 -0.002608 0.061202 -0.250330 0.045012
6085.397016000 0.771931577 -0.022621197 0.027836110 0.634692897 -0.373405 0.456220 0.261981 -0.422343 -0.680856 -0.065075 0.004664 -0.012341 -0.002607 0.061176 -0.250302 0.044997
6085.449099000 0.772166161 -0.030775421 0.031548366 0.633890365 -0.394539 0.418872 0.257768 -0.402219 -0.745670 -0.088879 0.004667 -0.012342 -0.002606 0.061155 -0.250296 0.044940
6085.501182000 0.774010923 -0.032436123 0.028463081 0.631699962 -0.413463 0.379549 0.252579 -0.361922 -0.760108 -0.089214 0.004670 -0.012342 -0.002606 0.061118 -0.250281 0.044901
6085.553265000 0.772280907 -0.026579828 0.030714874 0.633981316 -0.431593 0.338874 0.247305 -0.376309 -0.809215 -0.100674 0.004672 -0.012344 -0.002604 0.061103 -0.250204 0.044877
6085.605348000 0.773509902 -0.026595219 0.033001564 0.632365418 -0.452819 0.294775 0.241795 -0.420003 -0.880160 -0.109515 0.004675 -0.012344 -0.002605 0.061104 -0.250217 0.044885
6085.657431000 0.777153639 -0.022243487 0.025051776 0.628418536 -0.473236 0.247858 0.236317 -0.411733 -0.928514 -0.079632 0.004679 -0.012342 -0.002603 0.061090 -0.250198 0.044838
6085.709514000 0.780972087 -0.018612012 0.014757274 0.624114104 -0.497749 0.198146 0.233448 -0.485366 -0.956251 -0.048899 0.004680 -0.012350 -0.002604 0.061099 -0.250356 0.044836
6085.761596000 0.788457638 -0.027017682 0.014974898 0.614312909 -0.522035 0.148680 0.231598 -0.477275 -0.949245 -0.019843 0.004683 -0.012350 -0.002602 0.061092 -0.250380 0.044768
6085.813683000 0.791473456 -0.025492541 0.008901351 0.610606801 -0.544114 0.099584 0.232577 -0.403450 -0.924662 0.056178 0.004685 -0.012356 -0.002600 0.061078 -0.250444 0.044716
6085.865762000 0.787716975 -0.021738580 0.008007130 0.615601565 -0.564069 0.051502 0.235196 -0.430446 -0.937200 0.025804 0.004686 -0.012361 -0.002598 0.061091 -0.250457 0.044662
6085.917845000 0.789484535 -0.027845338 0.000915036 0.613137805 -0.585566 0.001689 0.234376 -0.432571 -0.958491 -0.044127 0.004686 -0.012368 -0.002597 0.061105 -0.250494 0.044623
6085.969928000 0.794147608 -0.037370595 -0.007365224 0.606530105 -0.605979 -0.047375 0.231476 -0.383806 -0.921199 -0.065631 0.004687 -0.012375 -0.002595 0.061129 -0.250512 0.044604
6086.022010000 0.793652450 -0.040104580 -0.012340592 0.606922664 -0.623195 -0.095131 0.227357 -0.320614 -0.909554 -0.084063 0.004690 -0.012380 -0.002593 0.061158 -0.250476 0.044571
6086.074093000 0.793417454 -0.042403749 -0.008706047 0.607136616 -0.639010 -0.142830 0.222535 -0.291372 -0.922098 -0.087522 0.004690 -0.012382 -0.002593 0.061165 -0.250453 0.044573
6086.126177000 0.793438032 -0.043656434 -0.003715092 0.607071992 -0.654438 -0.192295 0.217159 -0.296203 -0.978724 -0.123672 0.004689 -0.012382 -0.002594 0.061180 -0.250448 0.044575
6086.178260000 0.792689002 -0.046460285 -0.001870971 0.607850382 -0.669801 -0.244729 0.210590 -0.299665 -1.036615 -0.127868 0.004689 -0.012383 -0.002594 0.061187 -0.250444 0.044567
6086.230342000 0.794494284 -0.048178974 -0.001842699 0.605354627 -0.684047 -0.300633 0.203774 -0.267965 -1.090722 -0.114810 0.004690 -0.012386 -0.002592 0.061198 -0.250446 0.044560
6086.282425000 0.794980113 -0.042130430 -0.007486277 0.605124452 -0.696810 -0.357850 0.199510 -0.264690 -1.106548 -0.057471 0.004690 -0.012380 -0.002590 0.061193 -0.250487 0.044498
6086.334508000 0.797731353 -0.044599068 -0.009616887 0.601284564 -0.712049 -0.415310 0.197799 -0.301705 -1.080104 -0.035029 0.004689 -0.012384 -0.002588 0.061172 -0.250603 0.044512
6086.386591000 0.803112147 -0.051319819 -0.011923395 0.593493882 -0.726717 -0.471172 0.197891 -0.255941 -1.038616 0.009273 0.004688 -0.012385 -0.002587 0.061154 -0.250746 0.044511
6086.438673000 0.805982060 -0.047983745 -0.015477318 0.589788887 -0.737457 -0.524444 0.200465 -0.186756 -1.020991 0.081276 0.004690 -0.012380 -0.002587 0.061144 -0.250781 0.044498
6086.490756000 0.803320987 -0.042630493 -0.009200526 0.593947291 -0.745831 -0.576789 0.204293 -0.138136 -0.991047 0.055457 0.004692 -0.012381 -0.002588 0.061137 -0.250780 0.044502
6086.542839000 0.802354769 -0.034320276 -0.008998108 0.595791891 -0.752468 -0.627867 0.206082 -0.117845 -0.974613 0.024931 0.004692 -0.012381 -0.002588 0.061135 -0.250779 0.044506
6086.594923000 0.803267517 -0.026097312 -0.016588301 0.594815144 -0.757990 -0.677411 0.208209 -0.107783 -0.941252 0.058014 0.004693 -0.012381 -0.002588 0.061125 -0.250780 0.044515
6086.647000000 0.803007305 -0.027579708 -0.013692549 0.595173204 -0.764385 -0.726523 0.211471 -0.125733 -0.954082 0.057042 0.004694 -0.012380 -0.002589 0.061116 -0.250788 0.044531
6086.699088000 0.800171720 -0.035085541 -0.001493150 0.598742010 -0.771319 -0.774991 0.214634 -0.103491 -0.954400 0.038659 0.004693 -0.012384 -0.002595 0.061033 -0.250860 0.044646
6086.751171000 0.795451264 -0.035582219 0.004351339 0.604956410 -0.775024 -0.824299 0.215916 -0.082723 -0.985351 -0.006006 0.004694 -0.012380 -0.002594 0.060979 -0.250897 0.044665
6086.803254000 0.792891855 -0.034060955 0.003736448 0.608398223 -0.777657 -0.875097 0.214475 -0.081598 -1.036755 -0.068457 0.004694 -0.012373 -0.002594 0.060869 -0.251031 0.044715
6086.855337000 0.791466749 -0.032151405 0.001356195 0.610364508 -0.782091 -0.930139 0.210919 -0.099607 -1.062434 -0.072412 0.004694 -0.012372 -0.002592 0.060853 -0.251089 0.044713
6086.907420000 0.789977012 -0.030342381 -0.005778342 0.612357960 -0.788846 -0.988997 0.205968 -0.104727 -1.078837 -0.048780 0.004701 -0.012375 -0.002588 0.061044 -0.250876 0.044582
6086.959502000 0.789430686 -0.028195728 -0.013620545 0.613040516 -0.794430 -1.045390 0.204735 -0.103084 -1.040261 -0.025171 0.004701 -0.012373 -0.002586 0.061091 -0.250925 0.044553
6087.011585000 0.791785678 -0.026086385 -0.017204126 0.609999146 -0.799840 -1.099772 0.204357 -0.106348 -1.000809 0.006796 0.004702 -0.012375 -0.002581 0.061124 -0.250941 0.044538
6087.063668000 0.797061952 -0.025239195 -0.022089584 0.602965404 -0.804696 -1.152877 0.205358 -0.072927 -0.999357 0.055839 0.004705 -0.012374 -0.002578 0.061157 -0.250979 0.044528
6087.115747000 0.795223094 -0.021912614 -0.029361032 0.605209053 -0.808274 -1.204966 0.210699 -0.081843 -0.983111 0.124635 0.004707 -0.012375 -0.002576 0.061173 -0.251022 0.044543
6087.167834000 0.790377378 -0.022029060 -0.034869984 0.611230239 -0.813227 -1.255199 0.218522 -0.106364 -0.945963 0.158349 0.004709 -0.012375 -0.002575 0.061207 -0.251052 0.044560
6087.219917000 0.786897680 -0.031435440 -0.033971783 0.615345247 -0.820574 -1.306175 0.225595 -0.155708 -0.934956 0.105327 0.004707 -0.012380 -0.002575 0.061254 -0.251024 0.044512
6087.272000000 0.784997263 -0.041945747 -0.034890968 0.617091947 -0.828984 -1.356990 0.229735 -0.148852 -0.929524 0.055887 0.004704 -0.012383 -0.002576 0.061295 -0.251035 0.044476
6087.324083000 0.782878371 -0.051572013 -0.034473584 0.619074597 -0.837833 -1.407528 0.231349 -0.169682 -0.955816 0.007658 0.004703 -0.012382 -0.002576 0.061306 -0.251030 0.044438
6087.376165000 0.779564806 -0.057961780 -0.033771710 0.622718730 -0.848684 -1.462339 0.230381 -0.155332 -0.965600 -0.037435 0.004696 -0.012374 -0.002574 0.061376 -0.251001 0.044328
6087.428248000 0.777354560 -0.060628916 -0.033198969 0.625253429 -0.858284 -1.515648 0.227758 -0.176933 -1.013513 -0.060807 0.004693 -0.012372 -0.002574 0.061408 -0.250974 0.044286
6087.480331000 0.775178004 -0.065923344 -0.032962552 0.627428598 -0.869041 -1.571844 0.224050 -0.192234 -1.063744 -0.069727 0.004691 -0.012369 -0.002572 0.061423 -0.250942 0.044244
6087.532414000 0.774830208 -0.071204076 -0.033043597 0.627276851 -0.879172 -1.627803 0.220414 -0.171158 -1.075120 -0.053817 0.004690 -0.012368 -0.002574 0.061423 -0.250930 0.044235
6087.584491000 0.775766781 -0.070755714 -0.031540097 0.626246559 -0.889023 -1.684907 0.218006 -0.151692 -1.061021 -0.036926 0.004689 -0.012357 -0.002574 0.061452 -0.250867 0.044190
6087.636580000 0.778641093 -0.067549191 -0.033141438 0.622942052 -0.898503 -1.741020 0.216365 -0.167850 -1.077358 -0.012345 0.004689 -0.012347 -0.002573 0.061474 -0.250830 0.044175
6087.688663000 0.783433396 -0.065741876 -0.036036423 0.616937190 -0.908132 -1.798155 0.217728 -0.120920 -1.066905 0.047808 0.004687 -0.012340 -0.002574 0.061476 -0.250902 0.044180
6087.740746000 0.782086848 -0.053065081 -0.036455864 0.619834840 -0.913160 -1.852406 0.222483 -0.077858 -1.039311 0.107509 0.004689 -0.012340 -0.002580 0.061516 -0.250943 0.044173
6087.792828000 0.777792296 -0.046936971 -0.030026944 0.626046681 -0.919114 -1.907119 0.227010 -0.074338 -1.032356 0.047760 0.004687 -0.012329 -0.002579 0.061527 -0.250960 0.044162
6087.844912000 0.780245898 -0.036905907 -0.039158335 0.623154008 -0.924100 -1.961133 0.229241 -0.036218 -0.994396 0.057386 0.004687 -0.012316 -0.002582 0.061537 -0.250980 0.044134
6087.896994000 0.780240987 -0.028371405 -0.044762260 0.623229818 -0.928875 -2.013484 0.233125 -0.065559 -0.963627 0.093310 0.004688 -0.012305 -0.002582 0.061551 -0.250964 0.044091
6087.949077000 0.776967211 -0.031327382 -0.033284840 0.627879501 -0.934672 -2.065154 0.237184 -0.102903 -0.977519 0.061956 0.004686 -0.012300 -0.002584 0.061591 -0.250901 0.044057
6088.001160000 0.774715894 -0.037588050 -0.024640511 0.630710130 -0.942939 -2.119038 0.238179 -0.090169 -1.019042 -0.020236 0.004685 -0.012288 -0.002587 0.061631 -0.250874 0.044020
6088.053243000 0.774402597 -0.034638129 -0.029030582 0.631076891 -0.949910 -2.173329 0.235631 -0.056200 -1.041775 -0.077397 0.004685 -0.012270 -0.002589 0.061641 -0.250879 0.043992
6088.105326000 0.772815786 -0.030473329 -0.034697247 0.632948053 -0.955847 -2.227926 0.230642 -0.060594 -1.085517 -0.097961 0.004686 -0.012254 -0.002592 0.061635 -0.250869 0.043963
6088.157408000 0.773236151 -0.028973956 -0.037062918 0.632370702 -0.961839 -2.284786 0.225834 -0.049654 -1.100483 -0.075594 0.004687 -0.012240 -0.002596 0.061652 -0.250879 0.043931
6088.209491000 0.772960306 -0.024654936 -0.042759248 0.632531538 -0.967623 -2.346668 0.223129 -0.053868 -1.105610 -0.041844 0.004683 -0.012236 -0.002596 0.061722 -0.250923 0.043864
6088.261574000 0.772081340 -0.023438546 -0.044339406 0.633541676 -0.973094 -2.404361 0.221082 -0.090425 -1.100205 -0.066346 0.004682 -0.012232 -0.002600 0.061742 -0.250934 0.043841
6088.313657000 0.778820427 -0.023056376 -0.050958527 0.624748250 -0.979053 -2.461140 0.217544 -0.062254 -1.072272 -0.053484 0.004682 -0.012228 -0.002604 0.061770 -0.250965 0.043827
6088.365740000 0.783713246 -0.015848343 -0.060960072 0.617920907 -0.982926 -2.518403 0.217543 -0.032454 -1.065427 0.035790 0.004679 -0.012226 -0.002607 0.061800 -0.251011 0.043803
6088.417823000 0.782941242 -0.012334629 -0.064882449 0.618579935 -0.987277 -2.574099 0.220786 -0.036030 -1.038185 0.098479 0.004677 -0.012214 -0.002606 0.061805 -0.250993 0.043782
6088.469906000 0.778658577 -0.011357737 -0.065597867 0.623906036 -0.990561 -2.627152 0.227565 -0.049971 -0.994807 0.144492 0.004677 -0.012210 -0.002607 0.061804 -0.250988 0.043779
6088.521988000 0.775041796 -0.018570433 -0.058583599 0.628914394 -0.995018 -2.679882 0.234284 -0.057451 -0.986336 0.102141 0.004677 -0.012208 -0.002609 0.061812 -0.250985 0.043773
6088.574071000 0.771063857 -0.024622014 -0.052363052 0.634123329 -0.998855 -2.733195 0.237960 -0.040810 -1.004792 0.046106 0.004677 -0.012205 -0.002611 0.061820 -0.250965 0.043759
6088.626154000 0.769035153 -0.030367580 -0.046956421 0.636755714 -1.001157 -2.786958 0.238957 -0.031024 -1.017631 -0.009460 0.004677 -0.012207 -0.002613 0.061826 -0.250951 0.043747
6088.678237000 0.767333139 -0.034080548 -0.042239572 0.638947720 -1.002488 -2.841515 0.237285 -0.004111 -1.022374 -0.050928 0.004676 -0.012208 -0.002617 0.061831 -0.250965 0.043735
6088.730320000 0.766363512 -0.035509245 -0.031674222 0.640642493 -1.002179 -2.896538 0.234188 0.019490 -1.042621 -0.074674 0.004676 -0.012213 -0.002623 0.061839 -0.251007 0.043721
6088.782404000 0.764982784 -0.032354676 -0.021586357 0.642875217 -1.001487 -2.955493 0.229482 0.041349 -1.086674 -0.098943 0.004675 -0.012215 -0.002624 0.061862 -0.251048 0.043701
6088.834486000 0.765373684 -0.024473143 -0.021038631 0.642776451 -0.999230 -3.013563 0.225201 0.039429 -1.106257 -0.046644 0.004674 -0.012215 -0.002626 0.061862 -0.251039 0.043697
6088.886569000 0.765547316 -0.023265467 -0.015684523 0.642767470 -0.998160 -3.072947 0.223084 0.011926 -1.107502 -0.051928 0.004672 -0.012219 -0.002627 0.061866 -0.251078 0.043689
6088.938651000 0.772033419 -0.023518395 -0.014677072 0.634977062 -0.996130 -3.129316 0.221773 0.044486 -1.071688 0.020880 0.004673 -0.012221 -0.002629 0.061834 -0.251128 0.043701
6088.990735000 0.772461538 -0.015152940 -0.012936700 0.634748929 -0.991831 -3.183450 0.225965 0.085612 -1.034710 0.124678 0.004673 -0.012223 -0.002628 0.061825 -0.251161 0.043708
6089.042817000 0.769571325 -0.011474930 -0.001112398 0.638456783 -0.986853 -3.234324 0.231811 0.062119 -1.033001 0.091900 0.004680 -0.012224 -0.002627 0.061774 -0.251234 0.043727
6089.094902000 0.768536061 -0.006963785 0.005285537 0.639746741 -0.980603 -3.282467 0.234736 0.100811 -0.991587 0.044983 0.004683 -0.012228 -0.002625 0.061731 -0.251262 0.043746
6089.146984000 0.769568348 0.005403462 -0.002138439 0.638538008 -0.973781 -3.330747 0.237855 0.106173 -0.943048 0.066552 0.004682 -0.012232 -0.002625 0.061713 -0.251307 0.043763
6089.199066000 0.768402307 0.009632232 0.000393101 0.639894492 -0.969122 -3.377544 0.241519 0.056845 -0.925095 0.066182 0.004684 -0.012231 -0.002625 0.061698 -0.251295 0.043774
6089.251149000 0.766276833 0.003860642 0.012490631 0.642377533 -0.969403 -3.430720 0.243746 0.027596 -0.929582 0.013260 0.004682 -0.012227 -0.002624 0.061716 -0.251242 0.043750
6089.303232000 0.766538284 -0.000374017 0.015860262 0.642002626 -0.970618 -3.484692 0.242079 0.038385 -0.947942 -0.070993 0.004681 -0.012220 -0.002622 0.061725 -0.251195 0.043720
6089.355315000 0.767516831 0.000019265 0.008582526 0.640971337 -0.972256 -3.541652 0.237029 0.039048 -0.967460 -0.122187 0.004676 -0.012211 -0.002624 0.061741 -0.251126 0.043689
6089.407397000 0.767390471 -0.001301569 0.006756508 0.641143136 -0.970935 -3.594946 0.230623 0.035208 -0.983776 -0.132015 0.004672 -0.012211 -0.002623 0.061739 -0.251122 0.043677
6089.459480000 0.768515608 -0.002169981 0.001861139 0.639824654 -0.970102 -3.648981 0.224120 0.028240 -0.986533 -0.117806 0.004670 -0.012208 -0.002620 0.061733 -0.251127 0.043664
6089.511563000 0.768363573 -0.001626338 -0.007268366 0.639970270 -0.968383 -3.699754 0.219823 -0.015357 -0.984657 -0.084010 0.004664 -0.012211 -0.002619 0.061715 -0.251147 0.043673
6089.563646000 0.772400434 -0.009764475 -0.013698515 0.634913046 -0.969607 -3.749550 0.214743 -0.032582 -0.947133 -0.086767 0.004663 -0.012212 -0.002618 0.061677 -0.251074 0.043671
6089.615729000 0.777676503 -0.012869485 -0.023237156 0.628103230 -0.971064 -3.799693 0.211463 -0.021941 -0.925753 -0.028833 0.004660 -0.012211 -0.002617 0.061647 -0.251037 0.043665
6089.667812000 0.779714791 -0.016999480 -0.033552313 0.625004084 -0.974703 -3.851232 0.211948 -0.041193 -0.920101 0.044152 0.004660 -0.012203 -0.002618 0.061655 -0.251047 0.043650
6089.719896000 0.776858758 -0.026278280 -0.040320917 0.627832896 -0.978810 -3.897184 0.215808 -0.080262 -0.870862 0.097599 0.004662 -0.012199 -0.002620 0.061668 -0.251043 0.043660
6089.771978000 0.774390411 -0.041933876 -0.045455720 0.629678346 -0.985507 -3.941625 0.221157 -0.109305 -0.826460 0.086919 0.004662 -0.012195 -0.002623 0.061686 -0.251074 0.043656
6089.824061000 0.771462110 -0.055099896 -0.049633317 0.631938880 -0.992366 -3.983506 0.224819 -0.109244 -0.808412 0.062505 0.004663 -0.012190 -0.002628 0.061667 -0.251032 0.043637
6089.876144000 0.768236833 -0.070939063 -0.050778435 0.634193479 -1.001579 -4.033209 0.226546 -0.140852 -0.805578 0.014581 0.004663 -0.012188 -0.002627 0.061675 -0.250919 0.043607
6089.928226000 0.764652702 -0.088706302 -0.051294337 0.636243922 -1.009474 -4.074806 0.225755 -0.165563 -0.800907 -0.049180 0.004663 -0.012188 -0.002627 0.061673 -0.250939 0.043603
6089.980309000 0.762784613 -0.102578961 -0.054622066 0.636123904 -1.016787 -4.115246 0.221757 -0.193435 -0.800080 -0.102185 0.004661 -0.012197 -0.002627 0.061644 -0.250901 0.043595
6090.032387000 0.760863293 -0.116623507 -0.059312714 0.635584777 -1.027555 -4.156203 0.215552 -0.228972 -0.806725 -0.123395 0.004662 -0.012198 -0.002628 0.061649 -0.250897 0.043589
6090.084475000 0.757401070 -0.130181501 -0.064213303 0.636610594 -1.040615 -4.196617 0.210123 -0.281797 -0.775455 -0.096810 0.004664 -0.012198 -0.002628 0.061660 -0.250941 0.043591
6090.136558000 0.753604709 -0.146587889 -0.068789153 0.637071413 -1.057160 -4.235306 0.205326 -0.329865 -0.731149 -0.081136 0.004664 -0.012197 -0.002631 0.061657 -0.250940 0.043569
6090.188641000 0.751550856 -0.163160729 -0.076076971 0.634635472 -1.078140 -4.273872 0.200382 -0.392922 -0.689513 -0.102819 0.004665 -0.012190 -0.002632 0.061685 -0.250941 0.043573
6090.240724000 0.753231791 -0.182041549 -0.092059207 0.625322193 -1.100136 -4.305113 0.195294 -0.460661 -0.653251 -0.077348 0.004664 -0.012187 -0.002633 0.061665 -0.250877 0.043572
6090.292807000 0.755671076 -0.203459645 -0.112301097 0.612334762 -1.125534 -4.343988 0.193682 -0.449221 -0.581603 0.012786 0.004662 -0.012187 -0.002627 0.061627 -0.250845 0.043607
6090.344890000 0.748742712 -0.221878748 -0.126788456 0.611619866 -1.147010 -4.368277 0.195632 -0.432215 -0.512769 0.049736 0.004661 -0.012188 -0.002628 0.061571 -0.250756 0.043573
6090.396972000 0.744351483 -0.242015991 -0.141301549 0.606137776 -1.168614 -4.393535 0.197593 -0.383173 -0.468832 0.039898 0.004662 -0.012188 -0.002631 0.061566 -0.250732 0.043517
6090.449055000 0.741787445 -0.253786537 -0.165953199 0.598166629 -1.186844 -4.415616 0.200617 -0.335231 -0.400829 0.088873 0.004663 -0.012189 -0.002632 0.061565 -0.250733 0.043492
6090.501132000 0.734853444 -0.266409635 -0.183757960 0.596027965 -1.199257 -4.425127 0.207069 -0.346409 -0.308628 0.109148 0.004670 -0.012200 -0.002632 0.061636 -0.250823 0.043448
6090.553221000 0.723548072 -0.284659547 -0.199456603 0.596375882 -1.221764 -4.448971 0.212330 -0.356501 -0.253178 0.081371 0.004660 -0.012191 -0.002627 0.061523 -0.250795 0.043602
6090.605304000 0.713801195 -0.302320151 -0.224268719 0.590587777 -1.240228 -4.459918 0.216242 -0.349710 -0.174930 0.079306 0.004662 -0.012192 -0.002628 0.061541 -0.250772 0.043561
6090.657387000 0.700429660 -0.320436822 -0.252229645 0.585746311 -1.258555 -4.466875 0.220098 -0.343086 -0.099548 0.072223 0.004663 -0.012191 -0.002630 0.061532 -0.250778 0.043515
6090.709470000 0.685036727 -0.342493399 -0.278017459 0.579766545 -1.278111 -4.473609 0.223738 -0.306216 -0.006275 0.074759 0.004664 -0.012190 -0.002634 0.061476 -0.250756 0.043375
6090.761552000 0.671069160 -0.367308929 -0.303151035 0.568198718 -1.295176 -4.476878 0.226691 -0.242588 0.090215 0.062466 0.004664 -0.012187 -0.002635 0.061454 -0.250642 0.043401
6090.813634000 0.658324945 -0.394176449 -0.324631883 0.553034660 -1.305715 -4.468971 0.229759 -0.155028 0.176799 0.065948 0.004665 -0.012187 -0.002635 0.061474 -0.250649 0.043396
6090.865718000 0.643841310 -0.416918734 -0.341763592 0.542996118 -1.308233 -4.448993 0.233386 -0.067617 0.238953 0.062659 0.004676 -0.012185 -0.002631 0.061770 -0.250714 0.043473
6090.917801000 0.633332921 -0.435406821 -0.357112915 0.530830178 -1.309108 -4.435658 0.236088 0.012165 0.247009 0.023518 0.004676 -0.012186 -0.002629 0.061781 -0.250714 0.043566
6090.969879000 0.624729784 -0.445161550 -0.371927602 0.522698527 -1.308782 -4.423274 0.237668 0.049999 0.307285 0.006537 0.004676 -0.012185 -0.002631 0.061770 -0.250802 0.043526
6091.021967000 0.618291230 -0.455134105 -0.386207198 0.511285539 -1.300827 -4.400851 0.237140 0.077347 0.349030 -0.003222 0.004679 -0.012188 -0.002623 0.061882 -0.250750 0.043728
6091.074050000 0.610061555 -0.465914260 -0.401973755 0.499165205 -1.302279 -4.390365 0.237740 0.052102 0.408328 -0.023423 0.004672 -0.012189 -0.002628 0.061696 -0.250850 0.043670
6091.126133000 0.598327484 -0.483257666 -0.411713230 0.488833782 -1.293910 -4.364849 0.234551 0.099369 0.455735 -0.022631 0.004663 -0.012193 -0.002617 0.061503 -0.250573 0.044004
6091.178217000 0.586529823 -0.495695052 -0.422125947 0.481745646 -1.286582 -4.337447 0.233994 0.137046 0.495621 -0.021900 0.004669 -0.012191 -0.002614 0.061593 -0.250657 0.044085
6091.230299000 0.575271681 -0.509090932 -0.429097500 0.475146558 -1.278101 -4.308735 0.233794 0.165475 0.571560 0.007430 0.004666 -0.012192 -0.002614 0.061512 -0.250705 0.044097
6091.282383000 0.560898421 -0.521061684 -0.434896879 0.474080571 -1.268855 -4.276868 0.234682 0.182785 0.629593 0.028564 0.004667 -0.012191 -0.002614 0.061520 -0.250727 0.044120
6091.334464000 0.547575130 -0.530600842 -0.443567319 0.471033180 -1.259503 -4.241540 0.236008 0.176806 0.686724 0.017165 0.004663 -0.012191 -0.002611 0.061393 -0.250688 0.044183
6091.386548000 0.536340657 -0.542095186 -0.450662857 0.464084581 -1.249831 -4.203525 0.236662 0.186573 0.744852 0.010491 0.004663 -0.012190 -0.002610 0.061380 -0.250701 0.044254
6091.438624000 0.523930351 -0.552986319 -0.450383433 0.465680020 -1.239804 -4.165845 0.236537 0.205268 0.736551 -0.001092 0.004664 -0.012192 -0.002608 0.061354 -0.250635 0.044238
6091.490713000 0.519615306 -0.557030506 -0.452878107 0.463269220 -1.229316 -4.127642 0.236403 0.185667 0.711088 -0.020144 0.004664 -0.012192 -0.002608 0.061316 -0.250695 0.044247
6091.542796000 0.522753252 -0.552674648 -0.459300199 0.458609963 -1.219395 -4.090849 0.235668 0.196507 0.702478 -0.003846 0.004665 -0.012192 -0.002609 0.061331 -0.250739 0.044243
6091.594878000 0.529080541 -0.545637588 -0.460761384 0.458314685 -1.210430 -4.054140 0.235575 0.168121 0.729570 0.001427 0.004665 -0.012191 -0.002611 0.061350 -0.250768 0.044192
6091.646962000 0.533117895 -0.538491689 -0.459040632 0.463781964 -1.202561 -4.016384 0.235757 0.146355 0.736142 0.001116 0.004666 -0.012191 -0.002612 0.061377 -0.250773 0.044152
6091.699044000 0.540724612 -0.530617120 -0.459939107 0.463161294 -1.196369 -3.978009 0.235527 0.105211 0.748697 -0.011165 0.004667 -0.012190 -0.002613 0.061415 -0.250772 0.044115
6091.751127000 0.548344277 -0.522645095 -0.465278481 0.457904569 -1.191112 -3.938656 0.234518 0.076932 0.777827 -0.022920 0.004668 -0.012191 -0.002612 0.061465 -0.250723 0.044152
6091.803210000 0.554700698 -0.517509950 -0.470529306 0.450658141 -1.188044 -3.896668 0.233462 0.062055 0.810896 -0.015681 0.004665 -0.012190 -0.002612 0.061413 -0.250707 0.044141
6091.855295000 0.558255528 -0.515153416 -0.474879381 0.444361673 -1.185550 -3.853632 0.232979 0.024952 0.843685 -0.010705 0.004665 -0.012190 -0.002612 0.061405 -0.250716 0.044135
6091.907376000 0.556077126 -0.524342366 -0.474182283 0.437029148 -1.185914 -3.808641 0.231550 -0.022387 0.865432 -0.034167 0.004665 -0.012190 -0.002612 0.061405 -0.250716 0.044135
6091.959459000 0.551554199 -0.530393183 -0.478325511 0.430901081 -1.187399 -3.764415 0.230310 -0.046235 0.836392 -0.024316 0.004665 -0.012190 -0.002612 0.061405 -0.250716 0.044135
6092.011554000 0.548112023 -0.535255430 -0.489319031 0.416703397 -1.190919 -3.720497 0.229167 -0.073922 0.852601 -0.002941 0.004665 -0.012190 -0.002612 0.061407 -0.250712 0.044137
6092.063624000 0.535932782 -0.543750065 -0.496297708 0.413280178 -1.195013 -3.675659 0.229520 -0.090750 0.871455 0.003666 0.004665 -0.012190 -0.002612 0.061407 -0.250712 0.044137
6092.115707000 0.521184968 -0.557005974 -0.499882824 0.410155747 -1.200946 -3.630310 0.228582 -0.135575 0.865259 -0.040594 0.004665 -0.012190 -0.002612 0.061411 -0.250709 0.044138
6092.167800000 0.510018451 -0.568602024 -0.504107529 0.403049024 -1.208526 -3.585958 0.225920 -0.155611 0.849205 -0.056324 0.004665 -0.012190 -0.002612 0.061411 -0.250709 0.044138
6092.219872000 0.501978677 -0.578197808 -0.511595174 0.389839813 -1.218204 -3.541986 0.222832 -0.200950 0.837553 -0.072244 0.004666 -0.012190 -0.002611 0.061390 -0.250750 0.044116
6092.271956000 0.498616811 -0.584739100 -0.517441143 0.376452021 -1.228618 -3.498666 0.219419 -0.203098 0.838113 -0.045903 0.004667 -0.012190 -0.002612 0.061430 -0.250704 0.044109
6092.324039000 0.493553177 -0.588377222 -0.519336669 0.374842541 -1.239967 -3.454662 0.217354 -0.239313 0.841991 -0.030326 0.004667 -0.012191 -0.002611 0.061429 -0.250691 0.044109
6092.376122000 0.496054345 -0.586272838 -0.525347710 0.366365977 -1.252775 -3.411007 0.215944 -0.286825 0.837989 -0.002040 0.004668 -0.012191 -0.002610 0.061468 -0.250610 0.044162
6092.428204000 0.501577408 -0.581019814 -0.528649354 0.362444396 -1.267810 -3.367527 0.216449 -0.295103 0.842414 0.009541 0.004667 -0.012191 -0.002609 0.061446 -0.250619 0.044183
6092.480288000 0.503424590 -0.582653020 -0.523859653 0.364211759 -1.285095 -3.323016 0.217173 -0.326906 0.842316 0.001298 0.004665 -0.012191 -0.002609 0.061359 -0.250676 0.044161
6092.532371000 0.507532538 -0.586863167 -0.520406461 0.356622294 -1.302979 -3.279680 0.217846 -0.343657 0.812222 -0.002449 0.004665 -0.012191 -0.002611 0.061370 -0.250750 0.044127
6092.584454000 0.510556532 -0.592036730 -0.512811292 0.354752190 -1.322503 -3.238552 0.218134 -0.370950 0.745714 -0.003853 0.004665 -0.012191 -0.002614 0.061391 -0.250779 0.044042
6092.636536000 0.517711956 -0.589804977 -0.510053015 0.352065821 -1.341101 -3.201714 0.216174 -0.388531 0.665066 -0.021287 0.004669 -0.012191 -0.002612 0.061495 -0.250709 0.044050
6092.688619000 0.525482631 -0.585847168 -0.511306930 0.345277170 -1.361048 -3.167552 0.215032 -0.397555 0.656056 -0.012561 0.004672 -0.012191 -0.002611 0.061579 -0.250697 0.044053
6092.740702000 0.520532030 -0.588569328 -0.505726429 0.356192828 -1.383037 -3.133879 0.215565 -0.402746 0.626003 -0.010266 0.004669 -0.012191 -0.002614 0.061518 -0.250749 0.044010
6092.792792000 0.514782960 -0.588829879 -0.501421100 0.369938857 -1.406009 -3.101790 0.214040 -0.445070 0.612558 -0.075704 0.004667 -0.012190 -0.002618 0.061508 -0.250816 0.043983
6092.844867000 0.510887110 -0.592915472 -0.494481450 0.378065733 -1.432156 -3.069996 0.208115 -0.503259 0.579288 -0.147124 0.004667 -0.012189 -0.002622 0.061512 -0.250828 0.043923
6092.896950000 0.511842405 -0.593987692 -0.484514341 0.387868312 -1.458990 -3.040329 0.199585 -0.540281 0.564048 -0.171010 0.004667 -0.012189 -0.002622 0.061512 -0.250828 0.043923
6092.949033000 0.512191634 -0.598173869 -0.467630847 0.401458769 -1.491688 -3.008824 0.190641 -0.615600 0.597740 -0.178480 0.004663 -0.012189 -0.002627 0.061449 -0.250885 0.043840
6093.001117000 0.516239283 -0.597757487 -0.455958030 0.410225869 -1.527554 -2.977570 0.181543 -0.703406 0.557567 -0.180073 0.004661 -0.012190 -0.002630 0.061428 -0.250917 0.043780
6093.053201000 0.530368921 -0.591249583 -0.446964295 0.411528441 -1.562812 -2.948465 0.173558 -0.711959 0.540089 -0.117422 0.004666 -0.012188 -0.002631 0.061564 -0.250925 0.043782
6093.105282000 0.536366810 -0.591565165 -0.432431700 0.418765001 -1.598007 -2.918614 0.166639 -0.737731 0.570254 -0.119427 0.004670 -0.012187 -0.002631 0.061697 -0.250858 0.043790
6093.157365000 0.547939767 -0.596142474 -0.421224656 0.408590201 -1.636177 -2.891348 0.162340 -0.739532 0.476818 -0.018459 0.004672 -0.012187 -0.002630 0.061731 -0.250836 0.043798
6093.209448000 0.556341869 -0.590871519 -0.411407993 0.414847002 -1.665339 -2.858679 0.166210 -0.741177 0.440482 0.085111 0.004693 -0.012182 -0.002636 0.062382 -0.251048 0.043721
6093.261532000 0.561261394 -0.583379392 -0.400887351 0.428886306 -1.705158 -2.835774 0.169794 -0.778280 0.406049 0.036786 0.004693 -0.012182 -0.002638 0.062399 -0.251043 0.043691
6093.313613000 0.569562119 -0.575972940 -0.398506704 0.430170399 -1.748382 -2.812499 0.169534 -0.809145 0.322506 0.009118 0.004695 -0.012181 -0.002644 0.062450 -0.250997 0.043549
6093.365697000 0.583486744 -0.566574080 -0.402423705 0.420228739 -1.791881 -2.795507 0.171219 -0.811340 0.255561 0.067146 0.004696 -0.012181 -0.002648 0.062474 -0.251004 0.043482
6093.417779000 0.585320775 -0.558983759 -0.400366581 0.429701464 -1.839552 -2.774398 0.173971 -0.841220 0.252017 0.044034 0.004696 -0.012181 -0.002663 0.062495 -0.250964 0.043267
6093.469862000 0.585524398 -0.558606763 -0.393056031 0.436608085 -1.887805 -2.758723 0.173839 -0.910297 0.240531 -0.025516 0.004696 -0.012181 -0.002670 0.062491 -0.250926 0.043188
6093.521944000 0.589594905 -0.561312325 -0.384977007 0.434855179 -1.936807 -2.747722 0.171344 -0.932173 0.175903 -0.054582 0.004695 -0.012182 -0.002670 0.062477 -0.250932 0.043176
6093.574027000 0.594526704 -0.555624914 -0.385721358 0.434784990 -1.986403 -2.739151 0.169426 -0.950689 0.142024 -0.024709 0.004693 -0.012182 -0.002671 0.062467 -0.250941 0.043167
6093.626110000 0.596974354 -0.548120650 -0.389348156 0.437713819 -2.039264 -2.729398 0.168914 -0.984617 0.128905 0.015043 0.004692 -0.012182 -0.002675 0.062478 -0.250953 0.043112
6093.678194000 0.596777214 -0.540583516 -0.392852365 0.444177260 -2.093709 -2.721324 0.170376 -1.033355 0.111763 0.045067 0.004691 -0.012183 -0.002677 0.062461 -0.250934 0.043062
6093.730277000 0.600492802 -0.531134184 -0.397631474 0.446311645 -2.147160 -2.717256 0.174444 -1.056112 0.059130 0.097278 0.004690 -0.012183 -0.002676 0.062493 -0.251008 0.043102
6093.782359000 0.602789893 -0.520684758 -0.402901495 0.450779451 -2.202009 -2.713815 0.180118 -1.105836 0.090953 0.104576 0.004691 -0.012184 -0.002677 0.062520 -0.251038 0.043126
6093.834442000 0.602068560 -0.524641531 -0.403688953 0.446430221 -2.267452 -2.704124 0.184505 -1.135681 0.057027 0.119110 0.004690 -0.012184 -0.002685 0.062437 -0.250927 0.042991
6093.886520000 0.603594387 -0.523132386 -0.406779119 0.443325018 -2.327217 -2.702262 0.192027 -1.093836 -0.032629 0.163127 0.004689 -0.012186 -0.002687 0.062432 -0.250927 0.042974
6093.938609000 0.606724081 -0.514390451 -0.409824718 0.446466183 -2.384735 -2.705432 0.199487 -1.056859 -0.094046 0.147874 0.004688 -0.012186 -0.002687 0.062402 -0.250860 0.042942
6093.990692000 0.611034111 -0.502772689 -0.413208194 0.450683844 -2.439668 -2.710578 0.206803 -0.996178 -0.146824 0.134424 0.004686 -0.012187 -0.002688 0.062391 -0.250846 0.042926
6094.042775000 0.615983327 -0.491082277 -0.407929286 0.461515370 -2.493470 -2.717767 0.212150 -0.952434 -0.191963 0.086894 0.004685 -0.012187 -0.002689 0.062366 -0.250781 0.042865
6094.094856000 0.619240038 -0.479993582 -0.398173332 0.477080638 -2.545581 -2.727660 0.214599 -0.968770 -0.232786 0.013701 0.004682 -0.012187 -0.002690 0.062368 -0.250783 0.042848
6094.146940000 0.622703097 -0.470387241 -0.390745797 0.488154092 -2.596551 -2.741107 0.213550 -0.988773 -0.270605 -0.034189 0.004683 -0.012187 -0.002689 0.062365 -0.250740 0.042821
6094.199022000 0.627490449 -0.460383382 -0.380923209 0.499199746 -2.648449 -2.756034 0.211627 -0.951315 -0.327899 -0.028709 0.004682 -0.012187 -0.002690 0.062368 -0.250721 0.042808
6094.251104000 0.632412227 -0.445445532 -0.365135957 0.517985314 -2.698432 -2.773903 0.210086 -0.924781 -0.375304 -0.030789 0.004680 -0.012187 -0.002690 0.062377 -0.250706 0.042797
6094.303189000 0.641187072 -0.422206789 -0.351750439 0.535623184 -2.747465 -2.793959 0.208608 -0.898771 -0.428842 -0.017962 0.004679 -0.012188 -0.002691 0.062391 -0.250702 0.042798
6094.355266000 0.653478663 -0.397777133 -0.337122616 0.548714252 -2.794050 -2.816675 0.208106 -0.895471 -0.428767 -0.012737 0.004679 -0.012188 -0.002691 0.062391 -0.250702 0.042798
6094.407353000 0.666542160 -0.383294829 -0.318481089 0.554415385 -2.840524 -2.839610 0.207261 -0.869040 -0.470813 0.001773 0.004679 -0.012188 -0.002691 0.062391 -0.250702 0.042798
6094.459437000 0.684395375 -0.358081031 -0.308757930 0.555022060 -2.882655 -2.865777 0.209410 -0.746233 -0.528934 0.085598 0.004679 -0.012188 -0.002691 0.062391 -0.250702 0.042798
6094.511520000 0.697373532 -0.326226507 -0.295093744 0.565832223 -2.920341 -2.894105 0.214724 -0.713870 -0.550230 0.096780 0.004679 -0.012188 -0.002691 0.062391 -0.250702 0.042798
6094.563604000 0.706093673 -0.302060043 -0.277397247 0.577271360 -2.956700 -2.923205 0.217990 -0.672176 -0.577726 0.030504 0.004679 -0.012188 -0.002691 0.062391 -0.250702 0.042798
6094.615685000 0.719289889 -0.276848002 -0.273242535 0.575600344 -2.989762 -2.954313 0.219563 -0.598114 -0.612359 0.041329 0.004679 -0.012188 -0.002691 0.062391 -0.250702 0.042798
6094.667768000 0.728076039 -0.255806431 -0.264528345 0.578353790 -3.018655 -2.986148 0.223131 -0.516587 -0.610683 0.085780 0.004679 -0.012188 -0.002691 0.062391 -0.250702 0.042798
6094.719851000 0.730806036 -0.240189300 -0.248320504 0.588700744 -3.045086 -3.018630 0.227083 -0.499859 -0.638158 0.063935 0.004679 -0.012188 -0.002691 0.062391 -0.250702 0.042798
6094.771935000 0.732429350 -0.228036978 -0.230243139 0.598777488 -3.069732 -3.052325 0.229817 -0.445219 -0.655556 0.033783 0.004679 -0.012188 -0.002691 0.062391 -0.250702 0.042798
6094.824021000 0.734762110 -0.211968312 -0.216990716 0.606719956 -3.091886 -3.087218 0.229985 -0.406605 -0.684625 -0.024186 0.004679 -0.012188 -0.002691 0.062391 -0.250702 0.042798
6094.876100000 0.738078082 -0.194442550 -0.209220302 0.611277109 -3.112601 -3.123531 0.227831 -0.387795 -0.706482 -0.053488 0.004679 -0.012188 -0.002691 0.062391 -0.250702 0.042798
6094.928183000 0.742001063 -0.179329222 -0.201594616 0.613706007 -3.132064 -3.160465 0.225310 -0.357127 -0.709323 -0.037789 0.004679 -0.012188 -0.002691 0.062391 -0.250702 0.042798
6094.980265000 0.744812319 -0.163704922 -0.190531466 0.618185303 -3.143747 -3.198485 0.224488 -0.317083 -0.713231 -0.007233 0.004683 -0.012189 -0.002691 0.062355 -0.250737 0.042805
6095.032349000 0.746390188 -0.151662933 -0.176459484 0.623507893 -3.160882 -3.235907 0.223630 -0.335912 -0.724160 -0.029400 0.004683 -0.012189 -0.002691 0.062355 -0.250737 0.042805
6095.084431000 0.750873169 -0.141592604 -0.166722733 0.623172968 -3.164445 -3.276169 0.222511 -0.313739 -0.749145 -0.038873 0.004693 -0.012190 -0.002691 0.062270 -0.250801 0.042815
6095.136514000 0.756701850 -0.133102183 -0.161667680 0.619313879 -3.179995 -3.315783 0.221449 -0.267473 -0.767114 0.008533 0.004693 -0.012190 -0.002691 0.062270 -0.250801 0.042815
6095.188600000 0.756996140 -0.120034420 -0.150496568 0.624419222 -3.192711 -3.355051 0.223991 -0.235407 -0.749574 0.045096 0.004693 -0.012190 -0.002691 0.062272 -0.250836 0.042822
6095.240680000 0.755995223 -0.111733302 -0.138049325 0.630023234 -3.235562 -3.391727 0.226927 -0.235912 -0.738757 0.053355 0.004672 -0.012185 -0.002689 0.062498 -0.250851 0.042809
6095.292757000 0.755582876 -0.103580420 -0.126329047 0.634355253 -3.246612 -3.429351 0.230306 -0.195282 -0.709990 0.065127 0.004672 -0.012185 -0.002689 0.062498 -0.250851 0.042809
6095.344845000 0.753174540 -0.096855304 -0.106984291 0.641795547 -3.233547 -3.472598 0.236280 -0.166472 -0.746032 0.013137 0.004690 -0.012184 -0.002679 0.062335 -0.251298 0.042575
6095.396930000 0.752010151 -0.089766558 -0.092809283 0.646381570 -3.240608 -3.518597 0.231126 -0.157594 -0.775486 -0.035833 0.004692 -0.012185 -0.002672 0.062326 -0.251064 0.042366
6095.449012000 0.751856857 -0.082528695 -0.079304263 0.649315882 -3.249901 -3.562098 0.228124 -0.146999 -0.773638 -0.063779 0.004689 -0.012184 -0.002669 0.062437 -0.251054 0.042316
6095.501094000 0.753334583 -0.076946426 -0.062012814 0.650169720 -3.259005 -3.605055 0.224559 -0.151089 -0.791168 -0.099317 0.004685 -0.012185 -0.002667 0.062544 -0.251130 0.042295
6095.553177000 0.754273047 -0.069569845 -0.043634878 0.651404794 -3.267803 -3.648025 0.221725 -0.140078 -0.818330 -0.104516 0.004681 -0.012185 -0.002667 0.062687 -0.251304 0.042297
6095.605259000 0.754969123 -0.057043577 -0.027052180 0.652714204 -3.275562 -3.693465 0.216094 -0.120511 -0.843255 -0.107860 0.004679 -0.012186 -0.002664 0.062760 -0.251308 0.042277
6095.657342000 0.755860186 -0.038490243 -0.014545244 0.653438839 -3.281274 -3.737116 0.211201 -0.111610 -0.854470 -0.092884 0.004677 -0.012185 -0.002665 0.062781 -0.251342 0.042290
6095.709425000 0.757978232 -0.024371884 0.000222818 0.651824333 -3.289968 -3.783414 0.206369 -0.181817 -0.855907 -0.106857 0.004677 -0.012185 -0.002661 0.062795 -0.251405 0.042179
6095.761508000 0.766476308 -0.019278463 0.003152554 0.641975444 -3.300998 -3.828347 0.202302 -0.196842 -0.841139 -0.061810 0.004676 -0.012185 -0.002661 0.062823 -0.251483 0.042157
6095.813591000 0.772812024 -0.009619450 0.001730114 0.634559728 -3.309253 -3.868834 0.203282 -0.154403 -0.748005 0.034772 0.004672 -0.012187 -0.002662 0.062909 -0.251581 0.042207
6095.865674000 0.775154666 -0.001570356 0.012726122 0.631641372 -3.318004 -3.909435 0.206605 -0.110157 -0.696979 0.080475 0.004672 -0.012185 -0.002661 0.062908 -0.251593 0.042186
6095.917757000 0.771390062 0.006807124 0.033849133 0.635425268 -3.322164 -3.944346 0.210383 -0.064871 -0.653220 0.041811 0.004672 -0.012187 -0.002661 0.062902 -0.251610 0.042179
6095.969840000 0.772021186 0.021809179 0.038560014 0.634051082 -3.325900 -3.980349 0.211131 -0.014259 -0.635336 -0.003394 0.004669 -0.012185 -0.002659 0.062988 -0.251642 0.042092
6096.021923000 0.773734999 0.039806432 0.028852963 0.631598849 -3.327655 -4.013632 0.212229 -0.001380 -0.570510 0.061180 0.004666 -0.012183 -0.002656 0.063049 -0.251655 0.041981
6096.074006000 0.771526685 0.047226804 0.040193431 0.633167191 -3.328741 -4.044231 0.216567 -0.009881 -0.541472 0.077059 0.004665 -0.012183 -0.002653 0.063087 -0.251666 0.041881
6096.126088000 0.768833152 0.046118881 0.058285954 0.635115249 -3.331125 -4.075131 0.219738 -0.012712 -0.555748 0.042605 0.004662 -0.012180 -0.002647 0.063115 -0.251688 0.041740
6096.178171000 0.767596813 0.047870517 0.062834920 0.636046633 -3.331630 -4.105076 0.220731 0.024759 -0.556083 -0.013368 0.004662 -0.012180 -0.002645 0.063121 -0.251716 0.041660
6096.230254000 0.767113747 0.055771756 0.057315456 0.636506834 -3.330232 -4.134664 0.219486 0.028496 -0.543344 -0.030753 0.004661 -0.012180 -0.002644 0.063143 -0.251720 0.041614
6096.282337000 0.765777911 0.056486910 0.058208462 0.637969588 -3.332497 -4.166603 0.217781 -0.005969 -0.572648 -0.041552 0.004653 -0.012172 -0.002636 0.063251 -0.251724 0.041428
6096.334420000 0.765296273 0.050796026 0.059944478 0.638864648 -3.332514 -4.196307 0.215574 -0.015469 -0.595988 -0.053893 0.004651 -0.012173 -0.002638 0.063267 -0.251684 0.041437
6096.386503000 0.765564457 0.047182989 0.052413683 0.639482317 -3.332621 -4.227860 0.212864 -0.020089 -0.599419 -0.048810 0.004653 -0.012175 -0.002640 0.063211 -0.251687 0.041477
6096.438585000 0.763851203 0.042062325 0.045164942 0.642434610 -3.333713 -4.259254 0.210756 -0.032815 -0.607881 -0.048102 0.004652 -0.012176 -0.002641 0.063217 -0.251671 0.041461
6096.490668000 0.764848574 0.032624013 0.033705761 0.642500003 -3.334778 -4.290663 0.208619 -0.015360 -0.576927 -0.017940 0.004654 -0.012178 -0.002641 0.063195 -0.251636 0.041458
6096.542751000 0.767021741 0.024993981 0.023938068 0.640687068 -3.335281 -4.318182 0.208231 -0.012529 -0.497740 -0.004178 0.004654 -0.012179 -0.002644 0.063193 -0.251586 0.041456
6096.594834000 0.773059476 0.011117345 0.014484068 0.634070708 -3.336574 -4.344196 0.207638 -0.024162 -0.479341 0.001353 0.004654 -0.012179 -0.002645 0.063194 -0.251554 0.041426
6096.646917000 0.775254218 0.000530432 0.002571450 0.631643890 -3.337788 -4.368063 0.208905 -0.026464 -0.424180 0.045026 0.004654 -0.012180 -0.002646 0.063192 -0.251531 0.041386
6096.699000000 0.773471638 -0.010278787 -0.010812776 0.633655313 -3.339265 -4.387645 0.211408 -0.075746 -0.378475 0.047478 0.004656 -0.012183 -0.002650 0.063204 -0.251524 0.041478
6096.751086000 0.771291161 -0.029622852 -0.022090871 0.635408865 -3.344121 -4.404860 0.213304 -0.129907 -0.297432 0.009551 0.004658 -0.012185 -0.002649 0.063198 -0.251554 0.041500
6096.803166000 0.772491428 -0.054172607 -0.036026901 0.631683770 -3.351204 -4.418865 0.212719 -0.138287 -0.213099 -0.029998 0.004660 -0.012185 -0.002647 0.063161 -0.251627 0.041519
6096.855249000 0.774382756 -0.076731774 -0.052102125 0.625882537 -3.358184 -4.427179 0.211349 -0.119268 -0.078922 -0.012109 0.004660 -0.012185 -0.002646 0.063146 -0.251624 0.041518
6096.907332000 0.771345445 -0.092786749 -0.062974611 0.626459114 -3.365268 -4.432146 0.210934 -0.120608 0.032755 0.005296 0.004659 -0.012184 -0.002640 0.063088 -0.251571 0.041427
6096.959415000 0.768376608 -0.109426442 -0.072785032 0.626358988 -3.372464 -4.427435 0.211087 -0.166745 0.115859 -0.001156 0.004659 -0.012184 -0.002641 0.063094 -0.251571 0.041441
6097.011498000 0.764499688 -0.126162357 -0.087805065 0.626029997 -3.382114 -4.418382 0.210832 -0.211926 0.194059 -0.010930 0.004660 -0.012184 -0.002641 0.063097 -0.251577 0.041459
6097.063580000 0.760216909 -0.143716685 -0.108941088 0.624137490 -3.394395 -4.407409 0.210701 -0.247836 0.295129 0.004246 0.004660 -0.012184 -0.002639 0.063081 -0.251604 0.041475
6097.115663000 0.753919031 -0.166258446 -0.125430572 0.623082173 -3.407560 -4.389746 0.211035 -0.268618 0.406627 0.014681 0.004661 -0.012185 -0.002636 0.063080 -0.251560 0.041491
6097.167746000 0.745529520 -0.191633497 -0.142760402 0.622158987 -3.422005 -4.366515 0.211861 -0.281836 0.506083 0.012546 0.004661 -0.012185 -0.002635 0.063076 -0.251564 0.041499
6097.219828000 0.736614696 -0.217311321 -0.164708203 0.618906929 -3.435899 -4.336203 0.212096 -0.266995 0.607070 0.002630 0.004661 -0.012185 -0.002634 0.063085 -0.251530 0.041504
6097.271912000 0.727375550 -0.241245040 -0.191041864 0.613374801 -3.449242 -4.302415 0.211360 -0.244999 0.688344 -0.028096 0.004661 -0.012185 -0.002634 0.063085 -0.251530 0.041504
6097.323994000 0.717601498 -0.270047137 -0.214156508 0.605193873 -3.461713 -4.264429 0.209754 -0.229968 0.768521 -0.038529 0.004661 -0.012185 -0.002634 0.063085 -0.251530 0.041504
6097.376077000 0.705228957 -0.302359190 -0.234997027 0.596663587 -3.472199 -4.223109 0.207333 -0.166334 0.814737 -0.052527 0.004661 -0.012185 -0.002634 0.063085 -0.251530 0.041504
6097.428161000 0.692143791 -0.331672156 -0.256014003 0.587696677 -3.479338 -4.179994 0.203901 -0.111870 0.834181 -0.081295 0.004661 -0.012185 -0.002634 0.063085 -0.251530 0.041504
6097.480246000 0.679980424 -0.357002272 -0.281401937 0.575316392 -3.483992 -4.136026 0.199743 -0.069442 0.865295 -0.074647 0.004661 -0.012185 -0.002634 0.063085 -0.251530 0.041504
6097.532327000 0.666106748 -0.384902605 -0.304873771 0.561430110 -3.487133 -4.089703 0.195192 -0.054762 0.909469 -0.098070 0.004661 -0.012185 -0.002634 0.063085 -0.251530 0.041504
6097.584409000 0.651034196 -0.414042634 -0.332974537 0.542080373 -3.488995 -4.041176 0.191165 -0.007952 0.955944 -0.054439 0.004661 -0.012185 -0.002634 0.063085 -0.251530 0.041504
6097.636492000 0.630050326 -0.445555737 -0.356446145 0.526747395 -3.488656 -3.989880 0.187956 0.021755 1.008811 -0.075481 0.004661 -0.012185 -0.002634 0.063085 -0.251530 0.041504
6097.688575000 0.606130968 -0.479238599 -0.380772084 0.507886045 -3.486201 -3.936090 0.183594 0.079334 1.051904 -0.089219 0.004661 -0.012185 -0.002634 0.063085 -0.251530 0.041504
6097.740654000 0.582655758 -0.510570646 -0.405776136 0.484949081 -3.479623 -3.881202 0.179307 0.171159 1.055530 -0.070090 0.004661 -0.012185 -0.002634 0.063085 -0.251530 0.041504
6097.792755000 0.556737760 -0.539512618 -0.431385939 0.461384192 -3.468996 -3.825688 0.176230 0.234700 1.069522 -0.051671 0.004661 -0.012185 -0.002634 0.063085 -0.251530 0.041504
6097.844823000 0.529140077 -0.568534408 -0.455082121 0.435522296 -3.454948 -3.770238 0.174200 0.305099 1.058900 -0.019764 0.004661 -0.012185 -0.002634 0.063085 -0.251530 0.041504
6097.896906000 0.501237833 -0.594193346 -0.478904797 0.407854260 -3.437298 -3.716138 0.174450 0.375575 1.016166 0.027517 0.004661 -0.012185 -0.002634 0.063085 -0.251530 0.041504
6097.948997000 0.472257854 -0.614967734 -0.502484248 0.382487629 -3.416346 -3.664260 0.176525 0.421320 0.970429 0.046784 0.004661 -0.012185 -0.002634 0.063085 -0.251530 0.041504
6098.001072000 0.444881167 -0.633409453 -0.523069207 0.356751759 -3.393773 -3.615813 0.179389 0.443483 0.886358 0.066042 0.004661 -0.012185 -0.002634 0.063085 -0.251530 0.041504
6098.053155000 0.420627156 -0.647665122 -0.541887035 0.331603869 -3.370499 -3.571636 0.183165 0.449661 0.814262 0.078719 0.004661 -0.012185 -0.002634 0.063085 -0.251530 0.041504
6098.105238000 0.396034830 -0.659697882 -0.560052895 0.307076330 -3.346836 -3.530485 0.187561 0.457939 0.766496 0.086109 0.004661 -0.012185 -0.002634 0.063085 -0.251530 0.041504
6098.157321000 0.370013491 -0.670484811 -0.576589902 0.284752908 -3.322761 -3.491981 0.192042 0.464706 0.715401 0.081320 0.004661 -0.012185 -0.002634 0.063085 -0.251530 0.041504
6098.209398000 0.343756365 -0.680847952 -0.592146542 0.260077105 -3.298400 -3.455458 0.195887 0.474778 0.689249 0.068430 0.004661 -0.012185 -0.002634 0.063085 -0.251530 0.041504
6098.261487000 0.312759930 -0.692133616 -0.606826496 0.234294444 -3.273133 -3.420225 0.199048 0.492950 0.656621 0.052256 0.004661 -0.012185 -0.002634 0.063085 -0.251530 0.041504
6098.313569000 0.279700504 -0.703752824 -0.618832897 0.208675436 -3.247473 -3.387434 0.201668 0.491310 0.598603 0.049970 0.004661 -0.012185 -0.002634 0.063085 -0.251530 0.041504
6098.365652000 0.245142340 -0.713556749 -0.629535113 0.185546600 -3.221773 -3.357076 0.204157 0.495083 0.571771 0.041922 0.004661 -0.012185 -0.002634 0.063085 -0.251530 0.041504
6098.417735000 0.209235288 -0.724191288 -0.637181763 0.160520947 -3.196226 -3.328236 0.205987 0.488139 0.530476 0.031457 0.004661 -0.012185 -0.002634 0.063085 -0.251530 0.041504
6098.469818000 0.174910924 -0.731533567 -0.645029083 0.134915864 -3.170762 -3.302197 0.207635 0.490955 0.472546 0.034264 0.004661 -0.012185 -0.002634 0.063085 -0.251530 0.041504
6098.521910000 0.140514857 -0.739059325 -0.649439341 0.110794540 -3.144923 -3.278326 0.209279 0.501084 0.444187 0.027424 0.004661 -0.012185 -0.002634 0.063085 -0.251530 0.041504
6098.573991000 0.106392609 -0.745622323 -0.651808000 0.088737221 -3.119447 -3.256635 0.210512 0.472710 0.387177 0.021942 0.004661 -0.012185 -0.002634 0.063085 -0.251530 0.041504
6098.626066000 0.079638611 -0.749655959 -0.653904102 0.063898832 -3.095477 -3.237473 0.211036 0.446494 0.364877 0.013619 0.004661 -0.012184 -0.002634 0.063084 -0.251492 0.041504
6098.678149000 0.055344963 -0.752943179 -0.654553545 0.039663093 -3.073025 -3.218989 0.211648 0.415571 0.347700 0.007655 0.004661 -0.012184 -0.002634 0.063084 -0.251492 0.041504
6098.730235000 0.034206962 -0.754847849 -0.654752662 0.018263642 -3.052030 -3.200803 0.211618 0.395507 0.354992 -0.007056 0.004661 -0.012184 -0.002634 0.063084 -0.251492 0.041504
6098.782316000 -0.010414795 0.758117780 0.652002747 0.006432851 -3.029645 -3.184691 0.208487 0.424232 0.370914 -0.030077 0.004660 -0.012185 -0.002631 0.063080 -0.251295 0.041550
6098.834399000 0.015042753 0.762411067 0.646050990 0.033484310 -3.007813 -3.166761 0.207602 0.417838 0.316138 -0.004793 0.004660 -0.012185 -0.002631 0.063080 -0.251295 0.041550
6098.886481000 0.044273876 0.764363017 0.641200981 0.051481106 -2.990320 -3.136312 0.212278 0.419793 0.301514 0.002047 0.004669 -0.012183 -0.002642 0.063124 -0.251751 0.041230
6098.938564000 0.068037060 0.761122892 0.641523726 0.067158102 -2.975057 -3.114052 0.216642 0.364306 0.276794 0.024462 0.004671 -0.012182 -0.002648 0.063011 -0.252028 0.041093
6098.990647000 0.087525559 0.756063033 0.643152868 0.084037817 -2.962329 -3.098053 0.216764 0.401023 0.276798 -0.004162 0.004669 -0.012183 -0.002654 0.062785 -0.252035 0.040939
6099.042733000 0.111963433 0.753800573 0.638967559 0.104734636 -2.940436 -3.084457 0.216603 0.424783 0.231194 0.012949 0.004669 -0.012183 -0.002654 0.062785 -0.252035 0.040939
6099.094813000 0.133565412 0.749836740 0.636306983 0.122550264 -2.918168 -3.073412 0.218042 0.445380 0.194020 0.030754 0.004669 -0.012183 -0.002654 0.062778 -0.252045 0.040929
6099.146890000 0.155861364 0.744713316 0.634703517 0.135132372 -2.888689 -3.077484 0.220824 0.475843 0.172811 0.014410 0.004663 -0.012184 -0.002646 0.062876 -0.251969 0.041337
6099.198979000 0.175922559 0.740182641 0.632006502 0.147474379 -2.863530 -3.068494 0.220861 0.487726 0.173857 -0.011411 0.004663 -0.012184 -0.002646 0.062876 -0.251969 0.041337
6099.251062000 0.189652993 0.735819138 0.629382108 0.162727072 -2.837658 -3.059449 0.219340 0.512594 0.176412 -0.048188 0.004663 -0.012184 -0.002646 0.062876 -0.251969 0.041337
6099.303145000 0.204480740 0.731513428 0.625480569 0.178465095 -2.809131 -3.049953 0.215767 0.576586 0.184962 -0.080561 0.004663 -0.012184 -0.002646 0.062876 -0.251969 0.041337
6099.355229000 0.220617830 0.726827349 0.621544139 0.191657665 -2.778201 -3.040322 0.211445 0.610686 0.186241 -0.085548 0.004663 -0.012184 -0.002646 0.062876 -0.251969 0.041337
6099.407310000 0.236881286 0.721841146 0.618532650 0.200623968 -2.754732 -3.033779 0.200867 0.642942 0.187609 -0.099258 0.004660 -0.012184 -0.002647 0.062719 -0.251543 0.041339
6099.459393000 0.252037474 0.717405899 0.616292874 0.204912129 -2.720450 -3.023289 0.194726 0.669682 0.219544 -0.133261 0.004660 -0.012184 -0.002647 0.062719 -0.251543 0.041339
6099.511476000 0.260294163 0.715696095 0.611080409 0.215886040 -2.670217 -2.989068 0.190314 0.740162 0.282351 -0.140854 0.004676 -0.012182 -0.002653 0.063370 -0.251923 0.040895
6099.563559000 0.268740874 0.715852581 0.603683833 0.225608633 -2.627225 -2.965952 0.182602 0.797883 0.327800 -0.122230 0.004680 -0.012181 -0.002656 0.063494 -0.251957 0.040728
6099.615642000 0.280567659 0.716932854 0.594810662 0.231277642 -2.582845 -2.945873 0.176922 0.840194 0.353748 -0.089634 0.004681 -0.012181 -0.002656 0.063539 -0.251973 0.040688
6099.667725000 0.291214145 0.717815801 0.587219321 0.234751500 -2.536718 -2.925357 0.173722 0.854043 0.347662 -0.016914 0.004682 -0.012180 -0.002656 0.063563 -0.251998 0.040653
6099.719812000 0.302291243 0.715223277 0.583307583 0.238386100 -2.491129 -2.906597 0.173763 0.889077 0.379294 0.014190 0.004682 -0.012180 -0.002656 0.063563 -0.251998 0.040653
6099.771890000 0.305252441 0.715344665 0.576417736 0.250690149 -2.445083 -2.886261 0.177066 0.882739 0.394219 0.114665 0.004682 -0.012180 -0.002656 0.063563 -0.251998 0.040653
6099.823981000 0.307623265 0.710912035 0.578218111 0.256194889 -2.398941 -2.865876 0.184786 0.886508 0.392312 0.165255 0.004682 -0.012180 -0.002656 0.063563 -0.251998 0.040653
6099.876056000 0.309521972 0.702858844 0.585198589 0.260246432 -2.351917 -2.843576 0.192672 0.883679 0.391401 0.141839 0.004682 -0.012180 -0.002656 0.063495 -0.252005 0.040634
6099.928141000 0.308756215 0.700941927 0.582237082 0.272671955 -2.305332 -2.818427 0.199738 0.845595 0.394647 0.151060 0.004681 -0.012181 -0.002654 0.063345 -0.252019 0.040596
6099.980222000 0.310968809 0.698114583 0.582111362 0.277634277 -2.263779 -2.804406 0.207428 0.829079 0.386449 0.113745 0.004682 -0.012180 -0.002656 0.063546 -0.252002 0.040643
6100.032305000 0.313359939 0.692800661 0.586166150 0.279717783 -2.221724 -2.787647 0.213203 0.835642 0.380690 0.089043 0.004683 -0.012180 -0.002657 0.063637 -0.252003 0.040662
6100.084387000 0.316495260 0.687478494 0.590898992 0.279360792 -2.178862 -2.770401 0.216609 0.849011 0.404970 0.024138 0.004683 -0.012179 -0.002658 0.063739 -0.251995 0.040679
6100.136470000 0.313203164 0.688905353 0.586372471 0.288929955 -2.133739 -2.748471 0.217026 0.845201 0.436858 0.008542 0.004684 -0.012177 -0.002659 0.063831 -0.251966 0.040674
6100.188553000 0.309994924 0.685555812 0.589995076 0.292954239 -2.088138 -2.723798 0.217001 0.886097 0.429491 -0.009243 0.004684 -0.012178 -0.002658 0.063754 -0.251975 0.040664
6100.240636000 0.309554598 0.683852194 0.592667306 0.292006149 -2.023963 -2.693614 0.213009 0.932287 0.453469 -0.039911 0.004690 -0.012176 -0.002664 0.064321 -0.251802 0.040484
6100.292719000 0.307338069 0.683218160 0.594498804 0.292108592 -1.964145 -2.661846 0.208073 0.981874 0.472581 -0.068703 0.004693 -0.012175 -0.002665 0.064515 -0.251662 0.040386
6100.344802000 0.305193692 0.686086933 0.589338774 0.298029094 -1.905374 -2.629769 0.203643 0.975241 0.495471 -0.034374 0.004695 -0.012174 -0.002664 0.064637 -0.251649 0.040296
6100.396885000 0.299775826 0.687591080 0.590282959 0.298192873 -1.854271 -2.604658 0.204062 1.003469 0.460839 0.017543 0.004695 -0.012175 -0.002666 0.064655 -0.251714 0.040251
6100.448968000 0.305512775 0.687953972 0.589231644 0.293576816 -1.801753 -2.581000 0.205506 1.037127 0.460496 0.054362 0.004695 -0.012173 -0.002666 0.064601 -0.251696 0.040270
6100.501050000 0.312742551 0.689998126 0.584805156 0.289995884 -1.749449 -2.556264 0.210383 1.009215 0.517806 0.113473 0.004694 -0.012174 -0.002666 0.064600 -0.251726 0.040255
6100.553133000 0.314062339 0.689183690 0.584870974 0.290373265 -1.698241 -2.528910 0.216398 0.958671 0.553638 0.121268 0.004689 -0.012176 -0.002667 0.064617 -0.251708 0.040135
6100.605216000 0.310176178 0.689658812 0.583288594 0.296539841 -1.647029 -2.497824 0.223064 0.914452 0.559890 0.154206 0.004689 -0.012175 -0.002667 0.064687 -0.251679 0.040069
6100.657299000 0.307885072 0.685497528 0.589275704 0.296739053 -1.600874 -2.468807 0.232036 0.887430 0.530351 0.143265 0.004686 -0.012170 -0.002664 0.064667 -0.251773 0.040091
6100.709381000 0.311779353 0.678247266 0.599742198 0.288242219 -1.553819 -2.440469 0.236565 0.898905 0.545483 0.033889 0.004686 -0.012168 -0.002663 0.064685 -0.251780 0.040089
6100.761464000 0.314683653 0.674978321 0.603863123 0.284126369 -1.507914 -2.410942 0.236726 0.868928 0.585214 -0.032972 0.004687 -0.012168 -0.002664 0.064719 -0.251828 0.040097
6100.813547000 0.313047844 0.675830619 0.605437913 0.280533340 -1.460393 -2.378079 0.233824 0.863839 0.616170 -0.087430 0.004687 -0.012167 -0.002666 0.064775 -0.251915 0.040041
6100.865631000 0.310337423 0.677371245 0.608622382 0.272832691 -1.408104 -2.340848 0.228576 0.871931 0.667098 -0.109943 0.004688 -0.012167 -0.002669 0.064897 -0.252051 0.039928
6100.917713000 0.299204222 0.680477606 0.612937675 0.267832909 -1.358221 -2.302248 0.223347 0.872624 0.711032 -0.095585 0.004689 -0.012166 -0.002671 0.064976 -0.252133 0.039864
6100.969797000 0.287935784 0.686556753 0.613682033 0.262920466 -1.308976 -2.262835 0.218407 0.921702 0.748808 -0.069580 0.004691 -0.012167 -0.002673 0.065057 -0.252122 0.039846
6101.021879000 0.283271471 0.691804180 0.614684077 0.251650027 -1.261714 -2.223736 0.214728 0.912710 0.776574 -0.067352 0.004692 -0.012167 -0.002673 0.065066 -0.252062 0.039866
6101.073963000 0.277738361 0.699539156 0.611199356 0.244829982 -1.206255 -2.177605 0.212580 0.902626 0.812540 -0.000499 0.004695 -0.012163 -0.002677 0.065179 -0.252145 0.039804
6101.126045000 0.270246970 0.707587438 0.608104128 0.237688794 -1.161698 -2.135237 0.214344 0.790141 0.825348 0.099239 0.004693 -0.012163 -0.002680 0.065209 -0.252040 0.039713
6101.178128000 0.251898633 0.711348138 0.615730856 0.226729835 -1.118953 -2.089752 0.218798 0.742399 0.848249 0.076747 0.004694 -0.012161 -0.002681 0.065271 -0.252002 0.039691
6101.230212000 0.236571621 0.718157427 0.616884726 0.218488015 -1.078752 -2.043602 0.221763 0.700003 0.868226 0.061545 0.004697 -0.012160 -0.002682 0.065305 -0.251971 0.039717
6101.282293000 0.218023448 0.725288810 0.616281567 0.215914215 -1.043117 -1.997845 0.224958 0.651610 0.864793 0.068297 0.004699 -0.012159 -0.002682 0.065320 -0.251949 0.039751
6101.334376000 0.201356950 0.728599785 0.620648764 0.208309489 -1.012516 -1.954514 0.228164 0.643947 0.864134 0.028308 0.004701 -0.012161 -0.002680 0.065302 -0.251958 0.039820
6101.386462000 0.186643133 0.730872449 0.625725281 0.198639565 -0.978995 -1.909213 0.228250 0.641581 0.881318 -0.023201 0.004701 -0.012161 -0.002680 0.065302 -0.251958 0.039820
6101.438542000 0.170686275 0.736403539 0.624720288 0.195705354 -0.944410 -1.861823 0.226617 0.649902 0.909052 -0.068217 0.004701 -0.012160 -0.002683 0.065329 -0.252086 0.039829
6101.490625000 0.153552851 0.738610271 0.625772336 0.198205382 -0.904748 -1.811748 0.221386 0.686796 0.927464 -0.065036 0.004696 -0.012154 -0.002686 0.065375 -0.251957 0.039705
6101.542709000 0.144384104 0.741095660 0.624397551 0.200145325 -0.868465 -1.763098 0.218434 0.691303 0.942678 -0.023438 0.004696 -0.012152 -0.002688 0.065370 -0.251917 0.039701
6101.594794000 0.135839784 0.741605693 0.626016084 0.199179345 -0.832128 -1.713603 0.218331 0.651339 0.932541 0.023626 0.004698 -0.012150 -0.002692 0.065340 -0.251866 0.039688
6101.646876000 0.127144939 0.741677631 0.628987620 0.195251197 -0.796505 -1.664915 0.218787 0.691406 0.936259 0.005757 0.004698 -0.012149 -0.002694 0.065329 -0.251814 0.039680
6101.698956000 0.124859018 0.746972575 0.621713390 0.199786535 -0.763475 -1.616310 0.220870 0.639361 0.966449 0.068132 0.004700 -0.012149 -0.002694 0.065329 -0.251843 0.039726
6101.751039000 0.117645909 0.749211862 0.620330992 0.200076200 -0.732604 -1.566082 0.225930 0.577812 0.970913 0.112434 0.004703 -0.012150 -0.002692 0.065320 -0.251840 0.039746
6101.803122000 0.114895367 0.749658043 0.622197898 0.194117616 -0.703980 -1.516454 0.231865 0.535172 0.946915 0.119682 0.004706 -0.012149 -0.002692 0.065309 -0.251833 0.039768
6101.855205000 0.110967700 0.748326503 0.626803890 0.186575715 -0.677599 -1.468046 0.237660 0.482399 0.945940 0.094509 0.004712 -0.012148 -0.002696 0.065302 -0.251864 0.039796
6101.907288000 0.104020501 0.748316425 0.629815965 0.180372152 -0.654804 -1.418641 0.241168 0.422502 0.947582 0.043748 0.004714 -0.012154 -0.002691 0.065289 -0.251840 0.039810
6101.959371000 0.098866518 0.746198448 0.637529086 0.164225309 -0.633725 -1.368834 0.240593 0.393610 0.976280 -0.057848 0.004715 -0.012160 -0.002687 0.065283 -0.251846 0.039804
6102.011455000 0.093423003 0.749239294 0.637739486 0.152318647 -0.615488 -1.317158 0.235595 0.339320 1.015632 -0.120559 0.004716 -0.012160 -0.002686 0.065275 -0.251841 0.039804
6102.063533000 0.083690019 0.750020820 0.640724874 0.141196266 -0.600147 -1.264422 0.228756 0.278825 1.030358 -0.144968 0.004716 -0.012158 -0.002687 0.065277 -0.251845 0.039808
6102.115621000 0.070750527 0.751133574 0.643890077 0.127272486 -0.588376 -1.211396 0.220879 0.230609 1.043194 -0.152888 0.004718 -0.012155 -0.002688 0.065271 -0.251862 0.039827
6102.167702000 0.053421498 0.751823624 0.646960094 0.115542285 -0.581668 -1.160310 0.214570 0.205780 1.028761 -0.098688 0.004722 -0.012150 -0.002686 0.065259 -0.251916 0.039850
6102.219785000 0.047097171 0.755536789 0.646086487 0.097561608 -0.567522 -1.105015 0.210432 0.228284 1.028591 -0.075939 0.004722 -0.012145 -0.002688 0.065280 -0.251955 0.039845
6102.271868000 0.045604316 0.761295143 0.641886731 0.079569943 -0.553768 -1.049652 0.208670 0.183448 1.019990 -0.032562 0.004720 -0.012142 -0.002689 0.065334 -0.252045 0.039830
6102.323951000 0.034139688 0.765311786 0.639534036 0.064253932 -0.546945 -0.996104 0.208388 0.063132 1.015614 0.003419 0.004720 -0.012143 -0.002688 0.065354 -0.252100 0.039820
6102.376034000 0.015687413 0.765139320 0.641863242 0.048242150 -0.546360 -0.944223 0.208484 0.004440 1.014729 -0.025137 0.004721 -0.012142 -0.002688 0.065353 -0.252145 0.039828
6102.428117000 -0.003175191 0.767838683 0.639622280 0.036014092 -0.548703 -0.892285 0.206887 -0.078803 0.999864 -0.035332 0.004722 -0.012141 -0.002688 0.065354 -0.252152 0.039828
6102.480200000 -0.027610861 0.770154679 0.636734511 0.025856790 -0.558104 -0.843666 0.206376 -0.160306 0.971225 0.007016 0.004725 -0.012140 -0.002688 0.065337 -0.252159 0.039841
6102.532277000 -0.049904161 0.767287182 0.639269964 0.010670874 -0.571114 -0.796272 0.207411 -0.177438 0.990463 0.007645 0.004726 -0.012145 -0.002689 0.065350 -0.252167 0.039864
6102.584365000 0.065534216 -0.763732072 -0.642176032 0.005341600 -0.583707 -0.746642 0.207841 -0.200861 1.020289 -0.003779 0.004726 -0.012149 -0.002689 0.065350 -0.252180 0.039893
6102.636448000 0.081982663 -0.761567961 -0.642702342 0.015059313 -0.594939 -0.692869 0.207369 -0.248114 1.017744 -0.010223 0.004727 -0.012155 -0.002687 0.065355 -0.252188 0.039882
6102.688531000 0.098089432 -0.756303978 -0.646368039 0.024312834 -0.608518 -0.639758 0.206972 -0.254015 1.040085 -0.018565 0.004727 -0.012159 -0.002685 0.065365 -0.252209 0.039870
6102.740614000 0.109630378 -0.752421314 -0.648781014 0.030439149 -0.620556 -0.582742 0.205860 -0.275275 1.041765 -0.004150 0.004726 -0.012169 -0.002681 0.065391 -0.252215 0.039814
6102.792697000 0.119821928 -0.748350492 -0.651255801 0.038472441 -0.636063 -0.529675 0.206754 -0.284665 1.020158 0.010377 0.004725 -0.012176 -0.002678 0.065418 -0.252234 0.039787
6102.844779000 0.121853239 -0.750575402 -0.647764292 0.046795051 -0.652867 -0.478996 0.206014 -0.287181 1.020385 -0.032111 0.004726 -0.012178 -0.002678 0.065423 -0.252205 0.039780
6102.896862000 0.125927920 -0.757070686 -0.639281297 0.048016229 -0.670344 -0.427973 0.206243 -0.348253 0.981260 0.013231 0.004728 -0.012179 -0.002680 0.065415 -0.252269 0.039816
6102.948946000 0.134358808 -0.757887036 -0.635956526 0.055805442 -0.685088 -0.370405 0.206798 -0.376623 0.963461 0.054969 0.004726 -0.012192 -0.002674 0.065433 -0.252154 0.039722
6103.001023000 0.142722762 -0.754705172 -0.637057519 0.064869357 -0.705190 -0.321352 0.210210 -0.376852 0.932506 0.093539 0.004727 -0.012195 -0.002674 0.065398 -0.252106 0.039705
6103.053111000 0.149131026 -0.751853203 -0.637687760 0.076361103 -0.723795 -0.270790 0.214678 -0.373685 0.921432 0.069836 0.004727 -0.012199 -0.002672 0.065426 -0.252097 0.039667
6103.105195000 0.157105896 -0.748982804 -0.637632871 0.088129553 -0.743498 -0.220694 0.216548 -0.417604 0.902883 0.025397 0.004727 -0.012203 -0.002668 0.065446 -0.252096 0.039592
6103.157277000 0.168235470 -0.741859676 -0.641086041 0.101733652 -0.764630 -0.171885 0.217117 -0.436470 0.919177 -0.005604 0.004728 -0.012212 -0.002670 0.065444 -0.252093 0.039631
6103.209359000 0.181676463 -0.735766964 -0.642803446 0.111554321 -0.787043 -0.121808 0.216343 -0.443302 0.928735 -0.011448 0.004727 -0.012217 -0.002668 0.065470 -0.252098 0.039608
6103.261443000 0.191767496 -0.729164556 -0.644740626 0.125911882 -0.808568 -0.068993 0.215449 -0.434911 0.952063 -0.020512 0.004725 -0.012221 -0.002667 0.065543 -0.252050 0.039601
6103.313526000 0.200199578 -0.722955221 -0.645608730 0.142986868 -0.830666 -0.016619 0.213552 -0.439164 0.975305 -0.033157 0.004724 -0.012224 -0.002666 0.065563 -0.252000 0.039574
6103.365608000 0.211480400 -0.719977294 -0.642612830 0.154782065 -0.853405 0.036395 0.211695 -0.447368 0.965822 -0.023579 0.004724 -0.012226 -0.002663 0.065574 -0.252008 0.039498
6103.417691000 0.222580190 -0.718115528 -0.637458856 0.168565579 -0.876175 0.088561 0.210413 -0.442642 0.969817 -0.022764 0.004726 -0.012227 -0.002662 0.065555 -0.252000 0.039477
6103.469774000 0.236496183 -0.719259644 -0.628752974 0.177214045 -0.900326 0.137695 0.210380 -0.461551 0.947622 0.045446 0.004730 -0.012222 -0.002661 0.065514 -0.251997 0.039434
6103.521857000 0.249352082 -0.717377282 -0.622211806 0.189857426 -0.924597 0.185639 0.214791 -0.472671 0.901510 0.105490 0.004729 -0.012224 -0.002661 0.065555 -0.252004 0.039448
6103.573940000 0.267918793 -0.706952181 -0.620912869 0.207136051 -0.949755 0.230058 0.220811 -0.477696 0.862111 0.126891 0.004728 -0.012225 -0.002660 0.065558 -0.251962 0.039443
6103.626023000 0.283914288 -0.696489921 -0.618845912 0.226548460 -0.974693 0.275306 0.225400 -0.492183 0.853499 0.040363 0.004727 -0.012226 -0.002660 0.065595 -0.251988 0.039449
6103.678106000 0.302890912 -0.691104219 -0.615488199 0.227610042 -1.000829 0.321657 0.226479 -0.521165 0.821322 0.008667 0.004724 -0.012226 -0.002661 0.065684 -0.252006 0.039500
6103.730189000 0.321916549 -0.684474899 -0.612853485 0.228636074 -1.027763 0.362806 0.227646 -0.509397 0.761633 0.041522 0.004724 -0.012227 -0.002661 0.065676 -0.251993 0.039497
6103.782272000 0.331464649 -0.676587385 -0.608660999 0.248782003 -1.053241 0.407008 0.230216 -0.501768 0.768886 0.011863 0.004722 -0.012227 -0.002661 0.065783 -0.252034 0.039458
6103.834355000 0.342574269 -0.668398183 -0.604671350 0.265064706 -1.079656 0.447321 0.229255 -0.526249 0.761497 -0.045176 0.004720 -0.012230 -0.002662 0.065810 -0.252042 0.039496
6103.886437000 0.359030290 -0.658764990 -0.603603977 0.269792842 -1.106575 0.486294 0.225176 -0.521594 0.769183 -0.095304 0.004718 -0.012234 -0.002662 0.065803 -0.252000 0.039513
6103.938520000 0.370820793 -0.653743132 -0.601285618 0.271233224 -1.133685 0.528099 0.219163 -0.516683 0.805022 -0.141600 0.004721 -0.012232 -0.002662 0.065769 -0.252036 0.039476
6103.990603000 0.383248021 -0.649691338 -0.599880998 0.266767516 -1.160248 0.566763 0.212610 -0.503279 0.770635 -0.095787 0.004722 -0.012235 -0.002663 0.065708 -0.252008 0.039513
6104.042686000 0.393143843 -0.646843715 -0.596763094 0.266279808 -1.185485 0.606747 0.208791 -0.468064 0.796857 -0.076847 0.004724 -0.012235 -0.002664 0.065659 -0.252031 0.039511
6104.094768000 0.395994933 -0.653042399 -0.588113475 0.266169457 -1.209916 0.646890 0.204401 -0.474778 0.794334 -0.087338 0.004725 -0.012237 -0.002663 0.065600 -0.252016 0.039526
6104.146852000 0.402641358 -0.658957945 -0.579714831 0.259971304 -1.235247 0.682030 0.199715 -0.482972 0.679364 -0.046799 0.004732 -0.012231 -0.002663 0.065465 -0.251925 0.039449
6104.198934000 0.413510081 -0.659218812 -0.571986342 0.259367685 -1.260097 0.718938 0.197227 -0.463635 0.663300 -0.076581 0.004737 -0.012226 -0.002663 0.065435 -0.251976 0.039367
6104.251017000 0.420908984 -0.659171082 -0.567050981 0.258422710 -1.283108 0.755020 0.192766 -0.433261 0.641857 -0.080577 0.004739 -0.012227 -0.002660 0.065451 -0.251969 0.039315
6104.303100000 0.423409122 -0.662476276 -0.561497209 0.258013146 -1.304691 0.790361 0.188665 -0.394769 0.620784 -0.085907 0.004741 -0.012224 -0.002658 0.065450 -0.251995 0.039246
6104.355184000 0.423144976 -0.665068180 -0.556135047 0.263337151 -1.324887 0.823916 0.183281 -0.387194 0.605467 -0.109574 0.004744 -0.012221 -0.002656 0.065432 -0.251956 0.039161
6104.407266000 0.420239693 -0.668337206 -0.550360900 0.271710985 -1.344819 0.859400 0.178200 -0.387369 0.634147 -0.094955 0.004746 -0.012219 -0.002655 0.065428 -0.251990 0.039096
6104.459349000 0.415441967 -0.671779470 -0.545687642 0.279902329 -1.365490 0.899248 0.173410 -0.375858 0.672152 -0.087787 0.004741 -0.012215 -0.002650 0.065477 -0.252033 0.039004
6104.511432000 0.409847485 -0.673396450 -0.542810060 0.289688623 -1.384439 0.934130 0.167759 -0.351912 0.745570 -0.116124 0.004746 -0.012212 -0.002652 0.065443 -0.251942 0.038968
6104.563515000 0.407676622 -0.673340261 -0.541797804 0.294733447 -1.402848 0.977776 0.161716 -0.338962 0.817085 -0.114018 0.004745 -0.012209 -0.002653 0.065490 -0.251966 0.038926
6104.615597000 0.407763312 -0.671320459 -0.544663861 0.293937409 -1.419500 1.020437 0.157025 -0.312644 0.927564 -0.065538 0.004744 -0.012211 -0.002656 0.065503 -0.251933 0.038983
6104.667680000 0.401973625 -0.672698313 -0.548317401 0.291962690 -1.435117 1.071520 0.155870 -0.242973 1.017497 -0.011119 0.004741 -0.012207 -0.002656 0.065596 -0.251924 0.038961
6104.719763000 0.388970185 -0.681876929 -0.548460287 0.287988476 -1.446653 1.128458 0.156473 -0.173585 1.032187 0.033251 0.004737 -0.012204 -0.002658 0.065640 -0.251890 0.038887
6104.771846000 0.376967777 -0.693214775 -0.546497778 0.280515150 -1.454558 1.186746 0.159253 -0.116420 0.976764 0.083901 0.004736 -0.012202 -0.002657 0.065635 -0.251886 0.038818
6104.823930000 0.371741404 -0.695190444 -0.550263594 0.275188211 -1.459840 1.237080 0.165421 -0.088707 0.930362 0.154899 0.004735 -0.012203 -0.002659 0.065640 -0.251866 0.038816
6104.876016000 0.359811223 -0.695144215 -0.554403493 0.282749308 -1.463815 1.283075 0.173933 -0.043913 0.949673 0.123520 0.004732 -0.012205 -0.002661 0.065737 -0.251886 0.038836
6104.928098000 0.346587678 -0.696552443 -0.561976370 0.280845572 -1.465894 1.334147 0.177733 -0.025815 0.982336 0.032106 0.004730 -0.012205 -0.002662 0.065759 -0.251849 0.038847
6104.980178000 0.333569906 -0.705454914 -0.568499845 0.260523338 -1.466120 1.384166 0.179112 0.020349 0.962890 0.029094 0.004728 -0.012205 -0.002663 0.065762 -0.251851 0.038863
6105.032260000 0.316102748 -0.712872199 -0.575266508 0.246902260 -1.462404 1.429235 0.181395 0.078171 0.955655 0.053470 0.004729 -0.012207 -0.002663 0.065717 -0.251841 0.038933
6105.084343000 0.287548900 -0.723846696 -0.577070674 0.245664462 -1.457359 1.478320 0.183414 0.106692 0.969071 0.010767 0.004729 -0.012210 -0.002661 0.065744 -0.251841 0.038977
6105.136426000 0.263860945 -0.730188993 -0.584707719 0.235198469 -1.451729 1.526655 0.183086 0.091413 0.961890 -0.038995 0.004729 -0.012210 -0.002661 0.065738 -0.251882 0.039008
6105.188508000 0.246415713 -0.736913506 -0.591521581 0.215267276 -1.446074 1.573314 0.180956 0.104213 0.945661 -0.060531 0.004728 -0.012208 -0.002663 0.065695 -0.251967 0.039015
6105.240592000 0.227785031 -0.740588515 -0.599705322 0.199990396 -1.439667 1.621216 0.177390 0.121659 0.948822 -0.071251 0.004730 -0.012208 -0.002665 0.065710 -0.251996 0.039020
6105.292679000 0.208252203 -0.745939828 -0.606531963 0.179788129 -1.433579 1.674418 0.174030 0.149615 0.955925 -0.063372 0.004730 -0.012207 -0.002665 0.065765 -0.252044 0.039010
6105.344758000 0.187248062 -0.753527930 -0.611211664 0.153473530 -1.424117 1.722729 0.171155 0.206632 0.941499 -0.052418 0.004729 -0.012204 -0.002668 0.065727 -0.252045 0.038987
6105.396844000 0.160261123 -0.767284029 -0.608495812 0.123791915 -1.414504 1.778986 0.168166 0.273047 0.888246 -0.013034 0.004724 -0.012211 -0.002666 0.065753 -0.251987 0.038844
6105.448924000 0.128147875 -0.779201847 -0.605391077 0.099620521 -1.399386 1.824999 0.169281 0.297318 0.821187 0.043976 0.004723 -0.012211 -0.002666 0.065758 -0.251999 0.038847
6105.501006000 0.104521634 -0.782840977 -0.608478793 0.077387279 -1.384524 1.869199 0.173451 0.317814 0.806611 0.111221 0.004721 -0.012212 -0.002665 0.065765 -0.251981 0.038819
6105.553089000 0.075263617 -0.782806039 -0.614978490 0.057892574 -1.366899 1.912473 0.178294 0.369321 0.792816 0.086141 0.004720 -0.012214 -0.002666 0.065745 -0.251951 0.038775
6105.605177000 0.046386761 -0.783929787 -0.618249323 0.032712855 -1.346878 1.953078 0.181660 0.395349 0.734467 0.056004 0.004720 -0.012213 -0.002666 0.065714 -0.251898 0.038751
6105.657254000 0.018677028 -0.785981341 -0.617870860 0.010959025 -1.326892 1.989578 0.184462 0.382682 0.656763 0.047479 0.004719 -0.012219 -0.002668 0.065726 -0.251919 0.038707
6105.709337000 0.005425087 0.783205585 0.621737958 0.001220997 -1.306955 2.023777 0.186130 0.389602 0.636869 0.009147 0.004719 -0.012221 -0.002669 0.065698 -0.251903 0.038674
6105.761430000 0.027981566 0.781267413 0.623439489 0.012706846 -1.286381 2.056848 0.184785 0.382665 0.628054 -0.051810 0.004719 -0.012222 -0.002670 0.065685 -0.251866 0.038646
6105.813503000 0.042277855 0.780688162 0.622814391 0.028996736 -1.266475 2.090391 0.180715 0.392335 0.633689 -0.098813 0.004719 -0.012225 -0.002671 0.065671 -0.251850 0.038620
6105.865586000 0.058032781 0.779914583 0.622018158 0.038194909 -1.245383 2.123632 0.174397 0.408928 0.656350 -0.142936 0.004719 -0.012224 -0.002670 0.065681 -0.251836 0.038637
6105.917667000 0.070531557 0.778995851 0.621316514 0.046438708 -1.223929 2.158931 0.166621 0.422877 0.694330 -0.142417 0.004718 -0.012224 -0.002669 0.065677 -0.251800 0.038626
6105.969752000 0.077845252 0.778713330 0.619842241 0.057803656 -1.201304 2.195502 0.159818 0.443345 0.715799 -0.110750 0.004719 -0.012224 -0.002669 0.065685 -0.251798 0.038623
6106.021835000 0.088431170 0.779245990 0.616428201 0.070511611 -1.176614 2.232208 0.153834 0.508983 0.673282 -0.104461 0.004718 -0.012225 -0.002668 0.065686 -0.251781 0.038619
6106.073917000 0.101953771 0.782234026 0.608773584 0.084321290 -1.149094 2.261225 0.150177 0.507570 0.610218 -0.009982 0.004722 -0.012224 -0.002668 0.065726 -0.251697 0.038611
6106.126001000 0.116364324 0.784032268 0.603461606 0.087102455 -1.124134 2.295058 0.150495 0.500305 0.589196 0.006985 0.004721 -0.012224 -0.002667 0.065722 -0.251692 0.038614
6106.178083000 0.125333266 0.784131679 0.600959178 0.090978836 -1.098748 2.327137 0.150997 0.506748 0.577641 0.017518 0.004722 -0.012226 -0.002666 0.065733 -0.251684 0.038616
6106.230166000 0.131199350 0.783605505 0.599350926 0.097609481 -1.074189 2.359535 0.152198 0.529285 0.545971 -0.000731 0.004719 -0.012226 -0.002664 0.065690 -0.251729 0.038671
6106.282249000 0.139563126 0.782846446 0.596253234 0.110252691 -1.057046 2.408882 0.150674 0.559321 0.504128 -0.042739 0.004712 -0.012230 -0.002656 0.065689 -0.251722 0.038687
6106.334333000 0.150523171 0.782689192 0.590178435 0.128178855 -1.033460 2.442254 0.147921 0.557901 0.426231 -0.002083 0.004710 -0.012230 -0.002653 0.065693 -0.251609 0.038673
6106.386415000 0.170128094 0.780476637 0.585399275 0.138637439 -0.998404 2.464293 0.143554 0.603132 0.360366 0.006736 0.004724 -0.012235 -0.002654 0.065925 -0.251268 0.038422
6106.438497000 0.197395572 0.773616772 0.584485739 0.144666858 -0.968865 2.482603 0.142595 0.621668 0.323324 -0.032599 0.004726 -0.012238 -0.002647 0.065976 -0.251184 0.038449
6106.490582000 0.218227869 0.769388530 0.578574790 0.160215789 -0.937588 2.499439 0.140298 0.603562 0.283219 -0.039145 0.004726 -0.012236 -0.002648 0.065987 -0.251176 0.038420
6106.542663000 0.235303701 0.762819936 0.575005076 0.179184476 -0.906666 2.513698 0.138019 0.621844 0.237599 -0.036565 0.004727 -0.012235 -0.002648 0.066020 -0.251165 0.038382
6106.594747000 0.257308936 0.753623216 0.571052862 0.199355933 -0.873721 2.527575 0.136091 0.645903 0.190499 0.005620 0.004726 -0.012233 -0.002649 0.066001 -0.251119 0.038379
6106.646830000 0.276599697 0.742676780 0.566475636 0.225896351 -0.841144 2.532082 0.139706 0.639140 0.102461 0.091380 0.004725 -0.012230 -0.002648 0.066028 -0.251132 0.038409
6106.698919000 0.308689455 0.730761288 0.556943043 0.245994322 -0.807661 2.536111 0.143713 0.611162 -0.003498 0.091569 0.004726 -0.012231 -0.002649 0.066030 -0.251107 0.038398
6106.750995000 0.339627246 0.719341632 0.543427220 0.268119018 -0.776337 2.537109 0.149457 0.562336 -0.057609 0.153168 0.004724 -0.012231 -0.002649 0.065978 -0.251083 0.038388
6106.803078000 0.363401689 0.704466027 0.534216623 0.293733602 -0.748033 2.532893 0.159855 0.533748 -0.112641 0.234756 0.004724 -0.012231 -0.002649 0.065978 -0.251083 0.038388
6106.855155000 0.389674460 0.681507543 0.533463611 0.314829891 -0.719912 2.524062 0.172052 0.547244 -0.224247 0.216328 0.004724 -0.012231 -0.002649 0.065979 -0.251085 0.038394
6106.907244000 0.419724982 0.656365894 0.528712311 0.336865024 -0.691192 2.510423 0.181220 0.536210 -0.324403 0.154257 0.004724 -0.012231 -0.002650 0.065980 -0.251065 0.038355
6106.959327000 0.446738376 0.633570803 0.516014712 0.364337313 -0.663751 2.491596 0.188025 0.517937 -0.403914 0.106623 0.004724 -0.012231 -0.002650 0.065980 -0.251065 0.038355
6107.011409000 0.476612307 0.605761556 0.505965847 0.387159152 -0.638772 2.466000 0.191461 0.500351 -0.497995 0.036487 0.004726 -0.012229 -0.002649 0.066031 -0.250997 0.038329
6107.063492000 0.509931591 0.576768614 0.492541576 0.405845456 -0.616759 2.433952 0.191976 0.451219 -0.550956 -0.031887 0.004726 -0.012226 -0.002646 0.066089 -0.250966 0.038389
6107.115575000 0.536063349 0.554254809 0.473536750 0.425676684 -0.594846 2.405786 0.188679 0.394134 -0.553132 -0.072181 0.004726 -0.012226 -0.002646 0.066083 -0.250936 0.038369
6107.167659000 0.556392827 0.532798353 0.458870227 0.442708766 -0.581424 2.367066 0.184672 0.368058 -0.579861 -0.115440 0.004726 -0.012223 -0.002640 0.066178 -0.250898 0.038511
6107.219740000 0.573434339 0.512604413 0.448517554 0.455238156 -0.566335 2.330584 0.178209 0.368787 -0.574585 -0.153639 0.004728 -0.012220 -0.002638 0.066269 -0.250905 0.038538
6107.271823000 0.590677655 0.497900437 0.430343457 0.466904241 -0.545069 2.300357 0.169675 0.403366 -0.571675 -0.176438 0.004728 -0.012220 -0.002639 0.066286 -0.250954 0.038492
6107.323906000 0.604357612 0.486424156 0.411504607 0.478338139 -0.525812 2.264012 0.163528 0.406136 -0.550120 -0.134040 0.004728 -0.012218 -0.002639 0.066330 -0.251104 0.038558
6107.375989000 0.617885211 0.473221789 0.398684454 0.485107937 -0.503477 2.234466 0.156436 0.417603 -0.587586 -0.116946 0.004734 -0.012218 -0.002644 0.066537 -0.251198 0.038347
6107.428073000 0.632401053 0.460304251 0.383408072 0.491108089 -0.480743 2.204696 0.150597 0.426516 -0.597519 -0.087792 0.004737 -0.012217 -0.002646 0.066625 -0.251218 0.038275
6107.480156000 0.646523612 0.445852509 0.365560377 0.499588200 -0.459690 2.169611 0.148856 0.435286 -0.641179 -0.031036 0.004734 -0.012216 -0.002646 0.066519 -0.251276 0.038368
6107.532238000 0.662617943 0.425016947 0.352107111 0.506279210 -0.436028 2.136940 0.149760 0.427146 -0.660408 0.053610 0.004728 -0.012218 -0.002646 0.066283 -0.251260 0.038401
6107.584321000 0.672509063 0.403746038 0.344864875 0.515547199 -0.413862 2.103387 0.153582 0.410844 -0.655808 0.086600 0.004730 -0.012219 -0.002648 0.066240 -0.251295 0.038369
6107.636404000 0.681040602 0.382430640 0.337087422 0.525644913 -0.393904 2.068942 0.157046 0.385644 -0.669614 0.070323 0.004729 -0.012217 -0.002653 0.066224 -0.251275 0.038269
6107.688487000 0.687751904 0.363684433 0.323985830 0.538297440 -0.374883 2.034289 0.160311 0.342144 -0.649673 0.064219 0.004727 -0.012216 -0.002655 0.066206 -0.251263 0.038273
6107.740570000 0.692506792 0.347170334 0.307040060 0.552841301 -0.357378 1.999497 0.164201 0.274327 -0.669606 0.104848 0.004724 -0.012209 -0.002659 0.066294 -0.251230 0.038227
6107.792652000 0.699684306 0.322157599 0.298843571 0.563337265 -0.344267 1.962905 0.168578 0.228822 -0.727781 0.062323 0.004722 -0.012211 -0.002660 0.066350 -0.251191 0.038200
6107.844735000 0.708908880 0.296817107 0.285253950 0.572693625 -0.332226 1.924721 0.170601 0.212390 -0.744702 0.036104 0.004720 -0.012210 -0.002662 0.066282 -0.251169 0.038153
6107.896819000 0.715996850 0.274760549 0.269342531 0.582503007 -0.318994 1.885354 0.172193 0.204382 -0.753985 0.016935 0.004713 -0.012205 -0.002665 0.065895 -0.251136 0.038069
6107.948901000 0.721134433 0.255470588 0.252226126 0.592521637 -0.309143 1.843988 0.172799 0.216534 -0.765750 -0.020064 0.004711 -0.012204 -0.002663 0.065925 -0.251157 0.038211
6108.000983000 0.725741307 0.237111917 0.234418835 0.601768480 -0.297676 1.803210 0.171676 0.215233 -0.803747 -0.031948 0.004709 -0.012203 -0.002662 0.065888 -0.251130 0.038227
6108.053067000 0.733438723 0.216632797 0.214291619 0.607632268 -0.286836 1.760438 0.169550 0.198777 -0.817663 -0.051441 0.004709 -0.012203 -0.002662 0.065873 -0.251133 0.038235
6108.105150000 0.741114663 0.198726479 0.187898319 0.613148485 -0.280013 1.716339 0.170503 0.166368 -0.791773 -0.029061 0.004703 -0.012203 -0.002660 0.065827 -0.251420 0.038423
6108.157233000 0.751554666 0.176157423 0.164367114 0.614099013 -0.275484 1.678122 0.168517 0.083787 -0.796465 -0.036026 0.004705 -0.012206 -0.002657 0.065986 -0.251328 0.038604
6108.209316000 0.766950305 0.150707160 0.135688244 0.608821223 -0.272904 1.638068 0.168933 0.023947 -0.770507 0.031748 0.004708 -0.012207 -0.002654 0.066066 -0.251368 0.038643
6108.261398000 0.774549798 0.127940773 0.108838912 0.609801492 -0.272059 1.597442 0.172418 0.005104 -0.774771 0.102270 0.004709 -0.012208 -0.002653 0.066057 -0.251372 0.038661
6108.313481000 0.775806733 0.102448677 0.086212968 0.616599956 -0.270310 1.551455 0.178061 -0.038228 -0.772230 0.116261 0.004708 -0.012209 -0.002658 0.065893 -0.251430 0.038407
6108.365564000 0.775168639 0.074130681 0.065694303 0.623941088 -0.273578 1.512217 0.182865 -0.068925 -0.704126 0.112972 0.004712 -0.012207 -0.002658 0.066023 -0.251410 0.038413
6108.417647000 0.775048774 0.051683661 0.044927382 0.628179694 -0.277657 1.478064 0.189418 -0.045819 -0.643645 0.119599 0.004712 -0.012212 -0.002657 0.066114 -0.251365 0.038425
6108.469729000 0.770924834 0.034393817 0.031348397 0.635223774 -0.278572 1.442346 0.195403 -0.041266 -0.630325 0.085542 0.004711 -0.012211 -0.002658 0.066096 -0.251380 0.038289
6108.521813000 0.767218102 0.015358446 0.019072464 0.640918672 -0.280261 1.405932 0.197218 -0.056063 -0.660780 0.021697 0.004709 -0.012209 -0.002659 0.066027 -0.251303 0.038286
6108.573896000 0.765872343 -0.001560182 0.001730957 0.642988432 -0.282032 1.369613 0.197040 -0.046097 -0.656069 -0.015258 0.004708 -0.012206 -0.002659 0.065935 -0.251269 0.038252
6108.625979000 0.764276753 -0.016640609 -0.011317049 0.644574324 -0.285065 1.335870 0.195740 -0.071625 -0.685782 -0.047788 0.004707 -0.012203 -0.002658 0.065948 -0.251277 0.038296
6108.678062000 0.764917444 -0.038439766 -0.017995267 0.642728449 -0.289377 1.299874 0.192937 -0.083948 -0.718242 -0.056344 0.004706 -0.012190 -0.002661 0.065952 -0.251332 0.038316
6108.730145000 0.761383303 -0.056428533 -0.025772215 0.645327110 -0.293660 1.260281 0.190310 -0.091623 -0.758690 -0.054147 0.004707 -0.012190 -0.002661 0.065959 -0.251390 0.038277
6108.782228000 0.759577876 -0.071862107 -0.038709237 0.645274270 -0.298794 1.219770 0.187991 -0.121459 -0.775148 -0.025311 0.004706 -0.012188 -0.002661 0.065905 -0.251385 0.038298
6108.834310000 0.758446943 -0.093258313 -0.051270688 0.642987121 -0.306707 1.178660 0.186138 -0.183288 -0.788764 -0.048411 0.004706 -0.012188 -0.002661 0.065913 -0.251412 0.038312
6108.886393000 0.763095908 -0.119159343 -0.075567752 0.630694221 -0.317271 1.140427 0.186459 -0.209717 -0.764506 0.041064 0.004705 -0.012178 -0.002659 0.065945 -0.251439 0.038396
6108.938477000 0.763957485 -0.143946735 -0.095557999 0.621704888 -0.327879 1.104314 0.193401 -0.197179 -0.711426 0.173133 0.004704 -0.012169 -0.002657 0.065996 -0.251456 0.038520
6108.990559000 0.756303443 -0.165523825 -0.101332328 0.624770938 -0.337027 1.069076 0.203763 -0.156538 -0.688936 0.166265 0.004703 -0.012162 -0.002657 0.066057 -0.251464 0.038552
6109.042641000 0.752317554 -0.182747101 -0.107662101 0.623723230 -0.344798 1.033693 0.212969 -0.134230 -0.689676 0.148995 0.004703 -0.012166 -0.002654 0.066121 -0.251480 0.038578
6109.094724000 0.752821897 -0.189056199 -0.133570287 0.616178483 -0.351041 0.998711 0.222052 -0.112248 -0.656943 0.222970 0.004702 -0.012168 -0.002654 0.066035 -0.251506 0.038599
6109.146807000 0.749497340 -0.195224664 -0.151322557 0.614200742 -0.356771 0.965322 0.235721 -0.103451 -0.590008 0.280471 0.004702 -0.012166 -0.002655 0.066166 -0.251518 0.038528
6109.198890000 0.740528358 -0.204977587 -0.158836843 0.619978062 -0.363143 0.931081 0.251070 -0.147916 -0.558511 0.298191 0.004702 -0.012165 -0.002658 0.066281 -0.251499 0.038360
6109.250973000 0.731241474 -0.222002132 -0.162816077 0.624092850 -0.371088 0.898556 0.266275 -0.159211 -0.525629 0.278998 0.004702 -0.012168 -0.002659 0.066368 -0.251494 0.038202
6109.303056000 0.723802910 -0.238210598 -0.178446410 0.622512601 -0.379422 0.872027 0.280324 -0.162224 -0.491161 0.250193 0.004702 -0.012168 -0.002659 0.066455 -0.251498 0.038197
6109.355139000 0.715331360 -0.257786995 -0.192843830 0.620208165 -0.387337 0.844506 0.292748 -0.135314 -0.434118 0.231785 0.004707 -0.012160 -0.002660 0.066590 -0.251483 0.038050
6109.407222000 0.707602194 -0.278216239 -0.200883820 0.617689688 -0.393258 0.823393 0.304537 -0.095460 -0.399378 0.210077 0.004706 -0.012164 -0.002659 0.066612 -0.251485 0.038069
6109.459304000 0.697571657 -0.289766284 -0.217247897 0.618249654 -0.396125 0.804088 0.314299 -0.025223 -0.371733 0.170901 0.004707 -0.012164 -0.002660 0.066678 -0.251478 0.038069
6109.511387000 0.690063254 -0.301326609 -0.236404747 0.614107300 -0.397335 0.785365 0.321579 -0.011742 -0.337294 0.098400 0.004709 -0.012160 -0.002661 0.066759 -0.251476 0.038033
6109.563470000 0.683596895 -0.325447477 -0.240920985 0.607236613 -0.395336 0.771144 0.324873 0.033520 -0.323697 0.015229 0.004713 -0.012161 -0.002655 0.066785 -0.251501 0.038166
6109.615553000 0.677823822 -0.355648884 -0.243566721 0.595603887 -0.392381 0.754715 0.323513 0.069277 -0.353245 -0.083989 0.004716 -0.012159 -0.002658 0.066848 -0.251627 0.038214
6109.667636000 0.677193807 -0.377149007 -0.244013421 0.582773220 -0.385193 0.735247 0.317851 0.150655 -0.334951 -0.132945 0.004721 -0.012170 -0.002655 0.067021 -0.251661 0.038214
6109.719719000 0.678395574 -0.388067827 -0.245715856 0.573416537 -0.378620 0.717373 0.308242 0.127143 -0.304287 -0.173162 0.004721 -0.012167 -0.002668 0.067079 -0.251713 0.038109
6109.771803000 0.687567773 -0.397761662 -0.249035188 0.554091774 -0.374567 0.698960 0.300880 0.043431 -0.270428 -0.115291 0.004724 -0.012174 -0.002667 0.067178 -0.251765 0.037992
6109.823884000 0.688521842 -0.406255665 -0.255102790 0.543890222 -0.375133 0.685430 0.296936 -0.074135 -0.225121 -0.054107 0.004728 -0.012178 -0.002666 0.067242 -0.251769 0.037948
6109.875968000 0.688578465 -0.418872484 -0.253473439 0.534936217 -0.381081 0.673048 0.294997 -0.129163 -0.235641 0.004766 0.004732 -0.012180 -0.002669 0.067329 -0.251756 0.037879
6109.928050000 0.684507001 -0.419597587 -0.261528639 0.535715225 -0.389753 0.659842 0.295797 -0.183885 -0.244409 0.045005 0.004733 -0.012181 -0.002672 0.067334 -0.251713 0.037737
6109.980133000 0.684673552 -0.424748057 -0.269928244 0.527209596 -0.400860 0.647507 0.299039 -0.203152 -0.212511 0.109326 0.004733 -0.012180 -0.002673 0.067331 -0.251692 0.037663
6110.032216000 0.679931230 -0.428520918 -0.276179140 0.527056380 -0.411405 0.636258 0.307267 -0.174124 -0.188995 0.178601 0.004733 -0.012178 -0.002675 0.067322 -0.251680 0.037612
6110.084299000 0.672419198 -0.428627076 -0.278496440 0.535323253 -0.419269 0.626910 0.317135 -0.118886 -0.177939 0.173494 0.004734 -0.012178 -0.002673 0.067300 -0.251669 0.037586
6110.136382000 0.668590658 -0.421877763 -0.286852195 0.541037433 -0.424227 0.618044 0.325504 -0.067606 -0.176952 0.140051 0.004734 -0.012182 -0.002672 0.067266 -0.251644 0.037537
6110.188465000 0.670180852 -0.412535806 -0.294666897 0.542073108 -0.425518 0.610011 0.332219 -0.029004 -0.153807 0.116479 0.004735 -0.012186 -0.002669 0.067316 -0.251639 0.037604
6110.240543000 0.670921016 -0.401867113 -0.301082584 0.545634577 -0.426444 0.602155 0.338273 0.002421 -0.164185 0.089319 0.004733 -0.012192 -0.002668 0.067276 -0.251639 0.037550
6110.292631000 0.672886240 -0.388203469 -0.309966389 0.548126821 -0.425800 0.593994 0.342591 0.003416 -0.170892 0.052998 0.004733 -0.012198 -0.002664 0.067265 -0.251653 0.037544
6110.344713000 0.673308805 -0.379386376 -0.317136546 0.549677762 -0.425388 0.587005 0.344678 -0.012995 -0.125721 0.008446 0.004734 -0.012201 -0.002660 0.067254 -0.251669 0.037571
6110.396796000 0.673650360 -0.375918276 -0.321933223 0.548853024 -0.425866 0.582548 0.344826 -0.014849 -0.071706 -0.014073 0.004734 -0.012208 -0.002658 0.067260 -0.251695 0.037579
6110.448879000 0.676170238 -0.369508752 -0.332176223 0.543981662 -0.426628 0.579589 0.344919 -0.024769 -0.036860 -0.004897 0.004732 -0.012214 -0.002656 0.067238 -0.251723 0.037582
6110.500962000 0.678710102 -0.364823348 -0.347096816 0.534584252 -0.428567 0.579184 0.346305 -0.059396 0.007702 0.039135 0.004731 -0.012220 -0.002654 0.067245 -0.251749 0.037593
6110.553045000 0.679973256 -0.366566731 -0.360687667 0.522656302 -0.432844 0.580284 0.349811 -0.083478 0.046654 0.097721 0.004731 -0.012219 -0.002659 0.067208 -0.251767 0.037524
6110.605128000 0.677997828 -0.374595987 -0.375595614 0.508846467 -0.437263 0.584288 0.357586 -0.081412 0.075915 0.219315 0.004733 -0.012213 -0.002661 0.067213 -0.251779 0.037509
6110.657211000 0.672446198 -0.385866960 -0.383171811 0.502097763 -0.440843 0.588989 0.372099 -0.044672 0.060831 0.360205 0.004734 -0.012206 -0.002665 0.067165 -0.251768 0.037439
6110.709289000 0.664396442 -0.390764903 -0.393331612 0.501169034 -0.442711 0.592193 0.393803 -0.002706 0.020657 0.490297 0.004733 -0.012199 -0.002670 0.067090 -0.251803 0.037402
6110.761377000 0.652689657 -0.400440854 -0.397965784 0.505239121 -0.442731 0.596386 0.420507 0.017118 0.027871 0.544335 0.004732 -0.012192 -0.002675 0.066967 -0.251861 0.037423
6110.813460000 0.637892292 -0.417509245 -0.397308363 0.510808690 -0.441242 0.599172 0.448219 0.053745 0.018128 0.532478 0.004731 -0.012187 -0.002680 0.066900 -0.251888 0.037423
6110.865542000 0.627166915 -0.432642824 -0.399163693 0.510049208 -0.438832 0.598999 0.474358 0.106869 -0.019965 0.477361 0.004727 -0.012179 -0.002682 0.066674 -0.251939 0.037369
6110.917625000 0.626240167 -0.444643065 -0.396724448 0.502718122 -0.431757 0.597533 0.498610 0.163142 -0.045820 0.485103 0.004727 -0.012175 -0.002684 0.066664 -0.251957 0.037403
6110.969709000 0.621295387 -0.457120061 -0.390587965 0.502468241 -0.422738 0.596354 0.524708 0.173185 -0.032262 0.502050 0.004727 -0.012173 -0.002684 0.066636 -0.251971 0.037501
6111.021791000 0.618581201 -0.468191485 -0.381159842 0.502863010 -0.412764 0.592650 0.550374 0.210970 -0.101903 0.481348 0.004728 -0.012173 -0.002684 0.066688 -0.252008 0.037472
6111.073874000 0.620317957 -0.466724192 -0.379975196 0.502984106 -0.401150 0.587171 0.574835 0.202597 -0.106910 0.446803 0.004729 -0.012172 -0.002683 0.066672 -0.252008 0.037489
6111.125957000 0.622405625 -0.468691256 -0.381191157 0.497627417 -0.392204 0.580580 0.597420 0.164315 -0.139318 0.433507 0.004728 -0.012172 -0.002683 0.066651 -0.252022 0.037463
6111.178039000 0.619861871 -0.465228524 -0.383613805 0.502169424 -0.384133 0.573081 0.620452 0.116575 -0.132989 0.430451 0.004727 -0.012174 -0.002684 0.066678 -0.252006 0.037464
6111.230123000 0.610521070 -0.467445126 -0.386730899 0.509115202 -0.378902 0.565956 0.641727 0.092060 -0.161414 0.388121 0.004727 -0.012177 -0.002680 0.066725 -0.251993 0.037508
6111.282205000 0.604828251 -0.461595212 -0.394681822 0.515110577 -0.373019 0.557318 0.660281 0.087167 -0.151107 0.319914 0.004726 -0.012188 -0.002677 0.066780 -0.251960 0.037515
6111.334288000 0.602350490 -0.458027450 -0.401060948 0.516270141 -0.368988 0.549927 0.674899 0.057699 -0.137788 0.241066 0.004724 -0.012190 -0.002675 0.066758 -0.251904 0.037546
6111.386371000 0.597846208 -0.459627288 -0.402052823 0.519303567 -0.366722 0.543503 0.684991 0.035827 -0.125028 0.131866 0.004722 -0.012195 -0.002675 0.066761 -0.251883 0.037530
6111.438454000 0.595876987 -0.461772527 -0.402154912 0.519584619 -0.364556 0.537113 0.689743 0.062066 -0.133110 0.051650 0.004721 -0.012196 -0.002673 0.066729 -0.251865 0.037510
6111.490537000 0.597996263 -0.460687177 -0.400858815 0.519114635 -0.361036 0.529709 0.689867 0.067993 -0.162730 -0.045769 0.004719 -0.012200 -0.002674 0.066736 -0.251869 0.037501
6111.542620000 0.600419433 -0.457190398 -0.393515605 0.524994204 -0.355748 0.521196 0.686867 0.100628 -0.180210 -0.096904 0.004718 -0.012206 -0.002673 0.066780 -0.251899 0.037509
6111.594703000 0.608238440 -0.451429176 -0.394840269 0.519960442 -0.355276 0.511329 0.677490 0.066306 -0.187445 -0.137854 0.004710 -0.012178 -0.002682 0.066376 -0.251676 0.037449
6111.646786000 0.612711570 -0.445386819 -0.394923446 0.519856312 -0.350470 0.503249 0.670812 0.102044 -0.158204 -0.110374 0.004711 -0.012182 -0.002682 0.066364 -0.251634 0.037454
6111.698869000 0.619045074 -0.439164012 -0.395003912 0.517580986 -0.345136 0.496566 0.665411 0.090146 -0.116629 -0.067784 0.004711 -0.012186 -0.002680 0.066337 -0.251602 0.037470
6111.750951000 0.623957373 -0.431790226 -0.398547415 0.515164397 -0.338199 0.491541 0.664784 0.092498 -0.085991 -0.001410 0.004712 -0.012202 -0.002677 0.066472 -0.251652 0.037549
6111.803034000 0.626290268 -0.426353731 -0.402541982 0.513753782 -0.333557 0.488939 0.665184 0.062845 -0.050517 0.036517 0.004715 -0.012209 -0.002678 0.066452 -0.251577 0.037591
6111.855117000 0.624130579 -0.424785890 -0.405411142 0.515421938 -0.330323 0.487624 0.667638 0.055244 -0.018329 0.050899 0.004716 -0.012213 -0.002678 0.066437 -0.251555 0.037599
6111.907200000 0.620092875 -0.424120951 -0.408213627 0.518621134 -0.327154 0.487071 0.669789 0.059099 -0.017446 0.021898 0.004715 -0.012215 -0.002678 0.066442 -0.251553 0.037602
6111.959283000 0.618264909 -0.423030854 -0.409025296 0.521048660 -0.324150 0.486641 0.670832 0.045608 -0.005329 0.012530 0.004714 -0.012216 -0.002678 0.066438 -0.251557 0.037599
6112.011366000 0.615557444 -0.426456199 -0.408587541 0.521804910 -0.322875 0.487051 0.670611 0.017428 0.006214 -0.016492 0.004713 -0.012218 -0.002677 0.066424 -0.251583 0.037591
6112.063448000 0.611918428 -0.428967658 -0.406795008 0.525414510 -0.320992 0.487169 0.669327 0.050001 -0.014157 -0.044232 0.004712 -0.012220 -0.002677 0.066428 -0.251608 0.037581
6112.115531000 0.614806683 -0.428327438 -0.405036345 0.523921662 -0.318460 0.486140 0.666871 0.049884 -0.022409 -0.045112 0.004711 -0.012221 -0.002677 0.066413 -0.251619 0.037576
6112.167614000 0.615304062 -0.428164091 -0.404561379 0.523838251 -0.316407 0.485619 0.664075 0.032072 -0.011048 -0.063260 0.004710 -0.012222 -0.002677 0.066388 -0.251620 0.037573
6112.219697000 0.616937746 -0.428357219 -0.402703302 0.523190176 -0.314589 0.485309 0.660586 0.032396 -0.002966 -0.076393 0.004709 -0.012221 -0.002676 0.066363 -0.251628 0.037572
6112.271780000 0.621351148 -0.431054142 -0.400641466 0.517302129 -0.313868 0.485343 0.655860 0.009802 0.002844 -0.095502 0.004709 -0.012220 -0.002676 0.066335 -0.251622 0.037569
6112.323863000 0.624589534 -0.432834289 -0.400927978 0.511663120 -0.313714 0.485773 0.651082 0.000231 0.010801 -0.081231 0.004709 -0.012219 -0.002676 0.066303 -0.251625 0.037566
6112.375946000 0.626101508 -0.435351435 -0.401412218 0.507281244 -0.314360 0.486768 0.647323 -0.015748 0.030245 -0.051298 0.004709 -0.012218 -0.002677 0.066265 -0.251607 0.037568
6112.428029000 0.623243349 -0.441034760 -0.398198996 0.508422686 -0.314850 0.488759 0.645028 0.019143 0.032576 -0.034834 0.004709 -0.012215 -0.002678 0.066235 -0.251598 0.037559
6112.480112000 0.620088048 -0.442243871 -0.396353985 0.512654552 -0.313962 0.489892 0.642398 0.019392 0.011237 -0.060158 0.004709 -0.012212 -0.002680 0.066192 -0.251568 0.037548
6112.532195000 0.620712629 -0.442488264 -0.399205699 0.509465189 -0.313101 0.489905 0.638418 0.028347 -0.010462 -0.088239 0.004708 -0.012211 -0.002681 0.066171 -0.251549 0.037552
6112.584277000 0.624138247 -0.440642567 -0.400125872 0.506147076 -0.311850 0.489055 0.633173 0.020538 -0.018339 -0.096587 0.004709 -0.012209 -0.002682 0.066140 -0.251523 0.037550
6112.636360000 0.626264390 -0.440295630 -0.398751581 0.504905782 -0.310968 0.488427 0.628363 0.021161 -0.010484 -0.080050 0.004710 -0.012208 -0.002683 0.066119 -0.251500 0.037551
6112.688443000 0.626879627 -0.440715606 -0.394422359 0.507171264 -0.310241 0.487855 0.623736 0.007706 -0.014796 -0.092531 0.004711 -0.012206 -0.002684 0.066092 -0.251488 0.037556
6112.740526000 0.628390720 -0.441555137 -0.390458423 0.507638045 -0.310592 0.486628 0.618456 -0.013996 -0.033645 -0.102544 0.004711 -0.012203 -0.002686 0.066073 -0.251466 0.037560
6112.792609000 0.632228362 -0.441599013 -0.390101816 0.503088643 -0.312331 0.484304 0.612396 -0.035560 -0.051056 -0.110143 0.004712 -0.012199 -0.002687 0.066036 -0.251435 0.037558
6112.844692000 0.635016295 -0.441191859 -0.390702721 0.499455136 -0.314022 0.481205 0.606998 -0.019116 -0.069996 -0.084379 0.004714 -0.012196 -0.002688 0.066010 -0.251412 0.037560
6112.896774000 0.637615962 -0.439634054 -0.388179219 0.499484412 -0.314497 0.477012 0.603069 0.014533 -0.092124 -0.056104 0.004716 -0.012194 -0.002689 0.065986 -0.251378 0.037558
6112.948858000 0.641193215 -0.435345560 -0.385122070 0.501025445 -0.313427 0.471898 0.599873 0.019508 -0.101779 -0.057262 0.004717 -0.012194 -0.002691 0.065972 -0.251333 0.037564
6113.000941000 0.644896954 -0.431618512 -0.383039570 0.501092872 -0.312406 0.467191 0.596870 0.008711 -0.083362 -0.050004 0.004719 -0.012194 -0.002692 0.065943 -0.251326 0.037577
6113.053023000 0.648036357 -0.430976517 -0.380810549 0.499290944 -0.312355 0.464011 0.594479 -0.002550 -0.049076 -0.030975 0.004721 -0.012195 -0.002692 0.065911 -0.251333 0.037578
6113.105106000 0.649342768 -0.430849795 -0.380291348 0.498097294 -0.312968 0.462542 0.593838 -0.008464 -0.010300 0.011171 0.004721 -0.012194 -0.002691 0.065878 -0.251326 0.037568
6113.157189000 0.647790245 -0.428810873 -0.381214888 0.501162890 -0.313259 0.462809 0.595167 -0.006744 0.012960 0.027299 0.004721 -0.012195 -0.002691 0.065853 -0.251299 0.037560
6113.209271000 0.646441908 -0.428060984 -0.381578322 0.503263984 -0.314040 0.463975 0.595965 -0.016632 0.025020 -0.000656 0.004721 -0.012195 -0.002692 0.065837 -0.251295 0.037553
6113.261355000 0.645263027 -0.428693626 -0.380632465 0.504951808 -0.315336 0.465667 0.594925 -0.029940 0.033008 -0.046640 0.004720 -0.012195 -0.002692 0.065821 -0.251297 0.037543
6113.313437000 0.645326982 -0.431013982 -0.378463669 0.504524810 -0.317475 0.467381 0.591320 -0.044979 0.032859 -0.095669 0.004720 -0.012193 -0.002693 0.065806 -0.251316 0.037541
6113.365520000 0.647068099 -0.433120720 -0.379072528 0.500013335 -0.320006 0.468964 0.585489 -0.038649 0.024550 -0.126502 0.004721 -0.012192 -0.002693 0.065793 -0.251359 0.037546
6113.417604000 0.650021182 -0.433655054 -0.379353213 0.495486526 -0.322092 0.469601 0.578623 -0.034334 0.007048 -0.138530 0.004721 -0.012189 -0.002693 0.065770 -0.251378 0.037547
6113.469686000 0.651995146 -0.434735823 -0.378940555 0.492251104 -0.323790 0.469268 0.571412 -0.019441 -0.016945 -0.136720 0.004721 -0.012186 -0.002693 0.065752 -0.251387 0.037542
6113.521769000 0.653145487 -0.435091248 -0.377812007 0.491278604 -0.324251 0.467488 0.563751 0.011666 -0.047267 -0.158369 0.004721 -0.012184 -0.002694 0.065734 -0.251375 0.037531
6113.573851000 0.656059231 -0.435297939 -0.376159675 0.488473018 -0.323386 0.464481 0.554710 0.030734 -0.060469 -0.181404 0.004721 -0.012181 -0.002694 0.065711 -0.251361 0.037515
6113.625933000 0.658273648 -0.434067292 -0.375151899 0.487362743 -0.321195 0.460861 0.544768 0.057231 -0.074170 -0.194346 0.004722 -0.012176 -0.002696 0.065691 -0.251352 0.037513
6113.678017000 0.659654571 -0.433743332 -0.371065848 0.488909711 -0.319085 0.456913 0.534274 0.022131 -0.075290 -0.201710 0.004723 -0.012174 -0.002697 0.065681 -0.251337 0.037521
6113.730100000 0.658956453 -0.436976736 -0.361518762 0.494097065 -0.317916 0.452280 0.523029 0.025217 -0.101431 -0.227581 0.004725 -0.012171 -0.002697 0.065655 -0.251332 0.037521
6113.782184000 0.660211496 -0.439405627 -0.350049928 0.498506292 -0.317372 0.446892 0.510031 0.007239 -0.092330 -0.277408 0.004725 -0.012166 -0.002698 0.065632 -0.251333 0.037518
6113.834267000 0.664785839 -0.442145143 -0.339170741 0.497524541 -0.317916 0.441986 0.494329 -0.014641 -0.076819 -0.319280 0.004727 -0.012162 -0.002699 0.065599 -0.251344 0.037520
6113.886349000 0.671254512 -0.444038101 -0.331437743 0.492337859 -0.319114 0.438544 0.478075 -0.027211 -0.050445 -0.301839 0.004729 -0.012159 -0.002702 0.065566 -0.251344 0.037533
6113.938432000 0.674825416 -0.444135374 -0.326482748 0.490676516 -0.320985 0.436546 0.463155 -0.044982 -0.019271 -0.274309 0.004728 -0.012155 -0.002702 0.065549 -0.251357 0.037531
6113.990515000 0.678611677 -0.448141508 -0.316833794 0.488130851 -0.323819 0.436186 0.449087 -0.025218 0.000050 -0.238159 0.004732 -0.012157 -0.002709 0.065530 -0.251342 0.037488
6114.042598000 0.683070083 -0.446350826 -0.312444837 0.486378890 -0.325381 0.436685 0.438471 -0.038608 0.038205 -0.166489 0.004734 -0.012151 -0.002710 0.065506 -0.251351 0.037498
6114.094675000 0.684960017 -0.449110941 -0.305149232 0.485811779 -0.328384 0.439629 0.431017 -0.043527 0.084959 -0.114583 0.004736 -0.012148 -0.002711 0.065485 -0.251356 0.037450
6114.146763000 0.683859907 -0.450210174 -0.297783486 0.490888400 -0.330506 0.444218 0.426767 -0.031774 0.098221 -0.057651 0.004737 -0.012144 -0.002712 0.065466 -0.251357 0.037439
6114.198846000 0.685189426 -0.453521377 -0.285346770 0.493367035 -0.332830 0.448654 0.424007 -0.018541 0.100783 -0.051029 0.004737 -0.012140 -0.002713 0.065442 -0.251366 0.037383
6114.250929000 0.682520759 -0.450827188 -0.283310923 0.500654752 -0.333344 0.453259 0.421991 0.009783 0.082053 -0.036732 0.004737 -0.012135 -0.002716 0.065427 -0.251353 0.037386
6114.303011000 0.684931437 -0.449952617 -0.276081037 0.502186051 -0.332550 0.457180 0.419480 0.020629 0.070072 -0.052058 0.004738 -0.012132 -0.002715 0.065409 -0.251408 0.037441
6114.355095000 0.683802547 -0.449631101 -0.266224952 0.509284030 -0.330170 0.460170 0.416281 0.067857 0.033789 -0.069638 0.004736 -0.012131 -0.002715 0.065392 -0.251439 0.037471
6114.407177000 0.687102764 -0.446191958 -0.251502432 0.515314521 -0.326744 0.461445 0.412236 0.058370 0.016973 -0.089137 0.004736 -0.012130 -0.002716 0.065358 -0.251483 0.037510
6114.459261000 0.687230822 -0.443672052 -0.246734134 0.519606751 -0.324442 0.462736 0.406668 0.034929 0.022747 -0.137060 0.004737 -0.012130 -0.002715 0.065327 -0.251540 0.037532
6114.511344000 0.692372036 -0.448236974 -0.241122042 0.511434003 -0.323227 0.463838 0.398635 0.029882 0.028560 -0.154514 0.004739 -0.012128 -0.002714 0.065296 -0.251598 0.037575
6114.563427000 0.693699476 -0.451263848 -0.241574091 0.506738528 -0.320882 0.465448 0.391287 0.057904 0.028932 -0.139166 0.004739 -0.012125 -0.002714 0.065289 -0.251615 0.037590
6114.615509000 0.696835783 -0.455330695 -0.238186825 0.500360755 -0.317895 0.466324 0.384413 0.065918 0.027672 -0.113952 0.004740 -0.012119 -0.002715 0.065293 -0.251621 0.037593
6114.667592000 0.696477158 -0.456730248 -0.242409188 0.497548826 -0.314954 0.467702 0.379443 0.050917 0.036543 -0.091304 0.004740 -0.012114 -0.002717 0.065289 -0.251630 0.037599
6114.719675000 0.697663023 -0.460913369 -0.246355909 0.490034631 -0.313854 0.470384 0.374110 -0.001800 0.073013 -0.104094 0.004741 -0.012111 -0.002720 0.065284 -0.251650 0.037623
6114.771758000 0.694950328 -0.467569706 -0.253668547 0.483812856 -0.313984 0.475002 0.369204 0.002526 0.091329 -0.076792 0.004741 -0.012107 -0.002724 0.065290 -0.251649 0.037641
6114.823841000 0.692812429 -0.475241103 -0.254938890 0.478709718 -0.313910 0.479806 0.364679 0.012669 0.077524 -0.083906 0.004743 -0.012106 -0.002727 0.065277 -0.251683 0.037683
6114.875923000 0.689265060 -0.478863379 -0.258059865 0.478548480 -0.312227 0.482939 0.360276 0.051174 0.018889 -0.078100 0.004744 -0.012106 -0.002731 0.065253 -0.251712 0.037714
6114.928006000 0.691285394 -0.477694736 -0.260686855 0.475367866 -0.309648 0.482887 0.355735 0.043596 -0.022481 -0.085337 0.004745 -0.012107 -0.002735 0.065236 -0.251737 0.037738
6114.980089000 0.691439854 -0.479731814 -0.262121052 0.472293202 -0.307564 0.481452 0.351143 0.039961 -0.040746 -0.078904 0.004746 -0.012108 -0.002737 0.065213 -0.251761 0.037767
6115.032167000 0.691574936 -0.482939748 -0.261534695 0.469140609 -0.305065 0.479040 0.347504 0.064959 -0.054272 -0.056717 0.004746 -0.012106 -0.002740 0.065192 -0.251782 0.037794
6115.084254000 0.692179657 -0.483837773 -0.259369478 0.468525139 -0.300965 0.475635 0.345195 0.096175 -0.080423 -0.036240 0.004746 -0.012106 -0.002742 0.065155 -0.251816 0.037823
6115.136338000 0.693747646 -0.482620982 -0.256683261 0.468940183 -0.295750 0.471244 0.343197 0.106645 -0.097855 -0.045228 0.004748 -0.012108 -0.002743 0.065102 -0.251859 0.037861
6115.188421000 0.695541552 -0.479642463 -0.256933371 0.469201769 -0.289954 0.466250 0.340834 0.103609 -0.096579 -0.049844 0.004749 -0.012109 -0.002743 0.065059 -0.251901 0.037919
6115.240504000 0.695216971 -0.478998747 -0.258751390 0.469341327 -0.284432 0.461669 0.337267 0.109701 -0.091771 -0.092448 0.004750 -0.012106 -0.002742 0.065014 -0.251946 0.037968
6115.292586000 0.695740947 -0.477614761 -0.263107158 0.467550317 -0.277748 0.456864 0.331900 0.140200 -0.099947 -0.106926 0.004751 -0.012106 -0.002740 0.064984 -0.251975 0.038002
6115.344670000 0.693610968 -0.475188569 -0.273176824 0.467412101 -0.269883 0.452532 0.325302 0.154083 -0.081068 -0.143387 0.004753 -0.012106 -0.002738 0.064958 -0.252006 0.038043
6115.396752000 0.694469399 -0.473242340 -0.280749526 0.463609367 -0.260987 0.448357 0.316910 0.168229 -0.089188 -0.184342 0.004753 -0.012108 -0.002735 0.064937 -0.252038 0.038100
6115.448835000 0.698800305 -0.470084246 -0.287810064 0.455921378 -0.251536 0.443633 0.307103 0.195650 -0.091636 -0.199317 0.004754 -0.012110 -0.002732 0.064905 -0.252081 0.038125
6115.500918000 0.708310043 -0.464104121 -0.288844716 0.446623979 -0.240957 0.438138 0.297435 0.213015 -0.095441 -0.181588 0.004756 -0.012113 -0.002729 0.064853 -0.252129 0.038118
6115.553000000 0.715975162 -0.455648791 -0.287678021 0.443852569 -0.229837 0.433699 0.288924 0.205374 -0.087135 -0.152066 0.004757 -0.012114 -0.002729 0.064815 -0.252158 0.038160
6115.605083000 0.724152656 -0.448810559 -0.283553973 0.440192183 -0.220038 0.429677 0.282203 0.161783 -0.068104 -0.097143 0.004759 -0.012114 -0.002728 0.064783 -0.252174 0.038173
6115.657167000 0.728282313 -0.444667808 -0.279682439 0.440060390 -0.212358 0.426856 0.279128 0.144693 -0.042017 -0.019570 0.004759 -0.012113 -0.002727 0.064763 -0.252193 0.038180
6115.709250000 0.732753350 -0.439344643 -0.275358240 0.440711530 -0.206278 0.424263 0.279874 0.131693 -0.024261 0.038317 0.004759 -0.012114 -0.002726 0.064729 -0.252217 0.038101
6115.761333000 0.736989353 -0.430768674 -0.271115429 0.444726283 -0.199219 0.423351 0.283556 0.131571 -0.001191 0.097608 0.004760 -0.012113 -0.002722 0.064714 -0.252228 0.038091
6115.813415000 0.740801327 -0.422016269 -0.265578383 0.450093085 -0.193708 0.424044 0.289887 0.078013 0.039767 0.136843 0.004759 -0.012115 -0.002719 0.064724 -0.252246 0.038048
6115.865498000 0.741842119 -0.419666289 -0.258375522 0.454744506 -0.191651 0.426773 0.297803 0.009216 0.086463 0.164300 0.004760 -0.012116 -0.002713 0.064743 -0.252253 0.037977
6115.917581000 0.739983070 -0.423748902 -0.249584932 0.458878291 -0.192574 0.432271 0.305770 -0.051457 0.109151 0.140366 0.004762 -0.012117 -0.002712 0.064732 -0.252255 0.037979
6115.969664000 0.743042385 -0.428124835 -0.243932342 0.452873219 -0.195940 0.438129 0.312752 -0.064607 0.116765 0.123309 0.004762 -0.012119 -0.002710 0.064725 -0.252266 0.037957
6116.021747000 0.745909077 -0.432419391 -0.238508221 0.446930585 -0.199420 0.445098 0.320127 -0.072312 0.142600 0.178454 0.004762 -0.012121 -0.002708 0.064717 -0.252248 0.037922
6116.073829000 0.742790728 -0.437160383 -0.228483720 0.452711745 -0.202727 0.453109 0.331111 -0.070074 0.158486 0.224753 0.004763 -0.012121 -0.002707 0.064705 -0.252273 0.037955
6116.125912000 0.735137229 -0.446242303 -0.218375235 0.461251903 -0.207613 0.461667 0.341950 -0.108301 0.160246 0.190647 0.004764 -0.012119 -0.002709 0.064710 -0.252275 0.037983
6116.177995000 0.734854047 -0.457635761 -0.201075832 0.458396716 -0.212608 0.469214 0.350997 -0.069442 0.126859 0.161917 0.004765 -0.012117 -0.002711 0.064699 -0.252310 0.038054
6116.230078000 0.736070318 -0.462700395 -0.188244646 0.456807164 -0.215910 0.475960 0.360617 -0.065886 0.127054 0.201951 0.004764 -0.012117 -0.002712 0.064674 -0.252350 0.038170
6116.282161000 0.731366888 -0.466450481 -0.180076069 0.463787703 -0.218861 0.482440 0.371481 -0.040238 0.114793 0.207836 0.004764 -0.012117 -0.002714 0.064666 -0.252360 0.038188
6116.334244000 0.731840729 -0.466927971 -0.172826397 0.465315435 -0.220562 0.488044 0.382047 -0.027336 0.097861 0.204350 0.004764 -0.012116 -0.002715 0.064664 -0.252364 0.038217
6116.386327000 0.731688775 -0.464070264 -0.172169175 0.468644963 -0.221807 0.492765 0.392399 -0.032668 0.076215 0.186421 0.004765 -0.012116 -0.002713 0.064652 -0.252392 0.038256
6116.438409000 0.731785587 -0.459132645 -0.179708700 0.470522956 -0.223826 0.495224 0.401504 -0.059929 0.044527 0.158414 0.004765 -0.012107 -0.002707 0.064629 -0.252471 0.038461
6116.490492000 0.731711124 -0.455856955 -0.187445848 0.470804971 -0.227422 0.497441 0.409126 -0.074453 0.033862 0.130949 0.004767 -0.012108 -0.002705 0.064633 -0.252495 0.038479
6116.542576000 0.729904974 -0.452880098 -0.195616359 0.473151758 -0.229584 0.499221 0.416754 0.002176 0.022128 0.169178 0.004769 -0.012112 -0.002702 0.064652 -0.252500 0.038422
6116.594658000 0.729036384 -0.448160904 -0.195893127 0.478835711 -0.228345 0.500439 0.424747 0.030599 0.036703 0.143374 0.004770 -0.012111 -0.002703 0.064640 -0.252533 0.038485
6116.646741000 0.726924161 -0.441607146 -0.201240345 0.485866975 -0.225401 0.502145 0.432154 0.088659 0.028083 0.121833 0.004770 -0.012110 -0.002703 0.064641 -0.252583 0.038534
6116.698825000 0.729447900 -0.434156288 -0.201389531 0.488729307 -0.220596 0.503974 0.438253 0.100002 0.055664 0.090089 0.004770 -0.012111 -0.002703 0.064639 -0.252645 0.038594
6116.750907000 0.728617691 -0.429760277 -0.199500516 0.494592670 -0.216286 0.507242 0.442127 0.075316 0.064309 0.032420 0.004769 -0.012113 -0.002701 0.064635 -0.252697 0.038649
6116.802989000 0.732018015 -0.426260076 -0.197014141 0.493596396 -0.213324 0.510243 0.443067 0.030898 0.039297 0.006920 0.004770 -0.012114 -0.002700 0.064607 -0.252758 0.038748
6116.855072000 0.734991621 -0.423187151 -0.195613400 0.492377244 -0.211531 0.512321 0.445296 0.030229 0.040532 0.065160 0.004771 -0.012115 -0.002700 0.064571 -0.252814 0.038848
6116.907155000 0.733094313 -0.421490590 -0.193341018 0.497531568 -0.210895 0.515154 0.448942 -0.017460 0.056348 0.066733 0.004773 -0.012119 -0.002699 0.064530 -0.252875 0.038939
6116.959238000 0.729981448 -0.423317160 -0.187207438 0.502874778 -0.212377 0.518827 0.452383 -0.050188 0.067499 0.063416 0.004774 -0.012121 -0.002698 0.064508 -0.252902 0.038994
6117.011321000 0.727100597 -0.427744833 -0.180767914 0.505650117 -0.217149 0.522645 0.454225 -0.137279 0.072182 0.007674 0.004775 -0.012122 -0.002696 0.064482 -0.252942 0.039040
6117.063403000 0.727025088 -0.435406084 -0.171774788 0.502343992 -0.224591 0.526309 0.453827 -0.142313 0.047839 -0.047816 0.004776 -0.012121 -0.002696 0.064431 -0.253004 0.039148
6117.115487000 0.726110849 -0.441406966 -0.163768959 0.501101441 -0.231110 0.529195 0.450262 -0.099081 0.046710 -0.095496 0.004777 -0.012121 -0.002694 0.064389 -0.253062 0.039232
6117.167570000 0.739513455 -0.432190301 -0.170267046 0.487176073 -0.232971 0.528669 0.443283 0.003608 -0.059663 -0.180373 0.004780 -0.012123 -0.002694 0.064344 -0.253132 0.039364
6117.219652000 0.752082492 -0.423915184 -0.167773612 0.475941023 -0.232135 0.526092 0.434612 0.030885 -0.070198 -0.188647 0.004783 -0.012125 -0.002694 0.064285 -0.253223 0.039535
6117.271736000 0.749653462 -0.427733561 -0.144354290 0.483968519 -0.230096 0.523638 0.425729 0.050521 -0.071714 -0.162956 0.004785 -0.012128 -0.002693 0.064232 -0.253276 0.039616
6117.323819000 0.745467996 -0.430393709 -0.117208649 0.495278562 -0.227198 0.519386 0.417936 0.041474 -0.082251 -0.146912 0.004785 -0.012129 -0.002693 0.064157 -0.253328 0.039695
6117.375902000 0.731014085 -0.440254577 -0.087477833 0.513947413 -0.224957 0.514959 0.410874 0.042146 -0.100691 -0.168410 0.004785 -0.012126 -0.002693 0.064079 -0.253376 0.039765
6117.427984000 0.739939028 -0.436361374 -0.079774899 0.505682659 -0.221139 0.507649 0.401735 0.067546 -0.155821 -0.176580 0.004786 -0.012127 -0.002692 0.063968 -0.253449 0.039901
6117.480067000 0.743231946 -0.438249720 -0.072670572 0.500262376 -0.218681 0.500648 0.392740 0.013500 -0.121473 -0.171323 0.004787 -0.012127 -0.002691 0.063872 -0.253504 0.040005
6117.532149000 0.740297216 -0.449381460 -0.057631621 0.496683935 -0.218205 0.493853 0.384187 -0.002349 -0.152377 -0.156061 0.004789 -0.012128 -0.002691 0.063822 -0.253538 0.040085
6117.584233000 0.744939823 -0.455197655 -0.053154996 0.484803363 -0.218418 0.484912 0.376502 -0.017301 -0.177467 -0.143036 0.004790 -0.012128 -0.002692 0.063790 -0.253571 0.040179
6117.636315000 0.740876407 -0.464489343 -0.052622923 0.482268211 -0.219207 0.476759 0.370548 -0.003564 -0.163684 -0.085365 0.004791 -0.012131 -0.002693 0.063735 -0.253622 0.040291
6117.688398000 0.730734416 -0.472576910 -0.064186157 0.488444894 -0.219890 0.468796 0.364659 0.005864 -0.178590 -0.147313 0.004793 -0.012132 -0.002697 0.063688 -0.253679 0.040392
6117.740481000 0.731296452 -0.474932906 -0.080976136 0.482790948 -0.217580 0.459941 0.358220 0.070303 -0.173210 -0.076565 0.004795 -0.012132 -0.002701 0.063620 -0.253743 0.040535
6117.792564000 0.720344174 -0.481542682 -0.083937552 0.492113203 -0.213790 0.451867 0.352832 0.085738 -0.180619 -0.153513 0.004798 -0.012132 -0.002704 0.063494 -0.253833 0.040693
6117.844647000 0.721195744 -0.480472164 -0.088170078 0.491171290 -0.207027 0.442206 0.345988 0.121850 -0.193755 -0.096679 0.004800 -0.012133 -0.002707 0.063309 -0.253938 0.040904
6117.896730000 0.713814465 -0.488331940 -0.086150504 0.494549205 -0.202887 0.433346 0.342286 0.071255 -0.133362 -0.062616 0.004799 -0.012131 -0.002711 0.063222 -0.254020 0.041015
6117.948808000 0.702549497 -0.495730349 -0.076529110 0.504795919 -0.199296 0.427679 0.342692 0.055773 -0.094315 0.051726 0.004799 -0.012132 -0.002714 0.063127 -0.254075 0.041100
6118.000896000 0.689060437 -0.506879396 -0.064643449 0.513897087 -0.197208 0.423264 0.344863 0.032902 -0.092499 0.029138 0.004801 -0.012134 -0.002714 0.063125 -0.254075 0.041126
6118.052979000 0.683618622 -0.511679924 -0.063437437 0.516550991 -0.195766 0.418382 0.347081 0.028027 -0.094034 0.048986 0.004800 -0.012136 -0.002715 0.063072 -0.254103 0.041187
6118.105062000 0.676646558 -0.519480984 -0.060440617 0.518300950 -0.195668 0.415157 0.350096 -0.015526 -0.042561 0.071148 0.004802 -0.012138 -0.002718 0.062995 -0.254141 0.041273
6118.157145000 0.665678662 -0.528090084 -0.059837718 0.523843707 -0.197203 0.414712 0.354978 -0.046755 0.001063 0.106113 0.004802 -0.012140 -0.002719 0.062912 -0.254181 0.041348
6118.209228000 0.652716360 -0.539207776 -0.057177045 0.529100287 -0.200254 0.417261 0.361642 -0.072027 0.059054 0.143115 0.004806 -0.012140 -0.002721 0.062771 -0.254230 0.041462
6118.261311000 0.638319186 -0.547275189 -0.062401223 0.537721650 -0.204240 0.421881 0.369539 -0.080289 0.087699 0.147606 0.004807 -0.012143 -0.002722 0.062650 -0.254290 0.041556
6118.313393000 0.625207572 -0.553491079 -0.071103209 0.545625743 -0.208183 0.427148 0.376441 -0.064305 0.083912 0.113375 0.004807 -0.012146 -0.002722 0.062495 -0.254356 0.041665
6118.365476000 0.615033298 -0.557382603 -0.087145114 0.550876034 -0.211384 0.432171 0.381979 -0.037504 0.056909 0.069302 0.004807 -0.012147 -0.002724 0.062326 -0.254442 0.041785
6118.417558000 0.606349796 -0.562165668 -0.107509596 0.552042910 -0.211755 0.433882 0.384415 0.031145 0.001325 0.000104 0.004806 -0.012147 -0.002724 0.062116 -0.254525 0.041936
6118.469641000 0.601136810 -0.562408172 -0.131246036 0.552364066 -0.207019 0.431444 0.383174 0.135127 -0.095421 -0.095370 0.004804 -0.012149 -0.002723 0.061898 -0.254613 0.042087
6118.521724000 0.605892018 -0.560735875 -0.163397347 0.540158725 -0.198768 0.424581 0.375953 0.194490 -0.171179 -0.216808 0.004803 -0.012151 -0.002723 0.061699 -0.254700 0.042233
6118.573808000 0.608149538 -0.562562879 -0.183201646 0.529258258 -0.186712 0.414208 0.363231 0.254388 -0.213627 -0.287157 0.004803 -0.012153 -0.002724 0.061551 -0.254762 0.042329
6118.625890000 0.603308215 -0.564301927 -0.198176932 0.527549464 -0.171732 0.401694 0.348675 0.315243 -0.264108 -0.308660 0.004803 -0.012157 -0.002723 0.061380 -0.254828 0.042436
6118.677973000 0.602447585 -0.564553235 -0.214415998 0.521883447 -0.155919 0.387618 0.333142 0.304312 -0.300167 -0.349821 0.004801 -0.012158 -0.002728 0.060773 -0.255084 0.042776
6118.730056000 0.603605224 -0.566110649 -0.236075273 0.509360317 -0.140666 0.372753 0.314818 0.300164 -0.250593 -0.376304 0.004801 -0.012160 -0.002727 0.060603 -0.255140 0.042871
6118.782139000 0.599438225 -0.568322229 -0.254122099 0.503096032 -0.124984 0.360026 0.295483 0.288186 -0.239204 -0.431194 0.004800 -0.012162 -0.002725 0.060439 -0.255196 0.042999
6118.834222000 0.604286062 -0.573133409 -0.265159910 0.485846346 -0.109957 0.348167 0.271663 0.273911 -0.215939 -0.494872 0.004802 -0.012165 -0.002724 0.060230 -0.255282 0.043153
6118.886302000 0.613277203 -0.567888863 -0.286195645 0.468492651 -0.095355 0.336913 0.247440 0.256904 -0.210976 -0.487316 0.004804 -0.012170 -0.002722 0.060103 -0.255335 0.043255
6118.938388000 0.620621341 -0.563990608 -0.298194929 0.455876661 -0.082027 0.327772 0.223028 0.218029 -0.161198 -0.494554 0.004808 -0.012168 -0.002720 0.059935 -0.255422 0.043431
6118.990471000 0.623557052 -0.562707922 -0.310355413 0.445214460 -0.072024 0.320178 0.198443 0.187417 -0.147464 -0.480963 0.004807 -0.012174 -0.002720 0.059873 -0.255454 0.043455
6119.042554000 0.625804032 -0.558620121 -0.323851579 0.437530604 -0.062149 0.313629 0.175066 0.170115 -0.111250 -0.469695 0.004808 -0.012184 -0.002717 0.059777 -0.255493 0.043511
6119.094636000 0.626479582 -0.560497988 -0.330295732 0.429266897 -0.053339 0.308062 0.152209 0.154169 -0.117470 -0.445694 0.004809 -0.012193 -0.002716 0.059656 -0.255555 0.043598
6119.146718000 0.630993118 -0.558331579 -0.336338809 0.420701483 -0.045163 0.301611 0.128538 0.142616 -0.129823 -0.474699 0.004812 -0.012197 -0.002718 0.059558 -0.255614 0.043677
6119.198801000 0.629864943 -0.563252678 -0.338356750 0.414163355 -0.038218 0.296786 0.106112 0.093215 -0.096317 -0.443885 0.004813 -0.012204 -0.002715 0.059498 -0.255628 0.043742
6119.250884000 0.631252211 -0.567073395 -0.335634005 0.409021057 -0.033130 0.292550 0.086025 0.062932 -0.047026 -0.356145 0.004814 -0.012209 -0.002714 0.059385 -0.255677 0.043852
6119.302967000 0.628679540 -0.577791554 -0.330946809 0.401737682 -0.032381 0.290031 0.070086 0.032067 -0.032528 -0.258690 0.004808 -0.012214 -0.002713 0.059191 -0.255722 0.043910
6119.355051000 0.625624908 -0.582161143 -0.331736636 0.399540588 -0.031721 0.288948 0.059760 0.008910 0.013274 -0.176526 0.004806 -0.012220 -0.002712 0.059083 -0.255757 0.043990
6119.407133000 0.619061469 -0.590322854 -0.329066681 0.399996181 -0.031679 0.290218 0.051036 -0.002591 0.035505 -0.160735 0.004807 -0.012221 -0.002714 0.059021 -0.255796 0.044068
6119.459216000 0.616539821 -0.594482754 -0.329101038 0.397695123 -0.032941 0.292404 0.044482 0.011961 0.045372 -0.131845 0.004801 -0.012231 -0.002712 0.058867 -0.255812 0.044080
6119.511299000 0.613850568 -0.594597904 -0.330008216 0.400918183 -0.031910 0.295133 0.039896 0.018083 0.058499 -0.066990 0.004799 -0.012237 -0.002709 0.058785 -0.255847 0.044170
6119.563382000 0.609354694 -0.592021397 -0.336079304 0.406507349 -0.032498 0.299935 0.037420 -0.030911 0.121346 -0.073890 0.004795 -0.012241 -0.002707 0.058688 -0.255890 0.044256
6119.615465000 0.608947478 -0.591174362 -0.340069619 0.405029007 -0.034915 0.307393 0.033554 -0.071430 0.164657 -0.075384 0.004793 -0.012246 -0.002705 0.058655 -0.255901 0.044311
6119.667547000 0.608707427 -0.585884629 -0.348479848 0.405926428 -0.038441 0.316163 0.029684 -0.081968 0.175258 -0.066990 0.004793 -0.012249 -0.002702 0.058663 -0.255879 0.044354
6119.719630000 0.607213696 -0.592474187 -0.341464913 0.404558497 -0.042646 0.324398 0.025854 -0.066788 0.141131 -0.083120 0.004792 -0.012251 -0.002702 0.058584 -0.255870 0.044423
6119.771713000 0.609048733 -0.587827184 -0.345735692 0.404951446 -0.044881 0.329622 0.021903 -0.036530 0.087819 -0.097994 0.004792 -0.012250 -0.002699 0.058537 -0.255886 0.044518
6119.823797000 0.611558953 -0.581398085 -0.349689895 0.407049003 -0.046180 0.333387 0.016517 -0.015048 0.077811 -0.115882 0.004791 -0.012250 -0.002695 0.058493 -0.255901 0.044609
6119.875879000 0.615570950 -0.574744541 -0.349383847 0.410697024 -0.045836 0.336540 0.010478 0.011299 0.064107 -0.110756 0.004789 -0.012250 -0.002691 0.058451 -0.255913 0.044680
6119.927962000 0.618756778 -0.572877457 -0.345702946 0.411632047 -0.045897 0.340057 0.005896 -0.000267 0.081763 -0.099859 0.004786 -0.012251 -0.002689 0.058375 -0.255936 0.044732
6119.980045000 0.622407967 -0.575756374 -0.339895999 0.406919684 -0.045744 0.342779 -0.000026 0.006919 0.036372 -0.116830 0.004787 -0.012250 -0.002689 0.058337 -0.255901 0.044754
6120.032128000 0.627951497 -0.574742694 -0.338877009 0.400637150 -0.045499 0.343531 -0.005317 0.002081 0.014994 -0.087643 0.004787 -0.012251 -0.002689 0.058301 -0.255891 0.044784
6120.084211000 0.632149255 -0.572861424 -0.340956296 0.394925198 -0.045686 0.342268 -0.010476 0.009117 -0.030014 -0.100002 0.004786 -0.012250 -0.002689 0.058235 -0.255867 0.044785
6120.136294000 0.632608162 -0.571737170 -0.340662758 0.396071213 -0.045078 0.339849 -0.014930 0.026936 -0.051387 -0.061089 0.004785 -0.012251 -0.002689 0.058181 -0.255847 0.044791
6120.188377000 0.630965313 -0.565738146 -0.344668608 0.403765619 -0.043954 0.336395 -0.018307 0.029534 -0.070905 -0.080927 0.004784 -0.012255 -0.002689 0.058113 -0.255814 0.044769
6120.240459000 0.632621184 -0.562668080 -0.349503727 0.401300653 -0.042931 0.332745 -0.024179 0.001931 -0.061678 -0.128308 0.004785 -0.012258 -0.002688 0.058076 -0.255785 0.044785
6120.292542000 0.633858862 -0.565409030 -0.352771133 0.392540571 -0.043052 0.329565 -0.029638 -0.008253 -0.053660 -0.082874 0.004786 -0.012258 -0.002688 0.058065 -0.255800 0.044842
6120.344625000 0.633041618 -0.568091145 -0.359300890 0.383970872 -0.044152 0.326439 -0.033909 -0.022736 -0.056503 -0.067804 0.004787 -0.012257 -0.002688 0.058041 -0.255802 0.044892
6120.396708000 0.631897942 -0.570951693 -0.364883168 0.376270419 -0.045629 0.323067 -0.036693 -0.018423 -0.059631 -0.047599 0.004786 -0.012257 -0.002686 0.057982 -0.255802 0.044941
6120.448791000 0.634140242 -0.568599173 -0.371422471 0.369603141 -0.045744 0.319026 -0.038938 0.016837 -0.092298 -0.025769 0.004785 -0.012257 -0.002686 0.057965 -0.255807 0.044975
6120.500873000 0.636973644 -0.564815063 -0.376658928 0.365207575 -0.045317 0.314858 -0.040948 0.004496 -0.056149 -0.037153 0.004785 -0.012256 -0.002686 0.057956 -0.255800 0.044998
6120.552956000 0.644383884 -0.555742062 -0.383963554 0.358458029 -0.043673 0.310785 -0.042429 0.052744 -0.086786 -0.033228 0.004783 -0.012255 -0.002685 0.057910 -0.255820 0.045069
6120.605039000 0.651682963 -0.547263628 -0.385985171 0.356128187 -0.041823 0.308794 -0.043943 0.027131 -0.000937 -0.022859 0.004782 -0.012259 -0.002683 0.057909 -0.255838 0.045117
6120.657122000 0.651072875 -0.542861568 -0.386471502 0.363380252 -0.040501 0.308595 -0.044062 0.004283 0.000494 -0.003508 0.004781 -0.012262 -0.002682 0.057892 -0.255857 0.045152
6120.709208000 0.643750750 -0.546664253 -0.380931507 0.376343399 -0.040743 0.310213 -0.044117 -0.006988 0.069621 0.033159 0.004780 -0.012265 -0.002681 0.057887 -0.255843 0.045162
6120.761291000 0.615424651 -0.572331094 -0.347072604 0.416209353 -0.040866 0.315131 -0.041236 -0.000046 0.081460 0.043080 0.004780 -0.012264 -0.002682 0.057876 -0.255839 0.045175
6120.813371000 0.599089066 -0.585428898 -0.357621371 0.412882854 -0.040984 0.317092 -0.039156 0.004011 -0.014589 0.038677 0.004777 -0.012265 -0.002681 0.057848 -0.255849 0.045177
6120.865453000 0.594166755 -0.583874700 -0.379425419 0.402607196 -0.039949 0.315767 -0.035291 0.050873 -0.043948 0.086409 0.004774 -0.012267 -0.002681 0.057815 -0.255857 0.045144
6120.917537000 0.587307867 -0.581289235 -0.403328102 0.393063272 -0.038269 0.313635 -0.030878 0.027711 -0.016232 0.033704 0.004770 -0.012267 -0.002680 0.057776 -0.255841 0.045143
6120.969620000 0.582913048 -0.593392323 -0.406647395 0.377803952 -0.037082 0.313793 -0.032196 0.022532 0.003738 -0.069361 0.004768 -0.012268 -0.002678 0.057737 -0.255845 0.045150
6121.021702000 0.581547729 -0.598461157 -0.400230839 0.378763459 -0.035537 0.313953 -0.033617 0.051412 -0.020250 0.020282 0.004766 -0.012271 -0.002676 0.057697 -0.255833 0.045138
6121.073785000 0.578893813 -0.583614768 -0.418700979 0.385960162 -0.032637 0.312440 -0.031831 0.055459 -0.023618 0.029388 0.004764 -0.012273 -0.002675 0.057659 -0.255800 0.045120
6121.125868000 0.581941365 -0.569671717 -0.422778639 0.397588488 -0.030361 0.311501 -0.030495 0.028369 -0.005488 0.034354 0.004762 -0.012276 -0.002672 0.057657 -0.255770 0.045111
6121.177951000 0.586202417 -0.561021823 -0.423580251 0.402741867 -0.029807 0.311307 -0.029201 0.002781 -0.010534 0.034922 0.004761 -0.012280 -0.002670 0.057653 -0.255757 0.045107
6121.230034000 0.594082901 -0.553461176 -0.421323733 0.404020478 -0.029986 0.311319 -0.028353 -0.001248 0.018646 0.001017 0.004761 -0.012282 -0.002669 0.057629 -0.255742 0.045102
6121.282117000 0.597810180 -0.551260849 -0.416359149 0.406668814 -0.029324 0.311797 -0.028393 0.020006 0.002946 -0.005766 0.004761 -0.012284 -0.002668 0.057593 -0.255713 0.045088
6121.334199000 0.602580174 -0.535054408 -0.422585526 0.414771488 -0.027122 0.311679 -0.027259 0.051167 -0.002482 0.000161 0.004760 -0.012288 -0.002667 0.057580 -0.255710 0.045090
6121.386282000 0.611691203 -0.528571229 -0.421502514 0.410830815 -0.025499 0.310487 -0.029436 0.040961 -0.029834 -0.011747 0.004759 -0.012290 -0.002667 0.057573 -0.255716 0.045108
6121.438366000 0.608168217 -0.515006182 -0.433834923 0.420341899 -0.022284 0.309824 -0.027363 0.051136 -0.009533 0.037701 0.004758 -0.012294 -0.002666 0.057566 -0.255671 0.045108
6121.490448000 0.610867298 -0.510550210 -0.434401749 0.421277519 -0.020255 0.309501 -0.027678 0.019626 -0.010711 -0.034871 0.004757 -0.012298 -0.002665 0.057565 -0.255668 0.045122
6121.542531000 0.614044107 -0.515597555 -0.426840845 0.418229469 -0.019868 0.309448 -0.029586 0.010414 0.005004 -0.037762 0.004756 -0.012300 -0.002664 0.057541 -0.255678 0.045140
6121.594615000 0.616456244 -0.518951037 -0.421421064 0.416023806 -0.019778 0.309684 -0.031505 -0.002923 0.020690 -0.046273 0.004756 -0.012303 -0.002664 0.057509 -0.255672 0.045140
6121.646697000 0.622671874 -0.536911686 -0.398557414 0.406395824 -0.021537 0.310191 -0.036231 -0.030313 -0.005740 -0.083094 0.004758 -0.012304 -0.002665 0.057482 -0.255683 0.045159
6121.698780000 0.620712488 -0.548163975 -0.385785773 0.406695956 -0.022202 0.310116 -0.037757 0.020662 0.040163 0.028468 0.004757 -0.012305 -0.002665 0.057435 -0.255681 0.045157
6121.750862000 0.606405885 -0.560619374 -0.384718254 0.412273799 -0.022427 0.311941 -0.037284 -0.000259 0.028446 -0.004753 0.004754 -0.012304 -0.002665 0.057392 -0.255663 0.045137
6121.802940000 0.614080421 -0.551217518 -0.387019896 0.411436610 -0.023294 0.311127 -0.038108 -0.006743 -0.034347 0.011618 0.004753 -0.012303 -0.002665 0.057362 -0.255640 0.045118
6121.855028000 0.610237343 -0.543375311 -0.386469339 0.427779273 -0.023558 0.308700 -0.035276 0.007148 -0.040570 0.057059 0.004750 -0.012304 -0.002665 0.057340 -0.255606 0.045105
6121.907111000 0.598531084 -0.541988123 -0.395063442 0.438103061 -0.025053 0.307565 -0.035493 -0.056974 -0.002192 -0.023611 0.004748 -0.012306 -0.002664 0.057302 -0.255540 0.045072
6121.959194000 0.573293348 -0.547382071 -0.396452882 0.463176768 -0.028128 0.308745 -0.035979 -0.044451 0.021284 -0.030022 0.004746 -0.012310 -0.002664 0.057260 -0.255520 0.045045
6122.011277000 0.549084826 -0.560698689 -0.397168374 0.475794196 -0.030068 0.309115 -0.039613 -0.002400 0.016245 -0.099887 0.004742 -0.012309 -0.002662 0.057237 -0.255471 0.045041
6122.063359000 0.556458877 -0.562018880 -0.389389053 0.472085227 -0.030387 0.309403 -0.044408 -0.003832 0.002740 -0.047703 0.004740 -0.012308 -0.002661 0.057214 -0.255448 0.045024
6122.115442000 0.573722218 -0.540232471 -0.390986453 0.475522121 -0.029302 0.308967 -0.046074 0.043442 -0.019308 -0.027776 0.004738 -0.012312 -0.002659 0.057211 -0.255441 0.045017
6122.167526000 0.610173239 -0.527474826 -0.382093905 0.451068925 -0.028586 0.308013 -0.050008 -0.023871 -0.029610 -0.106370 0.004738 -0.012313 -0.002660 0.057211 -0.255472 0.045034
6122.219608000 0.636835795 -0.512140067 -0.380088956 0.433226393 -0.028637 0.307788 -0.054223 -0.007472 -0.010848 -0.065172 0.004740 -0.012318 -0.002658 0.057185 -0.255481 0.045046
6122.271686000 0.638265378 -0.524755227 -0.374408933 0.420793548 -0.029905 0.308256 -0.055290 -0.078590 0.017336 -0.017172 0.004742 -0.012323 -0.002658 0.057160 -0.255480 0.045056
6122.323774000 0.633657903 -0.544187409 -0.360174283 0.415466258 -0.034881 0.309189 -0.056519 -0.082744 0.003754 -0.005067 0.004743 -0.012327 -0.002657 0.057127 -0.255455 0.045049
6122.375857000 0.625810549 -0.552169674 -0.366270793 0.411479664 -0.035759 0.308236 -0.056310 0.000957 -0.036662 0.001375 0.004744 -0.012331 -0.002657 0.057116 -0.255440 0.045045
6122.427940000 0.626154305 -0.559459293 -0.368113862 0.399284698 -0.036214 0.306543 -0.056867 -0.011955 -0.026639 -0.002075 0.004745 -0.012334 -0.002658 0.057096 -0.255404 0.045034
6122.480023000 0.610680081 -0.572662905 -0.370762389 0.402072489 -0.036117 0.305338 -0.056739 0.002385 -0.026485 0.010471 0.004745 -0.012335 -0.002658 0.057074 -0.255352 0.045016
6122.532106000 0.590385435 -0.585412888 -0.366569839 0.417568367 -0.035796 0.304764 -0.055794 0.025079 -0.013373 0.034932 0.004746 -0.012336 -0.002659 0.057066 -0.255300 0.044997
6122.584188000 0.594248733 -0.574596812 -0.365119154 0.428246366 -0.034563 0.302444 -0.055423 0.030928 -0.051069 -0.001949 0.004747 -0.012336 -0.002658 0.057058 -0.255275 0.044982
6122.636272000 0.619837164 -0.557082882 -0.365123414 0.414904139 -0.034147 0.299161 -0.056753 0.004089 -0.053433 -0.013387 0.004748 -0.012338 -0.002657 0.057037 -0.255247 0.044963
6122.688354000 0.628475956 -0.542672072 -0.362939049 0.422847776 -0.033264 0.298196 -0.056462 0.003230 -0.004769 0.002768 0.004749 -0.012342 -0.002656 0.057024 -0.255230 0.044945
6122.740432000 0.628068979 -0.540464973 -0.363877902 0.425464268 -0.032845 0.298464 -0.056310 0.003494 0.005659 0.003414 0.004749 -0.012345 -0.002654 0.057013 -0.255213 0.044932
6122.792520000 0.625927183 -0.540513612 -0.366215719 0.426551572 -0.032369 0.298723 -0.056223 0.012824 0.010394 0.004344 0.004750 -0.012347 -0.002654 0.056998 -0.255189 0.044922
6122.844603000 0.621139419 -0.545604686 -0.370190168 0.423627888 -0.032194 0.299413 -0.056240 0.002241 0.010411 0.001902 0.004751 -0.012349 -0.002654 0.056985 -0.255175 0.044917
6122.896685000 0.618715626 -0.548055989 -0.372126864 0.422311740 -0.031882 0.300168 -0.056315 0.011748 0.012705 0.000361 0.004752 -0.012351 -0.002654 0.056973 -0.255154 0.044906
6122.948769000 0.616949189 -0.548555677 -0.373657622 0.422895197 -0.031031 0.301140 -0.056323 0.019596 0.025972 -0.004299 0.004752 -0.012353 -0.002653 0.056964 -0.255138 0.044897
6123.000851000 0.616203528 -0.549536479 -0.374281490 0.422156649 -0.029710 0.302121 -0.056373 0.029650 0.026798 0.001695 0.004753 -0.012353 -0.002653 0.056956 -0.255124 0.044889
6123.052935000 0.611361983 -0.555079769 -0.377841792 0.418758351 -0.027894 0.303348 -0.056351 0.008749 0.017256 0.000130 0.004753 -0.012353 -0.002653 0.056951 -0.255120 0.044885
6123.105017000 0.608662510 -0.558422407 -0.379551696 0.416695181 -0.028164 0.303529 -0.056482 -0.005000 -0.008117 0.001066 0.004752 -0.012352 -0.002653 0.056940 -0.255100 0.044872
6123.157100000 0.604587746 -0.562021299 -0.382913841 0.414707978 -0.028875 0.303230 -0.056551 -0.011202 0.019671 0.003883 0.004752 -0.012352 -0.002653 0.056924 -0.255077 0.044859
6123.209178000 0.598775782 -0.567980593 -0.387170684 0.411052879 -0.030243 0.303483 -0.056595 -0.028916 0.007979 -0.000283 0.004752 -0.012351 -0.002654 0.056915 -0.255066 0.044851
6123.261266000 0.597698978 -0.569136462 -0.387900883 0.410332213 -0.031120 0.303400 -0.056644 -0.011352 0.006201 -0.000572 0.004752 -0.012350 -0.002654 0.056905 -0.255051 0.044841
6123.313349000 0.597764729 -0.569170540 -0.387784398 0.410299263 -0.031416 0.303424 -0.056122 -0.012355 0.006417 -0.000149 0.004748 -0.012352 -0.002656 0.056894 -0.255091 0.044822
6123.365431000 0.598400063 -0.568342474 -0.387332162 0.410947677 -0.031921 0.303510 -0.056357 -0.014043 0.003641 -0.002469 0.004748 -0.012352 -0.002655 0.056878 -0.255056 0.044803
6123.417514000 0.602365282 -0.565640941 -0.383966113 0.412039338 -0.032248 0.303276 -0.056701 -0.015443 0.003571 -0.001969 0.004749 -0.012354 -0.002653 0.056857 -0.255026 0.044784
6123.469597000 0.607355557 -0.561923324 -0.379878467 0.413586456 -0.032470 0.302828 -0.057138 -0.008284 -0.017750 0.001889 0.004750 -0.012354 -0.002651 0.056839 -0.254994 0.044765
6123.521681000 0.617899563 -0.551946324 -0.371765793 0.418742857 -0.032482 0.301800 -0.057505 -0.016152 -0.017636 -0.007756 0.004751 -0.012355 -0.002650 0.056816 -0.254982 0.044746
6123.573763000 0.623580025 -0.546270310 -0.367164349 0.421813990 -0.033103 0.301120 -0.057844 -0.019016 -0.001142 0.005420 0.004752 -0.012357 -0.002648 0.056797 -0.254950 0.044724
6123.625846000 0.624761399 -0.544919612 -0.366200888 0.422649642 -0.034548 0.300327 -0.058063 -0.035022 -0.010003 -0.005146 0.004753 -0.012358 -0.002647 0.056776 -0.254933 0.044713
6123.677929000 0.627093333 -0.542235441 -0.364568942 0.424056794 -0.035888 0.299894 -0.058227 -0.023396 -0.002320 -0.003773 0.004754 -0.012359 -0.002646 0.056760 -0.254923 0.044709
6123.730011000 0.628790184 -0.540353851 -0.363058931 0.425239736 -0.036138 0.299775 -0.058415 -0.004814 0.001206 -0.000584 0.004755 -0.012360 -0.002645 0.056742 -0.254909 0.044706
6123.782094000 0.628753570 -0.540397328 -0.363111065 0.425194109 -0.036292 0.299546 -0.058427 -0.004789 0.001031 -0.000583 0.004755 -0.012356 -0.002646 0.056740 -0.254914 0.044703
6123.834177000 0.628721636 -0.540415795 -0.363176777 0.425161736 -0.036343 0.299385 -0.058555 -0.004574 0.000786 -0.000664 0.004757 -0.012353 -0.002645 0.056727 -0.254915 0.044701
6123.886260000 0.627603802 -0.541783700 -0.364090975 0.424289586 -0.035766 0.299170 -0.058806 -0.002152 -0.002763 -0.000770 0.004757 -0.012360 -0.002640 0.056682 -0.254863 0.044683
6123.938343000 0.627610932 -0.541786136 -0.364076924 0.424287985 -0.035783 0.299182 -0.058753 -0.002255 -0.002732 -0.000727 0.004757 -0.012361 -0.002640 0.056686 -0.254864 0.044681
6123.990426000 0.627775373 -0.542712639 -0.363674952 0.423203972 -0.035373 0.298777 -0.058996 -0.006332 0.000037 -0.003630 0.004756 -0.012367 -0.002636 0.056645 -0.254828 0.044668
6124.042510000 0.625701616 -0.545621843 -0.365003988 0.421386261 -0.035241 0.298881 -0.059242 -0.000796 0.000221 0.000382 0.004757 -0.012371 -0.002635 0.056624 -0.254800 0.044658
6124.094592000 0.624966008 -0.545876910 -0.365709632 0.421535707 -0.035001 0.299020 -0.059270 0.002332 -0.003883 0.000576 0.004757 -0.012374 -0.002634 0.056619 -0.254798 0.044659
6124.146674000 0.624669296 -0.545594351 -0.366069496 0.422028670 -0.034666 0.299167 -0.059384 0.001909 -0.003957 -0.000596 0.004757 -0.012376 -0.002634 0.056616 -0.254782 0.044655
6124.198757000 0.624670690 -0.545590349 -0.366071913 0.422029686 -0.034647 0.299174 -0.059397 0.001936 -0.003975 -0.000603 0.004757 -0.012376 -0.002634 0.056616 -0.254789 0.044659
6124.250840000 0.624677791 -0.545592323 -0.366064667 0.422022908 -0.034665 0.299174 -0.059358 0.001844 -0.003992 -0.000564 0.004758 -0.012376 -0.002634 0.056616 -0.254784 0.044653
6124.302924000 0.624683042 -0.545591970 -0.366069249 0.422011616 -0.034685 0.299112 -0.059311 0.001806 -0.004072 -0.000543 0.004757 -0.012376 -0.002634 0.056616 -0.254786 0.044650
6124.355007000 0.624682709 -0.545596053 -0.366060699 0.422014246 -0.034699 0.299122 -0.059289 0.001762 -0.004018 -0.000527 0.004756 -0.012376 -0.002634 0.056618 -0.254785 0.044649
6124.407089000 0.624684356 -0.545593799 -0.366064591 0.422011347 -0.034694 0.299112 -0.059293 0.001772 -0.004055 -0.000529 0.004756 -0.012376 -0.002634 0.056617 -0.254786 0.044649
6124.459172000 0.624684021 -0.545593290 -0.366066884 0.422010512 -0.034693 0.299107 -0.059297 0.001782 -0.004068 -0.000533 0.004756 -0.012376 -0.002634 0.056616 -0.254786 0.044649
6124.511255000 0.624691787 -0.545595856 -0.366064341 0.421997904 -0.034717 0.299074 -0.059242 0.001687 -0.004127 -0.000487 0.004756 -0.012376 -0.002634 0.056617 -0.254789 0.044646
6124.563338000 0.624690616 -0.545597563 -0.366060293 0.422000943 -0.034722 0.299083 -0.059238 0.001677 -0.004092 -0.000485 0.004756 -0.012376 -0.002634 0.056618 -0.254787 0.044645
6124.615421000 0.624692682 -0.545595581 -0.366063510 0.421997657 -0.034716 0.299076 -0.059239 0.001681 -0.004128 -0.000483 0.004756 -0.012376 -0.002633 0.056617 -0.254790 0.044646
6124.667504000 0.624692157 -0.545597960 -0.366064953 0.421994106 -0.034726 0.299063 -0.059231 0.001667 -0.004141 -0.000476 0.004756 -0.012376 -0.002633 0.056617 -0.254792 0.044646
6124.719586000 0.624695414 -0.545600294 -0.366062308 0.421988561 -0.034742 0.299047 -0.059200 0.001614 -0.004158 -0.000452 0.004755 -0.012376 -0.002633 0.056617 -0.254792 0.044643
6124.771670000 0.624694192 -0.545601372 -0.366060436 0.421990601 -0.034746 0.299051 -0.059199 0.001612 -0.004136 -0.000454 0.004755 -0.012376 -0.002633 0.056618 -0.254788 0.044642
6124.823752000 0.624695946 -0.545602213 -0.366065598 0.421982437 -0.034754 0.299023 -0.059187 0.001596 -0.004193 -0.000443 0.004755 -0.012375 -0.002633 0.056616 -0.254791 0.044641
6124.875835000 0.624696864 -0.545605156 -0.366065303 0.421977529 -0.034769 0.299007 -0.059167 0.001561 -0.004208 -0.000427 0.004755 -0.012375 -0.002633 0.056617 -0.254791 0.044639
6124.927918000 0.624699346 -0.545607510 -0.366060366 0.421975095 -0.034783 0.299003 -0.059141 0.001512 -0.004201 -0.000406 0.004755 -0.012375 -0.002633 0.056618 -0.254791 0.044637
6124.980001000 0.624699201 -0.545608422 -0.366062516 0.421972265 -0.034788 0.298991 -0.059137 0.001508 -0.004218 -0.000403 0.004755 -0.012375 -0.002633 0.056618 -0.254792 0.044637
6125.032083000 0.624701251 -0.545607599 -0.366067740 0.421965762 -0.034789 0.298970 -0.059131 0.001504 -0.004273 -0.000397 0.004755 -0.012375 -0.002633 0.056616 -0.254795 0.044637
6125.084167000 0.624701987 -0.545610476 -0.366065300 0.421963069 -0.034803 0.298962 -0.059113 0.001469 -0.004270 -0.000382 0.004755 -0.012375 -0.002633 0.056616 -0.254793 0.044634
6125.136250000 0.624704235 -0.545612147 -0.366062866 0.421959692 -0.034813 0.298956 -0.059094 0.001431 -0.004277 -0.000365 0.004755 -0.012375 -0.002633 0.056617 -0.254794 0.044633
6125.188332000 0.624704666 -0.545611514 -0.366067146 0.421956160 -0.034810 0.298948 -0.059099 0.001438 -0.004311 -0.000365 0.004755 -0.012375 -0.002633 0.056616 -0.254797 0.044634
6125.240415000 0.624707047 -0.545612235 -0.366066316 0.421952423 -0.034817 0.298938 -0.059082 0.001410 -0.004329 -0.000351 0.004755 -0.012375 -0.002632 0.056616 -0.254799 0.044633
6125.292498000 0.624708935 -0.545614794 -0.366062302 0.421949800 -0.034832 0.298931 -0.059058 0.001365 -0.004324 -0.000332 0.004754 -0.012375 -0.002633 0.056617 -0.254798 0.044630
6125.344581000 0.624710497 -0.545615871 -0.366062757 0.421945700 -0.034840 0.298918 -0.059044 0.001342 -0.004345 -0.000321 0.004754 -0.012375 -0.002632 0.056616 -0.254799 0.044629
6125.396664000 0.624712115 -0.545616120 -0.366064632 0.421941356 -0.034844 0.298902 -0.059032 0.001328 -0.004374 -0.000312 0.004754 -0.012374 -0.002632 0.056616 -0.254801 0.044629
6125.448746000 0.624713931 -0.545616842 -0.366061886 0.421940116 -0.034851 0.298899 -0.059017 0.001302 -0.004372 -0.000301 0.004754 -0.012374 -0.002632 0.056617 -0.254801 0.044627
6125.500829000 0.624716366 -0.545616789 -0.366060502 0.421937781 -0.034855 0.298894 -0.059004 0.001279 -0.004384 -0.000291 0.004754 -0.012374 -0.002632 0.056616 -0.254800 0.044625
6125.552912000 0.624717149 -0.545616656 -0.366061305 0.421936096 -0.034857 0.298887 -0.058999 0.001274 -0.004396 -0.000287 0.004754 -0.012374 -0.002632 0.056616 -0.254801 0.044625
6125.604995000 0.624717121 -0.545619945 -0.366062374 0.421930956 -0.034872 0.298870 -0.058984 0.001247 -0.004414 -0.000274 0.004754 -0.012374 -0.002632 0.056616 -0.254802 0.044624
6125.657078000 0.624719470 -0.545621064 -0.366057911 0.421929904 -0.034879 0.298872 -0.058966 0.001211 -0.004406 -0.000259 0.004754 -0.012374 -0.002632 0.056617 -0.254802 0.044622
6125.709160000 0.624721501 -0.545622874 -0.366057575 0.421924849 -0.034890 0.298856 -0.058945 0.001176 -0.004427 -0.000242 0.004753 -0.012374 -0.002632 0.056617 -0.254804 0.044621
6125.761244000 0.624722366 -0.545622320 -0.366058419 0.421923551 -0.034889 0.298853 -0.058943 0.001174 -0.004439 -0.000240 0.004753 -0.012374 -0.002632 0.056617 -0.254805 0.044621
6125.813327000 0.624723151 -0.545623842 -0.366059242 0.421919707 -0.034898 0.298839 -0.058931 0.001155 -0.004457 -0.000230 0.004753 -0.012374 -0.002632 0.056616 -0.254805 0.044619
6125.865410000 0.624723733 -0.545626732 -0.366058415 0.421915824 -0.034914 0.298825 -0.058913 0.001123 -0.004465 -0.000217 0.004753 -0.012374 -0.002632 0.056616 -0.254804 0.044616
6125.917492000 0.624724850 -0.545628407 -0.366059024 0.421911477 -0.034923 0.298811 -0.058899 0.001099 -0.004485 -0.000205 0.004753 -0.012374 -0.002632 0.056616 -0.254805 0.044615
6125.969575000 0.624725392 -0.545629283 -0.366058599 0.421909910 -0.034928 0.298806 -0.058891 0.001086 -0.004489 -0.000199 0.004753 -0.012374 -0.002632 0.056616 -0.254805 0.044614
6126.021658000 0.624727802 -0.545630740 -0.366055824 0.421906865 -0.034939 0.298798 -0.058869 0.001048 -0.004495 -0.000182 0.004753 -0.012374 -0.002632 0.056617 -0.254804 0.044611
6126.073741000 0.624729695 -0.545631381 -0.366053581 0.421905178 -0.034946 0.298794 -0.058855 0.001023 -0.004497 -0.000171 0.004753 -0.012374 -0.002632 0.056617 -0.254803 0.044609
6126.125818000 0.624731826 -0.545631690 -0.366053939 0.421901313 -0.034953 0.298779 -0.058839 0.001001 -0.004520 -0.000161 0.004752 -0.012374 -0.002632 0.056616 -0.254803 0.044606
6126.177907000 0.624732410 -0.545632464 -0.366053772 0.421899593 -0.034958 0.298773 -0.058831 0.000989 -0.004527 -0.000155 0.004752 -0.012374 -0.002632 0.056616 -0.254803 0.044605
6126.229989000 0.624734682 -0.545634071 -0.366052253 0.421895468 -0.034969 0.298762 -0.058811 0.000952 -0.004541 -0.000138 0.004752 -0.012374 -0.002632 0.056616 -0.254804 0.044603
6126.282072000 0.624735630 -0.545634969 -0.366051547 0.421893515 -0.034976 0.298753 -0.058798 0.000935 -0.004547 -0.000131 0.004752 -0.012374 -0.002631 0.056616 -0.254803 0.044601
6126.334155000 0.624737670 -0.545633868 -0.366052130 0.421891411 -0.034976 0.298746 -0.058792 0.000927 -0.004567 -0.000126 0.004752 -0.012374 -0.002631 0.056615 -0.254804 0.044601
6126.386238000 0.624738860 -0.545633060 -0.366050772 0.421891874 -0.034974 0.298750 -0.058789 0.000921 -0.004565 -0.000124 0.004752 -0.012374 -0.002631 0.056616 -0.254804 0.044601
6126.438320000 0.624742250 -0.545632465 -0.366048927 0.421889224 -0.034976 0.298745 -0.058772 0.000894 -0.004580 -0.000110 0.004752 -0.012374 -0.002631 0.056616 -0.254806 0.044599
6126.490404000 0.624742189 -0.545634154 -0.366049202 0.421886891 -0.034985 0.298734 -0.058763 0.000880 -0.004587 -0.000104 0.004751 -0.012374 -0.002631 0.056615 -0.254805 0.044598
6126.542487000 0.624742591 -0.545635255 -0.366050641 0.421883624 -0.034993 0.298720 -0.058754 0.000868 -0.004604 -0.000098 0.004751 -0.012374 -0.002631 0.056615 -0.254805 0.044596
6126.594567000 0.624746187 -0.545633667 -0.366047599 0.421882991 -0.034991 0.298725 -0.058742 0.000846 -0.004610 -0.000088 0.004751 -0.012374 -0.002631 0.056614 -0.254804 0.044594
6126.646653000 0.624747404 -0.545635344 -0.366048026 0.421878650 -0.035001 0.298711 -0.058728 0.000821 -0.004629 -0.000076 0.004751 -0.012374 -0.002631 0.056614 -0.254805 0.044592
6126.698735000 0.624745828 -0.545638295 -0.366048509 0.421876747 -0.035013 0.298701 -0.058722 0.000810 -0.004627 -0.000072 0.004751 -0.012373 -0.002631 0.056614 -0.254804 0.044591
6126.750818000 0.624746016 -0.545640823 -0.366049691 0.421872175 -0.035024 0.298686 -0.058709 0.000788 -0.004645 -0.000061 0.004751 -0.012373 -0.002631 0.056614 -0.254806 0.044590
6126.802901000 0.624747054 -0.545642374 -0.366047891 0.421870193 -0.035031 0.298681 -0.058695 0.000763 -0.004646 -0.000049 0.004751 -0.012373 -0.002631 0.056615 -0.254808 0.044589
6126.854984000 0.624748830 -0.545642126 -0.366047826 0.421867940 -0.035034 0.298674 -0.058685 0.000749 -0.004661 -0.000042 0.004751 -0.012373 -0.002631 0.056614 -0.254808 0.044587
6126.907067000 0.624749206 -0.545642038 -0.366047975 0.421867369 -0.035035 0.298671 -0.058683 0.000746 -0.004665 -0.000041 0.004751 -0.012373 -0.002631 0.056614 -0.254808 0.044587
6126.959149000 0.624749550 -0.545643838 -0.366048213 0.421864323 -0.035046 0.298657 -0.058670 0.000728 -0.004675 -0.000032 0.004751 -0.012373 -0.002631 0.056614 -0.254807 0.044585
6127.011232000 0.624750532 -0.545645373 -0.366046497 0.421862373 -0.035056 0.298649 -0.058654 0.000703 -0.004676 -0.000022 0.004750 -0.012373 -0.002631 0.056614 -0.254806 0.044582
6127.063310000 0.624751599 -0.545646159 -0.366046616 0.421859673 -0.035061 0.298641 -0.058645 0.000687 -0.004689 -0.000014 0.004750 -0.012373 -0.002631 0.056614 -0.254808 0.044581
6127.115398000 0.624752623 -0.545646563 -0.366045542 0.421858566 -0.035065 0.298637 -0.058636 0.000673 -0.004692 -0.000008 0.004750 -0.012373 -0.002631 0.056614 -0.254807 0.044580
6127.167481000 0.624752029 -0.545648966 -0.366046361 0.421855628 -0.035075 0.298626 -0.058628 0.000658 -0.004699 -0.000001 0.004750 -0.012373 -0.002631 0.056614 -0.254807 0.044578
6127.219564000 0.624753121 -0.545649544 -0.366044819 0.421854600 -0.035078 0.298626 -0.058620 0.000641 -0.004700 0.000007 0.004750 -0.012373 -0.002631 0.056615 -0.254808 0.044577
6127.271647000 0.624752049 -0.545651114 -0.366047284 0.421852018 -0.035084 0.298617 -0.058621 0.000641 -0.004713 0.000008 0.004750 -0.012373 -0.002631 0.056614 -0.254809 0.044577
6127.323730000 0.624753480 -0.545651219 -0.366047145 0.421849883 -0.035088 0.298608 -0.058610 0.000626 -0.004725 0.000015 0.004750 -0.012373 -0.002631 0.056613 -0.254808 0.044576
6127.375813000 0.624755003 -0.545652065 -0.366044234 0.421849060 -0.035095 0.298607 -0.058596 0.000601 -0.004720 0.000025 0.004750 -0.012373 -0.002631 0.056614 -0.254807 0.044573
6127.427896000 0.624754561 -0.545652934 -0.366044940 0.421847976 -0.035099 0.298602 -0.058594 0.000599 -0.004724 0.000026 0.004750 -0.012373 -0.002631 0.056614 -0.254807 0.044572
6127.479978000 0.624753147 -0.545655656 -0.366045989 0.421845640 -0.035109 0.298591 -0.058589 0.000589 -0.004727 0.000030 0.004750 -0.012372 -0.002631 0.056614 -0.254806 0.044571
6127.532055000 0.624754099 -0.545657482 -0.366044572 0.421843099 -0.035119 0.298583 -0.058574 0.000563 -0.004731 0.000042 0.004750 -0.012372 -0.002631 0.056614 -0.254807 0.044569
6127.584144000 0.624756473 -0.545656942 -0.366041351 0.421843076 -0.035122 0.298583 -0.058560 0.000542 -0.004727 0.000051 0.004749 -0.012373 -0.002631 0.056615 -0.254805 0.044567
6127.636227000 0.624756376 -0.545656856 -0.366043194 0.421841731 -0.035124 0.298576 -0.058561 0.000545 -0.004740 0.000049 0.004750 -0.012372 -0.002631 0.056614 -0.254803 0.044565
6127.688311000 0.624757257 -0.545656311 -0.366043327 0.421841015 -0.035124 0.298572 -0.058557 0.000542 -0.004747 0.000050 0.004749 -0.012372 -0.002631 0.056613 -0.254801 0.044564
6127.740393000 0.624756594 -0.545659387 -0.366042983 0.421838319 -0.035138 0.298562 -0.058546 0.000520 -0.004748 0.000059 0.004749 -0.012372 -0.002631 0.056613 -0.254800 0.044561
6127.792476000 0.624756725 -0.545660731 -0.366043132 0.421836256 -0.035144 0.298556 -0.058540 0.000508 -0.004754 0.000065 0.004749 -0.012372 -0.002631 0.056613 -0.254800 0.044560
6127.844559000 0.624756729 -0.545661543 -0.366043906 0.421834528 -0.035148 0.298549 -0.058535 0.000501 -0.004762 0.000068 0.004749 -0.012372 -0.002631 0.056613 -0.254800 0.044559
6127.896642000 0.624759347 -0.545662153 -0.366042686 0.421830921 -0.035157 0.298537 -0.058516 0.000471 -0.004779 0.000082 0.004749 -0.012372 -0.002631 0.056612 -0.254800 0.044555
6127.948725000 0.624758363 -0.545663212 -0.366041551 0.421831993 -0.035161 0.298539 -0.058516 0.000469 -0.004765 0.000081 0.004749 -0.012372 -0.002631 0.056613 -0.254797 0.044554
6128.000807000 0.624757613 -0.545664322 -0.366043570 0.421829915 -0.035164 0.298532 -0.058515 0.000468 -0.004776 0.000082 0.004749 -0.012372 -0.002631 0.056612 -0.254799 0.044555
6128.052890000 0.624760283 -0.545664073 -0.366039970 0.421829408 -0.035167 0.298536 -0.058502 0.000442 -0.004773 0.000093 0.004749 -0.012372 -0.002631 0.056613 -0.254797 0.044551
6128.104973000 0.624760678 -0.545666369 -0.366040516 0.421825378 -0.035179 0.298518 -0.058486 0.000419 -0.004788 0.000104 0.004749 -0.012372 -0.002631 0.056612 -0.254798 0.044549
6128.157056000 0.624760100 -0.545667445 -0.366038684 0.421826432 -0.035183 0.298519 -0.058481 0.000412 -0.004772 0.000106 0.004749 -0.012372 -0.002631 0.056614 -0.254797 0.044548
6128.209139000 0.624760867 -0.545668718 -0.366041108 0.421821546 -0.035192 0.298500 -0.058470 0.000397 -0.004801 0.000115 0.004749 -0.012372 -0.002631 0.056612 -0.254799 0.044547
6128.261220000 0.624761538 -0.545668867 -0.366040286 0.421821073 -0.035193 0.298501 -0.058467 0.000389 -0.004801 0.000119 0.004749 -0.012372 -0.002631 0.056612 -0.254800 0.044546
